task,alg_id,alg_name,problem,seed,params,budget_target,pop_size,n_gen,evals_used,n_front,hv,igd,spacing,runtime_s,status,error
A,1,Weighted Sum,P1,101,{},10000,,,11000,11,1.0064597534170519,0.040379914104200026,0.01813404962839445,0.3678,ok,
A,1,Weighted Sum,P1,102,{},10000,,,11000,11,1.0064719136597104,0.040785548670870454,0.020854157545308744,0.3508,ok,
A,1,Weighted Sum,P1,103,{},10000,,,11000,11,1.006528539873399,0.04042396734986478,0.019290579233332487,0.3179,ok,
A,1,Weighted Sum,P1,104,{},10000,,,11000,11,1.006520800925244,0.040301566666646325,0.01806105803220064,0.2841,ok,
A,1,Weighted Sum,P1,105,{},10000,,,11000,11,1.0064479339368466,0.04040897148802027,0.019713277218066018,0.293,ok,
A,1,Weighted Sum,P1,106,{},10000,,,11000,11,1.0065446385917622,0.040166118732302365,0.017733155694445765,0.3371,ok,
A,1,Weighted Sum,P1,107,{},10000,,,11000,11,1.0064749849059045,0.04098417734483922,0.02210775983398811,0.2818,ok,
A,1,Weighted Sum,P1,108,{},10000,,,11000,11,1.006489455381693,0.04057630012190282,0.0192120725358128,0.3122,ok,
A,1,Weighted Sum,P1,109,{},10000,,,11000,11,1.006441569408488,0.04069157101726732,0.019224773933343427,0.2803,ok,
A,1,Weighted Sum,P1,110,{},10000,,,11000,11,1.0064183836034863,0.040509181656988386,0.018590906094227047,0.3359,ok,
A,1,Weighted Sum,P3,101,{},10000,,,11000,3,0.0,1.5855622893654184,0.25341842293243283,0.3232,ok,
A,1,Weighted Sum,P3,102,{},10000,,,11000,4,0.0,2.066151843094075,0.8325480910106903,0.329,ok,
A,1,Weighted Sum,P3,103,{},10000,,,11000,4,0.0,2.428512285941027,0.607807582544675,0.316,ok,
A,1,Weighted Sum,P3,104,{},10000,,,11000,4,0.0,1.7382683819649105,0.7447537349473333,0.3159,ok,
A,1,Weighted Sum,P3,105,{},10000,,,11000,4,0.0,1.7553527394371882,0.28817467531111624,0.3119,ok,
A,1,Weighted Sum,P3,106,{},10000,,,11000,3,0.0,2.1062711249396213,0.5832912217895246,0.3084,ok,
A,1,Weighted Sum,P3,107,{},10000,,,11000,5,0.0,2.1731096224703625,0.40295115668328224,0.4036,ok,
A,1,Weighted Sum,P3,108,{},10000,,,11000,4,0.0,2.1242078070862536,0.7568573531488205,0.3178,ok,
A,1,Weighted Sum,P3,109,{},10000,,,11000,4,0.0,2.162421750180268,0.5135054251336877,0.3177,ok,
A,1,Weighted Sum,P3,110,{},10000,,,11000,4,0.0,1.9466911609142143,1.3140877481044164,0.3189,ok,
A,1,Weighted Sum,P4,101,{},10000,,,11000,10,0.8694064815855992,0.04721538116498785,0.03670561622630827,0.7839,ok,
A,1,Weighted Sum,P4,102,{},10000,,,11000,10,0.8848755357505093,0.035907944559604076,0.039167201627067265,0.6967,ok,
A,1,Weighted Sum,P4,103,{},10000,,,11000,9,0.857447333442877,0.05525828433029928,0.039435781837836956,0.5813,ok,
A,1,Weighted Sum,P4,104,{},10000,,,11000,9,0.860880942136295,0.03618554612326887,0.04638662463088574,0.6019,ok,
A,1,Weighted Sum,P4,105,{},10000,,,11000,8,0.8622871398421355,0.04153787796100849,0.07603657571160666,0.5798,ok,
A,1,Weighted Sum,P4,106,{},10000,,,11000,8,0.8436888860024125,0.04815798616643291,0.05452273063591349,0.5845,ok,
A,1,Weighted Sum,P4,107,{},10000,,,11000,10,0.8787241027143544,0.028787959516260387,0.07086308752437147,0.6038,ok,
A,1,Weighted Sum,P4,108,{},10000,,,11000,9,0.8380006162836627,0.0442957630165328,0.027793315883036785,0.5858,ok,
A,1,Weighted Sum,P4,109,{},10000,,,11000,10,0.8682206646084031,0.03070644630045399,0.013853896377079594,0.8739,ok,
A,1,Weighted Sum,P4,110,{},10000,,,11000,9,0.866491962664526,0.034050785083977526,0.10265085438215628,1.9363,ok,
A,2,Epsilon-Constraint,P2,101,{},10000,,,11000,11,1.0478696808141235,0.06322732210279948,0.2035836644478094,0.511,ok,
A,2,Epsilon-Constraint,P2,102,{},10000,,,11000,11,1.0479123986915313,0.06317599367219566,0.20339064460780704,0.5255,ok,
A,2,Epsilon-Constraint,P2,103,{},10000,,,11000,11,1.047389465783063,0.06341012890901364,0.20392890716934176,0.5302,ok,
A,2,Epsilon-Constraint,P2,104,{},10000,,,11000,11,1.0482242342992698,0.06285565526719303,0.2030791484850119,0.5418,ok,
A,2,Epsilon-Constraint,P2,105,{},10000,,,11000,11,1.049600787980354,0.062016451084477994,0.19800959173747937,0.5403,ok,
A,2,Epsilon-Constraint,P2,106,{},10000,,,11000,11,1.0478347708887505,0.06315173210974717,0.20292887775383725,0.5177,ok,
A,2,Epsilon-Constraint,P2,107,{},10000,,,11000,11,1.0476425081745115,0.06324514327769724,0.20298909134619303,0.51,ok,
A,2,Epsilon-Constraint,P2,108,{},10000,,,11000,11,1.0480402021660247,0.06306684417691834,0.20273235134239503,0.4972,ok,
A,2,Epsilon-Constraint,P2,109,{},10000,,,11000,11,1.0474595312365542,0.06336482500175197,0.20355448124731101,0.5418,ok,
A,2,Epsilon-Constraint,P2,110,{},10000,,,11000,11,1.0503340991720207,0.0616952347592903,0.19537735283757174,0.5327,ok,
A,2,Epsilon-Constraint,P3,101,{},10000,,,12000,1,0.0,2.382743663566435,0.0,0.7025,ok,
A,2,Epsilon-Constraint,P3,102,{},10000,,,12000,1,0.0,2.1624558759042682,0.0,0.8717,ok,
A,2,Epsilon-Constraint,P3,103,{},10000,,,12000,1,0.0,1.42592615350325,0.0,0.6789,ok,
A,2,Epsilon-Constraint,P3,104,{},10000,,,12000,1,0.0,2.2192262674714627,0.0,0.669,ok,
A,2,Epsilon-Constraint,P3,105,{},10000,,,12000,1,0.0,2.5625867423105615,0.0,0.6696,ok,
A,2,Epsilon-Constraint,P3,106,{},10000,,,12000,1,0.0,1.6883585919153838,0.0,0.6596,ok,
A,2,Epsilon-Constraint,P3,107,{},10000,,,12000,1,0.0,2.1562843402546097,0.0,0.6591,ok,
A,2,Epsilon-Constraint,P3,108,{},10000,,,12000,1,0.0,1.8704284036309566,0.0,0.6473,ok,
A,2,Epsilon-Constraint,P3,109,{},10000,,,12000,1,0.0,1.7510463721647824,0.0,0.6732,ok,
A,2,Epsilon-Constraint,P3,110,{},10000,,,12000,1,0.0,1.768060357812283,0.0,0.6543,ok,
A,2,Epsilon-Constraint,P5,101,{},10000,,,11000,9,1.1709272213829827,0.14638474247377176,0.09763117082098983,0.5733,ok,
A,2,Epsilon-Constraint,P5,102,{},10000,,,11000,8,1.1640137923870095,0.14711455789856928,0.10826599696406437,0.5733,ok,
A,2,Epsilon-Constraint,P5,103,{},10000,,,11000,6,1.1805330807818435,0.14376483001125556,0.09867919902575516,0.5841,ok,
A,2,Epsilon-Constraint,P5,104,{},10000,,,11000,8,1.1684042781049673,0.14214244331240383,0.09900763653269082,0.6414,ok,
A,2,Epsilon-Constraint,P5,105,{},10000,,,11000,8,1.1606808139407216,0.14452936824549606,0.09616503011779495,0.6317,ok,
A,2,Epsilon-Constraint,P5,106,{},10000,,,11000,8,1.1675410523277676,0.14452729086087948,0.088048961676212,0.6141,ok,
A,2,Epsilon-Constraint,P5,107,{},10000,,,11000,7,1.1664050057200945,0.16343653540184147,0.09803119740277626,0.5918,ok,
A,2,Epsilon-Constraint,P5,108,{},10000,,,11000,6,1.1613670798427378,0.15842671849749349,0.11269449631932524,0.5785,ok,
A,2,Epsilon-Constraint,P5,109,{},10000,,,11000,9,1.157172130536034,0.1449350199148915,0.12620191384868962,0.5689,ok,
A,2,Epsilon-Constraint,P5,110,{},10000,,,11000,7,1.1659295782654846,0.1465490639604499,0.1211028511289595,0.5976,ok,
A,3,Benson's Method,P1,101,{},10000,,,11000,11,1.0065346700491975,0.0401661607867408,0.01739368500557973,0.4244,ok,
A,3,Benson's Method,P1,102,{},10000,,,11000,11,1.0067158498019062,0.039822782382235786,0.017062259656755816,0.4325,ok,
A,3,Benson's Method,P1,103,{},10000,,,11000,11,1.0065204983420293,0.04020084190353641,0.017399017501002118,0.4231,ok,
A,3,Benson's Method,P1,104,{},10000,,,11000,11,1.0065574134252826,0.04008368606147133,0.01987981593043666,0.4207,ok,
A,3,Benson's Method,P1,105,{},10000,,,11000,11,1.0065129189869761,0.04044353107994772,0.018795022841228956,0.4319,ok,
A,3,Benson's Method,P1,106,{},10000,,,11000,11,1.0065035143164627,0.040453946093132444,0.0187933125838543,0.412,ok,
A,3,Benson's Method,P1,107,{},10000,,,11000,11,1.0065162376050665,0.040231130997462825,0.019160810416533215,0.4321,ok,
A,3,Benson's Method,P1,108,{},10000,,,11000,11,1.0065631093175142,0.04022883913025545,0.017709508458834133,0.4128,ok,
A,3,Benson's Method,P1,109,{},10000,,,11000,11,1.0064669058137883,0.04047347083958398,0.01861573077285714,0.4112,ok,
A,3,Benson's Method,P1,110,{},10000,,,11000,11,1.0066302020657327,0.04006232368622977,0.01815649076098648,0.4309,ok,
A,3,Benson's Method,P7,101,{},10000,,,11000,4,0.42227803883510284,0.19335953365260822,0.17884814838105176,0.4566,ok,
A,3,Benson's Method,P7,102,{},10000,,,11000,3,0.45582053018282076,0.17089657983094061,0.1401545808466495,0.4702,ok,
A,3,Benson's Method,P7,103,{},10000,,,11000,4,0.3519902230484808,0.24615187153667728,0.11792042226737116,0.4591,ok,
A,3,Benson's Method,P7,104,{},10000,,,11000,4,0.4384785308886703,0.18480055772491064,0.42937891632247127,0.4534,ok,
A,3,Benson's Method,P7,105,{},10000,,,11000,3,0.4524958709610635,0.16951513315752798,0.17982422381634938,0.4643,ok,
A,3,Benson's Method,P7,106,{},10000,,,11000,4,0.44173709492440477,0.17915438122657656,0.12808496901213545,0.4539,ok,
A,3,Benson's Method,P7,107,{},10000,,,11000,2,0.239048105732815,0.31695032788200034,0.0,0.4681,ok,
A,3,Benson's Method,P7,108,{},10000,,,11000,5,0.40793258934087123,0.2003805465146185,0.03567926581369142,0.4564,ok,
A,3,Benson's Method,P7,109,{},10000,,,11000,3,0.3617480938575902,0.23714417318188635,0.5325037991594087,0.459,ok,
A,3,Benson's Method,P7,110,{},10000,,,11000,3,0.4401272623964155,0.1811054575477967,0.26344026087232963,0.4474,ok,
A,4,Weight Metric,P1,101,{},10000,,,11000,11,0.9904646055716166,0.06711117765751905,0.1433796286958108,0.5144,ok,
A,4,Weight Metric,P1,102,{},10000,,,11000,11,0.990095633222983,0.06751836538233058,0.14439130577288256,0.4982,ok,
A,4,Weight Metric,P1,103,{},10000,,,11000,11,0.9911861815927859,0.06588552445202206,0.14124130248049144,0.4963,ok,
A,4,Weight Metric,P1,104,{},10000,,,11000,11,0.9909814729160398,0.06580322111168654,0.14251672270636015,0.4892,ok,
A,4,Weight Metric,P1,105,{},10000,,,11000,11,0.9909963866249261,0.06632728555923256,0.1422038426895962,0.4862,ok,
A,4,Weight Metric,P1,106,{},10000,,,11000,11,0.9912826550596899,0.06613383428585724,0.14131703797819875,0.4854,ok,
A,4,Weight Metric,P1,107,{},10000,,,11000,11,0.990625794496961,0.06680002794859034,0.14277047094648898,0.5478,ok,
A,4,Weight Metric,P1,108,{},10000,,,11000,11,0.9908891357594765,0.06642890898163997,0.14225307094116968,0.5063,ok,
A,4,Weight Metric,P1,109,{},10000,,,11000,11,0.9904704668773502,0.06695731768309163,0.1432615621950221,0.4882,ok,
A,4,Weight Metric,P1,110,{},10000,,,11000,11,0.990743304518087,0.06666304095495175,0.1426077275842419,0.4997,ok,
A,4,Weight Metric,P3,101,{},10000,,,11000,3,0.0,2.382743663566435,0.9074141343011668,0.5558,ok,
A,4,Weight Metric,P3,102,{},10000,,,11000,3,0.0,2.1624558759042682,0.9510922694040219,0.6497,ok,
A,4,Weight Metric,P3,103,{},10000,,,11000,2,0.0,1.42592615350325,0.0,0.6069,ok,
A,4,Weight Metric,P3,104,{},10000,,,11000,3,0.0,2.1997865952031805,0.12781976345163587,0.5565,ok,
A,4,Weight Metric,P3,105,{},10000,,,11000,4,0.0,2.561673855227043,1.3290899655021422,0.5572,ok,
A,4,Weight Metric,P3,106,{},10000,,,11000,4,0.0,1.6883585919153838,1.2616496254264042,0.5663,ok,
A,4,Weight Metric,P3,107,{},10000,,,11000,2,0.0,2.1562843402546097,0.0,0.5574,ok,
A,4,Weight Metric,P3,108,{},10000,,,11000,2,0.0,1.8704284036309566,0.0,0.7195,ok,
A,4,Weight Metric,P3,109,{},10000,,,11000,2,0.0,1.7510463721647824,0.0,0.5535,ok,
A,4,Weight Metric,P3,110,{},10000,,,11000,3,0.0,1.768060357812283,1.08751893876176,0.5406,ok,
A,5,Value Function,P4,101,"{""best_f"": [0.0211, -0.1245]}",10000,,,1000,1,0.6096342708494866,0.4659830416609696,0.0,0.0325,ok,
A,5,Value Function,P4,102,"{""best_f"": [0.0214, -0.1249]}",10000,,,1000,1,0.6128282207490511,0.47028742515805744,0.0,0.0321,ok,
A,5,Value Function,P4,103,"{""best_f"": [0.0197, -0.1232]}",10000,,,1000,1,0.5979552309338751,0.44989950639471893,0.0,0.0304,ok,
A,5,Value Function,P4,104,"{""best_f"": [0.0194, -0.1227]}",10000,,,1000,1,0.5921931284309481,0.4444854184298741,0.0,0.0284,ok,
A,5,Value Function,P4,105,"{""best_f"": [0.0221, -0.1254]}",10000,,,1000,1,0.616307183770782,0.47773406791113704,0.0,0.0277,ok,
A,5,Value Function,P4,106,"{""best_f"": [0.0228, -0.1261]}",10000,,,1000,1,0.6217459210954627,0.48638879868240603,0.0,0.0293,ok,
A,5,Value Function,P4,107,"{""best_f"": [0.021, -0.1243]}",10000,,,1000,1,0.6079531811661136,0.4642168164847439,0.0,0.0317,ok,
A,5,Value Function,P4,108,"{""best_f"": [0.0216, -0.1251]}",10000,,,1000,1,0.6150496884707339,0.47341994935097803,0.0,0.0331,ok,
A,5,Value Function,P4,109,"{""best_f"": [0.0185, -0.1217]}",10000,,,1000,1,0.5826832697583609,0.43355628237592697,0.0,0.0316,ok,
A,5,Value Function,P4,110,"{""best_f"": [0.0206, -0.1239]}",10000,,,1000,1,0.6043386076034127,0.45935167546158995,0.0,0.0297,ok,
A,5,Value Function,P14,101,"{""best_f"": [2.1373, -20.1194]}",10000,,,1000,1,0.09575803528863895,0.7095672688357176,0.0,0.0158,ok,
A,5,Value Function,P14,102,"{""best_f"": [2.1324, -20.1315]}",10000,,,1000,1,0.10481843981934484,0.7042602550698887,0.0,0.0125,ok,
A,5,Value Function,P14,103,"{""best_f"": [2.1137, -19.9028]}",10000,,,1000,1,0.13630421661669603,0.6687813071015205,0.0,0.0145,ok,
A,5,Value Function,P14,104,"{""best_f"": [2.133, -19.8944]}",10000,,,1000,1,0.10169138248633966,0.6914333812291501,0.0,0.0163,ok,
A,5,Value Function,P14,105,"{""best_f"": [2.1341, -19.9623]}",10000,,,1000,1,0.10024785210621029,0.6966010275354786,0.0,0.0138,ok,
A,5,Value Function,P14,106,"{""best_f"": [2.1491, -19.8578]}",10000,,,1000,1,0.07278093037036203,0.7099694456799582,0.0,0.0151,ok,
A,5,Value Function,P14,107,"{""best_f"": [2.1317, -19.9313]}",10000,,,1000,1,0.10443386206732408,0.6917853365867548,0.0,0.013,ok,
A,5,Value Function,P14,108,"{""best_f"": [2.129, -20.1778]}",10000,,,1000,1,0.11148802650660608,0.7029570181387812,0.0,0.0139,ok,
A,5,Value Function,P14,109,"{""best_f"": [2.112, -19.8843]}",10000,,,1000,1,0.13901628935826557,0.6658701850663878,0.0,0.0164,ok,
A,5,Value Function,P14,110,"{""best_f"": [2.1345, -20.1088]}",10000,,,1000,1,0.10077009567114585,0.7054985153878587,0.0,0.0148,ok,
A,6,Goal Programming,P11,101,"{""best_f"": [-2400.0, -500.0]}",10000,,,0,1,1.2100000000000002,0.0,0.0,0.5596,ok,
A,6,Goal Programming,P11,102,"{""best_f"": [-2400.0, -500.0]}",10000,,,0,1,1.2100000000000002,0.0,0.0,0.0037,ok,
A,6,Goal Programming,P11,103,"{""best_f"": [-2400.0, -500.0]}",10000,,,0,1,1.2100000000000002,0.0,0.0,0.0045,ok,
A,6,Goal Programming,P11,104,"{""best_f"": [-2400.0, -500.0]}",10000,,,0,1,1.2100000000000002,0.0,0.0,0.0043,ok,
A,6,Goal Programming,P11,105,"{""best_f"": [-2400.0, -500.0]}",10000,,,0,1,1.2100000000000002,0.0,0.0,0.0062,ok,
A,6,Goal Programming,P11,106,"{""best_f"": [-2400.0, -500.0]}",10000,,,0,1,1.2100000000000002,0.0,0.0,0.0041,ok,
A,6,Goal Programming,P11,107,"{""best_f"": [-2400.0, -500.0]}",10000,,,0,1,1.2100000000000002,0.0,0.0,0.0043,ok,
A,6,Goal Programming,P11,108,"{""best_f"": [-2400.0, -500.0]}",10000,,,0,1,1.2100000000000002,0.0,0.0,0.0057,ok,
A,6,Goal Programming,P11,109,"{""best_f"": [-2400.0, -500.0]}",10000,,,0,1,1.2100000000000002,0.0,0.0,0.0029,ok,
A,6,Goal Programming,P11,110,"{""best_f"": [-2400.0, -500.0]}",10000,,,0,1,1.2100000000000002,0.0,0.0,0.0041,ok,
A,6,Goal Programming,P7,101,"{""best_f"": [-10.5791, -91.5331]}",10000,,,1000,1,0.15956638937504716,0.6302653963167332,0.0,0.0207,ok,
A,6,Goal Programming,P7,102,"{""best_f"": [-8.4955, -94.3343]}",10000,,,1000,1,0.11880335987675056,0.6841363821834666,0.0,0.0264,ok,
A,6,Goal Programming,P7,103,"{""best_f"": [-8.2343, -94.8556]}",10000,,,1000,1,0.11370167860482652,0.692777905686954,0.0,0.0188,ok,
A,6,Goal Programming,P7,104,"{""best_f"": [-11.738, -89.807]}",10000,,,1000,1,0.18036322638831911,0.6010559919815609,0.0,0.0208,ok,
A,6,Goal Programming,P7,105,"{""best_f"": [-8.159, -94.453]}",10000,,,1000,1,0.11142372924206834,0.6902624857156432,0.0,0.0221,ok,
A,6,Goal Programming,P7,106,"{""best_f"": [-8.6968, -94.6363]}",10000,,,1000,1,0.12380048679929136,0.683928406039977,0.0,0.0232,ok,
A,6,Goal Programming,P7,107,"{""best_f"": [-8.6718, -92.5582]}",10000,,,1000,1,0.11994641901521201,0.6662768311583323,0.0,0.0212,ok,
A,6,Goal Programming,P7,108,"{""best_f"": [-10.4023, -91.1201]}",10000,,,1000,1,0.15488282770735123,0.6293555238949106,0.0,0.029,ok,
A,6,Goal Programming,P7,109,"{""best_f"": [-9.2371, -93.1594]}",10000,,,1000,1,0.13338786053046386,0.6628750183504334,0.0,0.022,ok,
A,6,Goal Programming,P7,110,"{""best_f"": [-8.3562, -94.2369]}",10000,,,1000,1,0.11553275956658701,0.685352999038821,0.0,0.0242,ok,
A,7,Lexicographic,P11,101,"{""best_f"": [-2400.0, -500.0]}",10000,,,0,1,1.2100000000000002,0.0,0.0,0.0082,ok,
A,7,Lexicographic,P11,102,"{""best_f"": [-2400.0, -500.0]}",10000,,,0,1,1.2100000000000002,0.0,0.0,0.0067,ok,
A,7,Lexicographic,P11,103,"{""best_f"": [-2400.0, -500.0]}",10000,,,0,1,1.2100000000000002,0.0,0.0,0.0071,ok,
A,7,Lexicographic,P11,104,"{""best_f"": [-2400.0, -500.0]}",10000,,,0,1,1.2100000000000002,0.0,0.0,0.0092,ok,
A,7,Lexicographic,P11,105,"{""best_f"": [-2400.0, -500.0]}",10000,,,0,1,1.2100000000000002,0.0,0.0,0.0092,ok,
A,7,Lexicographic,P11,106,"{""best_f"": [-2400.0, -500.0]}",10000,,,0,1,1.2100000000000002,0.0,0.0,0.0054,ok,
A,7,Lexicographic,P11,107,"{""best_f"": [-2400.0, -500.0]}",10000,,,0,1,1.2100000000000002,0.0,0.0,0.0071,ok,
A,7,Lexicographic,P11,108,"{""best_f"": [-2400.0, -500.0]}",10000,,,0,1,1.2100000000000002,0.0,0.0,0.0062,ok,
A,7,Lexicographic,P11,109,"{""best_f"": [-2400.0, -500.0]}",10000,,,0,1,1.2100000000000002,0.0,0.0,0.0082,ok,
A,7,Lexicographic,P11,110,"{""best_f"": [-2400.0, -500.0]}",10000,,,0,1,1.2100000000000002,0.0,0.0,0.0096,ok,
A,7,Lexicographic,P7,101,"{""best_f"": [-54.5488, -24.0671]}",10000,,,1000,1,0.10797436387790348,0.6864878030619046,0.0,0.0112,ok,
A,7,Lexicographic,P7,102,"{""best_f"": [-54.7718, -24.6144]}",10000,,,1000,1,0.11660954521257054,0.6838451775290392,0.0,0.009,ok,
A,7,Lexicographic,P7,103,"{""best_f"": [-54.848, -24.8211]}",10000,,,1000,1,0.11987072324288497,0.6828044923163198,0.0,0.009,ok,
A,7,Lexicographic,P7,104,"{""best_f"": [-53.3607, -27.9017]}",10000,,,1000,1,0.16113029220066205,0.6342707324000788,0.0,0.0092,ok,
A,7,Lexicographic,P7,105,"{""best_f"": [-53.3357, -25.8296]}",10000,,,1000,1,0.13099055900664316,0.6535251705972945,0.0,0.0075,ok,
A,7,Lexicographic,P7,106,"{""best_f"": [-51.7444, -27.8503]}",10000,,,1000,1,0.15521718841048715,0.6156299920926264,0.0,0.0115,ok,
A,7,Lexicographic,P7,107,"{""best_f"": [-54.7491, -25.7331]}",10000,,,1000,1,0.13324535879278185,0.6726257914787109,0.0,0.0097,ok,
A,7,Lexicographic,P7,108,"{""best_f"": [-52.3453, -25.3252]}",10000,,,1000,1,0.1212306682052146,0.6473293890459682,0.0,0.0142,ok,
A,7,Lexicographic,P7,109,"{""best_f"": [-55.2235, -24.6511]}",10000,,,1000,1,0.1181835432998329,0.6896186805915065,0.0,0.0137,ok,
A,7,Lexicographic,P7,110,"{""best_f"": [-54.2872, -25.4407]}",10000,,,1000,1,0.12772839795475688,0.6692689197201865,0.0,0.0132,ok,
A,8,TOPSIS,P12,101,"{""top3"": [""S3"", ""S1"", ""S5""], ""top3_shifted"": [""S3"", ""S5"", ""S1""], ""rank1_flipped"": false, ""C_top"": 0.6298}",10000,,,0,3,0.6298,,0.1009,0.0006,ok,
A,8,TOPSIS,P12,102,"{""top3"": [""S3"", ""S1"", ""S5""], ""top3_shifted"": [""S3"", ""S5"", ""S1""], ""rank1_flipped"": false, ""C_top"": 0.6298}",10000,,,0,3,0.6298,,0.1009,0.0008,ok,
A,8,TOPSIS,P12,103,"{""top3"": [""S3"", ""S1"", ""S5""], ""top3_shifted"": [""S3"", ""S5"", ""S1""], ""rank1_flipped"": false, ""C_top"": 0.6298}",10000,,,0,3,0.6298,,0.1009,0.0006,ok,
A,8,TOPSIS,P12,104,"{""top3"": [""S3"", ""S1"", ""S5""], ""top3_shifted"": [""S3"", ""S5"", ""S1""], ""rank1_flipped"": false, ""C_top"": 0.6298}",10000,,,0,3,0.6298,,0.1009,0.0006,ok,
A,8,TOPSIS,P12,105,"{""top3"": [""S3"", ""S1"", ""S5""], ""top3_shifted"": [""S3"", ""S5"", ""S1""], ""rank1_flipped"": false, ""C_top"": 0.6298}",10000,,,0,3,0.6298,,0.1009,0.0013,ok,
A,8,TOPSIS,P12,106,"{""top3"": [""S3"", ""S1"", ""S5""], ""top3_shifted"": [""S3"", ""S5"", ""S1""], ""rank1_flipped"": false, ""C_top"": 0.6298}",10000,,,0,3,0.6298,,0.1009,0.0006,ok,
A,8,TOPSIS,P12,107,"{""top3"": [""S3"", ""S1"", ""S5""], ""top3_shifted"": [""S3"", ""S5"", ""S1""], ""rank1_flipped"": false, ""C_top"": 0.6298}",10000,,,0,3,0.6298,,0.1009,0.0007,ok,
A,8,TOPSIS,P12,108,"{""top3"": [""S3"", ""S1"", ""S5""], ""top3_shifted"": [""S3"", ""S5"", ""S1""], ""rank1_flipped"": false, ""C_top"": 0.6298}",10000,,,0,3,0.6298,,0.1009,0.0006,ok,
A,8,TOPSIS,P12,109,"{""top3"": [""S3"", ""S1"", ""S5""], ""top3_shifted"": [""S3"", ""S5"", ""S1""], ""rank1_flipped"": false, ""C_top"": 0.6298}",10000,,,0,3,0.6298,,0.1009,0.0006,ok,
A,8,TOPSIS,P12,110,"{""top3"": [""S3"", ""S1"", ""S5""], ""top3_shifted"": [""S3"", ""S5"", ""S1""], ""rank1_flipped"": false, ""C_top"": 0.6298}",10000,,,0,3,0.6298,,0.1009,0.001,ok,
A,9,VIKOR,P12,101,"{""top3"": [""S1"", ""S2"", ""S5""], ""compromise_set"": [""S1"", ""S2""], ""top3_shifted"": [""S1"", ""S3"", ""S5""], ""rank1_flipped"": false, ""Q_top"": 0.0932}",10000,,,0,3,0.9068,,0.3004,0.0013,ok,
A,9,VIKOR,P12,102,"{""top3"": [""S1"", ""S2"", ""S5""], ""compromise_set"": [""S1"", ""S2""], ""top3_shifted"": [""S1"", ""S3"", ""S5""], ""rank1_flipped"": false, ""Q_top"": 0.0932}",10000,,,0,3,0.9068,,0.3004,0.0012,ok,
A,9,VIKOR,P12,103,"{""top3"": [""S1"", ""S2"", ""S5""], ""compromise_set"": [""S1"", ""S2""], ""top3_shifted"": [""S1"", ""S3"", ""S5""], ""rank1_flipped"": false, ""Q_top"": 0.0932}",10000,,,0,3,0.9068,,0.3004,0.0023,ok,
A,9,VIKOR,P12,104,"{""top3"": [""S1"", ""S2"", ""S5""], ""compromise_set"": [""S1"", ""S2""], ""top3_shifted"": [""S1"", ""S3"", ""S5""], ""rank1_flipped"": false, ""Q_top"": 0.0932}",10000,,,0,3,0.9068,,0.3004,0.0023,ok,
A,9,VIKOR,P12,105,"{""top3"": [""S1"", ""S2"", ""S5""], ""compromise_set"": [""S1"", ""S2""], ""top3_shifted"": [""S1"", ""S3"", ""S5""], ""rank1_flipped"": false, ""Q_top"": 0.0932}",10000,,,0,3,0.9068,,0.3004,0.0014,ok,
A,9,VIKOR,P12,106,"{""top3"": [""S1"", ""S2"", ""S5""], ""compromise_set"": [""S1"", ""S2""], ""top3_shifted"": [""S1"", ""S3"", ""S5""], ""rank1_flipped"": false, ""Q_top"": 0.0932}",10000,,,0,3,0.9068,,0.3004,0.0022,ok,
A,9,VIKOR,P12,107,"{""top3"": [""S1"", ""S2"", ""S5""], ""compromise_set"": [""S1"", ""S2""], ""top3_shifted"": [""S1"", ""S3"", ""S5""], ""rank1_flipped"": false, ""Q_top"": 0.0932}",10000,,,0,3,0.9068,,0.3004,0.0018,ok,
A,9,VIKOR,P12,108,"{""top3"": [""S1"", ""S2"", ""S5""], ""compromise_set"": [""S1"", ""S2""], ""top3_shifted"": [""S1"", ""S3"", ""S5""], ""rank1_flipped"": false, ""Q_top"": 0.0932}",10000,,,0,3,0.9068,,0.3004,0.0018,ok,
A,9,VIKOR,P12,109,"{""top3"": [""S1"", ""S2"", ""S5""], ""compromise_set"": [""S1"", ""S2""], ""top3_shifted"": [""S1"", ""S3"", ""S5""], ""rank1_flipped"": false, ""Q_top"": 0.0932}",10000,,,0,3,0.9068,,0.3004,0.0011,ok,
A,9,VIKOR,P12,110,"{""top3"": [""S1"", ""S2"", ""S5""], ""compromise_set"": [""S1"", ""S2""], ""top3_shifted"": [""S1"", ""S3"", ""S5""], ""rank1_flipped"": false, ""Q_top"": 0.0932}",10000,,,0,3,0.9068,,0.3004,0.0014,ok,
A,10,VEGA,P2,101,{},10000,100,99,10000,9420,1.1190057274651455,0.00014125794756778925,0.0002467435142752505,147.318,ok,
A,10,VEGA,P2,102,{},10000,100,99,10000,9160,1.1190393776268783,9.558624054275286e-05,0.0001299196776582869,147.7353,ok,
A,10,VEGA,P2,103,{},10000,100,99,10000,9379,1.1190381824715192,0.00011738577981159498,0.0001716749554994203,152.3812,ok,
A,10,VEGA,P2,104,{},10000,100,99,10000,9390,1.1190349537803292,0.00010036805659124226,0.00016870787323429974,125.3159,ok,
A,10,VEGA,P2,105,{},10000,100,99,10000,9167,1.1190302382855348,0.00010765735063857228,0.0001637300199364807,136.4859,ok,
A,10,VEGA,P2,106,{},10000,100,99,10000,9297,1.1190409384443103,8.708834069014004e-05,0.00014214477806854465,112.9855,ok,
A,10,VEGA,P2,107,{},10000,100,99,10000,9434,1.119040996823087,9.321994366455244e-05,0.0001554771342582477,119.3211,ok,
A,5,Value Function,P4,101,"{""best_f"": [0.0211, -0.1245]}",10000,,,1000,1,0.6096342708494866,0.4659830416609696,0.0,0.0304,ok,
A,5,Value Function,P4,102,"{""best_f"": [0.0214, -0.1249]}",10000,,,1000,1,0.6128282207490511,0.47028742515805744,0.0,0.0238,ok,
A,5,Value Function,P4,103,"{""best_f"": [0.0197, -0.1232]}",10000,,,1000,1,0.5979552309338751,0.44989950639471893,0.0,0.0244,ok,
A,5,Value Function,P4,104,"{""best_f"": [0.0194, -0.1227]}",10000,,,1000,1,0.5921931284309481,0.4444854184298741,0.0,0.0242,ok,
A,5,Value Function,P4,105,"{""best_f"": [0.0221, -0.1254]}",10000,,,1000,1,0.616307183770782,0.47773406791113704,0.0,0.0244,ok,
A,5,Value Function,P4,106,"{""best_f"": [0.0228, -0.1261]}",10000,,,1000,1,0.6217459210954627,0.48638879868240603,0.0,0.0276,ok,
A,5,Value Function,P4,107,"{""best_f"": [0.021, -0.1243]}",10000,,,1000,1,0.6079531811661136,0.4642168164847439,0.0,0.0256,ok,
A,5,Value Function,P4,108,"{""best_f"": [0.0216, -0.1251]}",10000,,,1000,1,0.6150496884707339,0.47341994935097803,0.0,0.0263,ok,
A,5,Value Function,P4,109,"{""best_f"": [0.0185, -0.1217]}",10000,,,1000,1,0.5826832697583609,0.43355628237592697,0.0,0.0258,ok,
A,5,Value Function,P4,110,"{""best_f"": [0.0206, -0.1239]}",10000,,,1000,1,0.6043386076034127,0.45935167546158995,0.0,0.0235,ok,
A,5,Value Function,P14,101,"{""best_f"": [2.1373, -20.1194]}",10000,,,1000,1,0.09575803528863895,0.7095672688357176,0.0,0.0122,ok,
A,5,Value Function,P14,102,"{""best_f"": [2.1324, -20.1315]}",10000,,,1000,1,0.10481843981934484,0.7042602550698887,0.0,0.0131,ok,
A,5,Value Function,P14,103,"{""best_f"": [2.1137, -19.9028]}",10000,,,1000,1,0.13630421661669603,0.6687813071015205,0.0,0.01,ok,
A,5,Value Function,P14,104,"{""best_f"": [2.133, -19.8944]}",10000,,,1000,1,0.10169138248633966,0.6914333812291501,0.0,0.0116,ok,
A,5,Value Function,P14,105,"{""best_f"": [2.1341, -19.9623]}",10000,,,1000,1,0.10024785210621029,0.6966010275354786,0.0,0.0114,ok,
A,5,Value Function,P14,106,"{""best_f"": [2.1491, -19.8578]}",10000,,,1000,1,0.07278093037036203,0.7099694456799582,0.0,0.0103,ok,
A,5,Value Function,P14,107,"{""best_f"": [2.1317, -19.9313]}",10000,,,1000,1,0.10443386206732408,0.6917853365867548,0.0,0.0098,ok,
A,5,Value Function,P14,108,"{""best_f"": [2.129, -20.1778]}",10000,,,1000,1,0.11148802650660608,0.7029570181387812,0.0,0.0118,ok,
A,5,Value Function,P14,109,"{""best_f"": [2.112, -19.8843]}",10000,,,1000,1,0.13901628935826557,0.6658701850663878,0.0,0.0107,ok,
A,5,Value Function,P14,110,"{""best_f"": [2.1345, -20.1088]}",10000,,,1000,1,0.10077009567114585,0.7054985153878587,0.0,0.01,ok,
A,6,Goal Programming,P11,101,"{""best_f"": [-2400.0, -500.0]}",10000,,,0,1,1.2100000000000002,0.0,0.0,0.4522,ok,
A,6,Goal Programming,P11,102,"{""best_f"": [-2400.0, -500.0]}",10000,,,0,1,1.2100000000000002,0.0,0.0,0.0034,ok,
A,6,Goal Programming,P11,103,"{""best_f"": [-2400.0, -500.0]}",10000,,,0,1,1.2100000000000002,0.0,0.0,0.0032,ok,
A,6,Goal Programming,P11,104,"{""best_f"": [-2400.0, -500.0]}",10000,,,0,1,1.2100000000000002,0.0,0.0,0.0028,ok,
A,6,Goal Programming,P11,105,"{""best_f"": [-2400.0, -500.0]}",10000,,,0,1,1.2100000000000002,0.0,0.0,0.0033,ok,
A,6,Goal Programming,P11,106,"{""best_f"": [-2400.0, -500.0]}",10000,,,0,1,1.2100000000000002,0.0,0.0,0.006,ok,
A,6,Goal Programming,P11,107,"{""best_f"": [-2400.0, -500.0]}",10000,,,0,1,1.2100000000000002,0.0,0.0,0.0031,ok,
A,6,Goal Programming,P11,108,"{""best_f"": [-2400.0, -500.0]}",10000,,,0,1,1.2100000000000002,0.0,0.0,0.0029,ok,
A,6,Goal Programming,P11,109,"{""best_f"": [-2400.0, -500.0]}",10000,,,0,1,1.2100000000000002,0.0,0.0,0.0041,ok,
A,6,Goal Programming,P11,110,"{""best_f"": [-2400.0, -500.0]}",10000,,,0,1,1.2100000000000002,0.0,0.0,0.0032,ok,
A,6,Goal Programming,P7,101,"{""best_f"": [-10.5791, -91.5331]}",10000,,,1000,1,0.15956638937504716,0.6302653963167332,0.0,0.0169,ok,
A,6,Goal Programming,P7,102,"{""best_f"": [-8.4955, -94.3343]}",10000,,,1000,1,0.11880335987675056,0.6841363821834666,0.0,0.0159,ok,
A,6,Goal Programming,P7,103,"{""best_f"": [-8.2343, -94.8556]}",10000,,,1000,1,0.11370167860482652,0.692777905686954,0.0,0.0166,ok,
A,6,Goal Programming,P7,104,"{""best_f"": [-11.738, -89.807]}",10000,,,1000,1,0.18036322638831911,0.6010559919815609,0.0,0.0159,ok,
A,6,Goal Programming,P7,105,"{""best_f"": [-8.159, -94.453]}",10000,,,1000,1,0.11142372924206834,0.6902624857156432,0.0,0.0179,ok,
A,6,Goal Programming,P7,106,"{""best_f"": [-8.6968, -94.6363]}",10000,,,1000,1,0.12380048679929136,0.683928406039977,0.0,0.0158,ok,
A,6,Goal Programming,P7,107,"{""best_f"": [-8.6718, -92.5582]}",10000,,,1000,1,0.11994641901521201,0.6662768311583323,0.0,0.0166,ok,
A,6,Goal Programming,P7,108,"{""best_f"": [-10.4023, -91.1201]}",10000,,,1000,1,0.15488282770735123,0.6293555238949106,0.0,0.0173,ok,
A,6,Goal Programming,P7,109,"{""best_f"": [-9.2371, -93.1594]}",10000,,,1000,1,0.13338786053046386,0.6628750183504334,0.0,0.0166,ok,
A,6,Goal Programming,P7,110,"{""best_f"": [-8.3562, -94.2369]}",10000,,,1000,1,0.11553275956658701,0.685352999038821,0.0,0.0161,ok,
A,7,Lexicographic,P11,101,"{""best_f"": [-2400.0, -500.0]}",10000,,,0,1,1.2100000000000002,0.0,0.0,0.0049,ok,
A,7,Lexicographic,P11,102,"{""best_f"": [-2400.0, -500.0]}",10000,,,0,1,1.2100000000000002,0.0,0.0,0.0048,ok,
A,7,Lexicographic,P11,103,"{""best_f"": [-2400.0, -500.0]}",10000,,,0,1,1.2100000000000002,0.0,0.0,0.0068,ok,
A,7,Lexicographic,P11,104,"{""best_f"": [-2400.0, -500.0]}",10000,,,0,1,1.2100000000000002,0.0,0.0,0.0054,ok,
A,7,Lexicographic,P11,105,"{""best_f"": [-2400.0, -500.0]}",10000,,,0,1,1.2100000000000002,0.0,0.0,0.0056,ok,
A,7,Lexicographic,P11,106,"{""best_f"": [-2400.0, -500.0]}",10000,,,0,1,1.2100000000000002,0.0,0.0,0.0052,ok,
A,7,Lexicographic,P11,107,"{""best_f"": [-2400.0, -500.0]}",10000,,,0,1,1.2100000000000002,0.0,0.0,0.0077,ok,
A,7,Lexicographic,P11,108,"{""best_f"": [-2400.0, -500.0]}",10000,,,0,1,1.2100000000000002,0.0,0.0,0.0052,ok,
A,7,Lexicographic,P11,109,"{""best_f"": [-2400.0, -500.0]}",10000,,,0,1,1.2100000000000002,0.0,0.0,0.0056,ok,
A,7,Lexicographic,P11,110,"{""best_f"": [-2400.0, -500.0]}",10000,,,0,1,1.2100000000000002,0.0,0.0,0.0045,ok,
A,7,Lexicographic,P7,101,"{""best_f"": [-54.5488, -24.0671]}",10000,,,1000,1,0.10797436387790348,0.6864878030619046,0.0,0.0068,ok,
A,7,Lexicographic,P7,102,"{""best_f"": [-54.7718, -24.6144]}",10000,,,1000,1,0.11660954521257054,0.6838451775290392,0.0,0.0075,ok,
A,7,Lexicographic,P7,103,"{""best_f"": [-54.848, -24.8211]}",10000,,,1000,1,0.11987072324288497,0.6828044923163198,0.0,0.0061,ok,
A,7,Lexicographic,P7,104,"{""best_f"": [-53.3607, -27.9017]}",10000,,,1000,1,0.16113029220066205,0.6342707324000788,0.0,0.0075,ok,
A,7,Lexicographic,P7,105,"{""best_f"": [-53.3357, -25.8296]}",10000,,,1000,1,0.13099055900664316,0.6535251705972945,0.0,0.0063,ok,
A,7,Lexicographic,P7,106,"{""best_f"": [-51.7444, -27.8503]}",10000,,,1000,1,0.15521718841048715,0.6156299920926264,0.0,0.0074,ok,
A,7,Lexicographic,P7,107,"{""best_f"": [-54.7491, -25.7331]}",10000,,,1000,1,0.13324535879278185,0.6726257914787109,0.0,0.0067,ok,
A,7,Lexicographic,P7,108,"{""best_f"": [-52.3453, -25.3252]}",10000,,,1000,1,0.1212306682052146,0.6473293890459682,0.0,0.0077,ok,
A,7,Lexicographic,P7,109,"{""best_f"": [-55.2235, -24.6511]}",10000,,,1000,1,0.1181835432998329,0.6896186805915065,0.0,0.0074,ok,
A,7,Lexicographic,P7,110,"{""best_f"": [-54.2872, -25.4407]}",10000,,,1000,1,0.12772839795475688,0.6692689197201865,0.0,0.0065,ok,
A,8,TOPSIS,P12,101,"{""top3"": [""S3"", ""S1"", ""S5""], ""top3_shifted"": [""S3"", ""S5"", ""S1""], ""rank1_flipped"": false, ""C_top"": 0.6298}",10000,,,0,3,0.6298,,0.1009,0.0004,ok,
A,8,TOPSIS,P12,102,"{""top3"": [""S3"", ""S1"", ""S5""], ""top3_shifted"": [""S3"", ""S5"", ""S1""], ""rank1_flipped"": false, ""C_top"": 0.6298}",10000,,,0,3,0.6298,,0.1009,0.0006,ok,
A,8,TOPSIS,P12,103,"{""top3"": [""S3"", ""S1"", ""S5""], ""top3_shifted"": [""S3"", ""S5"", ""S1""], ""rank1_flipped"": false, ""C_top"": 0.6298}",10000,,,0,3,0.6298,,0.1009,0.0015,ok,
A,8,TOPSIS,P12,104,"{""top3"": [""S3"", ""S1"", ""S5""], ""top3_shifted"": [""S3"", ""S5"", ""S1""], ""rank1_flipped"": false, ""C_top"": 0.6298}",10000,,,0,3,0.6298,,0.1009,0.0007,ok,
A,8,TOPSIS,P12,105,"{""top3"": [""S3"", ""S1"", ""S5""], ""top3_shifted"": [""S3"", ""S5"", ""S1""], ""rank1_flipped"": false, ""C_top"": 0.6298}",10000,,,0,3,0.6298,,0.1009,0.0007,ok,
A,8,TOPSIS,P12,106,"{""top3"": [""S3"", ""S1"", ""S5""], ""top3_shifted"": [""S3"", ""S5"", ""S1""], ""rank1_flipped"": false, ""C_top"": 0.6298}",10000,,,0,3,0.6298,,0.1009,0.0005,ok,
A,8,TOPSIS,P12,107,"{""top3"": [""S3"", ""S1"", ""S5""], ""top3_shifted"": [""S3"", ""S5"", ""S1""], ""rank1_flipped"": false, ""C_top"": 0.6298}",10000,,,0,3,0.6298,,0.1009,0.0006,ok,
A,8,TOPSIS,P12,108,"{""top3"": [""S3"", ""S1"", ""S5""], ""top3_shifted"": [""S3"", ""S5"", ""S1""], ""rank1_flipped"": false, ""C_top"": 0.6298}",10000,,,0,3,0.6298,,0.1009,0.0007,ok,
A,8,TOPSIS,P12,109,"{""top3"": [""S3"", ""S1"", ""S5""], ""top3_shifted"": [""S3"", ""S5"", ""S1""], ""rank1_flipped"": false, ""C_top"": 0.6298}",10000,,,0,3,0.6298,,0.1009,0.0006,ok,
A,8,TOPSIS,P12,110,"{""top3"": [""S3"", ""S1"", ""S5""], ""top3_shifted"": [""S3"", ""S5"", ""S1""], ""rank1_flipped"": false, ""C_top"": 0.6298}",10000,,,0,3,0.6298,,0.1009,0.0006,ok,
A,9,VIKOR,P12,101,"{""top3"": [""S1"", ""S2"", ""S5""], ""compromise_set"": [""S1"", ""S2""], ""top3_shifted"": [""S1"", ""S3"", ""S5""], ""rank1_flipped"": false, ""Q_top"": 0.0932}",10000,,,0,3,0.9068,,0.3004,0.0008,ok,
A,9,VIKOR,P12,102,"{""top3"": [""S1"", ""S2"", ""S5""], ""compromise_set"": [""S1"", ""S2""], ""top3_shifted"": [""S1"", ""S3"", ""S5""], ""rank1_flipped"": false, ""Q_top"": 0.0932}",10000,,,0,3,0.9068,,0.3004,0.0018,ok,
A,9,VIKOR,P12,103,"{""top3"": [""S1"", ""S2"", ""S5""], ""compromise_set"": [""S1"", ""S2""], ""top3_shifted"": [""S1"", ""S3"", ""S5""], ""rank1_flipped"": false, ""Q_top"": 0.0932}",10000,,,0,3,0.9068,,0.3004,0.0013,ok,
A,9,VIKOR,P12,104,"{""top3"": [""S1"", ""S2"", ""S5""], ""compromise_set"": [""S1"", ""S2""], ""top3_shifted"": [""S1"", ""S3"", ""S5""], ""rank1_flipped"": false, ""Q_top"": 0.0932}",10000,,,0,3,0.9068,,0.3004,0.0011,ok,
A,9,VIKOR,P12,105,"{""top3"": [""S1"", ""S2"", ""S5""], ""compromise_set"": [""S1"", ""S2""], ""top3_shifted"": [""S1"", ""S3"", ""S5""], ""rank1_flipped"": false, ""Q_top"": 0.0932}",10000,,,0,3,0.9068,,0.3004,0.0011,ok,
A,9,VIKOR,P12,106,"{""top3"": [""S1"", ""S2"", ""S5""], ""compromise_set"": [""S1"", ""S2""], ""top3_shifted"": [""S1"", ""S3"", ""S5""], ""rank1_flipped"": false, ""Q_top"": 0.0932}",10000,,,0,3,0.9068,,0.3004,0.0014,ok,
A,9,VIKOR,P12,107,"{""top3"": [""S1"", ""S2"", ""S5""], ""compromise_set"": [""S1"", ""S2""], ""top3_shifted"": [""S1"", ""S3"", ""S5""], ""rank1_flipped"": false, ""Q_top"": 0.0932}",10000,,,0,3,0.9068,,0.3004,0.0013,ok,
A,9,VIKOR,P12,108,"{""top3"": [""S1"", ""S2"", ""S5""], ""compromise_set"": [""S1"", ""S2""], ""top3_shifted"": [""S1"", ""S3"", ""S5""], ""rank1_flipped"": false, ""Q_top"": 0.0932}",10000,,,0,3,0.9068,,0.3004,0.001,ok,
A,9,VIKOR,P12,109,"{""top3"": [""S1"", ""S2"", ""S5""], ""compromise_set"": [""S1"", ""S2""], ""top3_shifted"": [""S1"", ""S3"", ""S5""], ""rank1_flipped"": false, ""Q_top"": 0.0932}",10000,,,0,3,0.9068,,0.3004,0.0012,ok,
A,9,VIKOR,P12,110,"{""top3"": [""S1"", ""S2"", ""S5""], ""compromise_set"": [""S1"", ""S2""], ""top3_shifted"": [""S1"", ""S3"", ""S5""], ""rank1_flipped"": false, ""Q_top"": 0.0932}",10000,,,0,3,0.9068,,0.3004,0.0014,ok,
A,10,VEGA,P2,108,{},10000,100,99,10000,93,1.108920660193041,0.013114758455258843,0.020832688493585362,0.3102,ok,
A,10,VEGA,P2,109,{},10000,100,99,10000,91,1.1078455969705316,0.015158186867564672,0.013261278611901186,0.2981,ok,
A,10,VEGA,P2,110,{},10000,100,99,10000,95,1.1122315535566356,0.012066054061257426,0.02032499641445756,0.2886,ok,
A,10,VEGA,P3,101,{},10000,100,99,10000,1,0.0,1.245376133321031,0.0,0.3453,ok,
A,10,VEGA,P3,102,{},10000,100,99,10000,1,0.0,0.9925913327839397,0.0,0.3605,ok,
A,10,VEGA,P3,103,{},10000,100,99,10000,2,0.1005554063947933,0.537018099916222,0.0,0.3578,ok,
A,10,VEGA,P3,104,{},10000,100,99,10000,1,0.0,0.7029933868985002,0.0,0.3436,ok,
A,10,VEGA,P3,105,{},10000,100,99,10000,2,0.06723839480007382,0.628714002622553,0.0,0.3375,ok,
A,10,VEGA,P3,106,{},10000,100,99,10000,2,0.0,0.7975933229175713,0.0,0.3459,ok,
A,10,VEGA,P3,107,{},10000,100,99,10000,1,0.0,0.6794108264339491,0.0,0.3368,ok,
A,10,VEGA,P3,108,{},10000,100,99,10000,1,0.0,1.1006691329317273,0.0,0.3407,ok,
A,10,VEGA,P3,109,{},10000,100,99,10000,1,0.0,1.2333994469576444,0.0,0.3423,ok,
A,10,VEGA,P3,110,{},10000,100,99,10000,1,0.014602647225431187,0.6569634386990952,0.0,0.3388,ok,
A,11,MOGA,P3,101,{},10000,100,99,10000,32,0.4890446963097233,0.03315344691353916,0.037306420445240684,0.3535,ok,
A,11,MOGA,P3,102,{},10000,100,99,10000,38,0.4868661824097914,0.031489416759175215,0.027645775237292818,0.3612,ok,
A,11,MOGA,P3,103,{},10000,100,99,10000,32,0.48435042450080656,0.03429318255070987,0.02974063520884261,0.3566,ok,
A,11,MOGA,P3,104,{},10000,100,99,10000,38,0.47957331640329376,0.035796068208656606,0.025097824572869066,0.355,ok,
A,11,MOGA,P3,105,{},10000,100,99,10000,36,0.46453369447615317,0.04675015694642505,0.02274525003217498,0.3551,ok,
A,11,MOGA,P3,106,{},10000,100,99,10000,37,0.4837746706544999,0.03190267037280607,0.02479208603090885,0.3533,ok,
A,11,MOGA,P3,107,{},10000,100,99,10000,33,0.45316356827438714,0.054522068582184065,0.026939280896388505,0.3579,ok,
A,11,MOGA,P3,108,{},10000,100,99,10000,41,0.5037103500333718,0.026273375311299627,0.014020348448993015,0.3557,ok,
A,11,MOGA,P3,109,{},10000,100,99,10000,35,0.4706814302251802,0.0417683829945256,0.03903881857657879,0.3533,ok,
A,11,MOGA,P3,110,{},10000,100,99,10000,31,0.4906530295230597,0.032553247132760116,0.02938087911225596,0.3527,ok,
A,11,MOGA,P5,101,{},10000,100,99,10000,67,1.1911911765585355,0.017967489281797193,0.015321560199873989,0.3166,ok,
A,11,MOGA,P5,102,{},10000,100,99,10000,59,1.1915985567984906,0.014530095723216988,0.015594649962377968,0.3159,ok,
A,11,MOGA,P5,103,{},10000,100,99,10000,62,1.193052454775188,0.014461342411457167,0.02458263785792451,0.3186,ok,
A,11,MOGA,P5,104,{},10000,100,99,10000,69,1.1915659941644403,0.01898953940957756,0.012018749971709857,0.3148,ok,
A,11,MOGA,P5,105,{},10000,100,99,10000,66,1.1924979591005045,0.015335256211252027,0.01726835182046817,0.3141,ok,
A,11,MOGA,P5,106,{},10000,100,99,10000,60,1.1911193223181578,0.017132342051728408,0.016992098049526692,0.3154,ok,
A,11,MOGA,P5,107,{},10000,100,99,10000,68,1.192322278343136,0.018118013374654813,0.010669836891029521,0.3283,ok,
A,11,MOGA,P5,108,{},10000,100,99,10000,64,1.188317500140788,0.02980283443066951,0.011730772975779555,0.3148,ok,
A,11,MOGA,P5,109,{},10000,100,99,10000,63,1.1878660117071573,0.022414682082741604,0.013046987775063856,0.3153,ok,
A,11,MOGA,P5,110,{},10000,100,99,10000,62,1.1918978619757215,0.017310373933099202,0.02365469683623122,0.3122,ok,
A,12,NSGA,P5,101,{},10000,100,99,10000,62,1.1906368041127755,0.019685871570765918,0.021641275094226597,0.3412,ok,
A,12,NSGA,P5,102,{},10000,100,99,10000,70,1.1918680113850777,0.01694777772138726,0.020459206645307555,0.3436,ok,
A,12,NSGA,P5,103,{},10000,100,99,10000,67,1.1923975521434407,0.015585393457114799,0.022384140443416807,0.3524,ok,
A,12,NSGA,P5,104,{},10000,100,99,10000,70,1.1927115573083769,0.014080012801924304,0.016894636257063163,0.3476,ok,
A,12,NSGA,P5,105,{},10000,100,99,10000,73,1.18889587281677,0.01924996300706144,0.0169425671878913,0.3476,ok,
A,12,NSGA,P5,106,{},10000,100,99,10000,59,1.191805091055749,0.01711571390748277,0.018033865536846015,0.3475,ok,
A,12,NSGA,P5,107,{},10000,100,99,10000,72,1.1903602614940456,0.01679826095036122,0.01857349239888329,0.3732,ok,
A,12,NSGA,P5,108,{},10000,100,99,10000,69,1.1940896792136473,0.012738865835432937,0.019957432541881877,0.345,ok,
A,12,NSGA,P5,109,{},10000,100,99,10000,59,1.1877570902596544,0.022326064052593898,0.019506453643147098,0.3536,ok,
A,12,NSGA,P5,110,{},10000,100,99,10000,65,1.1919794793833047,0.016360346641611356,0.02244662921801185,0.3413,ok,
A,12,NSGA,P7,101,{},10000,100,99,10000,21,0.6114438569451648,0.058143712466488216,0.04346453127340841,0.4231,ok,
A,12,NSGA,P7,102,{},10000,100,99,10000,21,0.638345940325319,0.04095914976798139,0.03441016300739734,0.4261,ok,
A,12,NSGA,P7,103,{},10000,100,99,10000,30,0.6602103380889917,0.028419111670770946,0.024802672156060183,0.4234,ok,
A,12,NSGA,P7,104,{},10000,100,99,10000,25,0.6323351062283921,0.04482938807902016,0.035202481447160164,0.4567,ok,
A,12,NSGA,P7,105,{},10000,100,99,10000,22,0.6481779291166069,0.035734998406469425,0.030800180093649068,0.4207,ok,
A,12,NSGA,P7,106,{},10000,100,99,10000,18,0.5898190200892397,0.07842963840310359,0.019296514383626586,0.4248,ok,
A,12,NSGA,P7,107,{},10000,100,99,10000,25,0.6507635315717554,0.03298504873752986,0.025449653693965592,0.4201,ok,
A,12,NSGA,P7,108,{},10000,100,99,10000,25,0.6310540236940502,0.0426964399703494,0.026736267220213803,0.4182,ok,
A,12,NSGA,P7,109,{},10000,100,99,10000,14,0.5927606367750569,0.07282836940404297,0.034721969037260624,0.4317,ok,
A,12,NSGA,P7,110,{},10000,100,99,10000,28,0.6569836088870296,0.03076216782278248,0.030954725560632588,0.4191,ok,
A,13,NPGA,P3,101,{},10000,100,99,10000,2,0.10783044768014997,0.47794757671990123,0.0,0.6244,ok,
A,13,NPGA,P3,102,{},10000,100,99,10000,6,0.06505152920997438,0.39066045639130204,0.09079123626428237,0.617,ok,
A,13,NPGA,P3,103,{},10000,100,99,10000,2,0.1208022624845004,0.48958381992058575,0.0,0.617,ok,
A,13,NPGA,P3,104,{},10000,100,99,10000,11,0.2610464460806461,0.21088127677860677,0.016959556230869626,0.6464,ok,
A,13,NPGA,P3,105,{},10000,100,99,10000,12,0.3111865127561196,0.1506221947201895,0.0473179617646971,0.6367,ok,
A,13,NPGA,P3,106,{},10000,100,99,10000,9,0.21723480982382232,0.2354271704630091,0.054071074478084874,0.6588,ok,
A,13,NPGA,P3,107,{},10000,100,99,10000,16,0.1956795981737261,0.27250300057056076,0.06257623529118815,0.6568,ok,
A,13,NPGA,P3,108,{},10000,100,99,10000,14,0.014000118911915604,0.5162843551259505,0.3394294748535573,0.6844,ok,
A,13,NPGA,P3,109,{},10000,100,99,10000,11,0.13250385802619724,0.28195331659348544,0.07327587357302523,0.6795,ok,
A,13,NPGA,P3,110,{},10000,100,99,10000,5,0.12603850394428714,0.30143087044949834,0.04419337515380687,0.666,ok,
A,13,NPGA,P5,101,{},10000,100,99,10000,44,1.1889574818789619,0.02269605008101268,0.027797258565336432,0.8154,ok,
A,13,NPGA,P5,102,{},10000,100,99,10000,37,1.1806467737937043,0.030608895540116365,0.023070380311541863,0.6648,ok,
A,13,NPGA,P5,103,{},10000,100,99,10000,40,1.183603568208025,0.02642877948597846,0.027440014035374778,0.679,ok,
A,13,NPGA,P5,104,{},10000,100,99,10000,41,1.1870656250705065,0.03315672129515877,0.02503112697441663,0.6734,ok,
A,13,NPGA,P5,105,{},10000,100,99,10000,42,1.186373020688514,0.03576123085228864,0.017492849572305097,0.6836,ok,
A,13,NPGA,P5,106,{},10000,100,99,10000,39,1.1803268427833014,0.0314089347499787,0.03391133242353006,0.6883,ok,
A,13,NPGA,P5,107,{},10000,100,99,10000,42,1.188561410377706,0.021770215087120057,0.05002105434198711,0.6842,ok,
A,13,NPGA,P5,108,{},10000,100,99,10000,34,1.1826648912119582,0.03087741340121878,0.020850261712684573,0.6683,ok,
A,13,NPGA,P5,109,{},10000,100,99,10000,39,1.186457069926519,0.027390380934043793,0.0357503368791513,0.6806,ok,
A,13,NPGA,P5,110,{},10000,100,99,10000,39,1.185493646555551,0.029500095356047893,0.07223265732029122,0.6733,ok,
A,14,NSGA-II,P3,101,{},10000,100,99,10000,92,0.5362111761724805,0.0055213619218610985,0.00578712278431692,0.7055,ok,
A,14,NSGA-II,P3,102,{},10000,100,99,10000,98,0.5371369094339503,0.004775550725970516,0.004738036822502878,0.7118,ok,
A,14,NSGA-II,P3,103,{},10000,100,99,10000,94,0.342831477252588,0.16294665173210884,0.0024627820416750963,0.8216,ok,
A,14,NSGA-II,P3,104,{},10000,100,99,10000,97,0.5368025836288669,0.004985900755071919,0.00549109890483831,0.7102,ok,
A,14,NSGA-II,P3,105,{},10000,100,99,10000,95,0.5367555473217939,0.005004022634359158,0.0059438749084186684,0.8064,ok,
A,14,NSGA-II,P3,106,{},10000,100,99,10000,94,0.5352262160060008,0.0056908281960669545,0.0063801756198128825,0.6765,ok,
A,14,NSGA-II,P3,107,{},10000,100,99,10000,95,0.5353363722341828,0.005717885621552385,0.005822543903717829,0.6941,ok,
A,14,NSGA-II,P3,108,{},10000,100,99,10000,95,0.5321637335027231,0.0059684554446140636,0.0053916233421907106,0.685,ok,
A,14,NSGA-II,P3,109,{},10000,100,99,10000,95,0.5358774394206436,0.006708450667226252,0.009052018894764233,0.6532,ok,
A,14,NSGA-II,P3,110,{},10000,100,99,10000,94,0.5364808741256042,0.0050903271577585636,0.005524125783781662,0.6676,ok,
A,14,NSGA-II,P5,101,{},10000,100,99,10000,95,1.194865487564946,0.006581789188676803,0.008429740910526022,0.5957,ok,
A,14,NSGA-II,P5,102,{},10000,100,99,10000,96,1.195155788969431,0.006336497068688933,0.007556950236038305,0.5977,ok,
A,14,NSGA-II,P5,103,{},10000,100,99,10000,96,1.1952699361438532,0.006160808455470155,0.006433620489677888,0.5977,ok,
A,14,NSGA-II,P5,104,{},10000,100,99,10000,92,1.1949793957600128,0.006650063277921375,0.006445348056575067,0.6194,ok,
A,14,NSGA-II,P5,105,{},10000,100,99,10000,95,1.1950154498494086,0.006114875303268696,0.007987824183391418,0.6915,ok,
A,14,NSGA-II,P5,106,{},10000,100,99,10000,95,1.1949705063822524,0.0060211910581060716,0.007035873683483061,0.6041,ok,
A,14,NSGA-II,P5,107,{},10000,100,99,10000,97,1.1951802533449358,0.006152424244404817,0.00816888030144528,0.6006,ok,
A,14,NSGA-II,P5,108,{},10000,100,99,10000,96,1.1951926319824233,0.006163811473053473,0.00646565056450047,0.6143,ok,
A,14,NSGA-II,P5,109,{},10000,100,99,10000,98,1.1952349643398625,0.00561577510485401,0.008440017218322106,0.605,ok,
A,14,NSGA-II,P5,110,{},10000,100,99,10000,95,1.1950788870430318,0.005558995922534866,0.006712881986971476,0.6061,ok,
A,14,NSGA-II,P6,101,{},10000,100,99,10000,97,1.01917573135823,0.005444384705198021,0.00535064354501136,0.6559,ok,
A,14,NSGA-II,P6,102,{},10000,100,99,10000,96,1.02016926338104,0.005160026894279071,0.006082026125531569,0.6255,ok,
A,14,NSGA-II,P6,103,{},10000,100,99,10000,96,1.019154766916053,0.005758137027760696,0.00656154280257751,0.6115,ok,
A,14,NSGA-II,P6,104,{},10000,100,99,10000,97,1.0202093211096186,0.005482102836875615,0.006182302033165077,0.619,ok,
A,14,NSGA-II,P6,105,{},10000,100,99,10000,96,1.0194132795364277,0.005673081288362743,0.007241956615788339,0.6164,ok,
A,14,NSGA-II,P6,106,{},10000,100,99,10000,96,1.0199086863159403,0.005490633865727398,0.005920712319319138,0.6203,ok,
A,14,NSGA-II,P6,107,{},10000,100,99,10000,98,1.0196354210693763,0.006067707743964993,0.0055985893578752045,0.6186,ok,
A,14,NSGA-II,P6,108,{},10000,100,99,10000,95,1.0198783170344234,0.005499092843174321,0.006000456379884294,0.6123,ok,
A,14,NSGA-II,P6,109,{},10000,100,99,10000,98,1.0201545031279917,0.005502767200829009,0.0060086065948651195,0.615,ok,
A,14,NSGA-II,P6,110,{},10000,100,99,10000,98,1.0202439813175712,0.005270700811135475,0.006092906468453148,0.6125,ok,
A,15,NSGA-III,P10_M3,101,{},10000,91,108,1635,15,0.1041963081083947,0.41850332911590765,0.28772595648638627,0.2137,ok,
A,15,NSGA-III,P10_M3,102,{},10000,91,108,1635,15,0.1862274395107336,0.33462163740085826,0.20749802645544294,0.231,ok,
A,15,NSGA-III,P10_M3,103,{},10000,91,108,1635,14,0.15727096000000004,0.31322962740728433,0.23240327684011208,0.2307,ok,
A,15,NSGA-III,P10_M3,104,{},10000,91,108,1635,15,0.19933104628422635,0.3462541771284096,0.2805654414509241,0.2349,ok,
A,15,NSGA-III,P10_M3,105,{},10000,91,108,1635,15,0.2721362600000001,0.27911907077940934,0.23820987851028524,0.2276,ok,
A,15,NSGA-III,P10_M3,106,{},10000,91,108,1635,15,0.24415184382228838,0.33944935613867727,0.24061432576891123,0.2246,ok,
A,15,NSGA-III,P10_M3,107,{},10000,91,108,1635,15,0.17547518599188333,0.318320477990226,0.2218433468595148,0.2229,ok,
A,15,NSGA-III,P10_M3,108,{},10000,91,108,1635,15,0.3040669500000001,0.30482193230346233,0.19408999624599385,0.2283,ok,
A,15,NSGA-III,P10_M3,109,{},10000,91,108,1635,14,0.1340701560508024,0.3558366864168644,0.3363402437698677,0.2344,ok,
A,15,NSGA-III,P10_M3,110,{},10000,91,108,1635,15,0.19338099000000006,0.3559633282032398,0.12708941579205088,0.2298,ok,
A,15,NSGA-III,P10_M5,101,{},10000,210,46,3290,70,0.08589877173746736,0.6146806651465181,0.17648829282118586,2.2016,ok,
A,15,NSGA-III,P10_M5,102,{},10000,210,46,3290,70,0.09428137789420796,0.6450298336848046,0.07629522930854674,2.0747,ok,
A,15,NSGA-III,P10_M5,103,{},10000,210,46,3290,70,0.12948716138012756,0.6070121514764668,0.18193407790853258,2.156,ok,
A,15,NSGA-III,P10_M5,104,{},10000,210,46,3290,68,0.20007975519853985,0.5619655249765474,0.13537425085970653,2.1661,ok,
A,15,NSGA-III,P10_M5,105,{},10000,210,46,3290,70,0.18164286287954903,0.5719103572624307,0.06960218390889286,2.0831,ok,
A,15,NSGA-III,P10_M5,106,{},10000,210,46,3290,69,0.22039829350000012,0.6123120222898197,0.06589501278014565,2.292,ok,
A,15,NSGA-III,P10_M5,107,{},10000,210,46,3290,70,0.13270602400000006,0.5837349036401892,0.12479617162964952,2.0579,ok,
A,15,NSGA-III,P10_M5,108,{},10000,210,46,3290,70,0.1839363471000001,0.5936725293087215,0.21013670438058218,2.2578,ok,
A,15,NSGA-III,P10_M5,109,{},10000,210,46,3290,69,0.19733287361021365,0.5501538602548475,0.11121234751918709,2.0721,ok,
A,15,NSGA-III,P10_M5,110,{},10000,210,46,3290,70,0.13981458662275828,0.6163262678937359,0.20013370320686857,2.1616,ok,
A,16,SPEA2,P4,101,{},10000,100,99,10100,100,0.9688410326761704,0.00365356779770867,0.0022412898625252314,4.9396,ok,
A,16,SPEA2,P4,102,{},10000,100,99,10100,100,0.9688485065198291,0.0037847532276110213,0.0026487148445432976,4.8856,ok,
A,16,SPEA2,P4,103,{},10000,100,99,10100,100,0.9684700409600878,0.004275507487059395,0.002453574077654178,4.9035,ok,
A,16,SPEA2,P4,104,{},10000,100,99,10100,100,0.9687870504128411,0.0036387104538179254,0.0023124571425397005,5.0263,ok,
A,16,SPEA2,P4,105,{},10000,100,99,10100,100,0.9687325328751409,0.0037954264984936866,0.002039172508592755,5.1838,ok,
A,16,SPEA2,P4,106,{},10000,100,99,10100,100,0.9686938566841979,0.00402056541961802,0.002667877723575832,4.9373,ok,
A,16,SPEA2,P4,107,{},10000,100,99,10100,100,0.9685562455769627,0.003316167124981834,0.002599545686617724,4.9727,ok,
A,16,SPEA2,P4,108,{},10000,100,99,10100,100,0.9684561087611362,0.004321472554886145,0.0022910254946556774,6.0773,ok,
A,16,SPEA2,P4,109,{},10000,100,99,10100,100,0.9688507330364464,0.004342837892324674,0.002777526567546179,7.8851,ok,
A,16,SPEA2,P4,110,{},10000,100,99,10100,100,0.9685463040979873,0.0038476377927608224,0.002844973287917322,7.2858,ok,
A,16,SPEA2,P5,101,{},10000,100,99,10100,100,1.195122018056742,0.004849948857218666,0.009959893596776818,5.38,ok,
A,16,SPEA2,P5,102,{},10000,100,99,10100,100,1.1946091179003586,0.006204900610098492,0.016880514568370947,4.3661,ok,
A,16,SPEA2,P5,103,{},10000,100,99,10100,100,1.1950694128306762,0.0049195838941615815,0.011106447977507344,4.3878,ok,
A,16,SPEA2,P5,104,{},10000,100,99,10100,100,1.1950694443820267,0.004973707814776166,0.011378891759508215,4.3584,ok,
A,16,SPEA2,P5,105,{},10000,100,99,10100,100,1.1948542960043067,0.005573600179600649,0.01591021191538491,4.2847,ok,
A,16,SPEA2,P5,106,{},10000,100,99,10100,100,1.1948831333286798,0.005370410133423678,0.013314586250123528,4.3384,ok,
A,16,SPEA2,P5,107,{},10000,100,99,10100,100,1.1949410874892399,0.005360838207415485,0.013159916559289888,4.4819,ok,
A,16,SPEA2,P5,108,{},10000,100,99,10100,100,1.1947582796923593,0.005518884307478423,0.01310994598297689,4.6965,ok,
A,16,SPEA2,P5,109,{},10000,100,99,10100,100,1.1947191408727789,0.00594755684840759,0.018284566659091884,5.7214,ok,
A,16,SPEA2,P5,110,{},10000,100,99,10100,100,1.1950756074634281,0.0051762734469688555,0.009149239028757918,6.8729,ok,
A,17,PESA-II,P3,101,{},10000,100,99,10000,100,0.5292628531286409,0.010274172927567427,0.009496863462476208,1.0429,ok,
A,17,PESA-II,P3,102,{},10000,100,99,10000,100,0.5294336043558056,0.008993526659503816,0.007424686394613708,1.3867,ok,
A,17,PESA-II,P3,103,{},10000,100,99,10000,100,0.525394354002739,0.01045077468037183,0.006816656517353859,1.2468,ok,
A,17,PESA-II,P3,104,{},10000,100,99,10000,100,0.5311561886049289,0.007650759282076353,0.0071727998132047706,1.1628,ok,
A,17,PESA-II,P3,105,{},10000,100,99,10000,100,0.5283284322878365,0.010934152383027773,0.008182175670149191,1.208,ok,
A,17,PESA-II,P3,106,{},10000,100,99,10000,100,0.5329470310085229,0.007641828983819362,0.008821597488873397,1.1105,ok,
A,17,PESA-II,P3,107,{},10000,100,99,10000,100,0.5263538307781744,0.008602670448302593,0.008243564832136296,1.1307,ok,
A,17,PESA-II,P3,108,{},10000,100,99,10000,100,0.5262786240988891,0.012588879314323962,0.011050843886609957,1.412,ok,
A,17,PESA-II,P3,109,{},10000,100,99,10000,100,0.5306118876873772,0.0109631389310867,0.007198745908243326,1.6381,ok,
A,17,PESA-II,P3,110,{},10000,100,99,10000,100,0.5289458222513,0.007809885503733557,0.007282295677643452,1.1317,ok,
A,17,PESA-II,P5,101,{},10000,100,99,10000,100,1.193821525690179,0.009912652958566482,0.00870887618596311,2.0875,ok,
A,17,PESA-II,P5,102,{},10000,100,99,10000,100,1.1944578071240444,0.009287933324875892,0.008410749737118984,2.0157,ok,
A,17,PESA-II,P5,103,{},10000,100,99,10000,100,1.1922183506469868,0.013797787246183106,0.009063610304852024,1.8456,ok,
A,17,PESA-II,P5,104,{},10000,100,99,10000,100,1.19433412337312,0.009709599100232943,0.008763474751463813,1.9195,ok,
A,17,PESA-II,P5,105,{},10000,100,99,10000,100,1.1947537362044078,0.007897599120853575,0.008592373529038272,1.861,ok,
A,17,PESA-II,P5,106,{},10000,100,99,10000,100,1.1942557148782822,0.009884075541084109,0.008651213864008736,1.9652,ok,
A,17,PESA-II,P5,107,{},10000,100,99,10000,100,1.1942481802504046,0.011031299756311832,0.010022118082531749,2.1374,ok,
A,17,PESA-II,P5,108,{},10000,100,99,10000,100,1.1938911874350284,0.009487561249100917,0.008338533083158803,1.9866,ok,
A,17,PESA-II,P5,109,{},10000,100,99,10000,100,1.1939249665193636,0.010555111342058542,0.009124460453701841,1.7569,ok,
A,17,PESA-II,P5,110,{},10000,100,99,10000,100,1.1944663857742734,0.009512295920429775,0.009777137550107503,1.1951,ok,
A,18,MOEA/D,P3,101,{},10000,100,99,10000,100,0.5377886477937645,0.003973244269535405,0.003191760789005596,3.0882,ok,
A,18,MOEA/D,P3,102,{},10000,100,99,10000,99,0.5378443084726253,0.0039936286132991545,0.002926485250479524,3.1775,ok,
A,18,MOEA/D,P3,103,{},10000,100,99,10000,97,0.5346046484841107,0.005413745036156607,0.005250670384256313,3.2108,ok,
A,18,MOEA/D,P3,104,{},10000,100,99,10000,100,0.5381146428751671,0.003891394728096986,0.0028721090641639834,3.0824,ok,
A,18,MOEA/D,P3,105,{},10000,100,99,10000,100,0.5379584194739694,0.0039568515356688296,0.002677415495824168,3.1514,ok,
A,18,MOEA/D,P3,106,{},10000,100,99,10000,100,0.537806089952433,0.003994004318792342,0.0032740929996188392,3.1725,ok,
A,18,MOEA/D,P3,107,{},10000,100,99,10000,100,0.5376379528597649,0.0040925430388211795,0.003819425010905536,3.7513,ok,
A,18,MOEA/D,P3,108,{},10000,100,99,10000,100,0.5381555915024298,0.0038518487821618407,0.002513047344015784,4.1197,ok,
A,18,MOEA/D,P3,109,{},10000,100,99,10000,100,0.5380499924357443,0.00393956490387396,0.0027689696524389852,3.7416,ok,
A,18,MOEA/D,P3,110,{},10000,100,99,10000,100,0.5380730908449276,0.0038898207757882635,0.0027805668253443557,3.1791,ok,
A,18,MOEA/D,P10_M5,101,{},10000,210,46,5922,43,0.6885977081500004,0.4596989836924985,0.12154917508324685,2.3461,ok,
A,18,MOEA/D,P10_M5,102,{},10000,210,46,5922,31,0.7382738891000004,0.45320203888441507,0.19706798323896926,2.18,ok,
A,18,MOEA/D,P10_M5,103,{},10000,210,46,5922,36,0.5955182827000003,0.5064220730896675,0.26937253765768315,2.2932,ok,
A,18,MOEA/D,P10_M5,104,{},10000,210,46,5922,34,0.6224621150000003,0.47015009432862404,0.19463370950346828,2.1666,ok,
A,18,MOEA/D,P10_M5,105,{},10000,210,46,5922,31,0.7376538427500003,0.4913069495552975,0.19144581905276953,2.3311,ok,
A,18,MOEA/D,P10_M5,106,{},10000,210,46,5922,31,0.6165998586000003,0.4737972219236889,0.229778538605652,2.1882,ok,
A,18,MOEA/D,P10_M5,107,{},10000,210,46,5922,41,0.7684306888500003,0.45149321350485855,0.08979255283805702,2.234,ok,
A,18,MOEA/D,P10_M5,108,{},10000,210,46,5922,51,0.6683616500000004,0.42712909913457553,0.09407931121211394,2.5101,ok,
A,18,MOEA/D,P10_M5,109,{},10000,210,46,5922,36,0.6731448647000003,0.4852826594668446,0.15575806680255752,2.2464,ok,
A,18,MOEA/D,P10_M5,110,{},10000,210,46,5922,38,0.7214682172500003,0.4893389022418035,0.16064694008135513,2.3243,ok,
A,19,MOEA/D-DE,P3,101,{},10000,100,99,10000,100,0.538039674735046,0.0038459323943999413,0.0023972007917331,3.0069,ok,
A,19,MOEA/D-DE,P3,102,{},10000,100,99,10000,100,0.5380182173278686,0.0038473886001181854,0.0025147937354580044,3.1125,ok,
A,19,MOEA/D-DE,P3,103,{},10000,100,99,10000,100,0.5380259779232954,0.0038425253297683704,0.0024825839930734317,3.0832,ok,
A,19,MOEA/D-DE,P3,104,{},10000,100,99,10000,100,0.5380201481213127,0.0038558867484172338,0.002664330292354815,2.9734,ok,
A,19,MOEA/D-DE,P3,105,{},10000,100,99,10000,100,0.5381362668782406,0.003825990752853731,0.0023984944918428275,3.1957,ok,
A,19,MOEA/D-DE,P3,106,{},10000,100,99,10000,100,0.5383018596680993,0.003812746055096818,0.0024533866544813117,2.9764,ok,
A,19,MOEA/D-DE,P3,107,{},10000,100,99,10000,100,0.5381616888598424,0.003838715834919407,0.0025219519521282284,3.1282,ok,
A,19,MOEA/D-DE,P3,108,{},10000,100,99,10000,100,0.5376889320362587,0.003905549713040979,0.0027053471647528336,3.1983,ok,
A,19,MOEA/D-DE,P3,109,{},10000,100,99,10000,100,0.5380497855324049,0.00384202555952322,0.0024650614188355875,2.989,ok,
A,19,MOEA/D-DE,P3,110,{},10000,100,99,10000,100,0.5381724736127074,0.0038212590882566655,0.0023913688521008565,3.0983,ok,
A,19,MOEA/D-DE,P5,101,{},10000,100,99,10000,2,0.8142367367902208,0.31008413044282007,0.0,3.0169,ok,
A,19,MOEA/D-DE,P5,102,{},10000,100,99,10000,2,0.8651859510325296,0.2980888526840937,0.0,3.4055,ok,
A,19,MOEA/D-DE,P5,103,{},10000,100,99,10000,2,0.8432423619697882,0.30272223155501804,0.0,3.1387,ok,
A,19,MOEA/D-DE,P5,104,{},10000,100,99,10000,2,0.6996071052273829,0.3478241417624105,0.0,3.0163,ok,
A,19,MOEA/D-DE,P5,105,{},10000,100,99,10000,2,0.8279576695848249,0.3066415268836877,0.0,3.1266,ok,
A,19,MOEA/D-DE,P5,106,{},10000,100,99,10000,2,0.6545114882911732,0.36644784344290904,0.0,3.0565,ok,
A,19,MOEA/D-DE,P5,107,{},10000,100,99,10000,2,0.9113932886271692,0.28969308753630846,0.0,3.0913,ok,
A,19,MOEA/D-DE,P5,108,{},10000,100,99,10000,2,0.6989240968086893,0.34810052639519373,0.0,3.2279,ok,
A,19,MOEA/D-DE,P5,109,{},10000,100,99,10000,2,0.784593420870121,0.3184092955734065,0.0,3.0157,ok,
A,19,MOEA/D-DE,P5,110,{},10000,100,99,10000,2,0.6381066222791929,0.3738768712716183,0.0,3.1737,ok,
A,20,MOEA/D-ACO,P8,101,{},10000,100,99,2000,5,0.6051351200773171,,0.1200558798130574,0.6768,ok,
A,20,MOEA/D-ACO,P8,102,{},10000,100,99,2000,9,0.7374417921030796,,0.0734887284144372,0.6763,ok,
A,20,MOEA/D-ACO,P8,103,{},10000,100,99,2000,8,0.7411250198427709,,0.09396759512320021,0.6852,ok,
A,20,MOEA/D-ACO,P8,104,{},10000,100,99,2000,5,0.678314029881283,,0.1895739097953807,0.7441,ok,
A,20,MOEA/D-ACO,P8,105,{},10000,100,99,2000,9,0.7411250198427712,,0.04149475412051784,0.7848,ok,
A,20,MOEA/D-ACO,P8,106,{},10000,100,99,2000,8,0.7266124519022253,,0.03776643287246001,0.6815,ok,
A,20,MOEA/D-ACO,P8,107,{},10000,100,99,2000,5,0.6981434445062921,,0.09731956155067098,0.6877,ok,
A,20,MOEA/D-ACO,P8,108,{},10000,100,99,2000,5,0.698143444506292,,0.09731956155067248,0.6777,ok,
A,20,MOEA/D-ACO,P8,109,{},10000,100,99,2000,9,0.7411250198427715,,0.04149475412051739,0.6843,ok,
A,20,MOEA/D-ACO,P8,110,{},10000,100,99,2000,8,0.7410574676782318,,0.045560944993157305,0.6747,ok,
A,21,Constrained NSGA-II,P5,101,{},10000,100,99,10000,95,1.194865487564946,0.006581789188676803,0.008429740910526022,0.5929,ok,
A,21,Constrained NSGA-II,P5,102,{},10000,100,99,10000,96,1.195155788969431,0.006336497068688933,0.007556950236038305,0.6105,ok,
A,21,Constrained NSGA-II,P5,103,{},10000,100,99,10000,96,1.1952699361438532,0.006160808455470155,0.006433620489677888,0.6021,ok,
A,21,Constrained NSGA-II,P5,104,{},10000,100,99,10000,92,1.1949793957600128,0.006650063277921375,0.006445348056575067,0.5975,ok,
A,21,Constrained NSGA-II,P5,105,{},10000,100,99,10000,95,1.1950154498494086,0.006114875303268696,0.007987824183391418,0.6024,ok,
A,21,Constrained NSGA-II,P5,106,{},10000,100,99,10000,95,1.1949705063822524,0.0060211910581060716,0.007035873683483061,0.5952,ok,
A,21,Constrained NSGA-II,P5,107,{},10000,100,99,10000,97,1.1951802533449358,0.006152424244404817,0.00816888030144528,0.6029,ok,
A,21,Constrained NSGA-II,P5,108,{},10000,100,99,10000,96,1.1951926319824233,0.006163811473053473,0.00646565056450047,0.5942,ok,
A,21,Constrained NSGA-II,P5,109,{},10000,100,99,10000,98,1.1952349643398625,0.00561577510485401,0.008440017218322106,0.5995,ok,
A,21,Constrained NSGA-II,P5,110,{},10000,100,99,10000,95,1.1950788870430318,0.005558995922534866,0.006712881986971476,0.5964,ok,
A,21,Constrained NSGA-II,P6,101,{},10000,100,99,10000,97,1.01917573135823,0.005444384705198021,0.00535064354501136,0.6277,ok,
A,21,Constrained NSGA-II,P6,102,{},10000,100,99,10000,96,1.02016926338104,0.005160026894279071,0.006082026125531569,0.6241,ok,
A,21,Constrained NSGA-II,P6,103,{},10000,100,99,10000,96,1.019154766916053,0.005758137027760696,0.00656154280257751,0.6208,ok,
A,21,Constrained NSGA-II,P6,104,{},10000,100,99,10000,97,1.0202093211096186,0.005482102836875615,0.006182302033165077,0.6256,ok,
A,21,Constrained NSGA-II,P6,105,{},10000,100,99,10000,96,1.0194132795364277,0.005673081288362743,0.007241956615788339,0.6049,ok,
A,21,Constrained NSGA-II,P6,106,{},10000,100,99,10000,96,1.0199086863159403,0.005490633865727398,0.005920712319319138,0.6112,ok,
A,21,Constrained NSGA-II,P6,107,{},10000,100,99,10000,98,1.0196354210693763,0.006067707743964993,0.0055985893578752045,0.6126,ok,
A,21,Constrained NSGA-II,P6,108,{},10000,100,99,10000,95,1.0198783170344234,0.005499092843174321,0.006000456379884294,0.6111,ok,
A,21,Constrained NSGA-II,P6,109,{},10000,100,99,10000,98,1.0201545031279917,0.005502767200829009,0.0060086065948651195,0.6127,ok,
A,21,Constrained NSGA-II,P6,110,{},10000,100,99,10000,98,1.0202439813175712,0.005270700811135475,0.006092906468453148,0.6213,ok,
A,21,Constrained NSGA-II,P7,101,{},10000,100,99,10000,83,0.7003831183567935,0.005887982031919599,0.004644708963879294,0.7929,ok,
A,21,Constrained NSGA-II,P7,102,{},10000,100,99,10000,82,0.6996503524749659,0.00618237617964299,0.00518816508652682,0.7808,ok,
A,21,Constrained NSGA-II,P7,103,{},10000,100,99,10000,84,0.7001512038466349,0.005910997313305418,0.005363133886172151,0.7798,ok,
A,21,Constrained NSGA-II,P7,104,{},10000,100,99,10000,77,0.6998677137397886,0.006259160454942311,0.005902592070286396,0.7861,ok,
A,21,Constrained NSGA-II,P7,105,{},10000,100,99,10000,81,0.6998082316511669,0.00616036604671077,0.005595583581605587,0.7801,ok,
A,21,Constrained NSGA-II,P7,106,{},10000,100,99,10000,80,0.6999891516911119,0.006108099799564335,0.0050519055780492254,0.7794,ok,
A,21,Constrained NSGA-II,P7,107,{},10000,100,99,10000,83,0.7000163964621969,0.006063417788543285,0.005318526453772368,0.7838,ok,
A,21,Constrained NSGA-II,P7,108,{},10000,100,99,10000,86,0.6998037218583549,0.00617157470834526,0.005070787170089533,0.7806,ok,
A,21,Constrained NSGA-II,P7,109,{},10000,100,99,10000,80,0.6996383146022651,0.006310990329618923,0.0053749305113193905,0.7994,ok,
A,21,Constrained NSGA-II,P7,110,{},10000,100,99,10000,76,0.7001483170650412,0.006076811867518937,0.005533206982815612,0.7751,ok,
A,22,MOPSO,P4,101,{},10000,100,99,5000,100,0.9689404849874326,0.007416960815193271,0.005767389575553392,0.5904,ok,
A,22,MOPSO,P4,102,{},10000,100,99,5000,100,0.968742324246845,0.004468764104447396,0.003013008602018425,0.587,ok,
A,22,MOPSO,P4,103,{},10000,100,99,5000,100,0.9688164644189828,0.015455056373253175,0.0032057805393793013,0.5868,ok,
A,22,MOPSO,P4,104,{},10000,100,99,5000,100,0.9687363426132131,0.013529404603695496,0.002246894837726341,0.597,ok,
A,22,MOPSO,P4,105,{},10000,100,99,5000,100,0.9688696238057563,0.01442256539206283,0.003057648473807587,0.5936,ok,
A,22,MOPSO,P4,106,{},10000,100,99,5000,100,0.9688841091297823,0.008455592960680151,0.0037044412405444474,0.5864,ok,
A,22,MOPSO,P4,107,{},10000,100,99,5000,100,0.9687558102141556,0.026902735186924258,0.0025250588755336583,0.5857,ok,
A,22,MOPSO,P4,108,{},10000,100,99,5000,100,0.968978178764644,0.011545992855248181,0.0032202797057270523,0.5836,ok,
A,22,MOPSO,P4,109,{},10000,100,99,5000,100,0.9689302653350435,0.008584142871663142,0.0026348255219495642,0.5857,ok,
A,22,MOPSO,P4,110,{},10000,100,99,5000,100,0.9687218074266739,0.031650087384827656,0.0021088961456491137,0.5878,ok,
A,22,MOPSO,P5,101,{},10000,100,99,5000,100,1.1954782633212635,0.00448738324404328,0.0034864525512399176,0.5609,ok,
A,22,MOPSO,P5,102,{},10000,100,99,5000,100,1.1954637112955493,0.004534160390151529,0.002830819639196104,0.5526,ok,
A,22,MOPSO,P5,103,{},10000,100,99,5000,100,1.195458978015333,0.004628602801815242,0.00381215987282687,0.572,ok,
A,22,MOPSO,P5,104,{},10000,100,99,5000,100,1.1954783432782015,0.004445945426457633,0.0036854137137924186,0.5576,ok,
A,22,MOPSO,P5,105,{},10000,100,99,5000,100,1.1954742787268804,0.004408812514495195,0.0036284964496393927,0.5547,ok,
A,22,MOPSO,P5,106,{},10000,100,99,5000,100,1.1954662184116676,0.004497830420980321,0.003080489848068859,0.6754,ok,
A,22,MOPSO,P5,107,{},10000,100,99,5000,100,1.1954534894407836,0.004569750073592962,0.0032171206171446956,0.5537,ok,
A,22,MOPSO,P5,108,{},10000,100,99,5000,100,1.19543693664156,0.00465040201710645,0.003115285225025854,0.5498,ok,
A,22,MOPSO,P5,109,{},10000,100,99,5000,100,1.195452348753922,0.004539760412428217,0.0034913619917606815,0.5603,ok,
A,22,MOPSO,P5,110,{},10000,100,99,5000,100,1.195436268706781,0.004626425215575714,0.0033417819497573997,0.5756,ok,
A,23,MOGWO,P5,101,{},10000,100,99,5000,100,1.1953503882051253,0.005283913937704316,0.005231191562473302,0.3161,ok,
A,23,MOGWO,P5,102,{},10000,100,99,5000,100,1.1955206638024312,0.004662766496530428,0.005037023557800482,0.3296,ok,
A,23,MOGWO,P5,103,{},10000,100,99,5000,100,1.1953896971287743,0.005234087622678794,0.009959135394363414,0.3266,ok,
A,23,MOGWO,P5,104,{},10000,100,99,5000,100,1.1954593332292862,0.004567279119679641,0.0054074819176842355,0.3324,ok,
A,23,MOGWO,P5,105,{},10000,100,99,5000,100,1.1953314621864308,0.005134640460842867,0.0054250089784371675,0.3278,ok,
A,23,MOGWO,P5,106,{},10000,100,99,5000,100,1.1954645071406425,0.005474910372046967,0.0067368700476133775,0.334,ok,
A,23,MOGWO,P5,107,{},10000,100,99,5000,100,1.1954672921318952,0.005026951277774515,0.009766284930059543,0.3297,ok,
A,23,MOGWO,P5,108,{},10000,100,99,5000,100,1.1954194219840608,0.0046932445485382435,0.006749436379765729,0.335,ok,
A,23,MOGWO,P5,109,{},10000,100,99,5000,100,1.1954063929173755,0.004635645405678471,0.004934178529399308,0.3278,ok,
A,23,MOGWO,P5,110,{},10000,100,99,5000,100,1.1954554101041546,0.005491988056591724,0.013835896422992386,0.334,ok,
A,23,MOGWO,P9,101,{},10000,100,99,5000,7,1.1350499969698808,,0.030869267925378398,4.8812,ok,
A,23,MOGWO,P9,102,{},10000,100,99,5000,7,1.1311259923640993,,0.03763874718270771,7.0549,ok,
A,23,MOGWO,P9,103,{},10000,100,99,5000,5,1.1188994606387497,,0.023699378489371543,2.6679,ok,
A,23,MOGWO,P9,104,{},10000,100,99,5000,9,1.1235658444942735,,0.021990138058419737,5.6204,ok,
A,23,MOGWO,P9,105,{},10000,100,99,5000,4,1.128262529543664,,0.03154191082223471,4.2012,ok,
A,23,MOGWO,P9,106,{},10000,100,99,5000,3,1.1466856554148237,,0.002395102974497331,5.32,ok,
A,23,MOGWO,P9,107,{},10000,100,99,5000,8,1.1308229804254288,,0.027383477118726924,5.1342,ok,
A,23,MOGWO,P9,108,{},10000,100,99,5000,7,1.1352015029392162,,0.028248693463585776,3.7784,ok,
A,23,MOGWO,P9,109,{},10000,100,99,5000,7,1.128398884916066,,0.04468784947705325,7.589,ok,
A,23,MOGWO,P9,110,{},10000,100,99,5000,6,1.1222174413671901,,0.03620381304955169,9.4131,ok,
A,24,MOABC,P3,101,{},10000,100,99,3992,12,0.4207154942542352,0.08506238481353932,0.1544407607916868,0.1696,ok,
A,24,MOABC,P3,102,{},10000,100,99,3994,10,0.4430504017065639,0.06403133307971047,0.08118928907625732,0.1643,ok,
A,24,MOABC,P3,103,{},10000,100,99,3998,10,0.4080718459407279,0.07215523012362003,0.10706850387975543,0.1648,ok,
A,24,MOABC,P3,104,{},10000,100,99,3993,11,0.4164204866360241,0.0768485060981111,0.24944709322194206,0.161,ok,
A,24,MOABC,P3,105,{},10000,100,99,3992,9,0.41246969273906237,0.07936866649527446,0.15617130625235612,0.1612,ok,
A,24,MOABC,P3,106,{},10000,100,99,3993,9,0.43942376421661083,0.07020800487382255,0.15446973344587817,0.1634,ok,
A,24,MOABC,P3,107,{},10000,100,99,3990,9,0.4354864648000727,0.07966214087309995,0.12704252784676817,0.1607,ok,
A,24,MOABC,P3,108,{},10000,100,99,3992,12,0.4164028927158207,0.07516062603306475,0.17730699714355153,0.1586,ok,
A,24,MOABC,P3,109,{},10000,100,99,3992,10,0.4101078161330073,0.08747938680971648,0.047640807534661746,0.1582,ok,
A,24,MOABC,P3,110,{},10000,100,99,3996,9,0.3801686909672045,0.0948744275138245,0.08678580659682193,0.1613,ok,
A,24,MOABC,P6,101,{},10000,100,99,4159,61,1.0073834482927428,0.01836995348896436,0.015758494704256373,0.1848,ok,
A,24,MOABC,P6,102,{},10000,100,99,4159,61,1.0105891610793947,0.02049257279164126,0.012685980999520846,0.1891,ok,
A,24,MOABC,P6,103,{},10000,100,99,4161,61,1.0083774391448896,0.015660934539813667,0.019465966990504065,0.1845,ok,
A,24,MOABC,P6,104,{},10000,100,99,4160,56,1.0042485077048782,0.02500629935469847,0.022314079222896088,0.1819,ok,
A,24,MOABC,P6,105,{},10000,100,99,4161,59,1.008413059269345,0.027884971706225663,0.01738662074690064,0.1867,ok,
A,24,MOABC,P6,106,{},10000,100,99,4161,55,1.0044943189400983,0.02082663343584726,0.025298598180995027,0.1853,ok,
A,24,MOABC,P6,107,{},10000,100,99,4158,60,1.0070329710399812,0.018715202854929378,0.02438933779576748,0.187,ok,
A,24,MOABC,P6,108,{},10000,100,99,4160,60,1.0069873150986046,0.03279296305538906,0.014870230743757538,0.19,ok,
A,24,MOABC,P6,109,{},10000,100,99,4161,54,1.0092025383331444,0.026682725466230926,0.023175649771686405,0.179,ok,
A,24,MOABC,P6,110,{},10000,100,99,4158,59,1.0119647409870296,0.01840736626923174,0.012930470493042735,0.1814,ok,
A,25,MOACO,P8,101,{},10000,100,99,2000,6,0.6981434445062925,,0.1161813303201197,0.7133,ok,
A,25,MOACO,P8,102,{},10000,100,99,2000,6,0.6981434445062925,,0.11618133032011987,0.6943,ok,
A,25,MOACO,P8,103,{},10000,100,99,2000,5,0.15661910070736815,,0.044685845999310594,0.71,ok,
A,25,MOACO,P8,104,{},10000,100,99,2000,6,0.48936867170907933,,0.10185842784787186,0.6911,ok,
A,25,MOACO,P8,105,{},10000,100,99,2000,9,0.7126312401709977,,0.06751738862324227,0.6895,ok,
A,25,MOACO,P8,106,{},10000,100,99,2000,5,0.5520760600371991,,0.36831741094563003,0.7017,ok,
A,25,MOACO,P8,107,{},10000,100,99,2000,6,0.6680182332358466,,0.06422181748980318,0.696,ok,
A,25,MOACO,P8,108,{},10000,100,99,2000,5,0.6391299688527333,,0.020081936573962407,0.6918,ok,
A,25,MOACO,P8,109,{},10000,100,99,2000,9,0.7126312401709973,,0.0675173886232424,0.6929,ok,
A,25,MOACO,P8,110,{},10000,100,99,2000,6,0.668018233235847,,0.06422181748980343,0.6925,ok,
A,26,MOSA,P3,101,{},10000,100,99,201,1,0.0,2.2663717600364737,0.0,0.027,ok,
A,26,MOSA,P3,102,{},10000,100,99,201,3,0.0,1.9006222291190933,0.058335886627838625,0.0268,ok,
A,26,MOSA,P3,103,{},10000,100,99,201,12,0.0,1.7043147780716057,0.10714915248345526,0.0298,ok,
A,26,MOSA,P3,104,{},10000,100,99,201,8,0.0,1.6651017925587412,0.27791580603297406,0.0319,ok,
A,26,MOSA,P3,105,{},10000,100,99,201,5,0.0,1.7827281847467003,0.03927689823622178,0.0274,ok,
A,26,MOSA,P3,106,{},10000,100,99,201,5,0.0,2.0430027301120757,0.044569905294775315,0.0287,ok,
A,26,MOSA,P3,107,{},10000,100,99,201,2,0.0,2.37454618802629,0.0,0.029,ok,
A,26,MOSA,P3,108,{},10000,100,99,201,3,0.0,2.6852182513224854,0.006392673140123729,0.0293,ok,
A,26,MOSA,P3,109,{},10000,100,99,201,6,0.0,3.299992271085378,0.036606759053538725,0.0265,ok,
A,26,MOSA,P3,110,{},10000,100,99,201,2,0.0,2.2325828287358203,0.0,0.0293,ok,
A,26,MOSA,P5,101,{},10000,100,99,201,29,1.1462813434392052,0.1077382568863965,0.048262668989091255,0.043,ok,
A,26,MOSA,P5,102,{},10000,100,99,201,67,1.1690276914055682,0.06349222325728267,0.00798368546257308,0.0518,ok,
A,26,MOSA,P5,103,{},10000,100,99,201,59,1.1819855798611651,0.10379010222664632,0.011143611584505235,0.0432,ok,
A,26,MOSA,P5,104,{},10000,100,99,201,46,1.1332889258488918,0.07512796946432412,0.01160076809045574,0.0441,ok,
A,26,MOSA,P5,105,{},10000,100,99,201,42,1.1079546710046717,0.07263363437370016,0.09249848196783339,0.0376,ok,
A,26,MOSA,P5,106,{},10000,100,99,201,24,1.1286808309697707,0.12946236693482724,0.026891513249321788,0.0419,ok,
A,26,MOSA,P5,107,{},10000,100,99,201,35,1.1782816439195662,0.07646961675724205,0.010437777226495986,0.0378,ok,
A,26,MOSA,P5,108,{},10000,100,99,201,43,1.0786141786226202,0.12179727546999103,0.05239610047368181,0.0523,ok,
A,26,MOSA,P5,109,{},10000,100,99,201,32,1.1646343564454018,0.05827584237220698,0.17219213146024065,0.0391,ok,
A,26,MOSA,P5,110,{},10000,100,99,201,53,1.1751912956523918,0.028512039564152686,0.1281364463417813,0.0517,ok,
A,27,MODE,P3,101,{},10000,100,99,10000,1,0.1099691571895132,0.6096830141625942,0.0,1.5179,ok,
A,27,MODE,P3,102,{},10000,100,99,10000,1,0.1099545076609734,0.6096885584828431,0.0,1.4356,ok,
A,27,MODE,P3,103,{},10000,100,99,10000,1,0.1099901447546162,0.6096750730689653,0.0,1.3512,ok,
A,27,MODE,P3,104,{},10000,100,99,10000,1,0.10999789543595005,0.6096721410126047,0.0,1.8292,ok,
A,27,MODE,P3,105,{},10000,100,99,10000,1,0.10998399458716086,0.6096773998788058,0.0,1.5856,ok,
A,27,MODE,P3,106,{},10000,100,99,10000,1,0.10998281183877066,0.6096778473738356,0.0,1.3459,ok,
A,27,MODE,P3,107,{},10000,100,99,10000,1,0.10999358157955928,0.6096737728912164,0.0,1.3435,ok,
A,27,MODE,P3,108,{},10000,100,99,10000,1,0.10998533191878491,0.6096768939056931,0.0,1.4333,ok,
A,27,MODE,P3,109,{},10000,100,99,10000,1,0.10999226367526141,0.6096742714574516,0.0,1.3524,ok,
A,27,MODE,P3,110,{},10000,100,99,10000,1,0.10998522921761812,0.6096769327618653,0.0,1.3371,ok,
A,27,MODE,P5,101,{},10000,100,99,10000,100,1.1954994749205894,0.004468620517907483,0.00276519486908902,6.8887,ok,
A,27,MODE,P5,102,{},10000,100,99,10000,100,1.1955060593577447,0.00427866391506183,0.0033402575120674953,6.7867,ok,
A,27,MODE,P5,103,{},10000,100,99,10000,100,1.1954526179700433,0.004368770818809013,0.0033355805379168364,6.8006,ok,
A,27,MODE,P5,104,{},10000,100,99,10000,100,1.195395970062324,0.004496206799236363,0.004621265886256484,6.7697,ok,
A,27,MODE,P5,105,{},10000,100,99,10000,100,1.195523609525142,0.004521778988430673,0.004018714340445886,6.8795,ok,
A,27,MODE,P5,106,{},10000,100,99,10000,100,1.195491736930121,0.004319397849969167,0.0037305927673664694,6.9491,ok,
A,27,MODE,P5,107,{},10000,100,99,10000,100,1.1953000859449638,0.004759365898964605,0.004608048433438486,6.9272,ok,
A,27,MODE,P5,108,{},10000,100,99,10000,100,1.195488635056566,0.004262123582448013,0.005202794786011574,8.0949,ok,
A,27,MODE,P5,109,{},10000,100,99,10000,100,1.1955205697330886,0.004275056168882472,0.011028578977488258,7.0106,ok,
A,27,MODE,P5,110,{},10000,100,99,10000,100,1.1954666408087067,0.004330802935847199,0.0030431226883777516,6.8911,ok,
A,28,MO-TLBO,P3,101,{},10000,100,99,19900,100,0.5385464082694527,0.0038326041685291337,0.0016965899499221415,11.9117,ok,
A,28,MO-TLBO,P3,102,{},10000,100,99,19900,100,0.5387631874879238,0.003768202556172282,0.0012506042175908464,12.3826,ok,
A,28,MO-TLBO,P3,103,{},10000,100,99,19900,100,0.5387314144806126,0.003743143438046254,0.0014478110180872947,11.9814,ok,
A,28,MO-TLBO,P3,104,{},10000,100,99,19900,100,0.5387122899262159,0.0037587326183733502,0.001372791968335797,11.8478,ok,
A,28,MO-TLBO,P3,105,{},10000,100,99,19900,100,0.5387481533139009,0.00375557808558742,0.001371557893815537,11.8784,ok,
A,28,MO-TLBO,P3,106,{},10000,100,99,19900,100,0.34848479764077667,0.15672921416253777,0.003071184983402457,11.5518,ok,
A,28,MO-TLBO,P3,107,{},10000,100,99,19900,100,0.5372924242026097,0.003952462954097937,0.0014717627599509287,12.144,ok,
A,28,MO-TLBO,P3,108,{},10000,100,99,19900,100,0.5387438079791798,0.0037662110914588195,0.0016145622859495222,12.6802,ok,
A,28,MO-TLBO,P3,109,{},10000,100,99,19900,100,0.5387495307804085,0.003759766614476529,0.0013891317763619871,12.2059,ok,
A,28,MO-TLBO,P3,110,{},10000,100,99,19900,100,0.5387525264371119,0.003766152205586522,0.0013536146652195357,12.0493,ok,
A,28,MO-TLBO,P5,101,{},10000,100,99,19900,100,1.1955002532539403,0.004425289531618789,0.0023758126303582367,12.7805,ok,
A,28,MO-TLBO,P5,102,{},10000,100,99,19900,100,1.195488182197638,0.004402242420475508,0.0025008150485780205,12.838,ok,
A,28,MO-TLBO,P5,103,{},10000,100,99,19900,100,1.1954785690084642,0.004450295369376322,0.002700429626596202,13.097,ok,
A,28,MO-TLBO,P5,104,{},10000,100,99,19900,100,1.19550514864325,0.004441855916262588,0.002740119984458377,12.8251,ok,
A,28,MO-TLBO,P5,105,{},10000,100,99,19900,100,1.195479733446902,0.004472031593609951,0.0020911624585777462,13.1828,ok,
A,28,MO-TLBO,P5,106,{},10000,100,99,19900,100,1.195504244570677,0.004355541142910423,0.0028552022449604753,12.9922,ok,
A,28,MO-TLBO,P5,107,{},10000,100,99,19900,100,1.1954936663424685,0.004431572298969986,0.002542575030100944,13.3447,ok,
A,28,MO-TLBO,P5,108,{},10000,100,99,19900,100,1.1954966641296483,0.004409965838333889,0.002846972588388668,13.4816,ok,
A,28,MO-TLBO,P5,109,{},10000,100,99,19900,100,1.1954717778149668,0.004490744634325622,0.002373795261201637,12.991,ok,
A,28,MO-TLBO,P5,110,{},10000,100,99,19900,100,1.1955078765804754,0.0043101533947805795,0.00291539042314634,13.029,ok,
A,29,MOBA,P3,101,{},10000,100,99,4000,100,0.5382483760479181,0.0041330605751500596,0.002703242877343608,1.7994,ok,
A,29,MOBA,P3,102,{},10000,100,99,4000,100,0.5378107509968041,0.004315816894112864,0.003103791216670648,1.3077,ok,
A,29,MOBA,P3,103,{},10000,100,99,4000,1,0.11000000000000011,0.6096713449171537,0.0,0.4639,ok,
A,29,MOBA,P3,104,{},10000,100,99,4000,100,0.5384592542682579,0.003916764129718179,0.002414478384993167,2.3706,ok,
A,29,MOBA,P3,105,{},10000,100,99,4000,1,0.11000000000000011,0.6096713449171537,0.0,0.5251,ok,
A,29,MOBA,P3,106,{},10000,100,99,4000,100,0.5386633955573418,0.003848000498558104,0.0022868735313957248,2.4244,ok,
A,29,MOBA,P3,107,{},10000,100,99,4000,100,0.5385929179398996,0.003913461028305807,0.002632935473327957,2.3988,ok,
A,29,MOBA,P3,108,{},10000,100,99,4000,100,0.0,1.0231091645264003,0.003199937785959093,2.543,ok,
A,29,MOBA,P3,109,{},10000,100,99,4000,100,0.5385102807105979,0.003949373571728367,0.0031254630740362574,2.3049,ok,
A,29,MOBA,P3,110,{},10000,100,99,4000,100,0.5385171861405268,0.003916507851732904,0.0023753037691801376,2.5356,ok,
A,29,MOBA,P4,101,{},10000,100,99,4000,100,0.96854709677979,0.0042970977268892725,0.0023588569733029694,3.1217,ok,
A,29,MOBA,P4,102,{},10000,100,99,4000,100,0.9684306318828096,0.004150631637757783,0.0029612542259569658,3.103,ok,
A,29,MOBA,P4,103,{},10000,100,99,4000,100,0.9682561312383624,0.005468073685195579,0.0024483939429312176,3.1686,ok,
A,29,MOBA,P4,104,{},10000,100,99,4000,100,0.9685430959242062,0.006788962707491879,0.0023311067175354892,2.9826,ok,
A,29,MOBA,P4,105,{},10000,100,99,4000,100,0.968204397863624,0.004034744039918536,0.0020739716131722985,3.135,ok,
A,29,MOBA,P4,106,{},10000,100,99,4000,100,0.9687657860382753,0.004276748320756016,0.0033724238299195435,2.9601,ok,
A,29,MOBA,P4,107,{},10000,100,99,4000,100,0.9684364034318923,0.005165421931502521,0.0027553963603144244,2.9374,ok,
A,29,MOBA,P4,108,{},10000,100,99,4000,100,0.9686116761160327,0.003772445783859566,0.0022933050548059057,2.959,ok,
A,29,MOBA,P4,109,{},10000,100,99,4000,100,0.9688995288081438,0.0039073166063950835,0.002616168733399115,2.8625,ok,
A,29,MOBA,P4,110,{},10000,100,99,4000,100,0.9686029673128813,0.004847964045142684,0.003244946226835227,3.0572,ok,
A,30,MOMA,P5,101,{},10000,100,99,10794,91,1.1947876486198616,0.007226996272589253,0.006818216399701524,0.7013,ok,
A,30,MOMA,P5,102,{},10000,100,99,10793,97,1.195314002608509,0.005294998544564691,0.00726511487281246,0.6898,ok,
A,30,MOMA,P5,103,{},10000,100,99,10782,92,1.1945354308584228,0.007581208980321127,0.00774329458772224,0.7043,ok,
A,30,MOMA,P5,104,{},10000,100,99,10803,96,1.1950333738183256,0.006081250642955808,0.007219979930856598,0.7068,ok,
A,30,MOMA,P5,105,{},10000,100,99,10803,96,1.1951427983999774,0.006328931459689735,0.007265748248743364,0.711,ok,
A,30,MOMA,P5,106,{},10000,100,99,10772,97,1.1951861330850795,0.005731304921209065,0.007376357803602327,0.703,ok,
A,30,MOMA,P5,107,{},10000,100,99,10802,97,1.195032574886065,0.006262912419383655,0.006379192583601149,0.7038,ok,
A,30,MOMA,P5,108,{},10000,100,99,10811,98,1.195173202834544,0.005816092782534815,0.007024190821988598,0.7098,ok,
A,30,MOMA,P5,109,{},10000,100,99,10773,96,1.1951329705351452,0.00673343523018186,0.0072222010534428865,0.7042,ok,
A,30,MOMA,P5,110,{},10000,100,99,10813,96,1.1949683617732159,0.006060869011659314,0.007806305641653991,0.6952,ok,
A,30,MOMA,P9,101,{},10000,100,99,10495,5,0.8442221683534332,,0.030773974160216346,1.6918,ok,
A,30,MOMA,P9,102,{},10000,100,99,10495,5,0.8721841100539364,,0.017491046773841973,1.5041,ok,
A,30,MOMA,P9,103,{},10000,100,99,10495,4,0.8709569117023213,,0.017360476902484042,1.4506,ok,
A,30,MOMA,P9,104,{},10000,100,99,10495,3,0.8505702684685778,,0.039234840270170664,1.5687,ok,
A,30,MOMA,P9,105,{},10000,100,99,10495,4,0.9128119507908614,,0.03261544224041798,1.4734,ok,
A,30,MOMA,P9,106,{},10000,100,99,10495,4,0.8368286770498758,,0.032413544800538215,1.4401,ok,
A,30,MOMA,P9,107,{},10000,100,99,10494,4,0.8096242651960489,,0.04948270062310882,1.4543,ok,
A,30,MOMA,P9,108,{},10000,100,99,10495,5,0.840737531058724,,0.029741957357269217,1.5445,ok,
A,30,MOMA,P9,109,{},10000,100,99,10495,6,0.8745779043694324,,0.0027375570270756822,1.4622,ok,
A,30,MOMA,P9,110,{},10000,100,99,10495,5,0.873077995273014,,0.029157155353840485,1.4439,ok,
A,31,RVEA,P10_M5,101,{},10000,210,46,3290,26,0.20627979394610582,0.6448355524841121,0.22083889751700142,0.2704,ok,
A,31,RVEA,P10_M5,102,{},10000,210,46,3290,41,0.3084931905000002,0.5592450730500772,0.2923915529315143,0.3994,ok,
A,31,RVEA,P10_M5,103,{},10000,210,46,3290,33,0.26565826475399806,0.6015601304311932,0.2845679011848479,0.4084,ok,
A,31,RVEA,P10_M5,104,{},10000,210,46,3290,35,0.20440082440277735,0.5629925299269259,0.20428562533819306,0.4228,ok,
A,31,RVEA,P10_M5,105,{},10000,210,46,3290,34,0.30025242495349475,0.5478333338899102,0.29712362255992697,0.3737,ok,
A,31,RVEA,P10_M5,106,{},10000,210,46,3290,26,0.3074373799831058,0.6472503036434922,0.23676004082735808,0.2911,ok,
A,31,RVEA,P10_M5,107,{},10000,210,46,3290,28,0.13801358828657145,0.6240487894470245,0.2574133629523504,0.2788,ok,
A,31,RVEA,P10_M5,108,{},10000,210,46,3290,31,0.19875796563620032,0.540160492220201,0.23144594910491026,0.2789,ok,
A,31,RVEA,P10_M5,109,{},10000,210,46,3290,35,0.2924847211000001,0.5907977424053851,0.29559546698464806,0.3647,ok,
A,31,RVEA,P10_M5,110,{},10000,210,46,3290,31,0.26439030670972996,0.5805207656554546,0.2862082856938591,0.2958,ok,
A,32,IBEA,P3,101,{},10000,100,99,10000,1,0.0,9.252174278828779,0.0,6.3149,ok,
A,32,IBEA,P3,102,{},10000,100,99,10000,1,0.0,9.252174278828779,0.0,7.0571,ok,
A,32,IBEA,P3,103,{},10000,100,99,10000,1,0.0,9.252174278828779,0.0,6.285,ok,
A,32,IBEA,P3,104,{},10000,100,99,10000,1,0.0,9.252174278828779,0.0,6.271,ok,
A,32,IBEA,P3,105,{},10000,100,99,10000,1,0.0,9.252174278828779,0.0,6.1224,ok,
A,32,IBEA,P3,106,{},10000,100,99,10000,1,0.0,9.252174278828779,0.0,6.1147,ok,
A,32,IBEA,P3,107,{},10000,100,99,10000,1,0.0,9.252174278828779,0.0,6.2092,ok,
A,32,IBEA,P3,108,{},10000,100,99,10000,1,0.0,9.252174278828779,0.0,6.223,ok,
A,32,IBEA,P3,109,{},10000,100,99,10000,1,0.0,9.252174278828779,0.0,6.1089,ok,
A,32,IBEA,P3,110,{},10000,100,99,10000,1,0.0,9.252174278828779,0.0,6.2998,ok,
A,32,IBEA,P14,101,{},10000,100,99,10000,1,0.08720699002184303,0.5677407605811847,0.0,6.1531,ok,
A,32,IBEA,P14,102,{},10000,100,99,10000,1,0.09620622925351971,0.5563325792129882,0.0,6.0779,ok,
A,32,IBEA,P14,103,{},10000,100,99,10000,1,0.13108648243749174,0.5110762807660838,0.0,6.2572,ok,
A,32,IBEA,P14,104,{},10000,100,99,10000,1,0.13108491460461125,0.511235740250455,0.0,6.3582,ok,
A,32,IBEA,P14,105,{},10000,100,99,10000,1,0.13049659767974936,0.5117797577914254,0.0,6.1988,ok,
A,32,IBEA,P14,106,{},10000,100,99,10000,1,0.1023429931573755,0.5485158073212469,0.0,6.1435,ok,
A,32,IBEA,P14,107,{},10000,100,99,10000,1,0.06277578078311849,0.5976939934505922,0.0,6.2298,ok,
A,32,IBEA,P14,108,{},10000,100,99,10000,1,0.11909174605544535,0.5261198144262819,0.0,6.2167,ok,
A,32,IBEA,P14,109,{},10000,100,99,10000,1,0.09952372960817309,0.5510163013863698,0.0,6.2847,ok,
A,32,IBEA,P14,110,{},10000,100,99,10000,1,0.1302919858582753,0.5120287163126772,0.0,6.126,ok,
A,33,SMS-EMOA,P3,101,{},10000,100,99,200,12,0.0,2.7796553724832576,0.10238997645320708,0.1353,ok,
A,33,SMS-EMOA,P3,102,{},10000,100,99,200,6,0.0,2.4948228947020716,0.3063118471426604,0.1338,ok,
A,33,SMS-EMOA,P3,103,{},10000,100,99,200,6,0.0,2.468286225023199,0.11341915619633673,0.1381,ok,
A,33,SMS-EMOA,P3,104,{},10000,100,99,200,4,0.0,3.2245731404266214,0.7394968311523675,0.1277,ok,
A,33,SMS-EMOA,P3,105,{},10000,100,99,200,3,0.0,2.4260689300745657,0.4504735989322433,0.136,ok,
A,33,SMS-EMOA,P3,106,{},10000,100,99,200,8,0.0,2.7325211395073667,0.10325139221289169,0.1456,ok,
A,33,SMS-EMOA,P3,107,{},10000,100,99,200,9,0.0,2.6116441558464185,0.3060561920020877,0.1356,ok,
A,33,SMS-EMOA,P3,108,{},10000,100,99,200,14,0.0,2.2378613589280003,0.1640371952037218,0.1315,ok,
A,33,SMS-EMOA,P3,109,{},10000,100,99,200,8,0.0,2.671098808607517,0.1872668627484056,0.1411,ok,
A,33,SMS-EMOA,P3,110,{},10000,100,99,200,7,0.0,2.23243351292265,0.25217572349688794,0.1295,ok,
A,33,SMS-EMOA,P14,101,{},10000,100,99,200,29,0.6238697331494012,0.042762907844445155,0.03149468833774618,0.095,ok,
A,33,SMS-EMOA,P14,102,{},10000,100,99,200,31,0.6361171043622312,0.03746361134138894,0.024431134230978164,0.0947,ok,
A,33,SMS-EMOA,P14,103,{},10000,100,99,200,25,0.6442773765034912,0.03470672524499386,0.02821797429517923,0.0913,ok,
A,33,SMS-EMOA,P14,104,{},10000,100,99,200,26,0.6203961079123888,0.04789386110938,0.032040874711271046,0.0953,ok,
A,33,SMS-EMOA,P14,105,{},10000,100,99,200,20,0.6434151432454333,0.03518483601875151,0.034299951160327344,0.1006,ok,
A,33,SMS-EMOA,P14,106,{},10000,100,99,200,24,0.6200763684332471,0.049127504667944605,0.03426499051747947,0.0967,ok,
A,33,SMS-EMOA,P14,107,{},10000,100,99,200,34,0.6202379483376762,0.04644870277316409,0.018289326110411862,0.0993,ok,
A,33,SMS-EMOA,P14,108,{},10000,100,99,200,32,0.620283209715528,0.04799932878716365,0.019324299618245288,0.0942,ok,
A,33,SMS-EMOA,P14,109,{},10000,100,99,200,23,0.6458554560933878,0.03320381950234386,0.02755299622798541,0.0959,ok,
A,33,SMS-EMOA,P14,110,{},10000,100,99,200,28,0.6432637260693427,0.035897950890842446,0.031406612298272886,0.0983,ok,
A,34,HypE,P10_M5,101,{},10000,210,46,9870,86,0.07609659750000003,0.7073518347828651,0.16373125401780655,91.2878,ok,
A,34,HypE,P10_M5,102,{},10000,210,46,9870,39,0.12632035185000007,0.7027651741267229,0.012031803002445104,89.933,ok,
A,34,HypE,P10_M5,103,{},10000,210,46,9870,117,0.15207240675000008,0.6366476584223812,0.020574452039018077,105.0059,ok,
A,5,Value Function,P4,101,"{""best_f"": [0.0211, -0.1245]}",10000,,,1000,1,0.6096342708494866,0.4659830416609696,0.0,0.0356,ok,
A,5,Value Function,P4,102,"{""best_f"": [0.0214, -0.1249]}",10000,,,1000,1,0.6128282207490511,0.47028742515805744,0.0,0.0291,ok,
A,5,Value Function,P4,103,"{""best_f"": [0.0197, -0.1232]}",10000,,,1000,1,0.5979552309338751,0.44989950639471893,0.0,0.03,ok,
A,5,Value Function,P4,104,"{""best_f"": [0.0194, -0.1227]}",10000,,,1000,1,0.5921931284309481,0.4444854184298741,0.0,0.031,ok,
A,5,Value Function,P4,105,"{""best_f"": [0.0221, -0.1254]}",10000,,,1000,1,0.616307183770782,0.47773406791113704,0.0,0.0295,ok,
A,5,Value Function,P4,106,"{""best_f"": [0.0228, -0.1261]}",10000,,,1000,1,0.6217459210954627,0.48638879868240603,0.0,0.0301,ok,
A,5,Value Function,P4,107,"{""best_f"": [0.021, -0.1243]}",10000,,,1000,1,0.6079531811661136,0.4642168164847439,0.0,0.0304,ok,
A,5,Value Function,P4,108,"{""best_f"": [0.0216, -0.1251]}",10000,,,1000,1,0.6150496884707339,0.47341994935097803,0.0,0.0301,ok,
A,5,Value Function,P4,109,"{""best_f"": [0.0185, -0.1217]}",10000,,,1000,1,0.5826832697583609,0.43355628237592697,0.0,0.0355,ok,
A,5,Value Function,P4,110,"{""best_f"": [0.0206, -0.1239]}",10000,,,1000,1,0.6043386076034127,0.45935167546158995,0.0,0.0345,ok,
A,5,Value Function,P14,101,"{""best_f"": [2.1373, -20.1194]}",10000,,,1000,1,0.09575803528863895,0.7095672688357176,0.0,0.0103,ok,
A,5,Value Function,P14,102,"{""best_f"": [2.1324, -20.1315]}",10000,,,1000,1,0.10481843981934484,0.7042602550698887,0.0,0.0098,ok,
A,5,Value Function,P14,103,"{""best_f"": [2.1137, -19.9028]}",10000,,,1000,1,0.13630421661669603,0.6687813071015205,0.0,0.0101,ok,
A,5,Value Function,P14,104,"{""best_f"": [2.133, -19.8944]}",10000,,,1000,1,0.10169138248633966,0.6914333812291501,0.0,0.0109,ok,
A,5,Value Function,P14,105,"{""best_f"": [2.1341, -19.9623]}",10000,,,1000,1,0.10024785210621029,0.6966010275354786,0.0,0.0105,ok,
A,5,Value Function,P14,106,"{""best_f"": [2.1491, -19.8578]}",10000,,,1000,1,0.07278093037036203,0.7099694456799582,0.0,0.0094,ok,
A,5,Value Function,P14,107,"{""best_f"": [2.1317, -19.9313]}",10000,,,1000,1,0.10443386206732408,0.6917853365867548,0.0,0.0111,ok,
A,5,Value Function,P14,108,"{""best_f"": [2.129, -20.1778]}",10000,,,1000,1,0.11148802650660608,0.7029570181387812,0.0,0.0103,ok,
A,5,Value Function,P14,109,"{""best_f"": [2.112, -19.8843]}",10000,,,1000,1,0.13901628935826557,0.6658701850663878,0.0,0.0097,ok,
A,5,Value Function,P14,110,"{""best_f"": [2.1345, -20.1088]}",10000,,,1000,1,0.10077009567114585,0.7054985153878587,0.0,0.0096,ok,
A,6,Goal Programming,P11,101,"{""best_f"": [-2400.0, -500.0]}",10000,,,0,1,1.2100000000000002,0.0,0.0,0.4295,ok,
A,6,Goal Programming,P11,102,"{""best_f"": [-2400.0, -500.0]}",10000,,,0,1,1.2100000000000002,0.0,0.0,0.0034,ok,
A,6,Goal Programming,P11,103,"{""best_f"": [-2400.0, -500.0]}",10000,,,0,1,1.2100000000000002,0.0,0.0,0.004,ok,
A,6,Goal Programming,P11,104,"{""best_f"": [-2400.0, -500.0]}",10000,,,0,1,1.2100000000000002,0.0,0.0,0.0032,ok,
A,6,Goal Programming,P11,105,"{""best_f"": [-2400.0, -500.0]}",10000,,,0,1,1.2100000000000002,0.0,0.0,0.0031,ok,
A,6,Goal Programming,P11,106,"{""best_f"": [-2400.0, -500.0]}",10000,,,0,1,1.2100000000000002,0.0,0.0,0.0031,ok,
A,6,Goal Programming,P11,107,"{""best_f"": [-2400.0, -500.0]}",10000,,,0,1,1.2100000000000002,0.0,0.0,0.0027,ok,
A,6,Goal Programming,P11,108,"{""best_f"": [-2400.0, -500.0]}",10000,,,0,1,1.2100000000000002,0.0,0.0,0.0029,ok,
A,6,Goal Programming,P11,109,"{""best_f"": [-2400.0, -500.0]}",10000,,,0,1,1.2100000000000002,0.0,0.0,0.0027,ok,
A,6,Goal Programming,P11,110,"{""best_f"": [-2400.0, -500.0]}",10000,,,0,1,1.2100000000000002,0.0,0.0,0.0027,ok,
A,6,Goal Programming,P7,101,"{""best_f"": [-10.5791, -91.5331]}",10000,,,1000,1,0.15956638937504716,0.6302653963167332,0.0,0.0169,ok,
A,6,Goal Programming,P7,102,"{""best_f"": [-8.4955, -94.3343]}",10000,,,1000,1,0.11880335987675056,0.6841363821834666,0.0,0.0163,ok,
A,6,Goal Programming,P7,103,"{""best_f"": [-8.2343, -94.8556]}",10000,,,1000,1,0.11370167860482652,0.692777905686954,0.0,0.0163,ok,
A,6,Goal Programming,P7,104,"{""best_f"": [-11.738, -89.807]}",10000,,,1000,1,0.18036322638831911,0.6010559919815609,0.0,0.0175,ok,
A,6,Goal Programming,P7,105,"{""best_f"": [-8.159, -94.453]}",10000,,,1000,1,0.11142372924206834,0.6902624857156432,0.0,0.0165,ok,
A,6,Goal Programming,P7,106,"{""best_f"": [-8.6968, -94.6363]}",10000,,,1000,1,0.12380048679929136,0.683928406039977,0.0,0.0161,ok,
A,6,Goal Programming,P7,107,"{""best_f"": [-8.6718, -92.5582]}",10000,,,1000,1,0.11994641901521201,0.6662768311583323,0.0,0.0161,ok,
A,6,Goal Programming,P7,108,"{""best_f"": [-10.4023, -91.1201]}",10000,,,1000,1,0.15488282770735123,0.6293555238949106,0.0,0.0162,ok,
A,6,Goal Programming,P7,109,"{""best_f"": [-9.2371, -93.1594]}",10000,,,1000,1,0.13338786053046386,0.6628750183504334,0.0,0.0159,ok,
A,6,Goal Programming,P7,110,"{""best_f"": [-8.3562, -94.2369]}",10000,,,1000,1,0.11553275956658701,0.685352999038821,0.0,0.0165,ok,
A,7,Lexicographic,P11,101,"{""best_f"": [-2400.0, -500.0]}",10000,,,0,1,1.2100000000000002,0.0,0.0,0.0055,ok,
A,7,Lexicographic,P11,102,"{""best_f"": [-2400.0, -500.0]}",10000,,,0,1,1.2100000000000002,0.0,0.0,0.0044,ok,
A,7,Lexicographic,P11,103,"{""best_f"": [-2400.0, -500.0]}",10000,,,0,1,1.2100000000000002,0.0,0.0,0.006,ok,
A,7,Lexicographic,P11,104,"{""best_f"": [-2400.0, -500.0]}",10000,,,0,1,1.2100000000000002,0.0,0.0,0.0047,ok,
A,7,Lexicographic,P11,105,"{""best_f"": [-2400.0, -500.0]}",10000,,,0,1,1.2100000000000002,0.0,0.0,0.0056,ok,
A,7,Lexicographic,P11,106,"{""best_f"": [-2400.0, -500.0]}",10000,,,0,1,1.2100000000000002,0.0,0.0,0.0047,ok,
A,7,Lexicographic,P11,107,"{""best_f"": [-2400.0, -500.0]}",10000,,,0,1,1.2100000000000002,0.0,0.0,0.0047,ok,
A,7,Lexicographic,P11,108,"{""best_f"": [-2400.0, -500.0]}",10000,,,0,1,1.2100000000000002,0.0,0.0,0.0047,ok,
A,7,Lexicographic,P11,109,"{""best_f"": [-2400.0, -500.0]}",10000,,,0,1,1.2100000000000002,0.0,0.0,0.0044,ok,
A,7,Lexicographic,P11,110,"{""best_f"": [-2400.0, -500.0]}",10000,,,0,1,1.2100000000000002,0.0,0.0,0.0054,ok,
A,7,Lexicographic,P7,101,"{""best_f"": [-54.5488, -24.0671]}",10000,,,1000,1,0.10797436387790348,0.6864878030619046,0.0,0.0064,ok,
A,7,Lexicographic,P7,102,"{""best_f"": [-54.7718, -24.6144]}",10000,,,1000,1,0.11660954521257054,0.6838451775290392,0.0,0.0065,ok,
A,7,Lexicographic,P7,103,"{""best_f"": [-54.848, -24.8211]}",10000,,,1000,1,0.11987072324288497,0.6828044923163198,0.0,0.0063,ok,
A,7,Lexicographic,P7,104,"{""best_f"": [-53.3607, -27.9017]}",10000,,,1000,1,0.16113029220066205,0.6342707324000788,0.0,0.0066,ok,
A,7,Lexicographic,P7,105,"{""best_f"": [-53.3357, -25.8296]}",10000,,,1000,1,0.13099055900664316,0.6535251705972945,0.0,0.0063,ok,
A,7,Lexicographic,P7,106,"{""best_f"": [-51.7444, -27.8503]}",10000,,,1000,1,0.15521718841048715,0.6156299920926264,0.0,0.0069,ok,
A,7,Lexicographic,P7,107,"{""best_f"": [-54.7491, -25.7331]}",10000,,,1000,1,0.13324535879278185,0.6726257914787109,0.0,0.0062,ok,
A,7,Lexicographic,P7,108,"{""best_f"": [-52.3453, -25.3252]}",10000,,,1000,1,0.1212306682052146,0.6473293890459682,0.0,0.0087,ok,
A,7,Lexicographic,P7,109,"{""best_f"": [-55.2235, -24.6511]}",10000,,,1000,1,0.1181835432998329,0.6896186805915065,0.0,0.007,ok,
A,7,Lexicographic,P7,110,"{""best_f"": [-54.2872, -25.4407]}",10000,,,1000,1,0.12772839795475688,0.6692689197201865,0.0,0.0064,ok,
A,8,TOPSIS,P12,101,"{""top3"": [""S3"", ""S1"", ""S5""], ""top3_shifted"": [""S3"", ""S5"", ""S1""], ""rank1_flipped"": false, ""C_top"": 0.6298}",10000,,,0,3,0.6298,,0.1009,0.0016,ok,
A,8,TOPSIS,P12,102,"{""top3"": [""S3"", ""S1"", ""S5""], ""top3_shifted"": [""S3"", ""S5"", ""S1""], ""rank1_flipped"": false, ""C_top"": 0.6298}",10000,,,0,3,0.6298,,0.1009,0.0007,ok,
A,8,TOPSIS,P12,103,"{""top3"": [""S3"", ""S1"", ""S5""], ""top3_shifted"": [""S3"", ""S5"", ""S1""], ""rank1_flipped"": false, ""C_top"": 0.6298}",10000,,,0,3,0.6298,,0.1009,0.001,ok,
A,8,TOPSIS,P12,104,"{""top3"": [""S3"", ""S1"", ""S5""], ""top3_shifted"": [""S3"", ""S5"", ""S1""], ""rank1_flipped"": false, ""C_top"": 0.6298}",10000,,,0,3,0.6298,,0.1009,0.0005,ok,
A,8,TOPSIS,P12,105,"{""top3"": [""S3"", ""S1"", ""S5""], ""top3_shifted"": [""S3"", ""S5"", ""S1""], ""rank1_flipped"": false, ""C_top"": 0.6298}",10000,,,0,3,0.6298,,0.1009,0.0007,ok,
A,8,TOPSIS,P12,106,"{""top3"": [""S3"", ""S1"", ""S5""], ""top3_shifted"": [""S3"", ""S5"", ""S1""], ""rank1_flipped"": false, ""C_top"": 0.6298}",10000,,,0,3,0.6298,,0.1009,0.001,ok,
A,8,TOPSIS,P12,107,"{""top3"": [""S3"", ""S1"", ""S5""], ""top3_shifted"": [""S3"", ""S5"", ""S1""], ""rank1_flipped"": false, ""C_top"": 0.6298}",10000,,,0,3,0.6298,,0.1009,0.0007,ok,
A,8,TOPSIS,P12,108,"{""top3"": [""S3"", ""S1"", ""S5""], ""top3_shifted"": [""S3"", ""S5"", ""S1""], ""rank1_flipped"": false, ""C_top"": 0.6298}",10000,,,0,3,0.6298,,0.1009,0.0008,ok,
A,8,TOPSIS,P12,109,"{""top3"": [""S3"", ""S1"", ""S5""], ""top3_shifted"": [""S3"", ""S5"", ""S1""], ""rank1_flipped"": false, ""C_top"": 0.6298}",10000,,,0,3,0.6298,,0.1009,0.0008,ok,
A,8,TOPSIS,P12,110,"{""top3"": [""S3"", ""S1"", ""S5""], ""top3_shifted"": [""S3"", ""S5"", ""S1""], ""rank1_flipped"": false, ""C_top"": 0.6298}",10000,,,0,3,0.6298,,0.1009,0.0008,ok,
A,9,VIKOR,P12,101,"{""top3"": [""S1"", ""S2"", ""S5""], ""compromise_set"": [""S1"", ""S2""], ""top3_shifted"": [""S1"", ""S3"", ""S5""], ""rank1_flipped"": false, ""Q_top"": 0.0932}",10000,,,0,3,0.9068,,0.3004,0.001,ok,
A,9,VIKOR,P12,102,"{""top3"": [""S1"", ""S2"", ""S5""], ""compromise_set"": [""S1"", ""S2""], ""top3_shifted"": [""S1"", ""S3"", ""S5""], ""rank1_flipped"": false, ""Q_top"": 0.0932}",10000,,,0,3,0.9068,,0.3004,0.0012,ok,
A,9,VIKOR,P12,103,"{""top3"": [""S1"", ""S2"", ""S5""], ""compromise_set"": [""S1"", ""S2""], ""top3_shifted"": [""S1"", ""S3"", ""S5""], ""rank1_flipped"": false, ""Q_top"": 0.0932}",10000,,,0,3,0.9068,,0.3004,0.001,ok,
A,9,VIKOR,P12,104,"{""top3"": [""S1"", ""S2"", ""S5""], ""compromise_set"": [""S1"", ""S2""], ""top3_shifted"": [""S1"", ""S3"", ""S5""], ""rank1_flipped"": false, ""Q_top"": 0.0932}",10000,,,0,3,0.9068,,0.3004,0.001,ok,
A,9,VIKOR,P12,105,"{""top3"": [""S1"", ""S2"", ""S5""], ""compromise_set"": [""S1"", ""S2""], ""top3_shifted"": [""S1"", ""S3"", ""S5""], ""rank1_flipped"": false, ""Q_top"": 0.0932}",10000,,,0,3,0.9068,,0.3004,0.0015,ok,
A,9,VIKOR,P12,106,"{""top3"": [""S1"", ""S2"", ""S5""], ""compromise_set"": [""S1"", ""S2""], ""top3_shifted"": [""S1"", ""S3"", ""S5""], ""rank1_flipped"": false, ""Q_top"": 0.0932}",10000,,,0,3,0.9068,,0.3004,0.001,ok,
A,9,VIKOR,P12,107,"{""top3"": [""S1"", ""S2"", ""S5""], ""compromise_set"": [""S1"", ""S2""], ""top3_shifted"": [""S1"", ""S3"", ""S5""], ""rank1_flipped"": false, ""Q_top"": 0.0932}",10000,,,0,3,0.9068,,0.3004,0.0013,ok,
A,9,VIKOR,P12,108,"{""top3"": [""S1"", ""S2"", ""S5""], ""compromise_set"": [""S1"", ""S2""], ""top3_shifted"": [""S1"", ""S3"", ""S5""], ""rank1_flipped"": false, ""Q_top"": 0.0932}",10000,,,0,3,0.9068,,0.3004,0.0011,ok,
A,9,VIKOR,P12,109,"{""top3"": [""S1"", ""S2"", ""S5""], ""compromise_set"": [""S1"", ""S2""], ""top3_shifted"": [""S1"", ""S3"", ""S5""], ""rank1_flipped"": false, ""Q_top"": 0.0932}",10000,,,0,3,0.9068,,0.3004,0.0016,ok,
A,9,VIKOR,P12,110,"{""top3"": [""S1"", ""S2"", ""S5""], ""compromise_set"": [""S1"", ""S2""], ""top3_shifted"": [""S1"", ""S3"", ""S5""], ""rank1_flipped"": false, ""Q_top"": 0.0932}",10000,,,0,3,0.9068,,0.3004,0.0017,ok,
A,34,HypE,P10_M5,104,{},10000,210,46,9870,66,0.1769628388000001,0.7192513007980467,0.18566077429382688,106.4926,ok,
A,34,HypE,P10_M5,105,{},10000,210,46,9870,84,0.14140277800000006,0.7073499301435745,0.007228072197903609,97.7797,ok,
A,34,HypE,P10_M5,106,{},10000,210,46,9870,115,0.3365563272500002,0.6354021361823898,0.012114297013942794,86.962,ok,
A,34,HypE,P10_M5,107,{},10000,210,46,9870,95,0.14202282435000008,0.7086263473850453,0.006997746417406023,86.6803,ok,
A,34,HypE,P10_M5,108,{},10000,210,46,9870,74,0.1754972747000001,0.7002360033284544,0.011790086762972215,137.9076,ok,
A,34,HypE,P10_M5,109,{},10000,210,46,9870,112,0.17187362720000007,0.8072968786534271,0.0014011352913238292,120.3265,ok,
A,34,HypE,P10_M5,110,{},10000,210,46,9870,78,0.06178410391835415,0.8255434011694097,0.005280338653528314,129.1747,ok,
A,35,R-NSGA-II,P5,101,{},10000,100,99,10000,43,1.1670889111310423,0.06868483420341087,0.10257021169848819,0.7285,ok,
A,35,R-NSGA-II,P5,102,{},10000,100,99,10000,32,1.1724186564103343,0.0648807593362876,0.10901585148231085,0.7107,ok,
A,35,R-NSGA-II,P5,103,{},10000,100,99,10000,40,1.1538933950131935,0.0966437014331316,0.048932827534507284,0.7394,ok,
A,35,R-NSGA-II,P5,104,{},10000,100,99,10000,10,1.1548683101210393,0.09040552109148323,0.08494331417243868,0.74,ok,
A,35,R-NSGA-II,P5,105,{},10000,100,99,10000,65,1.1723257387448787,0.0749917995667926,0.04276343762671492,0.7068,ok,
A,35,R-NSGA-II,P5,106,{},10000,100,99,10000,44,1.1596954831595978,0.09540686316946642,0.18510157994215704,0.8049,ok,
A,35,R-NSGA-II,P5,107,{},10000,100,99,10000,46,1.1673779060427485,0.08537326614604217,0.10947899770358745,0.8739,ok,
A,35,R-NSGA-II,P5,108,{},10000,100,99,10000,43,1.1547584182791657,0.08533345203630546,0.169219805401528,0.7711,ok,
A,35,R-NSGA-II,P5,109,{},10000,100,99,10000,47,1.1691040030248883,0.09047729404328564,0.11273939465272102,0.7415,ok,
A,35,R-NSGA-II,P5,110,{},10000,100,99,10000,34,1.145051216458438,0.12115522295934168,0.09483285255211797,0.7242,ok,
A,35,R-NSGA-II,P14,101,{},10000,100,99,10000,9,0.5331700880278156,0.10754412475888896,0.08224444218427619,0.9547,ok,
A,35,R-NSGA-II,P14,102,{},10000,100,99,10000,13,0.5394149221783141,0.10629907750932772,0.12332994853953991,0.9942,ok,
A,35,R-NSGA-II,P14,103,{},10000,100,99,10000,7,0.544681676991577,0.098727468195433,0.021236037265767397,1.2006,ok,
A,35,R-NSGA-II,P14,104,{},10000,100,99,10000,6,0.4862405950533175,0.12643252393668378,0.007191983607344681,0.9072,ok,
A,35,R-NSGA-II,P14,105,{},10000,100,99,10000,6,0.5358764538505152,0.10287855914226342,0.013826797229101294,0.9685,ok,
A,35,R-NSGA-II,P14,106,{},10000,100,99,10000,7,0.516621333190756,0.10777555687975005,0.033460736794790426,0.9306,ok,
A,35,R-NSGA-II,P14,107,{},10000,100,99,10000,7,0.47235724417878117,0.12484975868673974,0.07532212511175458,0.9925,ok,
A,35,R-NSGA-II,P14,108,{},10000,100,99,10000,6,0.5041282406317338,0.11917234269147221,0.0443805692830572,1.0648,ok,
A,35,R-NSGA-II,P14,109,{},10000,100,99,10000,6,0.5282817100218214,0.11039532208014796,0.04881337860010294,0.9071,ok,
A,35,R-NSGA-II,P14,110,{},10000,100,99,10000,6,0.5303354435447313,0.10941963044164849,0.016454642478056898,0.9975,ok,
A,36,MGDA,P13,101,"{""steps"": 62, ""final_loss"": [0.5, 60.5]}",10000,,,62,1,0.2838908179008819,0.6278014363642102,0.0,0.0036,ok,
A,36,MGDA,P13,102,"{""steps"": 62, ""final_loss"": [0.5, 60.5]}",10000,,,62,1,0.2838908179008819,0.6278014363642102,0.0,0.0043,ok,
A,36,MGDA,P13,103,"{""steps"": 62, ""final_loss"": [0.5, 60.5]}",10000,,,62,1,0.2838908179008819,0.6278014363642102,0.0,0.0046,ok,
A,36,MGDA,P13,104,"{""steps"": 62, ""final_loss"": [0.5, 60.5]}",10000,,,62,1,0.2838908179008819,0.6278014363642102,0.0,0.0041,ok,
A,36,MGDA,P13,105,"{""steps"": 62, ""final_loss"": [0.5, 60.5]}",10000,,,62,1,0.2838908179008819,0.6278014363642102,0.0,0.004,ok,
A,36,MGDA,P13,106,"{""steps"": 62, ""final_loss"": [0.5, 60.5]}",10000,,,62,1,0.2838908179008819,0.6278014363642102,0.0,0.0045,ok,
A,36,MGDA,P13,107,"{""steps"": 62, ""final_loss"": [0.5, 60.5]}",10000,,,62,1,0.2838908179008819,0.6278014363642102,0.0,0.0041,ok,
A,36,MGDA,P13,108,"{""steps"": 62, ""final_loss"": [0.5, 60.5]}",10000,,,62,1,0.2838908179008819,0.6278014363642102,0.0,0.0045,ok,
A,36,MGDA,P13,109,"{""steps"": 62, ""final_loss"": [0.5, 60.5]}",10000,,,62,1,0.2838908179008819,0.6278014363642102,0.0,0.0039,ok,
A,36,MGDA,P13,110,"{""steps"": 62, ""final_loss"": [0.5, 60.5]}",10000,,,62,1,0.2838908179008819,0.6278014363642102,0.0,0.004,ok,
A,37,GradNorm,P13,101,"{""steps"": 101, ""final_loss"": [6.0499, 36.3216], ""final_weights"": [1.246, 0.754]}",10000,,,101,43,0.6223847428745347,0.3990282118650072,0.002584715297760368,0.0084,ok,
A,37,GradNorm,P13,102,"{""steps"": 101, ""final_loss"": [6.0499, 36.3216], ""final_weights"": [1.246, 0.754]}",10000,,,101,43,0.6223847428745347,0.3990282118650072,0.002584715297760368,0.009,ok,
A,37,GradNorm,P13,103,"{""steps"": 101, ""final_loss"": [6.0499, 36.3216], ""final_weights"": [1.246, 0.754]}",10000,,,101,43,0.6223847428745347,0.3990282118650072,0.002584715297760368,0.0091,ok,
A,37,GradNorm,P13,104,"{""steps"": 101, ""final_loss"": [6.0499, 36.3216], ""final_weights"": [1.246, 0.754]}",10000,,,101,43,0.6223847428745347,0.3990282118650072,0.002584715297760368,0.0085,ok,
A,37,GradNorm,P13,105,"{""steps"": 101, ""final_loss"": [6.0499, 36.3216], ""final_weights"": [1.246, 0.754]}",10000,,,101,43,0.6223847428745347,0.3990282118650072,0.002584715297760368,0.0085,ok,
A,37,GradNorm,P13,106,"{""steps"": 101, ""final_loss"": [6.0499, 36.3216], ""final_weights"": [1.246, 0.754]}",10000,,,101,43,0.6223847428745347,0.3990282118650072,0.002584715297760368,0.0089,ok,
A,37,GradNorm,P13,107,"{""steps"": 101, ""final_loss"": [6.0499, 36.3216], ""final_weights"": [1.246, 0.754]}",10000,,,101,43,0.6223847428745347,0.3990282118650072,0.002584715297760368,0.0084,ok,
A,37,GradNorm,P13,108,"{""steps"": 101, ""final_loss"": [6.0499, 36.3216], ""final_weights"": [1.246, 0.754]}",10000,,,101,43,0.6223847428745347,0.3990282118650072,0.002584715297760368,0.0092,ok,
A,37,GradNorm,P13,109,"{""steps"": 101, ""final_loss"": [6.0499, 36.3216], ""final_weights"": [1.246, 0.754]}",10000,,,101,43,0.6223847428745347,0.3990282118650072,0.002584715297760368,0.0153,ok,
A,37,GradNorm,P13,110,"{""steps"": 101, ""final_loss"": [6.0499, 36.3216], ""final_weights"": [1.246, 0.754]}",10000,,,101,43,0.6223847428745347,0.3990282118650072,0.002584715297760368,0.0158,ok,
C,17,PESA-II,P3,101,"{""n_divs"": 4}",10000,100,99,10000,100,0.5270168161953219,0.009376717182339081,0.026560550403461836,0.8783,ok,
C,17,PESA-II,P3,102,"{""n_divs"": 4}",10000,100,99,10000,100,0.5077212203221817,0.015981983716295146,0.012628748039753173,0.8337,ok,
C,17,PESA-II,P3,103,"{""n_divs"": 4}",10000,100,99,10000,100,0.5249195898182121,0.015136987933117232,0.013589730905781012,0.8183,ok,
C,17,PESA-II,P3,104,"{""n_divs"": 4}",10000,100,99,10000,100,0.5172137095181781,0.027818102055651075,0.00837054471321404,0.7499,ok,
C,17,PESA-II,P3,105,"{""n_divs"": 4}",10000,100,99,10000,100,0.5196322584895635,0.020489864191979207,0.005398114708245769,0.7801,ok,
C,17,PESA-II,P3,106,"{""n_divs"": 4}",10000,100,99,10000,100,0.5120833791768284,0.019067422222790186,0.0061557716911101856,0.7288,ok,
C,17,PESA-II,P3,107,"{""n_divs"": 4}",10000,100,99,10000,100,0.4801732481166913,0.033098528378449295,0.005753347646559137,0.7277,ok,
C,17,PESA-II,P3,108,"{""n_divs"": 4}",10000,100,99,10000,100,0.5169456486849711,0.017535725285014608,0.014552048918488034,0.8078,ok,
C,17,PESA-II,P3,109,"{""n_divs"": 4}",10000,100,99,10000,100,0.5207750644573764,0.011075334072617021,0.006465727851951268,0.7256,ok,
C,17,PESA-II,P3,110,"{""n_divs"": 4}",10000,100,99,10000,100,0.5188210645392952,0.013595551433644456,0.010029971309191803,0.698,ok,
C,17,PESA-II,P3,101,"{""n_divs"": 8}",10000,100,99,10000,100,0.526249844183015,0.010289407999797136,0.006633657735354298,0.7834,ok,
C,17,PESA-II,P3,102,"{""n_divs"": 8}",10000,100,99,10000,100,0.5269933650214778,0.010519078841569595,0.00836371988503573,0.8122,ok,
C,17,PESA-II,P3,103,"{""n_divs"": 8}",10000,100,99,10000,100,0.5226988075605986,0.010248610407770479,0.007681158027228382,0.8306,ok,
C,17,PESA-II,P3,104,"{""n_divs"": 8}",10000,100,99,10000,100,0.5269230195581002,0.009607900383839286,0.008691064964268842,0.6994,ok,
C,17,PESA-II,P3,105,"{""n_divs"": 8}",10000,100,99,10000,100,0.5276782365054696,0.007868624387793776,0.006657072144855269,0.7983,ok,
C,17,PESA-II,P3,106,"{""n_divs"": 8}",10000,100,99,10000,100,0.5281857755566691,0.008952946158210962,0.008437794573375007,0.6809,ok,
C,17,PESA-II,P3,107,"{""n_divs"": 8}",10000,100,99,10000,100,0.5194388856508302,0.015285982570309869,0.006763247508096326,0.7314,ok,
C,17,PESA-II,P3,108,"{""n_divs"": 8}",10000,100,99,10000,100,0.5301783303033875,0.009368909713618383,0.011705957688245398,0.7265,ok,
C,17,PESA-II,P3,109,"{""n_divs"": 8}",10000,100,99,10000,100,0.528073701860794,0.011892943872285915,0.007756301337726724,0.7449,ok,
C,17,PESA-II,P3,110,"{""n_divs"": 8}",10000,100,99,10000,100,0.5271340160084302,0.009595195384644921,0.009353420488549804,0.735,ok,
C,17,PESA-II,P3,101,"{""n_divs"": 16}",10000,100,99,10000,100,0.5316465928963797,0.00900229699756474,0.0073461893225974725,0.7873,ok,
C,17,PESA-II,P3,102,"{""n_divs"": 16}",10000,100,99,10000,100,0.5319434127982522,0.009329116051267426,0.005857156863972889,0.7954,ok,
C,17,PESA-II,P3,103,"{""n_divs"": 16}",10000,100,99,10000,100,0.5326488736014146,0.008656875173508109,0.008509960117119124,0.9505,ok,
C,17,PESA-II,P3,104,"{""n_divs"": 16}",10000,100,99,10000,100,0.528127148602283,0.009981880974965919,0.0064923489644750365,0.7567,ok,
C,17,PESA-II,P3,105,"{""n_divs"": 16}",10000,100,99,10000,100,0.5247662866411735,0.01011760753144799,0.007891700301660124,0.8237,ok,
C,17,PESA-II,P3,106,"{""n_divs"": 16}",10000,100,99,10000,100,0.5318329515069841,0.00873430993772174,0.006722929964162807,0.8115,ok,
C,17,PESA-II,P3,107,"{""n_divs"": 16}",10000,100,99,10000,100,0.5327856845641986,0.008743641028546243,0.008319821136062147,0.9003,ok,
C,17,PESA-II,P3,108,"{""n_divs"": 16}",10000,100,99,10000,100,0.5302806281062697,0.009400245662733524,0.008467826703759493,0.8458,ok,
C,17,PESA-II,P3,109,"{""n_divs"": 16}",10000,100,99,10000,100,0.5307465607467335,0.008287386411002774,0.008249556519536362,1.1724,ok,
C,17,PESA-II,P3,110,"{""n_divs"": 16}",10000,100,99,10000,100,0.5226945308490856,0.010483673416126169,0.006714455015229325,1.5284,ok,
C,17,PESA-II,P5,101,"{""n_divs"": 4}",10000,100,99,10000,100,1.1920387622788369,0.01526856666233174,0.011171812723366106,1.7976,ok,
C,17,PESA-II,P5,102,"{""n_divs"": 4}",10000,100,99,10000,100,1.1914128874756236,0.016162416358082573,0.011332500970160914,2.0296,ok,
C,17,PESA-II,P5,103,"{""n_divs"": 4}",10000,100,99,10000,100,1.1921210660983468,0.015707146680210567,0.007407803027078994,1.8122,ok,
C,17,PESA-II,P5,104,"{""n_divs"": 4}",10000,100,99,10000,100,1.1927986722451782,0.012849982629034492,0.013460751790131526,1.6638,ok,
C,17,PESA-II,P5,105,"{""n_divs"": 4}",10000,100,99,10000,100,1.1906677323436798,0.014137157455287706,0.007376940046228174,1.5897,ok,
C,17,PESA-II,P5,106,"{""n_divs"": 4}",10000,100,99,10000,100,1.1839738458416473,0.024715612921524167,0.01387762625269899,1.2357,ok,
C,17,PESA-II,P5,107,"{""n_divs"": 4}",10000,100,99,10000,100,1.1902076935493315,0.014025785155796304,0.013500989324859328,1.15,ok,
C,17,PESA-II,P5,108,"{""n_divs"": 4}",10000,100,99,10000,100,1.193582629251769,0.011061332526766233,0.00986830242052082,1.1349,ok,
C,17,PESA-II,P5,109,"{""n_divs"": 4}",10000,100,99,10000,100,1.1934263131644498,0.01444020386503725,0.009939620830431196,1.2413,ok,
C,17,PESA-II,P5,110,"{""n_divs"": 4}",10000,100,99,10000,100,1.191090094538005,0.01476281805463001,0.014926908687732396,1.2075,ok,
C,17,PESA-II,P5,101,"{""n_divs"": 8}",10000,100,99,10000,100,1.192670434494953,0.011851318780152503,0.009921277662582929,1.1609,ok,
C,17,PESA-II,P5,102,"{""n_divs"": 8}",10000,100,99,10000,100,1.1943082105305203,0.008364704723191386,0.009653364645431482,1.1614,ok,
C,17,PESA-II,P5,103,"{""n_divs"": 8}",10000,100,99,10000,100,1.193622709919587,0.010376922782166415,0.009157314429818781,1.1728,ok,
C,17,PESA-II,P5,104,"{""n_divs"": 8}",10000,100,99,10000,100,1.1916759399698453,0.015061634158460529,0.010447079447158001,1.2137,ok,
C,17,PESA-II,P5,105,"{""n_divs"": 8}",10000,100,99,10000,100,1.1933215795109515,0.012856574499789669,0.008896536713987121,1.1777,ok,
C,17,PESA-II,P5,106,"{""n_divs"": 8}",10000,100,99,10000,100,1.1940713377549268,0.01049451404809284,0.0077746212851868435,1.162,ok,
C,17,PESA-II,P5,107,"{""n_divs"": 8}",10000,100,99,10000,100,1.1943536694561203,0.010097525614764057,0.007175266025403843,1.1597,ok,
C,17,PESA-II,P5,108,"{""n_divs"": 8}",10000,100,99,10000,100,1.193750949740539,0.011752441274016064,0.010220724025022823,1.1923,ok,
C,17,PESA-II,P5,109,"{""n_divs"": 8}",10000,100,99,10000,100,1.1931305343381988,0.01320867709842024,0.007494972524515401,1.2096,ok,
C,17,PESA-II,P5,110,"{""n_divs"": 8}",10000,100,99,10000,100,1.1923628255474792,0.011708041978438836,0.00815378985437231,1.1776,ok,
C,17,PESA-II,P5,101,"{""n_divs"": 16}",10000,100,99,10000,100,1.1947998772613988,0.007391086342464348,0.009227462411843829,1.1907,ok,
C,17,PESA-II,P5,102,"{""n_divs"": 16}",10000,100,99,10000,100,1.1945775033999524,0.008161575848552715,0.007443104252848603,1.1716,ok,
C,17,PESA-II,P5,103,"{""n_divs"": 16}",10000,100,99,10000,100,1.1946560037222262,0.008257307538196201,0.009102282251029768,1.3425,ok,
C,17,PESA-II,P5,104,"{""n_divs"": 16}",10000,100,99,10000,100,1.1946144636139953,0.008540644613120233,0.007782340970104181,1.1895,ok,
C,17,PESA-II,P5,105,"{""n_divs"": 16}",10000,100,99,10000,100,1.194817389259633,0.007478615554182261,0.00865395799417729,1.2308,ok,
C,17,PESA-II,P5,106,"{""n_divs"": 16}",10000,100,99,10000,100,1.1943182060249058,0.009417395568893077,0.008115976665202886,1.2149,ok,
C,17,PESA-II,P5,107,"{""n_divs"": 16}",10000,100,99,10000,100,1.1946893417999451,0.007953157046661496,0.007698325775188111,1.3464,ok,
C,17,PESA-II,P5,108,"{""n_divs"": 16}",10000,100,99,10000,100,1.194894102039123,0.0074907154182870285,0.008298427609391057,1.2261,ok,
C,17,PESA-II,P5,109,"{""n_divs"": 16}",10000,100,99,10000,100,1.1947531267624902,0.007850223200860904,0.007953682986047131,1.2219,ok,
C,17,PESA-II,P5,110,"{""n_divs"": 16}",10000,100,99,10000,100,1.1947079107841327,0.00856211347247824,0.00817369614157745,1.2101,ok,
C,29,MOBA,P3,101,"{""alpha"": 0.7}",10000,100,99,4000,3,0.11000153968114063,0.6086301735453323,0.00011899685092940544,0.7189,ok,
C,29,MOBA,P3,102,"{""alpha"": 0.7}",10000,100,99,4000,100,0.5362027758846344,0.005013324929907907,0.0034315941950182455,2.3462,ok,
C,29,MOBA,P3,103,"{""alpha"": 0.7}",10000,100,99,4000,1,0.11000000000000011,0.6096713449171537,0.0,0.4846,ok,
C,29,MOBA,P3,104,"{""alpha"": 0.7}",10000,100,99,4000,100,0.5325383422857807,0.00719513878766763,0.004118961657532004,2.4231,ok,
C,29,MOBA,P3,105,"{""alpha"": 0.7}",10000,100,99,4000,1,0.11000000000000011,0.6096713449171537,0.0,0.4999,ok,
C,29,MOBA,P3,106,"{""alpha"": 0.7}",10000,100,99,4000,100,0.5331081325724151,0.006738833765701537,0.0034380515342411445,2.1891,ok,
C,29,MOBA,P3,107,"{""alpha"": 0.7}",10000,100,99,4000,100,0.5366559494803632,0.004862647209393478,0.0032159186382302806,2.4328,ok,
C,29,MOBA,P3,108,"{""alpha"": 0.7}",10000,100,99,4000,100,0.5335073165514739,0.0071008507448188,0.003272130335675171,2.27,ok,
C,29,MOBA,P3,109,"{""alpha"": 0.7}",10000,100,99,4000,100,0.530887435469134,0.008508288908821654,0.006389777279019354,1.983,ok,
C,29,MOBA,P3,110,"{""alpha"": 0.7}",10000,100,99,4000,100,0.5328935529958538,0.007238231932499904,0.0035594365564697375,2.3381,ok,
C,29,MOBA,P3,101,"{""alpha"": 0.9}",10000,100,99,4000,100,0.5382483760479181,0.0041330605751500596,0.002703242877343608,1.6109,ok,
C,29,MOBA,P3,102,"{""alpha"": 0.9}",10000,100,99,4000,100,0.5378107509968041,0.004315816894112864,0.003103791216670648,1.2488,ok,
C,29,MOBA,P3,103,"{""alpha"": 0.9}",10000,100,99,4000,1,0.11000000000000011,0.6096713449171537,0.0,0.5099,ok,
C,29,MOBA,P3,104,"{""alpha"": 0.9}",10000,100,99,4000,100,0.5384592542682579,0.003916764129718179,0.002414478384993167,2.3438,ok,
C,29,MOBA,P3,105,"{""alpha"": 0.9}",10000,100,99,4000,1,0.11000000000000011,0.6096713449171537,0.0,0.4488,ok,
C,29,MOBA,P3,106,"{""alpha"": 0.9}",10000,100,99,4000,100,0.5386633955573418,0.003848000498558104,0.0022868735313957248,2.3503,ok,
C,29,MOBA,P3,107,"{""alpha"": 0.9}",10000,100,99,4000,100,0.5385929179398996,0.003913461028305807,0.002632935473327957,2.3665,ok,
C,29,MOBA,P3,108,"{""alpha"": 0.9}",10000,100,99,4000,100,0.0,1.0231091645264003,0.003199937785959093,2.1951,ok,
C,29,MOBA,P3,109,"{""alpha"": 0.9}",10000,100,99,4000,100,0.5385102807105979,0.003949373571728367,0.0031254630740362574,2.4574,ok,
C,29,MOBA,P3,110,"{""alpha"": 0.9}",10000,100,99,4000,100,0.5385171861405268,0.003916507851732904,0.0023753037691801376,2.2577,ok,
C,29,MOBA,P3,101,"{""alpha"": 0.99}",10000,100,99,4000,100,0.5387247740042306,0.0038045032026464325,0.0020852412849011554,2.3233,ok,
C,29,MOBA,P3,102,"{""alpha"": 0.99}",10000,100,99,4000,100,0.5386926712040736,0.003799505867209978,0.0017934608661257193,2.006,ok,
C,29,MOBA,P3,103,"{""alpha"": 0.99}",10000,100,99,4000,27,0.16418159947394897,0.40787997493516615,0.013976304101571939,0.6501,ok,
C,29,MOBA,P3,104,"{""alpha"": 0.99}",10000,100,99,4000,100,0.5387476333501048,0.0038084729032366784,0.0019767581398376496,2.6139,ok,
C,29,MOBA,P3,105,"{""alpha"": 0.99}",10000,100,99,4000,100,0.5386996271103398,0.0037464930355727657,0.0015623393607242207,2.2465,ok,
C,29,MOBA,P3,106,"{""alpha"": 0.99}",10000,100,99,4000,100,0.5387579029390923,0.0038254769663699914,0.001977293632228994,2.5923,ok,
C,29,MOBA,P3,107,"{""alpha"": 0.99}",10000,100,99,4000,100,0.5387391097773431,0.003786858586504887,0.001662665593330916,2.7793,ok,
C,29,MOBA,P3,108,"{""alpha"": 0.99}",10000,100,99,4000,100,0.5386942305582537,0.003810354392730525,0.002200960798701299,2.494,ok,
C,29,MOBA,P3,109,"{""alpha"": 0.99}",10000,100,99,4000,100,0.5387374471738221,0.003840697072390041,0.0018862959314772934,3.2224,ok,
C,29,MOBA,P3,110,"{""alpha"": 0.99}",10000,100,99,4000,100,0.5387270110723054,0.0037841054753513723,0.0015775700538730312,4.2161,ok,
C,29,MOBA,P4,101,"{""alpha"": 0.7}",10000,100,99,4000,100,0.9674360532635028,0.005892681708795225,0.0031558969182666945,2.6936,ok,
C,29,MOBA,P4,102,"{""alpha"": 0.7}",10000,100,99,4000,100,0.9677673186880612,0.004802429113030169,0.0028576621781917994,2.6461,ok,
C,29,MOBA,P4,103,"{""alpha"": 0.7}",10000,100,99,4000,100,0.9674937756985137,0.008742108587250878,0.0034843992797291374,2.7936,ok,
C,29,MOBA,P4,104,"{""alpha"": 0.7}",10000,100,99,4000,100,0.9677817676702767,0.01577662821948183,0.0034771239016760523,2.7762,ok,
C,29,MOBA,P4,105,"{""alpha"": 0.7}",10000,100,99,4000,100,0.9675821946568653,0.0043722160349409815,0.0025406835033507076,2.8606,ok,
C,29,MOBA,P4,106,"{""alpha"": 0.7}",10000,100,99,4000,100,0.9675060741982102,0.007154181413051186,0.003331278171895695,2.8327,ok,
C,29,MOBA,P4,107,"{""alpha"": 0.7}",10000,100,99,4000,100,0.9675648532777834,0.004940867378005807,0.0033928964152980605,2.7931,ok,
C,29,MOBA,P4,108,"{""alpha"": 0.7}",10000,100,99,4000,100,0.9682303611811491,0.00819659144909897,0.0026091966782525247,2.9732,ok,
C,29,MOBA,P4,109,"{""alpha"": 0.7}",10000,100,99,4000,100,0.9679314157230241,0.0040185275133416505,0.0033401035959058135,2.8264,ok,
C,29,MOBA,P4,110,"{""alpha"": 0.7}",10000,100,99,4000,100,0.9677175902031325,0.004679581155025359,0.0032077787314969395,3.0595,ok,
C,29,MOBA,P4,101,"{""alpha"": 0.9}",10000,100,99,4000,100,0.96854709677979,0.0042970977268892725,0.0023588569733029694,2.8496,ok,
C,29,MOBA,P4,102,"{""alpha"": 0.9}",10000,100,99,4000,100,0.9684306318828096,0.004150631637757783,0.0029612542259569658,2.8678,ok,
C,29,MOBA,P4,103,"{""alpha"": 0.9}",10000,100,99,4000,100,0.9682561312383624,0.005468073685195579,0.0024483939429312176,2.9675,ok,
C,29,MOBA,P4,104,"{""alpha"": 0.9}",10000,100,99,4000,100,0.9685430959242062,0.006788962707491879,0.0023311067175354892,2.8001,ok,
C,29,MOBA,P4,105,"{""alpha"": 0.9}",10000,100,99,4000,100,0.968204397863624,0.004034744039918536,0.0020739716131722985,2.9403,ok,
C,29,MOBA,P4,106,"{""alpha"": 0.9}",10000,100,99,4000,100,0.9687657860382753,0.004276748320756016,0.0033724238299195435,2.7914,ok,
C,29,MOBA,P4,107,"{""alpha"": 0.9}",10000,100,99,4000,100,0.9684364034318923,0.005165421931502521,0.0027553963603144244,3.0964,ok,
C,29,MOBA,P4,108,"{""alpha"": 0.9}",10000,100,99,4000,100,0.9686116761160327,0.003772445783859566,0.0022933050548059057,2.8827,ok,
C,29,MOBA,P4,109,"{""alpha"": 0.9}",10000,100,99,4000,100,0.9688995288081438,0.0039073166063950835,0.002616168733399115,2.9453,ok,
C,29,MOBA,P4,110,"{""alpha"": 0.9}",10000,100,99,4000,100,0.9686029673128813,0.004847964045142684,0.003244946226835227,2.8375,ok,
C,29,MOBA,P4,101,"{""alpha"": 0.99}",10000,100,99,4000,100,0.9689508233156747,0.004180981696653914,0.002363317995734736,2.7518,ok,
C,29,MOBA,P4,102,"{""alpha"": 0.99}",10000,100,99,4000,100,0.9688666940145422,0.004989589469560295,0.0018650153293186607,2.9904,ok,
C,29,MOBA,P4,103,"{""alpha"": 0.99}",10000,100,99,4000,100,0.9687408599281364,0.005072867240867156,0.00243586714206262,2.7372,ok,
C,29,MOBA,P4,104,"{""alpha"": 0.99}",10000,100,99,4000,100,0.9689935286901936,0.0038887156047988564,0.0022669327802050387,2.8686,ok,
C,29,MOBA,P4,105,"{""alpha"": 0.99}",10000,100,99,4000,100,0.9690064336875033,0.005504593959709197,0.002194886163188826,2.7437,ok,
C,29,MOBA,P4,106,"{""alpha"": 0.99}",10000,100,99,4000,100,0.9690361555601236,0.004642033225764299,0.002158310352725394,2.8967,ok,
C,29,MOBA,P4,107,"{""alpha"": 0.99}",10000,100,99,4000,100,0.9688799141474614,0.004517338047554707,0.0021440875904651427,2.7492,ok,
C,29,MOBA,P4,108,"{""alpha"": 0.99}",10000,100,99,4000,100,0.9690305967848872,0.0044017634864508175,0.002219679510611167,3.0287,ok,
C,29,MOBA,P4,109,"{""alpha"": 0.99}",10000,100,99,4000,100,0.9691701105075087,0.0036638955824443062,0.0022285438580833122,2.8611,ok,
C,29,MOBA,P4,110,"{""alpha"": 0.99}",10000,100,99,4000,100,0.968944194460246,0.0052003786970583115,0.0021830229861551794,2.931,ok,
C,4,Weight Metric,P1,101,"{""p"": 1}",10000,,,11000,11,1.0064366584548976,0.04063662728719534,0.01892854647391992,0.145,ok,
C,4,Weight Metric,P1,102,"{""p"": 1}",10000,,,11000,11,1.006514017822928,0.04071841078717365,0.020404128558532835,0.1433,ok,
C,4,Weight Metric,P1,103,"{""p"": 1}",10000,,,11000,11,1.0065204983420293,0.04020084190353641,0.017399017501002118,0.1416,ok,
C,4,Weight Metric,P1,104,"{""p"": 1}",10000,,,11000,11,1.0065574134252826,0.04008368606147133,0.01987981593043666,0.1402,ok,
C,4,Weight Metric,P1,105,"{""p"": 1}",10000,,,11000,11,1.0065129189869761,0.04044353107994772,0.018795022841228956,0.1377,ok,
C,4,Weight Metric,P1,106,"{""p"": 1}",10000,,,11000,11,1.0064912791019707,0.040512159002003174,0.018989252869962375,0.1379,ok,
C,4,Weight Metric,P1,107,"{""p"": 1}",10000,,,11000,11,1.0064490311069625,0.0405372703583589,0.020170928059854182,0.1371,ok,
C,4,Weight Metric,P1,108,"{""p"": 1}",10000,,,11000,11,1.0065222537218619,0.040419819485464845,0.018352966966403973,0.1395,ok,
C,4,Weight Metric,P1,109,"{""p"": 1}",10000,,,11000,11,1.0064555985052213,0.040527229171030785,0.01879470639674742,0.1374,ok,
C,4,Weight Metric,P1,110,"{""p"": 1}",10000,,,11000,11,1.0065251715897814,0.04053746907948792,0.0196106290798341,0.1405,ok,
C,4,Weight Metric,P1,101,"{""p"": 2}",10000,,,11000,11,0.9539615542750001,0.09726018264771423,0.20153440872674516,0.1541,ok,
C,4,Weight Metric,P1,102,"{""p"": 2}",10000,,,11000,11,0.9551801016510753,0.09642400602595347,0.2001993670739399,0.1932,ok,
C,4,Weight Metric,P1,103,"{""p"": 2}",10000,,,11000,11,0.9551121998776321,0.09574898395486924,0.19951317726453188,0.1767,ok,
C,4,Weight Metric,P1,104,"{""p"": 2}",10000,,,11000,11,0.9563574123280775,0.09453736830219896,0.1977894613756213,0.1679,ok,
C,4,Weight Metric,P1,105,"{""p"": 2}",10000,,,11000,11,0.9557239020954907,0.09565754093721515,0.199152648082213,0.2057,ok,
C,4,Weight Metric,P1,106,"{""p"": 2}",10000,,,11000,11,0.9556711573488189,0.09580359742233346,0.19926454575125746,0.1847,ok,
C,4,Weight Metric,P1,107,"{""p"": 2}",10000,,,11000,11,0.9553333868413231,0.09604679717653213,0.2002476341351424,0.1682,ok,
C,4,Weight Metric,P1,108,"{""p"": 2}",10000,,,11000,11,0.9555558342019974,0.0957566562201519,0.1993680238738959,0.16,ok,
C,4,Weight Metric,P1,109,"{""p"": 2}",10000,,,11000,11,0.9553289583007342,0.09606359765655142,0.20035185652978918,0.1631,ok,
C,4,Weight Metric,P1,110,"{""p"": 2}",10000,,,11000,11,0.9547695277651316,0.09644663812187232,0.2006038867829897,0.1543,ok,
C,4,Weight Metric,P1,101,"{""p"": Infinity}",10000,,,11000,11,0.9904646055716166,0.06711117765751905,0.1433796286958108,0.1361,ok,
C,4,Weight Metric,P1,102,"{""p"": Infinity}",10000,,,11000,11,0.990095633222983,0.06751836538233058,0.14439130577288256,0.1389,ok,
C,4,Weight Metric,P1,103,"{""p"": Infinity}",10000,,,11000,11,0.9911861815927859,0.06588552445202206,0.14124130248049144,0.1324,ok,
C,4,Weight Metric,P1,104,"{""p"": Infinity}",10000,,,11000,11,0.9909814729160398,0.06580322111168654,0.14251672270636015,0.1354,ok,
C,4,Weight Metric,P1,105,"{""p"": Infinity}",10000,,,11000,11,0.9909963866249261,0.06632728555923256,0.1422038426895962,0.1351,ok,
C,4,Weight Metric,P1,106,"{""p"": Infinity}",10000,,,11000,11,0.9912826550596899,0.06613383428585724,0.14131703797819875,0.1347,ok,
C,4,Weight Metric,P1,107,"{""p"": Infinity}",10000,,,11000,11,0.990625794496961,0.06680002794859034,0.14277047094648898,0.1376,ok,
C,4,Weight Metric,P1,108,"{""p"": Infinity}",10000,,,11000,11,0.9908891357594765,0.06642890898163997,0.14225307094116968,0.1336,ok,
C,4,Weight Metric,P1,109,"{""p"": Infinity}",10000,,,11000,11,0.9904704668773502,0.06695731768309163,0.1432615621950221,0.1346,ok,
C,4,Weight Metric,P1,110,"{""p"": Infinity}",10000,,,11000,11,0.990743304518087,0.06666304095495175,0.1426077275842419,0.1344,ok,
C,4,Weight Metric,P3,101,"{""p"": 1}",10000,,,11000,4,0.0,2.382743663566435,0.7308617078318206,0.1603,ok,
C,4,Weight Metric,P3,102,"{""p"": 1}",10000,,,11000,5,0.0,2.1624558759042682,0.30971204269415586,0.1609,ok,
C,4,Weight Metric,P3,103,"{""p"": 1}",10000,,,11000,3,0.0,1.42592615350325,1.481883164090012,0.1621,ok,
C,4,Weight Metric,P3,104,"{""p"": 1}",10000,,,11000,3,0.0,2.2040409025701617,0.03030883019725381,0.1651,ok,
C,4,Weight Metric,P3,105,"{""p"": 1}",10000,,,11000,4,0.0,2.5625867423105615,1.2683265556795682,0.1641,ok,
C,4,Weight Metric,P3,106,"{""p"": 1}",10000,,,11000,5,0.0,1.6883585919153838,0.6183547966708578,0.1624,ok,
C,4,Weight Metric,P3,107,"{""p"": 1}",10000,,,11000,3,0.0,2.1562843402546097,1.7270028909492146,0.1602,ok,
C,4,Weight Metric,P3,108,"{""p"": 1}",10000,,,11000,3,0.0,1.8704284036309566,0.7869306176606498,0.1574,ok,
C,4,Weight Metric,P3,109,"{""p"": 1}",10000,,,11000,3,0.0,1.7510463721647824,0.29788498174969047,0.1568,ok,
C,4,Weight Metric,P3,110,"{""p"": 1}",10000,,,11000,5,0.0,1.768060357812283,0.7216327942830418,0.1595,ok,
C,4,Weight Metric,P3,101,"{""p"": 2}",10000,,,11000,3,0.0,2.382743663566435,0.9074141343011668,0.1714,ok,
C,4,Weight Metric,P3,102,"{""p"": 2}",10000,,,11000,2,0.0,2.1624558759042682,0.0,0.1735,ok,
C,4,Weight Metric,P3,103,"{""p"": 2}",10000,,,11000,2,0.0,1.42592615350325,0.0,0.1727,ok,
C,4,Weight Metric,P3,104,"{""p"": 2}",10000,,,11000,4,0.0,2.1997851219031017,0.33524042084313393,0.1828,ok,
C,4,Weight Metric,P3,105,"{""p"": 2}",10000,,,11000,4,0.0,2.561673855227043,1.3290899655021422,0.1743,ok,
C,4,Weight Metric,P3,106,"{""p"": 2}",10000,,,11000,3,0.0,1.6883585919153838,1.6664473826301696,0.1739,ok,
C,4,Weight Metric,P3,107,"{""p"": 2}",10000,,,11000,2,0.0,2.1562843402546097,0.0,0.1744,ok,
C,4,Weight Metric,P3,108,"{""p"": 2}",10000,,,11000,2,0.0,1.8704284036309566,0.0,0.1728,ok,
C,4,Weight Metric,P3,109,"{""p"": 2}",10000,,,11000,2,0.0,1.7510463721647824,0.0,0.1715,ok,
C,4,Weight Metric,P3,110,"{""p"": 2}",10000,,,11000,3,0.0,1.768060357812283,1.08751893876176,0.1722,ok,
C,4,Weight Metric,P3,101,"{""p"": Infinity}",10000,,,11000,3,0.0,2.382743663566435,0.9074141343011668,0.16,ok,
C,4,Weight Metric,P3,102,"{""p"": Infinity}",10000,,,11000,3,0.0,2.1624558759042682,0.9510922694040219,0.1593,ok,
C,4,Weight Metric,P3,103,"{""p"": Infinity}",10000,,,11000,2,0.0,1.42592615350325,0.0,0.1572,ok,
C,4,Weight Metric,P3,104,"{""p"": Infinity}",10000,,,11000,3,0.0,2.1997865952031805,0.12781976345163587,0.159,ok,
C,4,Weight Metric,P3,105,"{""p"": Infinity}",10000,,,11000,4,0.0,2.561673855227043,1.3290899655021422,0.1566,ok,
C,4,Weight Metric,P3,106,"{""p"": Infinity}",10000,,,11000,4,0.0,1.6883585919153838,1.2616496254264042,0.1555,ok,
C,4,Weight Metric,P3,107,"{""p"": Infinity}",10000,,,11000,2,0.0,2.1562843402546097,0.0,0.1566,ok,
C,4,Weight Metric,P3,108,"{""p"": Infinity}",10000,,,11000,2,0.0,1.8704284036309566,0.0,0.1556,ok,
C,4,Weight Metric,P3,109,"{""p"": Infinity}",10000,,,11000,2,0.0,1.7510463721647824,0.0,0.1611,ok,
C,4,Weight Metric,P3,110,"{""p"": Infinity}",10000,,,11000,3,0.0,1.768060357812283,1.08751893876176,0.1601,ok,
D1,1,Weighted Sum,P3,101,{},10000,,,11000,3,0.0,1.5855622893654184,0.25341842293243283,0.2802,ok,
D1,1,Weighted Sum,P3,102,{},10000,,,11000,4,0.0,2.066151843094075,0.8325480910106903,0.2737,ok,
D1,1,Weighted Sum,P3,103,{},10000,,,11000,4,0.0,2.428512285941027,0.607807582544675,0.2661,ok,
D1,1,Weighted Sum,P3,104,{},10000,,,11000,4,0.0,1.7382683819649105,0.7447537349473333,0.2681,ok,
D1,1,Weighted Sum,P3,105,{},10000,,,11000,4,0.0,1.7553527394371882,0.28817467531111624,0.27,ok,
D1,1,Weighted Sum,P3,106,{},10000,,,11000,3,0.0,2.1062711249396213,0.5832912217895246,0.27,ok,
D1,1,Weighted Sum,P3,107,{},10000,,,11000,5,0.0,2.1731096224703625,0.40295115668328224,0.2633,ok,
D1,1,Weighted Sum,P3,108,{},10000,,,11000,4,0.0,2.1242078070862536,0.7568573531488205,0.2666,ok,
D1,1,Weighted Sum,P3,109,{},10000,,,11000,4,0.0,2.162421750180268,0.5135054251336877,0.2701,ok,
D1,1,Weighted Sum,P3,110,{},10000,,,11000,4,0.0,1.9466911609142143,1.3140877481044164,0.2624,ok,
D1,2,Epsilon-Constraint,P3,101,{},10000,,,12000,1,0.0,2.382743663566435,0.0,0.1667,ok,
D1,2,Epsilon-Constraint,P3,102,{},10000,,,12000,1,0.0,2.1624558759042682,0.0,0.2324,ok,
D1,2,Epsilon-Constraint,P3,103,{},10000,,,12000,1,0.0,1.42592615350325,0.0,0.1684,ok,
D1,2,Epsilon-Constraint,P3,104,{},10000,,,12000,1,0.0,2.2192262674714627,0.0,0.1678,ok,
D1,2,Epsilon-Constraint,P3,105,{},10000,,,12000,1,0.0,2.5625867423105615,0.0,0.1672,ok,
D1,2,Epsilon-Constraint,P3,106,{},10000,,,12000,1,0.0,1.6883585919153838,0.0,0.1657,ok,
D1,2,Epsilon-Constraint,P3,107,{},10000,,,12000,1,0.0,2.1562843402546097,0.0,0.1678,ok,
D1,2,Epsilon-Constraint,P3,108,{},10000,,,12000,1,0.0,1.8704284036309566,0.0,0.1649,ok,
D1,2,Epsilon-Constraint,P3,109,{},10000,,,12000,1,0.0,1.7510463721647824,0.0,0.1659,ok,
D1,2,Epsilon-Constraint,P3,110,{},10000,,,12000,1,0.0,1.768060357812283,0.0,0.1683,ok,
D1,2,Epsilon-Constraint,P5,101,{},10000,,,11000,9,1.1709272213829827,0.14638474247377176,0.09763117082098983,0.1458,ok,
D1,2,Epsilon-Constraint,P5,102,{},10000,,,11000,8,1.1640137923870095,0.14711455789856928,0.10826599696406437,0.1455,ok,
D1,2,Epsilon-Constraint,P5,103,{},10000,,,11000,6,1.1805330807818435,0.14376483001125556,0.09867919902575516,0.1452,ok,
D1,2,Epsilon-Constraint,P5,104,{},10000,,,11000,8,1.1684042781049673,0.14214244331240383,0.09900763653269082,0.1439,ok,
D1,2,Epsilon-Constraint,P5,105,{},10000,,,11000,8,1.1606808139407216,0.14452936824549606,0.09616503011779495,0.1458,ok,
D1,2,Epsilon-Constraint,P5,106,{},10000,,,11000,8,1.1675410523277676,0.14452729086087948,0.088048961676212,0.1452,ok,
D1,2,Epsilon-Constraint,P5,107,{},10000,,,11000,7,1.1664050057200945,0.16343653540184147,0.09803119740277626,0.149,ok,
D1,2,Epsilon-Constraint,P5,108,{},10000,,,11000,6,1.1613670798427378,0.15842671849749349,0.11269449631932524,0.1448,ok,
D1,2,Epsilon-Constraint,P5,109,{},10000,,,11000,9,1.157172130536034,0.1449350199148915,0.12620191384868962,0.1441,ok,
D1,2,Epsilon-Constraint,P5,110,{},10000,,,11000,7,1.1659295782654846,0.1465490639604499,0.1211028511289595,0.1453,ok,
D1,4,Weight Metric,P3,101,{},10000,,,11000,3,0.0,2.382743663566435,0.9074141343011668,0.1564,ok,
D1,4,Weight Metric,P3,102,{},10000,,,11000,3,0.0,2.1624558759042682,0.9510922694040219,0.1499,ok,
D1,4,Weight Metric,P3,103,{},10000,,,11000,2,0.0,1.42592615350325,0.0,0.1527,ok,
D1,4,Weight Metric,P3,104,{},10000,,,11000,3,0.0,2.1997865952031805,0.12781976345163587,0.1503,ok,
D1,4,Weight Metric,P3,105,{},10000,,,11000,4,0.0,2.561673855227043,1.3290899655021422,0.1498,ok,
D1,4,Weight Metric,P3,106,{},10000,,,11000,4,0.0,1.6883585919153838,1.2616496254264042,0.151,ok,
D1,4,Weight Metric,P3,107,{},10000,,,11000,2,0.0,2.1562843402546097,0.0,0.1511,ok,
D1,4,Weight Metric,P3,108,{},10000,,,11000,2,0.0,1.8704284036309566,0.0,0.1486,ok,
D1,4,Weight Metric,P3,109,{},10000,,,11000,2,0.0,1.7510463721647824,0.0,0.1478,ok,
D1,4,Weight Metric,P3,110,{},10000,,,11000,3,0.0,1.768060357812283,1.08751893876176,0.1502,ok,
D1,10,VEGA,P3,101,{},10000,100,99,10000,1,0.0,1.245376133321031,0.0,0.3642,ok,
D1,10,VEGA,P3,102,{},10000,100,99,10000,1,0.0,0.9925913327839397,0.0,0.3755,ok,
D1,10,VEGA,P3,103,{},10000,100,99,10000,2,0.1005554063947933,0.537018099916222,0.0,0.3734,ok,
D1,10,VEGA,P3,104,{},10000,100,99,10000,1,0.0,0.7029933868985002,0.0,0.3648,ok,
D1,10,VEGA,P3,105,{},10000,100,99,10000,2,0.06723839480007382,0.628714002622553,0.0,0.3705,ok,
D1,10,VEGA,P3,106,{},10000,100,99,10000,2,0.0,0.7975933229175713,0.0,0.3725,ok,
D1,10,VEGA,P3,107,{},10000,100,99,10000,1,0.0,0.6794108264339491,0.0,0.3653,ok,
D1,10,VEGA,P3,108,{},10000,100,99,10000,1,0.0,1.1006691329317273,0.0,0.3715,ok,
D1,10,VEGA,P3,109,{},10000,100,99,10000,1,0.0,1.2333994469576444,0.0,0.3675,ok,
D1,10,VEGA,P3,110,{},10000,100,99,10000,1,0.014602647225431187,0.6569634386990952,0.0,0.3683,ok,
D1,11,MOGA,P3,101,{},10000,100,99,10000,32,0.4890446963097233,0.03315344691353916,0.037306420445240684,0.3872,ok,
D1,11,MOGA,P3,102,{},10000,100,99,10000,38,0.4868661824097914,0.031489416759175215,0.027645775237292818,0.3837,ok,
D1,11,MOGA,P3,103,{},10000,100,99,10000,32,0.48435042450080656,0.03429318255070987,0.02974063520884261,0.3836,ok,
D1,11,MOGA,P3,104,{},10000,100,99,10000,38,0.47957331640329376,0.035796068208656606,0.025097824572869066,0.3823,ok,
D1,11,MOGA,P3,105,{},10000,100,99,10000,36,0.46453369447615317,0.04675015694642505,0.02274525003217498,0.3818,ok,
D1,11,MOGA,P3,106,{},10000,100,99,10000,37,0.4837746706544999,0.03190267037280607,0.02479208603090885,0.3863,ok,
D1,11,MOGA,P3,107,{},10000,100,99,10000,33,0.45316356827438714,0.054522068582184065,0.026939280896388505,0.3864,ok,
D1,11,MOGA,P3,108,{},10000,100,99,10000,41,0.5037103500333718,0.026273375311299627,0.014020348448993015,0.3867,ok,
D1,11,MOGA,P3,109,{},10000,100,99,10000,35,0.4706814302251802,0.0417683829945256,0.03903881857657879,0.3896,ok,
D1,11,MOGA,P3,110,{},10000,100,99,10000,31,0.4906530295230597,0.032553247132760116,0.02938087911225596,0.3873,ok,
D1,11,MOGA,P5,101,{},10000,100,99,10000,67,1.1911911765585355,0.017967489281797193,0.015321560199873989,0.3435,ok,
D1,11,MOGA,P5,102,{},10000,100,99,10000,59,1.1915985567984906,0.014530095723216988,0.015594649962377968,0.3427,ok,
D1,11,MOGA,P5,103,{},10000,100,99,10000,62,1.193052454775188,0.014461342411457167,0.02458263785792451,0.3465,ok,
D1,11,MOGA,P5,104,{},10000,100,99,10000,69,1.1915659941644403,0.01898953940957756,0.012018749971709857,0.343,ok,
D1,11,MOGA,P5,105,{},10000,100,99,10000,66,1.1924979591005045,0.015335256211252027,0.01726835182046817,0.3466,ok,
D1,11,MOGA,P5,106,{},10000,100,99,10000,60,1.1911193223181578,0.017132342051728408,0.016992098049526692,0.341,ok,
D1,11,MOGA,P5,107,{},10000,100,99,10000,68,1.192322278343136,0.018118013374654813,0.010669836891029521,0.3453,ok,
D1,11,MOGA,P5,108,{},10000,100,99,10000,64,1.188317500140788,0.02980283443066951,0.011730772975779555,0.3479,ok,
D1,11,MOGA,P5,109,{},10000,100,99,10000,63,1.1878660117071573,0.022414682082741604,0.013046987775063856,0.3489,ok,
D1,11,MOGA,P5,110,{},10000,100,99,10000,62,1.1918978619757215,0.017310373933099202,0.02365469683623122,0.3458,ok,
D1,12,NSGA,P5,101,{},10000,100,99,10000,62,1.1906368041127755,0.019685871570765918,0.021641275094226597,0.3689,ok,
D1,12,NSGA,P5,102,{},10000,100,99,10000,70,1.1918680113850777,0.01694777772138726,0.020459206645307555,0.3691,ok,
D1,12,NSGA,P5,103,{},10000,100,99,10000,67,1.1923975521434407,0.015585393457114799,0.022384140443416807,0.3718,ok,
D1,12,NSGA,P5,104,{},10000,100,99,10000,70,1.1927115573083769,0.014080012801924304,0.016894636257063163,0.3694,ok,
D1,12,NSGA,P5,105,{},10000,100,99,10000,73,1.18889587281677,0.01924996300706144,0.0169425671878913,0.3692,ok,
D1,12,NSGA,P5,106,{},10000,100,99,10000,59,1.191805091055749,0.01711571390748277,0.018033865536846015,0.3731,ok,
D1,12,NSGA,P5,107,{},10000,100,99,10000,72,1.1903602614940456,0.01679826095036122,0.01857349239888329,0.3646,ok,
D1,12,NSGA,P5,108,{},10000,100,99,10000,69,1.1940896792136473,0.012738865835432937,0.019957432541881877,0.3704,ok,
D1,12,NSGA,P5,109,{},10000,100,99,10000,59,1.1877570902596544,0.022326064052593898,0.019506453643147098,0.3766,ok,
D1,12,NSGA,P5,110,{},10000,100,99,10000,65,1.1919794793833047,0.016360346641611356,0.02244662921801185,0.3657,ok,
D1,13,NPGA,P3,101,{},10000,100,99,10000,6,0.11037463453505489,0.37101818330538566,0.3439571941933874,0.7814,ok,
D1,13,NPGA,P3,102,{},10000,100,99,10000,2,0.05965789176084556,0.42774367916240036,0.0,0.7217,ok,
D1,13,NPGA,P3,103,{},10000,100,99,10000,9,0.1723264123099106,0.3716511261675764,0.017706807972634905,0.6897,ok,
D1,13,NPGA,P3,104,{},10000,100,99,10000,7,0.2248785506713523,0.27920036402582366,0.07531981335569926,0.727,ok,
D1,13,NPGA,P3,105,{},10000,100,99,10000,9,0.2673962935667034,0.20428661615596785,0.026736608652700188,0.715,ok,
D1,13,NPGA,P3,106,{},10000,100,99,10000,12,0.24571281897286362,0.26926811166272785,0.02500372213524486,0.7224,ok,
D1,13,NPGA,P3,107,{},10000,100,99,10000,3,0.0947555456744551,0.5242106038231549,0.029240317614117033,0.7184,ok,
D1,13,NPGA,P3,108,{},10000,100,99,10000,10,0.05217680781503542,0.5599952772319597,0.154786093878015,0.8055,ok,
D1,13,NPGA,P3,109,{},10000,100,99,10000,9,0.06794414704118924,0.4239020193649673,0.26222552507779895,0.7999,ok,
D1,13,NPGA,P3,110,{},10000,100,99,10000,5,0.18994895712086626,0.24499860790595362,0.18061385481314218,0.7721,ok,
D1,13,NPGA,P5,101,{},10000,100,99,10000,44,1.1889574818789619,0.02269605008101268,0.027797258565336432,0.8129,ok,
D1,13,NPGA,P5,102,{},10000,100,99,10000,37,1.1806467737937043,0.030608895540116365,0.023070380311541863,0.7978,ok,
D1,13,NPGA,P5,103,{},10000,100,99,10000,41,1.1822797870893391,0.029031217136951774,0.024332858819983327,0.795,ok,
D1,13,NPGA,P5,104,{},10000,100,99,10000,43,1.1866164850179481,0.023358085499736454,0.033074198407957014,0.8018,ok,
D1,13,NPGA,P5,105,{},10000,100,99,10000,35,1.1869176695011974,0.02543050316468528,0.059907236653094685,0.8052,ok,
D1,13,NPGA,P5,106,{},10000,100,99,10000,40,1.1803267873908256,0.03120964444839938,0.03351591496174302,0.8113,ok,
D1,13,NPGA,P5,107,{},10000,100,99,10000,42,1.188561410377706,0.021770215087120057,0.05002105434198711,0.7988,ok,
D1,13,NPGA,P5,108,{},10000,100,99,10000,39,1.186533514223497,0.03307806757217518,0.026920454501354635,0.7996,ok,
D1,13,NPGA,P5,109,{},10000,100,99,10000,40,1.1869722467953465,0.032529336305597255,0.04438814918402449,0.8039,ok,
D1,13,NPGA,P5,110,{},10000,100,99,10000,39,1.185493646555551,0.029500095356047893,0.07223265732029122,0.8,ok,
D1,14,NSGA-II,P3,101,{},10000,100,99,10000,92,0.5362111761724805,0.0055213619218610985,0.00578712278431692,0.7085,ok,
D1,14,NSGA-II,P3,102,{},10000,100,99,10000,98,0.5371369094339503,0.004775550725970516,0.004738036822502878,0.7296,ok,
D1,14,NSGA-II,P3,103,{},10000,100,99,10000,94,0.342831477252588,0.16294665173210884,0.0024627820416750963,0.8602,ok,
D1,14,NSGA-II,P3,104,{},10000,100,99,10000,97,0.5368025836288669,0.004985900755071919,0.00549109890483831,0.7463,ok,
D1,14,NSGA-II,P3,105,{},10000,100,99,10000,95,0.5367555473217939,0.005004022634359158,0.0059438749084186684,0.8451,ok,
D1,14,NSGA-II,P3,106,{},10000,100,99,10000,94,0.5352262160060008,0.0056908281960669545,0.0063801756198128825,0.6822,ok,
D1,14,NSGA-II,P3,107,{},10000,100,99,10000,95,0.5353363722341828,0.005717885621552385,0.005822543903717829,0.7111,ok,
D1,14,NSGA-II,P3,108,{},10000,100,99,10000,95,0.5321637335027231,0.0059684554446140636,0.0053916233421907106,0.71,ok,
D1,14,NSGA-II,P3,109,{},10000,100,99,10000,95,0.5358774394206436,0.006708450667226252,0.009052018894764233,0.7612,ok,
D1,14,NSGA-II,P3,110,{},10000,100,99,10000,94,0.5364808741256042,0.0050903271577585636,0.005524125783781662,0.7089,ok,
D1,14,NSGA-II,P5,101,{},10000,100,99,10000,95,1.194865487564946,0.006581789188676803,0.008429740910526022,0.6315,ok,
D1,14,NSGA-II,P5,102,{},10000,100,99,10000,96,1.195155788969431,0.006336497068688933,0.007556950236038305,0.6378,ok,
D1,14,NSGA-II,P5,103,{},10000,100,99,10000,96,1.1952699361438532,0.006160808455470155,0.006433620489677888,0.6272,ok,
D1,14,NSGA-II,P5,104,{},10000,100,99,10000,92,1.1949793957600128,0.006650063277921375,0.006445348056575067,0.6239,ok,
D1,14,NSGA-II,P5,105,{},10000,100,99,10000,95,1.1950154498494086,0.006114875303268696,0.007987824183391418,0.6336,ok,
D1,14,NSGA-II,P5,106,{},10000,100,99,10000,95,1.1949705063822524,0.0060211910581060716,0.007035873683483061,0.6383,ok,
D1,14,NSGA-II,P5,107,{},10000,100,99,10000,97,1.1951802533449358,0.006152424244404817,0.00816888030144528,0.6207,ok,
D1,14,NSGA-II,P5,108,{},10000,100,99,10000,96,1.1951926319824233,0.006163811473053473,0.00646565056450047,0.753,ok,
D1,14,NSGA-II,P5,109,{},10000,100,99,10000,98,1.1952349643398625,0.00561577510485401,0.008440017218322106,0.634,ok,
D1,14,NSGA-II,P5,110,{},10000,100,99,10000,95,1.1950788870430318,0.005558995922534866,0.006712881986971476,0.6233,ok,
D1,16,SPEA2,P5,101,{},10000,100,99,10100,100,1.195122018056742,0.004849948857218666,0.009959893596776818,4.5139,ok,
D1,16,SPEA2,P5,102,{},10000,100,99,10100,100,1.1946091179003586,0.006204900610098492,0.016880514568370947,4.5186,ok,
D1,16,SPEA2,P5,103,{},10000,100,99,10100,100,1.1950694128306762,0.0049195838941615815,0.011106447977507344,4.6074,ok,
D1,16,SPEA2,P5,104,{},10000,100,99,10100,100,1.1950694443820267,0.004973707814776166,0.011378891759508215,4.4143,ok,
D1,16,SPEA2,P5,105,{},10000,100,99,10100,100,1.1948542960043067,0.005573600179600649,0.01591021191538491,4.4313,ok,
D1,16,SPEA2,P5,106,{},10000,100,99,10100,100,1.1948831333286798,0.005370410133423678,0.013314586250123528,4.2684,ok,
D1,16,SPEA2,P5,107,{},10000,100,99,10100,100,1.1949410874892399,0.005360838207415485,0.013159916559289888,4.6335,ok,
D1,16,SPEA2,P5,108,{},10000,100,99,10100,100,1.1947582796923593,0.005518884307478423,0.01310994598297689,4.503,ok,
D1,16,SPEA2,P5,109,{},10000,100,99,10100,100,1.1947191408727789,0.00594755684840759,0.018284566659091884,4.6228,ok,
D1,16,SPEA2,P5,110,{},10000,100,99,10100,100,1.1950756074634281,0.0051762734469688555,0.009149239028757918,4.6064,ok,
D1,17,PESA-II,P3,101,{},10000,100,99,10000,100,0.5292628531286409,0.010274172927567427,0.009496863462476208,0.7223,ok,
D1,17,PESA-II,P3,102,{},10000,100,99,10000,100,0.5294336043558056,0.008993526659503816,0.007424686394613708,0.9231,ok,
D1,17,PESA-II,P3,103,{},10000,100,99,10000,100,0.525394354002739,0.01045077468037183,0.006816656517353859,0.9102,ok,
D1,17,PESA-II,P3,104,{},10000,100,99,10000,100,0.5311561886049289,0.007650759282076353,0.0071727998132047706,0.7615,ok,
D1,17,PESA-II,P3,105,{},10000,100,99,10000,100,0.5283284322878365,0.010934152383027773,0.008182175670149191,0.8738,ok,
D1,17,PESA-II,P3,106,{},10000,100,99,10000,100,0.5329470310085229,0.007641828983819362,0.008821597488873397,0.7323,ok,
D1,17,PESA-II,P3,107,{},10000,100,99,10000,100,0.5263538307781744,0.008602670448302593,0.008243564832136296,0.7791,ok,
D1,17,PESA-II,P3,108,{},10000,100,99,10000,100,0.5262786240988891,0.012588879314323962,0.011050843886609957,0.7771,ok,
D1,17,PESA-II,P3,109,{},10000,100,99,10000,100,0.5306118876873772,0.0109631389310867,0.007198745908243326,0.8533,ok,
D1,17,PESA-II,P3,110,{},10000,100,99,10000,100,0.5289458222513,0.007809885503733557,0.007282295677643452,0.7971,ok,
D1,17,PESA-II,P5,101,{},10000,100,99,10000,100,1.193821525690179,0.009912652958566482,0.00870887618596311,1.307,ok,
D1,17,PESA-II,P5,102,{},10000,100,99,10000,100,1.1944578071240444,0.009287933324875892,0.008410749737118984,1.3037,ok,
D1,17,PESA-II,P5,103,{},10000,100,99,10000,100,1.1922183506469868,0.013797787246183106,0.009063610304852024,1.3597,ok,
D1,17,PESA-II,P5,104,{},10000,100,99,10000,100,1.19433412337312,0.009709599100232943,0.008763474751463813,1.2896,ok,
D1,17,PESA-II,P5,105,{},10000,100,99,10000,100,1.1947537362044078,0.007897599120853575,0.008592373529038272,1.3563,ok,
D1,17,PESA-II,P5,106,{},10000,100,99,10000,100,1.1942557148782822,0.009884075541084109,0.008651213864008736,1.3112,ok,
D1,17,PESA-II,P5,107,{},10000,100,99,10000,100,1.1942481802504046,0.011031299756311832,0.010022118082531749,1.2613,ok,
D1,17,PESA-II,P5,108,{},10000,100,99,10000,100,1.1938911874350284,0.009487561249100917,0.008338533083158803,1.3183,ok,
D1,17,PESA-II,P5,109,{},10000,100,99,10000,100,1.1939249665193636,0.010555111342058542,0.009124460453701841,1.4902,ok,
D1,17,PESA-II,P5,110,{},10000,100,99,10000,100,1.1944663857742734,0.009512295920429775,0.009777137550107503,1.3372,ok,
D1,18,MOEA/D,P3,101,{},10000,100,99,10000,100,0.5377886477937645,0.003973244269535405,0.003191760789005596,5.9806,ok,
D1,18,MOEA/D,P3,102,{},10000,100,99,10000,99,0.5378443084726253,0.0039936286132991545,0.002926485250479524,5.8542,ok,
D1,18,MOEA/D,P3,103,{},10000,100,99,10000,97,0.5346046484841107,0.005413745036156607,0.005250670384256313,6.0725,ok,
D1,18,MOEA/D,P3,104,{},10000,100,99,10000,100,0.5381146428751671,0.003891394728096986,0.0028721090641639834,5.9462,ok,
D1,18,MOEA/D,P3,105,{},10000,100,99,10000,100,0.5379584194739694,0.0039568515356688296,0.002677415495824168,5.842,ok,
D1,18,MOEA/D,P3,106,{},10000,100,99,10000,100,0.537806089952433,0.003994004318792342,0.0032740929996188392,5.8624,ok,
D1,18,MOEA/D,P3,107,{},10000,100,99,10000,100,0.5376379528597649,0.0040925430388211795,0.003819425010905536,5.9345,ok,
D1,18,MOEA/D,P3,108,{},10000,100,99,10000,100,0.5381555915024298,0.0038518487821618407,0.002513047344015784,5.9084,ok,
D1,18,MOEA/D,P3,109,{},10000,100,99,10000,100,0.5380499924357443,0.00393956490387396,0.0027689696524389852,6.0408,ok,
D1,18,MOEA/D,P3,110,{},10000,100,99,10000,100,0.5380730908449276,0.0038898207757882635,0.0027805668253443557,5.8679,ok,
D1,19,MOEA/D-DE,P3,101,{},10000,100,99,10000,100,0.538039674735046,0.0038459323943999413,0.0023972007917331,5.6795,ok,
D1,19,MOEA/D-DE,P3,102,{},10000,100,99,10000,100,0.5380182173278686,0.0038473886001181854,0.0025147937354580044,5.7349,ok,
D1,19,MOEA/D-DE,P3,103,{},10000,100,99,10000,100,0.5380259779232954,0.0038425253297683704,0.0024825839930734317,5.819,ok,
D1,19,MOEA/D-DE,P3,104,{},10000,100,99,10000,100,0.5380201481213127,0.0038558867484172338,0.002664330292354815,5.7181,ok,
D1,19,MOEA/D-DE,P3,105,{},10000,100,99,10000,100,0.5381362668782406,0.003825990752853731,0.0023984944918428275,5.7308,ok,
D1,19,MOEA/D-DE,P3,106,{},10000,100,99,10000,100,0.5383018596680993,0.003812746055096818,0.0024533866544813117,5.826,ok,
D1,19,MOEA/D-DE,P3,107,{},10000,100,99,10000,100,0.5381616888598424,0.003838715834919407,0.0025219519521282284,5.721,ok,
D1,19,MOEA/D-DE,P3,108,{},10000,100,99,10000,100,0.5376889320362587,0.003905549713040979,0.0027053471647528336,5.7279,ok,
D1,19,MOEA/D-DE,P3,109,{},10000,100,99,10000,100,0.5380497855324049,0.00384202555952322,0.0024650614188355875,5.7714,ok,
D1,19,MOEA/D-DE,P3,110,{},10000,100,99,10000,100,0.5381724736127074,0.0038212590882566655,0.0023913688521008565,6.0953,ok,
D1,19,MOEA/D-DE,P5,101,{},10000,100,99,10000,2,0.8142367367902208,0.31008413044282007,0.0,5.7717,ok,
D1,19,MOEA/D-DE,P5,102,{},10000,100,99,10000,2,0.8651859510325296,0.2980888526840937,0.0,5.9159,ok,
D1,19,MOEA/D-DE,P5,103,{},10000,100,99,10000,2,0.8432423619697882,0.30272223155501804,0.0,5.8269,ok,
D1,19,MOEA/D-DE,P5,104,{},10000,100,99,10000,2,0.6996071052273829,0.3478241417624105,0.0,5.7941,ok,
D1,19,MOEA/D-DE,P5,105,{},10000,100,99,10000,2,0.8279576695848249,0.3066415268836877,0.0,5.7487,ok,
D1,19,MOEA/D-DE,P5,106,{},10000,100,99,10000,2,0.6545114882911732,0.36644784344290904,0.0,5.7578,ok,
D1,19,MOEA/D-DE,P5,107,{},10000,100,99,10000,2,0.9113932886271692,0.28969308753630846,0.0,5.8323,ok,
D1,19,MOEA/D-DE,P5,108,{},10000,100,99,10000,2,0.6989240968086893,0.34810052639519373,0.0,5.7574,ok,
D1,19,MOEA/D-DE,P5,109,{},10000,100,99,10000,2,0.784593420870121,0.3184092955734065,0.0,6.0359,ok,
D1,19,MOEA/D-DE,P5,110,{},10000,100,99,10000,2,0.6381066222791929,0.3738768712716183,0.0,5.8455,ok,
D1,21,Constrained NSGA-II,P5,101,{},10000,100,99,10000,95,1.194865487564946,0.006581789188676803,0.008429740910526022,0.6015,ok,
D1,21,Constrained NSGA-II,P5,102,{},10000,100,99,10000,96,1.195155788969431,0.006336497068688933,0.007556950236038305,0.6058,ok,
D1,21,Constrained NSGA-II,P5,103,{},10000,100,99,10000,96,1.1952699361438532,0.006160808455470155,0.006433620489677888,0.6025,ok,
D1,21,Constrained NSGA-II,P5,104,{},10000,100,99,10000,92,1.1949793957600128,0.006650063277921375,0.006445348056575067,0.604,ok,
D1,21,Constrained NSGA-II,P5,105,{},10000,100,99,10000,95,1.1950154498494086,0.006114875303268696,0.007987824183391418,0.6094,ok,
D1,21,Constrained NSGA-II,P5,106,{},10000,100,99,10000,95,1.1949705063822524,0.0060211910581060716,0.007035873683483061,0.6031,ok,
D1,21,Constrained NSGA-II,P5,107,{},10000,100,99,10000,97,1.1951802533449358,0.006152424244404817,0.00816888030144528,0.5984,ok,
D1,21,Constrained NSGA-II,P5,108,{},10000,100,99,10000,96,1.1951926319824233,0.006163811473053473,0.00646565056450047,0.601,ok,
D1,21,Constrained NSGA-II,P5,109,{},10000,100,99,10000,98,1.1952349643398625,0.00561577510485401,0.008440017218322106,0.6017,ok,
D1,21,Constrained NSGA-II,P5,110,{},10000,100,99,10000,95,1.1950788870430318,0.005558995922534866,0.006712881986971476,0.5984,ok,
D1,22,MOPSO,P5,101,{},10000,100,99,5000,100,1.1954782633212635,0.00448738324404328,0.0034864525512399176,0.6053,ok,
D1,22,MOPSO,P5,102,{},10000,100,99,5000,100,1.1954637112955493,0.004534160390151529,0.002830819639196104,0.5982,ok,
D1,22,MOPSO,P5,103,{},10000,100,99,5000,100,1.195458978015333,0.004628602801815242,0.00381215987282687,0.6057,ok,
D1,22,MOPSO,P5,104,{},10000,100,99,5000,100,1.1954783432782015,0.004445945426457633,0.0036854137137924186,0.5847,ok,
D1,22,MOPSO,P5,105,{},10000,100,99,5000,100,1.1954742787268804,0.004408812514495195,0.0036284964496393927,0.598,ok,
D1,22,MOPSO,P5,106,{},10000,100,99,5000,100,1.1954662184116676,0.004497830420980321,0.003080489848068859,0.5964,ok,
D1,22,MOPSO,P5,107,{},10000,100,99,5000,100,1.1954534894407836,0.004569750073592962,0.0032171206171446956,0.5622,ok,
D1,22,MOPSO,P5,108,{},10000,100,99,5000,100,1.19543693664156,0.00465040201710645,0.003115285225025854,0.5667,ok,
D1,22,MOPSO,P5,109,{},10000,100,99,5000,100,1.195452348753922,0.004539760412428217,0.0034913619917606815,0.578,ok,
D1,22,MOPSO,P5,110,{},10000,100,99,5000,100,1.195436268706781,0.004626425215575714,0.0033417819497573997,0.5835,ok,
D1,23,MOGWO,P5,101,{},10000,100,99,5000,100,1.1953503882051253,0.005283913937704316,0.005231191562473302,0.3128,ok,
D1,23,MOGWO,P5,102,{},10000,100,99,5000,100,1.1955206638024312,0.004662766496530428,0.005037023557800482,0.3152,ok,
D1,23,MOGWO,P5,103,{},10000,100,99,5000,100,1.1953896971287743,0.005234087622678794,0.009959135394363414,0.3096,ok,
D1,23,MOGWO,P5,104,{},10000,100,99,5000,100,1.1954593332292862,0.004567279119679641,0.0054074819176842355,0.3144,ok,
D1,23,MOGWO,P5,105,{},10000,100,99,5000,100,1.1953314621864308,0.005134640460842867,0.0054250089784371675,0.3266,ok,
D1,23,MOGWO,P5,106,{},10000,100,99,5000,100,1.1954645071406425,0.005474910372046967,0.0067368700476133775,0.3167,ok,
D1,23,MOGWO,P5,107,{},10000,100,99,5000,100,1.1954672921318952,0.005026951277774515,0.009766284930059543,0.3117,ok,
D1,23,MOGWO,P5,108,{},10000,100,99,5000,100,1.1954194219840608,0.0046932445485382435,0.006749436379765729,0.3136,ok,
D1,23,MOGWO,P5,109,{},10000,100,99,5000,100,1.1954063929173755,0.004635645405678471,0.004934178529399308,0.3123,ok,
D1,23,MOGWO,P5,110,{},10000,100,99,5000,100,1.1954554101041546,0.005491988056591724,0.013835896422992386,0.3125,ok,
D1,24,MOABC,P3,101,{},10000,100,99,3992,12,0.4207154942542352,0.08506238481353932,0.1544407607916868,0.1564,ok,
D1,24,MOABC,P3,102,{},10000,100,99,3994,10,0.4430504017065639,0.06403133307971047,0.08118928907625732,0.1505,ok,
D1,24,MOABC,P3,103,{},10000,100,99,3998,10,0.4080718459407279,0.07215523012362003,0.10706850387975543,0.151,ok,
D1,24,MOABC,P3,104,{},10000,100,99,3993,11,0.4164204866360241,0.0768485060981111,0.24944709322194206,0.1534,ok,
D1,24,MOABC,P3,105,{},10000,100,99,3992,9,0.41246969273906237,0.07936866649527446,0.15617130625235612,0.1538,ok,
D1,24,MOABC,P3,106,{},10000,100,99,3993,9,0.43942376421661083,0.07020800487382255,0.15446973344587817,0.1548,ok,
D1,24,MOABC,P3,107,{},10000,100,99,3990,9,0.4354864648000727,0.07966214087309995,0.12704252784676817,0.1572,ok,
D1,24,MOABC,P3,108,{},10000,100,99,3992,12,0.4164028927158207,0.07516062603306475,0.17730699714355153,0.1623,ok,
D1,24,MOABC,P3,109,{},10000,100,99,3992,10,0.4101078161330073,0.08747938680971648,0.047640807534661746,0.1641,ok,
D1,24,MOABC,P3,110,{},10000,100,99,3996,9,0.3801686909672045,0.0948744275138245,0.08678580659682193,0.1618,ok,
D1,26,MOSA,P3,101,{},10000,100,99,201,1,0.0,2.2663717600364737,0.0,0.0273,ok,
D1,26,MOSA,P3,102,{},10000,100,99,201,3,0.0,1.9006222291190933,0.058335886627838625,0.0289,ok,
D1,26,MOSA,P3,103,{},10000,100,99,201,12,0.0,1.7043147780716057,0.10714915248345526,0.03,ok,
D1,26,MOSA,P3,104,{},10000,100,99,201,8,0.0,1.6651017925587412,0.27791580603297406,0.0286,ok,
D1,26,MOSA,P3,105,{},10000,100,99,201,5,0.0,1.7827281847467003,0.03927689823622178,0.0272,ok,
D1,26,MOSA,P3,106,{},10000,100,99,201,5,0.0,2.0430027301120757,0.044569905294775315,0.0297,ok,
D1,26,MOSA,P3,107,{},10000,100,99,201,2,0.0,2.37454618802629,0.0,0.0293,ok,
D1,26,MOSA,P3,108,{},10000,100,99,201,3,0.0,2.6852182513224854,0.006392673140123729,0.0311,ok,
D1,26,MOSA,P3,109,{},10000,100,99,201,6,0.0,3.299992271085378,0.036606759053538725,0.0288,ok,
D1,26,MOSA,P3,110,{},10000,100,99,201,2,0.0,2.2325828287358203,0.0,0.0353,ok,
D1,26,MOSA,P5,101,{},10000,100,99,201,29,1.1462813434392052,0.1077382568863965,0.048262668989091255,0.0434,ok,
D1,26,MOSA,P5,102,{},10000,100,99,201,67,1.1690276914055682,0.06349222325728267,0.00798368546257308,0.0557,ok,
D1,26,MOSA,P5,103,{},10000,100,99,201,59,1.1819855798611651,0.10379010222664632,0.011143611584505235,0.0462,ok,
D1,26,MOSA,P5,104,{},10000,100,99,201,46,1.1332889258488918,0.07512796946432412,0.01160076809045574,0.0472,ok,
D1,26,MOSA,P5,105,{},10000,100,99,201,42,1.1079546710046717,0.07263363437370016,0.09249848196783339,0.0398,ok,
D1,26,MOSA,P5,106,{},10000,100,99,201,24,1.1286808309697707,0.12946236693482724,0.026891513249321788,0.0421,ok,
D1,26,MOSA,P5,107,{},10000,100,99,201,35,1.1782816439195662,0.07646961675724205,0.010437777226495986,0.0401,ok,
D1,26,MOSA,P5,108,{},10000,100,99,201,43,1.0786141786226202,0.12179727546999103,0.05239610047368181,0.0508,ok,
D1,26,MOSA,P5,109,{},10000,100,99,201,32,1.1646343564454018,0.05827584237220698,0.17219213146024065,0.0414,ok,
D1,26,MOSA,P5,110,{},10000,100,99,201,53,1.1751912956523918,0.028512039564152686,0.1281364463417813,0.0536,ok,
D1,27,MODE,P3,101,{},10000,100,99,10000,1,0.1099691571895132,0.6096830141625942,0.0,1.5897,ok,
D1,27,MODE,P3,102,{},10000,100,99,10000,1,0.1099545076609734,0.6096885584828431,0.0,1.4822,ok,
D1,27,MODE,P3,103,{},10000,100,99,10000,1,0.1099901447546162,0.6096750730689653,0.0,1.401,ok,
D1,27,MODE,P3,104,{},10000,100,99,10000,1,0.10999789543595005,0.6096721410126047,0.0,1.3942,ok,
D1,27,MODE,P3,105,{},10000,100,99,10000,1,0.10998399458716086,0.6096773998788058,0.0,1.5343,ok,
D1,27,MODE,P3,106,{},10000,100,99,10000,1,0.10998281183877066,0.6096778473738356,0.0,1.3923,ok,
D1,27,MODE,P3,107,{},10000,100,99,10000,1,0.10999358157955928,0.6096737728912164,0.0,1.384,ok,
D1,27,MODE,P3,108,{},10000,100,99,10000,1,0.10998533191878491,0.6096768939056931,0.0,1.4652,ok,
D1,27,MODE,P3,109,{},10000,100,99,10000,1,0.10999226367526141,0.6096742714574516,0.0,1.5537,ok,
D1,27,MODE,P3,110,{},10000,100,99,10000,1,0.10998522921761812,0.6096769327618653,0.0,1.3879,ok,
D1,27,MODE,P5,101,{},10000,100,99,10000,100,1.1954994749205894,0.004468620517907483,0.00276519486908902,6.5954,ok,
D1,27,MODE,P5,102,{},10000,100,99,10000,100,1.1955060593577447,0.00427866391506183,0.0033402575120674953,6.4863,ok,
D1,27,MODE,P5,103,{},10000,100,99,10000,100,1.1954526179700433,0.004368770818809013,0.0033355805379168364,6.5147,ok,
D1,27,MODE,P5,104,{},10000,100,99,10000,100,1.195395970062324,0.004496206799236363,0.004621265886256484,6.8043,ok,
D1,27,MODE,P5,105,{},10000,100,99,10000,100,1.195523609525142,0.004521778988430673,0.004018714340445886,6.4704,ok,
D1,27,MODE,P5,106,{},10000,100,99,10000,100,1.195491736930121,0.004319397849969167,0.0037305927673664694,6.51,ok,
D1,27,MODE,P5,107,{},10000,100,99,10000,100,1.1953000859449638,0.004759365898964605,0.004608048433438486,6.6974,ok,
D1,27,MODE,P5,108,{},10000,100,99,10000,100,1.195488635056566,0.004262123582448013,0.005202794786011574,6.5329,ok,
D1,27,MODE,P5,109,{},10000,100,99,10000,100,1.1955205697330886,0.004275056168882472,0.011028578977488258,6.6084,ok,
D1,27,MODE,P5,110,{},10000,100,99,10000,100,1.1954666408087067,0.004330802935847199,0.0030431226883777516,6.6834,ok,
D1,28,MO-TLBO,P3,101,{},10000,100,99,19900,100,0.5385464082694527,0.0038326041685291337,0.0016965899499221415,11.3131,ok,
D1,28,MO-TLBO,P3,102,{},10000,100,99,19900,100,0.5387631874879238,0.003768202556172282,0.0012506042175908464,11.8261,ok,
D1,28,MO-TLBO,P3,103,{},10000,100,99,19900,100,0.5387314144806126,0.003743143438046254,0.0014478110180872947,11.686,ok,
D1,28,MO-TLBO,P3,104,{},10000,100,99,19900,100,0.5387122899262159,0.0037587326183733502,0.001372791968335797,11.2085,ok,
D1,28,MO-TLBO,P3,105,{},10000,100,99,19900,100,0.5387481533139009,0.00375557808558742,0.001371557893815537,11.8064,ok,
D1,28,MO-TLBO,P3,106,{},10000,100,99,19900,100,0.34848479764077667,0.15672921416253777,0.003071184983402457,10.973,ok,
D1,28,MO-TLBO,P3,107,{},10000,100,99,19900,100,0.5372924242026097,0.003952462954097937,0.0014717627599509287,11.415,ok,
D1,28,MO-TLBO,P3,108,{},10000,100,99,19900,100,0.5387438079791798,0.0037662110914588195,0.0016145622859495222,12.0556,ok,
D1,28,MO-TLBO,P3,109,{},10000,100,99,19900,100,0.5387495307804085,0.003759766614476529,0.0013891317763619871,11.489,ok,
D1,28,MO-TLBO,P3,110,{},10000,100,99,19900,100,0.5387525264371119,0.003766152205586522,0.0013536146652195357,11.9822,ok,
D1,28,MO-TLBO,P5,101,{},10000,100,99,19900,100,1.1955002532539403,0.004425289531618789,0.0023758126303582367,12.9615,ok,
D1,28,MO-TLBO,P5,102,{},10000,100,99,19900,100,1.195488182197638,0.004402242420475508,0.0025008150485780205,12.5653,ok,
D1,28,MO-TLBO,P5,103,{},10000,100,99,19900,100,1.1954785690084642,0.004450295369376322,0.002700429626596202,12.4383,ok,
D1,28,MO-TLBO,P5,104,{},10000,100,99,19900,100,1.19550514864325,0.004441855916262588,0.002740119984458377,12.1706,ok,
D1,28,MO-TLBO,P5,105,{},10000,100,99,19900,100,1.195479733446902,0.004472031593609951,0.0020911624585777462,12.3678,ok,
D1,28,MO-TLBO,P5,106,{},10000,100,99,19900,100,1.195504244570677,0.004355541142910423,0.0028552022449604753,12.3923,ok,
D1,28,MO-TLBO,P5,107,{},10000,100,99,19900,100,1.1954936663424685,0.004431572298969986,0.002542575030100944,12.3609,ok,
D1,28,MO-TLBO,P5,108,{},10000,100,99,19900,100,1.1954966641296483,0.004409965838333889,0.002846972588388668,14.9589,ok,
D1,28,MO-TLBO,P5,109,{},10000,100,99,19900,100,1.1954717778149668,0.004490744634325622,0.002373795261201637,13.3828,ok,
D1,28,MO-TLBO,P5,110,{},10000,100,99,19900,100,1.1955078765804754,0.0043101533947805795,0.00291539042314634,11.9647,ok,
D1,29,MOBA,P3,101,{},10000,100,99,4000,100,0.5382483760479181,0.0041330605751500596,0.002703242877343608,1.6974,ok,
D1,29,MOBA,P3,102,{},10000,100,99,4000,100,0.5378107509968041,0.004315816894112864,0.003103791216670648,1.2726,ok,
D1,29,MOBA,P3,103,{},10000,100,99,4000,1,0.11000000000000011,0.6096713449171537,0.0,0.4466,ok,
D1,29,MOBA,P3,104,{},10000,100,99,4000,100,0.5384592542682579,0.003916764129718179,0.002414478384993167,2.3207,ok,
D1,29,MOBA,P3,105,{},10000,100,99,4000,1,0.11000000000000011,0.6096713449171537,0.0,0.4607,ok,
D1,29,MOBA,P3,106,{},10000,100,99,4000,100,0.5386633955573418,0.003848000498558104,0.0022868735313957248,2.6355,ok,
D1,29,MOBA,P3,107,{},10000,100,99,4000,100,0.5385929179398996,0.003913461028305807,0.002632935473327957,2.3552,ok,
D1,29,MOBA,P3,108,{},10000,100,99,4000,100,0.0,1.0231091645264003,0.003199937785959093,2.3707,ok,
D1,29,MOBA,P3,109,{},10000,100,99,4000,100,0.5385102807105979,0.003949373571728367,0.0031254630740362574,2.2858,ok,
D1,29,MOBA,P3,110,{},10000,100,99,4000,100,0.5385171861405268,0.003916507851732904,0.0023753037691801376,2.5003,ok,
D1,30,MOMA,P5,101,{},10000,100,99,10794,91,1.1947876486198616,0.007226996272589253,0.006818216399701524,0.7171,ok,
D1,30,MOMA,P5,102,{},10000,100,99,10793,97,1.195314002608509,0.005294998544564691,0.00726511487281246,0.7111,ok,
D1,30,MOMA,P5,103,{},10000,100,99,10782,92,1.1945354308584228,0.007581208980321127,0.00774329458772224,0.7174,ok,
D1,30,MOMA,P5,104,{},10000,100,99,10803,96,1.1950333738183256,0.006081250642955808,0.007219979930856598,0.7182,ok,
D1,30,MOMA,P5,105,{},10000,100,99,10803,96,1.1951427983999774,0.006328931459689735,0.007265748248743364,0.8134,ok,
D1,30,MOMA,P5,106,{},10000,100,99,10772,97,1.1951861330850795,0.005731304921209065,0.007376357803602327,0.74,ok,
D1,30,MOMA,P5,107,{},10000,100,99,10802,97,1.195032574886065,0.006262912419383655,0.006379192583601149,0.7183,ok,
D1,30,MOMA,P5,108,{},10000,100,99,10811,98,1.195173202834544,0.005816092782534815,0.007024190821988598,0.7141,ok,
D1,30,MOMA,P5,109,{},10000,100,99,10773,96,1.1951329705351452,0.00673343523018186,0.0072222010534428865,0.7246,ok,
D1,30,MOMA,P5,110,{},10000,100,99,10813,96,1.1949683617732159,0.006060869011659314,0.007806305641653991,0.7032,ok,
D1,32,IBEA,P3,101,{},10000,100,99,10000,1,0.0,9.252174278828779,0.0,6.0944,ok,
D1,32,IBEA,P3,102,{},10000,100,99,10000,1,0.0,9.252174278828779,0.0,6.1368,ok,
D1,32,IBEA,P3,103,{},10000,100,99,10000,1,0.0,9.252174278828779,0.0,6.2913,ok,
D1,32,IBEA,P3,104,{},10000,100,99,10000,1,0.0,9.252174278828779,0.0,6.0697,ok,
D1,32,IBEA,P3,105,{},10000,100,99,10000,1,0.0,9.252174278828779,0.0,6.0321,ok,
D1,32,IBEA,P3,106,{},10000,100,99,10000,1,0.0,9.252174278828779,0.0,6.1868,ok,
D1,32,IBEA,P3,107,{},10000,100,99,10000,1,0.0,9.252174278828779,0.0,6.0301,ok,
D1,32,IBEA,P3,108,{},10000,100,99,10000,1,0.0,9.252174278828779,0.0,6.2387,ok,
D1,32,IBEA,P3,109,{},10000,100,99,10000,1,0.0,9.252174278828779,0.0,6.2556,ok,
D1,32,IBEA,P3,110,{},10000,100,99,10000,1,0.0,9.252174278828779,0.0,6.1139,ok,
D1,33,SMS-EMOA,P3,101,{},10000,100,99,200,12,0.0,2.7796553724832576,0.10238997645320708,0.1378,ok,
D1,33,SMS-EMOA,P3,102,{},10000,100,99,200,6,0.0,2.4948228947020716,0.3063118471426604,0.1437,ok,
D1,33,SMS-EMOA,P3,103,{},10000,100,99,200,6,0.0,2.468286225023199,0.11341915619633673,0.1486,ok,
D1,33,SMS-EMOA,P3,104,{},10000,100,99,200,4,0.0,3.2245731404266214,0.7394968311523675,0.1331,ok,
D1,33,SMS-EMOA,P3,105,{},10000,100,99,200,3,0.0,2.4260689300745657,0.4504735989322433,0.14,ok,
D1,33,SMS-EMOA,P3,106,{},10000,100,99,200,8,0.0,2.7325211395073667,0.10325139221289169,0.1507,ok,
D1,33,SMS-EMOA,P3,107,{},10000,100,99,200,9,0.0,2.6116441558464185,0.3060561920020877,0.1395,ok,
D1,33,SMS-EMOA,P3,108,{},10000,100,99,200,14,0.0,2.2378613589280003,0.1640371952037218,0.1272,ok,
D1,33,SMS-EMOA,P3,109,{},10000,100,99,200,8,0.0,2.671098808607517,0.1872668627484056,0.1383,ok,
D1,33,SMS-EMOA,P3,110,{},10000,100,99,200,7,0.0,2.23243351292265,0.25217572349688794,0.1273,ok,
D1,35,R-NSGA-II,P5,101,{},10000,100,99,10000,43,1.1670889111310423,0.06868483420341087,0.10257021169848819,0.7426,ok,
D1,35,R-NSGA-II,P5,102,{},10000,100,99,10000,32,1.1724186564103343,0.0648807593362876,0.10901585148231085,0.7323,ok,
D1,35,R-NSGA-II,P5,103,{},10000,100,99,10000,40,1.1538933950131935,0.0966437014331316,0.048932827534507284,0.7595,ok,
D1,35,R-NSGA-II,P5,104,{},10000,100,99,10000,10,1.1548683101210393,0.09040552109148323,0.08494331417243868,0.7535,ok,
D1,35,R-NSGA-II,P5,105,{},10000,100,99,10000,65,1.1723257387448787,0.0749917995667926,0.04276343762671492,0.7431,ok,
D1,35,R-NSGA-II,P5,106,{},10000,100,99,10000,44,1.1596954831595978,0.09540686316946642,0.18510157994215704,0.7588,ok,
D1,35,R-NSGA-II,P5,107,{},10000,100,99,10000,46,1.1673779060427485,0.08537326614604217,0.10947899770358745,0.7466,ok,
D1,35,R-NSGA-II,P5,108,{},10000,100,99,10000,43,1.1547584182791657,0.08533345203630546,0.169219805401528,0.8137,ok,
D1,35,R-NSGA-II,P5,109,{},10000,100,99,10000,47,1.1691040030248883,0.09047729404328564,0.11273939465272102,0.7341,ok,
D1,35,R-NSGA-II,P5,110,{},10000,100,99,10000,34,1.145051216458438,0.12115522295934168,0.09483285255211797,0.7754,ok,
D2,14,NSGA-II,P10_M5,101,{},10000,210,46,9870,210,0.048102816718016264,0.7313334775248796,0.0937415093185397,1.3574,ok,
D2,14,NSGA-II,P10_M5,102,{},10000,210,46,9870,210,0.07017354900020155,0.6402819909737555,0.08217348412441867,1.3279,ok,
D2,14,NSGA-II,P10_M5,103,{},10000,210,46,9870,210,0.05382792837652537,0.6716793605427485,0.07625427469120374,1.3879,ok,
D2,14,NSGA-II,P10_M5,104,{},10000,210,46,9870,210,0.06669920666785982,0.7145342055547034,0.09944585558099327,1.257,ok,
D2,14,NSGA-II,P10_M5,105,{},10000,210,46,9870,210,0.05742734023785481,0.710852312491598,0.09464820257966823,1.392,ok,
D2,14,NSGA-II,P10_M5,106,{},10000,210,46,9870,210,0.05512597973218662,0.7502740046641551,0.08643688982385937,1.3163,ok,
D2,14,NSGA-II,P10_M5,107,{},10000,210,46,9870,210,0.03862938386606323,0.7137293738843106,0.08907678518199627,1.2997,ok,
D2,14,NSGA-II,P10_M5,108,{},10000,210,46,9870,210,0.0566116732062041,0.7088799736898269,0.08578504599322925,1.2464,ok,
D2,14,NSGA-II,P10_M5,109,{},10000,210,46,9870,209,0.08528702426866115,0.6775901964713731,0.0793824377925025,1.4002,ok,
D2,14,NSGA-II,P10_M5,110,{},10000,210,46,9870,210,0.018410719869728465,0.7235472744592336,0.08660786878937478,1.2434,ok,
D2,15,NSGA-III,P10_M5,101,{},10000,210,46,3290,70,0.08589877173746736,0.6146806651465181,0.17648829282118586,2.0493,ok,
D2,15,NSGA-III,P10_M5,102,{},10000,210,46,3290,70,0.09428137789420796,0.6450298336848046,0.07629522930854674,2.1035,ok,
D2,15,NSGA-III,P10_M5,103,{},10000,210,46,3290,70,0.12948716138012756,0.6070121514764668,0.18193407790853258,2.0622,ok,
D2,15,NSGA-III,P10_M5,104,{},10000,210,46,3290,68,0.20007975519853985,0.5619655249765474,0.13537425085970653,2.0867,ok,
D2,15,NSGA-III,P10_M5,105,{},10000,210,46,3290,70,0.18164286287954903,0.5719103572624307,0.06960218390889286,2.1777,ok,
D2,15,NSGA-III,P10_M5,106,{},10000,210,46,3290,69,0.22039829350000012,0.6123120222898197,0.06589501278014565,2.0452,ok,
D2,15,NSGA-III,P10_M5,107,{},10000,210,46,3290,70,0.13270602400000006,0.5837349036401892,0.12479617162964952,2.099,ok,
D2,15,NSGA-III,P10_M5,108,{},10000,210,46,3290,70,0.1839363471000001,0.5936725293087215,0.21013670438058218,2.1339,ok,
D2,15,NSGA-III,P10_M5,109,{},10000,210,46,3290,69,0.19733287361021365,0.5501538602548475,0.11121234751918709,2.0752,ok,
D2,15,NSGA-III,P10_M5,110,{},10000,210,46,3290,70,0.13981458662275828,0.6163262678937359,0.20013370320686857,2.2753,ok,
D2,18,MOEA/D,P10_M5,101,{},10000,210,46,5922,43,0.6885977081500004,0.4596989836924985,0.12154917508324685,2.5476,ok,
D2,18,MOEA/D,P10_M5,102,{},10000,210,46,5922,31,0.7382738891000004,0.45320203888441507,0.19706798323896926,2.5113,ok,
D2,18,MOEA/D,P10_M5,103,{},10000,210,46,5922,36,0.5955182827000003,0.5064220730896675,0.26937253765768315,2.2226,ok,
D2,18,MOEA/D,P10_M5,104,{},10000,210,46,5922,34,0.6224621150000003,0.47015009432862404,0.19463370950346828,2.4492,ok,
D2,18,MOEA/D,P10_M5,105,{},10000,210,46,5922,31,0.7376538427500003,0.4913069495552975,0.19144581905276953,2.2212,ok,
D2,18,MOEA/D,P10_M5,106,{},10000,210,46,5922,31,0.6165998586000003,0.4737972219236889,0.229778538605652,2.3023,ok,
D2,18,MOEA/D,P10_M5,107,{},10000,210,46,5922,41,0.7684306888500003,0.45149321350485855,0.08979255283805702,2.2217,ok,
D2,18,MOEA/D,P10_M5,108,{},10000,210,46,5922,51,0.6683616500000004,0.42712909913457553,0.09407931121211394,2.3894,ok,
D2,18,MOEA/D,P10_M5,109,{},10000,210,46,5922,36,0.6731448647000003,0.4852826594668446,0.15575806680255752,2.3047,ok,
D2,18,MOEA/D,P10_M5,110,{},10000,210,46,5922,38,0.7214682172500003,0.4893389022418035,0.16064694008135513,2.3139,ok,
D2,31,RVEA,P10_M5,101,{},10000,210,46,3290,26,0.20627979394610582,0.6448355524841121,0.22083889751700142,0.2929,ok,
D2,31,RVEA,P10_M5,102,{},10000,210,46,3290,41,0.3084931905000002,0.5592450730500772,0.2923915529315143,0.3854,ok,
D2,31,RVEA,P10_M5,103,{},10000,210,46,3290,33,0.26565826475399806,0.6015601304311932,0.2845679011848479,0.3395,ok,
D2,31,RVEA,P10_M5,104,{},10000,210,46,3290,35,0.20440082440277735,0.5629925299269259,0.20428562533819306,0.2997,ok,
D2,31,RVEA,P10_M5,105,{},10000,210,46,3290,34,0.30025242495349475,0.5478333338899102,0.29712362255992697,0.3798,ok,
D2,31,RVEA,P10_M5,106,{},10000,210,46,3290,26,0.3074373799831058,0.6472503036434922,0.23676004082735808,0.2906,ok,
D2,31,RVEA,P10_M5,107,{},10000,210,46,3290,28,0.13801358828657145,0.6240487894470245,0.2574133629523504,0.2794,ok,
D2,31,RVEA,P10_M5,108,{},10000,210,46,3290,31,0.19875796563620032,0.540160492220201,0.23144594910491026,0.2845,ok,
D2,31,RVEA,P10_M5,109,{},10000,210,46,3290,35,0.2924847211000001,0.5907977424053851,0.29559546698464806,0.3739,ok,
D2,31,RVEA,P10_M5,110,{},10000,210,46,3290,31,0.26439030670972996,0.5805207656554546,0.2862082856938591,0.306,ok,
D2,34,HypE,P10_M5,101,{},10000,210,46,9870,101,0.31142431870000015,0.6816491034385489,0.006581996874933656,6.4048,ok,
D2,34,HypE,P10_M5,102,{},10000,210,46,9870,46,0.10742906955000006,0.6968903139470664,0.015337100888885423,6.0079,ok,
D2,34,HypE,P10_M5,103,{},10000,210,46,9870,114,0.1875116793000001,0.6929548509354794,0.01910306548642803,6.1374,ok,
D2,34,HypE,P10_M5,104,{},10000,210,46,9870,60,0.1889933485000001,0.6371827451649623,0.29587426903303565,6.09,ok,
D2,34,HypE,P10_M5,105,{},10000,210,46,9870,80,0.22620418205000012,0.686835470418927,0.004961445985046484,6.0517,ok,
D2,34,HypE,P10_M5,106,{},10000,210,46,9870,60,0.26810159970000014,0.6479085615090319,0.029830846703190732,6.0238,ok,
D2,34,HypE,P10_M5,107,{},10000,210,46,9870,119,0.1733069811000001,0.6315635427271349,0.016671923821704664,6.4806,ok,
D2,34,HypE,P10_M5,108,{},10000,210,46,9870,63,0.28553537045000016,0.6845383521412631,0.015040847474629379,6.3713,ok,
D2,34,HypE,P10_M5,109,{},10000,210,46,9870,72,0.14671746100000008,0.6097884667720306,0.026387801999932726,5.9001,ok,
D2,34,HypE,P10_M5,110,{},10000,210,46,9870,73,0.13315696680000005,0.7246762633518676,0.15809952630621743,5.9787,ok,
D3,20,MOEA/D-ACO,P8,101,{},10000,100,99,2000,5,0.6051351200773171,,0.1200558798130574,0.7072,ok,
D3,20,MOEA/D-ACO,P8,102,{},10000,100,99,2000,9,0.7374417921030796,,0.0734887284144372,0.6714,ok,
D3,20,MOEA/D-ACO,P8,103,{},10000,100,99,2000,8,0.7411250198427709,,0.09396759512320021,0.6982,ok,
D3,20,MOEA/D-ACO,P8,104,{},10000,100,99,2000,5,0.678314029881283,,0.1895739097953807,0.7489,ok,
D3,20,MOEA/D-ACO,P8,105,{},10000,100,99,2000,9,0.7411250198427712,,0.04149475412051784,0.7277,ok,
D3,20,MOEA/D-ACO,P8,106,{},10000,100,99,2000,8,0.7266124519022253,,0.03776643287246001,0.706,ok,
D3,20,MOEA/D-ACO,P8,107,{},10000,100,99,2000,5,0.6981434445062921,,0.09731956155067098,1.1188,ok,
D3,20,MOEA/D-ACO,P8,108,{},10000,100,99,2000,5,0.698143444506292,,0.09731956155067248,1.1723,ok,
D3,20,MOEA/D-ACO,P8,109,{},10000,100,99,2000,9,0.7411250198427715,,0.04149475412051739,1.0631,ok,
D3,20,MOEA/D-ACO,P8,110,{},10000,100,99,2000,8,0.7410574676782318,,0.045560944993157305,1.0523,ok,
D3,25,MOACO,P8,101,{},10000,100,99,2000,6,0.6981434445062925,,0.1161813303201197,1.2021,ok,
D3,25,MOACO,P8,102,{},10000,100,99,2000,6,0.6981434445062925,,0.11618133032011987,1.2972,ok,
D3,25,MOACO,P8,103,{},10000,100,99,2000,5,0.15661910070736815,,0.044685845999310594,1.1747,ok,
D3,25,MOACO,P8,104,{},10000,100,99,2000,6,0.48936867170907933,,0.10185842784787186,0.9036,ok,
D3,25,MOACO,P8,105,{},10000,100,99,2000,9,0.7126312401709977,,0.06751738862324227,0.7069,ok,
D3,25,MOACO,P8,106,{},10000,100,99,2000,5,0.5520760600371991,,0.36831741094563003,0.7203,ok,
D3,25,MOACO,P8,107,{},10000,100,99,2000,6,0.6680182332358466,,0.06422181748980318,0.7641,ok,
D3,25,MOACO,P8,108,{},10000,100,99,2000,5,0.6391299688527333,,0.020081936573962407,0.7365,ok,
D3,25,MOACO,P8,109,{},10000,100,99,2000,9,0.7126312401709973,,0.0675173886232424,0.7223,ok,
D3,25,MOACO,P8,110,{},10000,100,99,2000,6,0.668018233235847,,0.06422181748980343,0.7663,ok,
D3,14,NSGA-II,P8,101,{},10000,100,99,10000,5,0.0,,0.3438957662926329,1.0719,ok,
D3,14,NSGA-II,P8,102,{},10000,100,99,10000,2,0.0,,0.0,1.033,ok,
D3,14,NSGA-II,P8,103,{},10000,100,99,10000,1,0.0,,0.0,1.1155,ok,
D3,14,NSGA-II,P8,104,{},10000,100,99,10000,2,0.0,,0.0,1.0533,ok,
D3,14,NSGA-II,P8,105,{},10000,100,99,10000,2,0.0,,0.0,1.0276,ok,
D3,14,NSGA-II,P8,106,{},10000,100,99,10000,2,0.0,,0.0,1.0329,ok,
D3,14,NSGA-II,P8,107,{},10000,100,99,10000,1,0.0,,0.0,1.029,ok,
D3,14,NSGA-II,P8,108,{},10000,100,99,10000,7,0.0,,0.3930738344029324,1.1547,ok,
D3,14,NSGA-II,P8,109,{},10000,100,99,10000,2,0.0,,0.0,1.1004,ok,
D3,14,NSGA-II,P8,110,{},10000,100,99,10000,2,0.0,,0.0,1.0876,ok,
D3,30,MOMA,P8,101,{},10000,100,99,10469,2,0.0,,0.0,1.3676,ok,
D3,30,MOMA,P8,102,{},10000,100,99,10463,4,0.0,,0.14343218640730485,1.6584,ok,
D3,30,MOMA,P8,103,{},10000,100,99,10432,2,0.0,,0.0,1.2975,ok,
D3,30,MOMA,P8,104,{},10000,100,99,10433,2,0.0,,0.0,1.2883,ok,
D3,30,MOMA,P8,105,{},10000,100,99,10438,2,0.0,,0.0,1.2967,ok,
D3,30,MOMA,P8,106,{},10000,100,99,10439,3,0.0,,0.50521788938091,1.4196,ok,
D3,30,MOMA,P8,107,{},10000,100,99,10424,1,0.0,,0.0,1.246,ok,
D3,30,MOMA,P8,108,{},10000,100,99,10464,5,0.0,,0.4794084411470314,1.2607,ok,
D3,30,MOMA,P8,109,{},10000,100,99,10483,3,0.0,,0.4468979579960281,1.2538,ok,
D3,30,MOMA,P8,110,{},10000,100,99,10403,3,0.0,,0.0659510525823759,1.5023,ok,
