1.462667615988899961e+01,4.674215248814399359e+01
1.887078318884366723e+01,2.808149015791586933e+01
1.810073859798758988e+01,3.052160776404692299e+01
1.313533140324539517e+01,5.795860595065362730e+01
1.844828005973151264e+01,2.938246544792215076e+01
5.921376025471298732e+01,2.852034127785613826e+00
2.109512964035744531e+01,2.247168314616374829e+01
1.009469355667328827e+01,9.813269380870183056e+01
3.992237186932421622e+01,6.274329592685629287e+00
1.197719589118064931e+01,6.970913515438523689e+01
3.263519282458472048e+01,9.389179327088958971e+00
3.345777367787642476e+01,8.933176644800376209e+00
7.279661035569399985e+01,1.887025133967282331e+00
5.088104490334677621e+01,3.862673116747680435e+00
1.347696559167065544e+01,5.505740788709148603e+01
1.020843329351413864e+01,9.595813740296226513e+01
2.841031772242860498e+01,1.238932993947271655e+01
2.608514811410967837e+01,1.469648196146071939e+01
5.248125554022205108e+01,3.630710049042380927e+00
1.077301241979110991e+01,8.616396565520160777e+01
2.774728661572670063e+01,1.298849882851330584e+01
1.070660151359008871e+01,8.723619645565669600e+01
1.748180335431821320e+01,3.272107313489711800e+01
3.149938786365223464e+01,1.007849702124263302e+01
1.333523635360873349e+01,5.623394670335482459e+01
1.113473786854116554e+01,8.065661752137941676e+01
1.117894397856480460e+01,8.001998036437120732e+01
5.044735270334894750e+01,3.929372832224620193e+00
2.759680990919342847e+01,1.313052938044716633e+01
1.616601058766189780e+01,3.826434487909777005e+01
4.642733997530904588e+01,4.639299353095743150e+00
1.976279245989898570e+01,2.560373833830209378e+01
4.324580947990742885e+01,5.347021601486092734e+00
6.671574583268029812e+01,2.246690811017584277e+00
2.472704775795902421e+01,1.635518514162340509e+01
1.575202252561462046e+01,4.030206987403464325e+01
1.002885760031490747e+01,9.942533669894979198e+01
2.037697907960587074e+01,2.408354428858554286e+01
3.794080968477484817e+01,6.946832227291968032e+00
4.478178074125258945e+01,4.986516742069256658e+00
1.442504692401788979e+01,4.805798204912423444e+01
3.791745857905043948e+01,6.955391142869395082e+00
2.794068717871049046e+01,1.280931288253386313e+01
1.933457046276308589e+01,2.675044084538462030e+01
2.014928744482674006e+01,2.463091894737203447e+01
2.416138167340710652e+01,1.712996470948951711e+01
3.112956767402440761e+01,1.031938513960096238e+01
1.423344073388113529e+01,4.936057444965134522e+01
1.808504058453619834e+01,3.057461694049191792e+01
3.130268480826080690e+01,1.020555960382223226e+01
1.891659026850340553e+01,2.794565451373795639e+01
2.224934403653042025e+01,2.020066083809784274e+01
3.224593703509878395e+01,9.617229872618578312e+00
1.102113836062319763e+01,8.232791006813096146e+01
3.736962592560184504e+01,7.160815743353839302e+00
1.137513085492937748e+01,7.728357390165561469e+01
1.874358702618648209e+01,2.846391186898703651e+01
1.677780029988717203e+01,3.552466231099607086e+01
1.015508013048860647e+01,9.696908346062726025e+01
1.130335869766205548e+01,7.826813416623190278e+01
1.483495903443542119e+01,4.543884642535108043e+01
3.568699997386544709e+01,7.851993274028536973e+00
2.165083078323530685e+01,2.133294769715815775e+01
2.063796527864606389e+01,2.347827823787630663e+01
4.268498754677921880e+01,5.488449617999378916e+00
3.723531977640455892e+01,7.212566396929053880e+00
1.062132404670635921e+01,8.864264002481507987e+01
1.316125566159136184e+01,5.773050399568545998e+01
3.213682365054435053e+01,9.682647037717975635e+00
1.305455244383913183e+01,5.867809764207991208e+01
2.996711718522913159e+01,1.113550885767917187e+01
3.470685014552950065e+01,8.301749003928348358e+00
3.520745311293845958e+01,8.067347802593936024e+00
8.343360581523981523e+01,1.436540827752814886e+00
1.738764852231592783e+01,3.307640451820575578e+01
1.060502505769396109e+01,8.891532126071300013e+01
1.127961231405845766e+01,7.859802875437213743e+01
1.666161853938682924e+01,3.602181782187118131e+01
1.067658719784248156e+01,8.772736747572119498e+01
2.242559427316713894e+01,1.988438113230928295e+01
1.996906599953240047e+01,2.507751479297198216e+01
1.131410539574901364e+01,7.811951887449286858e+01
1.806225250659394277e+01,3.065181398659238354e+01
1.194294792099086955e+01,7.010950857721640261e+01
3.792892246242828946e+01,6.951187293257969024e+00
3.300887424038720042e+01,9.177799670519283026e+00
1.774994417588882101e+01,3.173993382488775339e+01
4.921620947468663587e+01,4.128418119816143594e+00
1.469442276751628107e+01,4.631214953030725212e+01
1.164826961223091040e+01,7.370164331452505735e+01
1.220446173506009124e+01,6.713712503842532442e+01
3.450539977053874452e+01,8.398966967438989073e+00
1.479268195636453420e+01,4.569894351619299755e+01
1.101161836503463931e+01,8.247032331050441201e+01
1.175047946624328610e+01,7.242505341563244770e+01
1.541302356190074541e+01,4.209439920144441771e+01
4.402813799617528190e+01,5.158689183930698086e+00
2.710786624962321767e+01,1.360847098542168787e+01
3.781778505634993337e+01,6.992103072657251062e+00
1.517716213266901626e+01,4.341290549586733505e+01
2.305042331914969722e+01,1.882097807745905271e+01
1.401437756459401740e+01,5.091577662598664489e+01
4.194684251376552453e+01,5.683311352802211225e+00
2.632605109374494745e+01,1.442874507125504735e+01
1.590739391508901512e+01,3.951863439473799389e+01
1.116438298617924474e+01,8.022884639035348187e+01
1.405743194329106238e+01,5.060436980009318120e+01
3.447692352708870089e+01,8.412846964571548014e+00
1.138258093822343930e+01,7.718244031150190665e+01
2.849122086778221430e+01,1.231906881177300583e+01
2.394112184687091016e+01,1.744660811462455641e+01
3.591779594043042323e+01,7.751408814333221819e+00
1.908562544481688761e+01,2.745283544657734254e+01
1.059853785515737457e+01,8.902420198262157669e+01
3.315781033603837358e+01,9.095536351751720261e+00
4.026805659034900486e+01,6.167066897195008224e+00
3.418334571688776435e+01,8.557972081655018215e+00
3.508156907823855875e+01,8.125348193064885649e+00
1.716091205628875471e+01,3.395621451902887600e+01
8.323625908701166054e+01,1.443360757185575549e+00
1.571865897033428539e+01,4.047333732719786070e+01
1.107069726322246872e+01,8.159246434727693043e+01
2.820752847211460335e+01,1.256810874133196521e+01
2.857000071859836154e+01,1.225122447559061456e+01
2.274372516575598269e+01,1.933200071659991082e+01
4.258936134469791313e+01,5.513123799004530312e+00
1.125643651877772022e+01,7.892201175402377089e+01
2.539420879855857294e+01,1.550710143395434848e+01
5.262175139734615925e+01,3.611348521001039646e+00
5.910120837919015457e+01,2.862907253922586381e+00
1.065161656613753927e+01,8.813916891371101769e+01
6.037192591225293370e+01,2.743657772908272729e+00
1.735876389209416004e+01,3.318657303047635310e+01
1.094354725476675938e+01,8.349947884471913540e+01
1.883121232697562064e+01,2.819963191798032298e+01
3.001864400046716241e+01,1.109731360376317255e+01
1.600184280726560360e+01,3.905350347194705307e+01
3.861378532847435707e+01,6.706798281332816636e+00
1.390721797884480537e+01,5.170344445346036366e+01
1.497069584162806777e+01,4.461860892428686043e+01
6.016489249781309212e+01,2.762572662811181967e+00
2.383790143452295140e+01,1.759802622558854424e+01
1.578501927736531130e+01,4.013375237806926066e+01
1.850443518974096335e+01,2.920440299192657108e+01
3.453398580626720360e+01,8.385067975254292705e+00
3.257781780096389923e+01,9.422280301717739448e+00
1.350084547072798102e+01,5.486281244680112223e+01
3.279598696074734931e+01,9.297337358997507906e+00
5.722940918782432362e+01,3.053243738130317020e+00
2.293490313188953067e+01,1.901105330830081286e+01
1.420198084689372742e+01,4.957950138100180482e+01
1.753652537821335144e+01,3.251718215685414037e+01
1.041006937566485924e+01,9.227684821227322232e+01
1.083697263507197839e+01,8.514988123878350734e+01
1.208496602942758358e+01,6.847138807079006995e+01
3.164990434284402454e+01,9.982864962236602580e+00
1.320727781687682700e+01,5.732886890283188563e+01
1.000000000000000000e+01,1.000000000000000000e+02
4.316526942223290320e+01,5.366993731777645493e+00
2.314569903397409334e+01,1.866634965530797174e+01
2.451806063384147905e+01,1.663519019068500526e+01
1.409105715276537474e+01,5.036314555550522698e+01
4.678552470465626811e+01,4.568535363636803126e+00
5.946189081031307211e+01,2.828281090042621404e+00
2.645362116695616805e+01,1.428991811740787021e+01
2.078142755490665650e+01,2.315523776632827690e+01
1.470110177613643110e+01,4.627007799231817842e+01
2.712389393531676873e+01,1.359239306871432795e+01
3.563133844126673466e+01,7.876544434377102277e+00
1.000000000000000000e+02,1.000000000000000000e+00
1.296656605232489490e+01,5.947713583653396796e+01
8.322006235698400189e+01,1.443922640914159006e+00
4.409099074894733405e+01,5.143991999492135925e+00
1.807932828730750785e+01,3.059394054455786716e+01
1.381192616545495433e+01,5.241933460654318822e+01
2.572178656899788152e+01,1.511463762730226001e+01
2.448914428610368788e+01,1.667449846000163660e+01
2.658293552756222411e+01,1.415122786402477217e+01
2.662857344381902180e+01,1.410276269806347571e+01
3.310897146765734078e+01,9.122389697726967839e+00
2.278376534403148668e+01,1.926411232502352888e+01
1.110154015221509205e+01,8.113972509069272121e+01
2.006246676971269238e+01,2.484456168392395270e+01
3.706760874613032541e+01,7.277980025626900940e+00
3.950304983369421308e+01,6.408239679048642223e+00
3.398206617568160937e+01,8.659651955786870303e+00
3.736400329280568400e+01,7.162971062019440005e+00
4.719859475849821706e+01,4.488919970871627640e+00
1.135530839906152067e+01,7.755363039113517232e+01
3.304110436807907547e+01,9.159903332591913028e+00
7.168953132819301288e+01,1.945756624099723053e+00
1.374772431198793932e+01,5.291007425369012651e+01
1.268216874352274282e+01,6.217459215869757827e+01
1.055737510745342789e+01,8.971975832199196077e+01
1.044156140332955118e+01,9.172106873056277720e+01
5.727382998465748898e+01,3.048509466844877114e+00
1.074353986310497078e+01,8.663735815684501063e+01
1.100890320217897944e+01,8.251100819392104313e+01
3.210573644437673835e+01,9.701407060485408351e+00
1.072507242619562895e+01,8.693597570857292567e+01
2.368309307456982538e+01,1.782884282995850356e+01
4.065046133993767086e+01,6.051583673270508612e+00
2.135173706918142145e+01,2.193479472269629937e+01
2.631504111438125904e+01,1.444082131446765160e+01
2.754030568242639276e+01,1.318446425863022675e+01
4.585244862772091068e+01,4.756362365002879677e+00
2.607066586554222454e+01,1.471281428083367437e+01
4.790377316708754307e+01,4.357732380446612375e+00
1.027821012944117562e+01,9.465967641543879552e+01
1.125090512661492959e+01,7.899963322619780115e+01
1.451821798066780822e+01,4.744313450065156701e+01
1.696186367585354304e+01,3.475784667878070167e+01
1.191116341558839054e+01,7.048417714200817841e+01
2.904101830244041338e+01,1.185704092799865172e+01
4.304460798478294237e+01,5.397125116902522279e+00
1.289895998446388958e+01,6.010223317230238393e+01
4.366194320789696803e+01,5.245584401012695963e+00
2.554943211450444451e+01,1.531924976326610555e+01
3.653623483567739783e+01,7.491217731003900759e+00
7.510472904504908342e+01,1.772823225396070956e+00
3.436928646984208058e+01,8.465623856409550285e+00
2.537874792206613606e+01,1.552600121658497656e+01
1.008672740163714643e+01,9.828775876045817483e+01
1.405339438313083811e+01,5.063345139167451237e+01
1.274761725932353862e+01,6.153780041791318922e+01
2.986813493352324045e+01,1.120943674799342737e+01
4.372346889295184980e+01,5.230832090151682046e+00
3.778334134576114423e+01,7.004857039856186240e+00
2.740035114284629358e+01,1.331949450727269202e+01
1.116280605630022649e+01,8.025151527854781364e+01
1.489886000958482803e+01,4.504990930185763887e+01
1.110012385022339210e+01,8.116043219039927692e+01
1.178062246991585482e+01,7.205490053049220478e+01
2.463714087959785459e+01,1.647477098564022668e+01
1.022749301950906720e+01,9.560081980409823643e+01
2.892518850096453775e+01,1.195219319003384228e+01
2.624246190531458112e+01,1.452081020967621683e+01
6.040922742674175083e+01,2.740270509165483315e+00
3.968865586050043959e+01,6.348442907578098371e+00
1.103486661909157007e+01,8.212319245329007344e+01
3.827959305842842497e+01,6.824414161437683646e+00
3.303982107557681758e+01,9.160614902035629115e+00
3.228043402175130439e+01,9.596685652105406916e+00
2.348086927467994300e+01,1.813725916057099141e+01
1.359912013135636322e+01,5.407274032252816909e+01
3.567978288613888083e+01,7.855170101407153105e+00
1.075614607514555132e+01,8.643439905076621699e+01
1.612329836945357542e+01,3.846734550526877428e+01
1.212541056516738891e+01,6.801537464810895983e+01
3.710004639028780105e+01,7.265258892194553120e+00
1.073055003892901205e+01,8.684724212777172170e+01
5.666275573987783787e+01,3.114616755367310308e+00
2.796682929856055111e+01,1.278537694887192089e+01
3.459816728057870705e+01,8.353987319627027119e+00
3.091948089150149670e+01,1.046009459758593962e+01
1.210288063243239520e+01,6.826883630791391511e+01
3.883951127649591939e+01,6.629068199621443114e+00
2.615072847514478482e+01,1.462286320224631631e+01
2.530927875429983942e+01,1.561135004380689217e+01
4.582280655166498917e+01,4.762517992177598636e+00
1.226959738061275829e+01,6.642619503591558328e+01
3.068818856660343286e+01,1.061836113682400651e+01
1.904638145412789640e+01,2.756608202201481816e+01
4.625050746343894303e+01,4.674842628470340600e+00
4.196173619737187721e+01,5.679277657965686288e+00
2.095155885027524789e+01,2.278071326439624045e+01
7.952977683469801207e+01,1.581031316635302719e+00
3.959132260186440533e+01,6.379695927214592999e+00
5.565874917664945798e+01,3.227996949611696031e+00
3.001757194331145939e+01,1.109810628392573406e+01
4.384750726166544155e+01,5.201279387859090164e+00
2.976919056472491221e+01,1.128407457371632461e+01
1.339018805302270820e+01,5.577333926116995144e+01
9.170727617487969496e+01,1.189028901183159181e+00
1.034429953525167356e+01,9.345398490436851091e+01
3.132107707800314600e+01,1.019357736621782173e+01
1.876786838790087586e+01,2.839030783097511801e+01
1.384094211635358995e+01,5.219978271066490549e+01
3.819833560986183585e+01,6.853479527290961215e+00
2.846296861985737436e+01,1.234353668252007274e+01
6.305394842089850727e+01,2.515216802926578232e+00
1.131834534899565448e+01,7.806100129831018819e+01
1.345754640230255816e+01,5.521641779903560376e+01
5.667836679807396649e+01,3.112901258959337003e+00
9.285418050159708514e+01,1.159837315362954202e+00
1.415840264425209583e+01,4.988517295282743902e+01
2.848640781934037136e+01,1.232323201018828485e+01
1.117410543886220253e+01,8.008929484886135697e+01
2.623701465477200401e+01,1.452684036999973927e+01
6.623485037637421158e+01,2.279433259496685515e+00
3.047716407585646436e+01,1.076591369060822245e+01
1.346168361118432344e+01,5.518248344773671477e+01
2.672076116521293443e+01,1.400562034132948952e+01
1.022766909181763850e+01,9.559752824039910024e+01
1.362920610509427277e+01,5.383427662218506526e+01
3.526497521807547031e+01,8.041051322320283745e+00
2.532225083835432144e+01,1.559535937418587892e+01
4.151479324899145951e+01,5.802220661088995257e+00
1.061582740800824709e+01,8.873445815388708979e+01
5.105864313376851982e+01,3.835848634226983744e+00
2.153022987059986804e+01,2.157260873476240448e+01
2.947616533329326316e+01,1.150954174193583057e+01
1.181039106942551165e+01,7.169212334301749934e+01
1.024027539253692787e+01,9.536230226181825742e+01
4.752900893903273527e+01,4.426724383354217807e+00
3.860100194860996936e+01,6.711241158054658484e+00
5.757533864915244237e+01,3.016664397520694596e+00
3.325493666319890451e+01,9.042484020311722048e+00
4.400179844515733407e+01,5.164867032564909977e+00
3.536511437773735622e+01,7.995578029896384109e+00
3.254549317620681848e+01,9.441006269446438282e+00
5.322480074108712245e+01,3.529977291244012605e+00
3.656459862654092774e+01,7.479600104716793041e+00
1.103607923197345286e+01,8.210514652085447551e+01
2.621342811446499610e+01,1.455299429807368483e+01
2.970893804570394181e+01,1.132989131487535950e+01
2.952598311546727317e+01,1.147073550656276986e+01
1.157149086469823906e+01,7.468293314144143835e+01
1.574446641794785862e+01,4.034076281484920656e+01
1.967607146004085195e+01,2.582992931216393373e+01
1.619543697050054831e+01,3.812542200411790105e+01
5.246708344584681072e+01,3.632671725255766759e+00
1.071696870762395015e+01,8.706750003386466119e+01
5.174402899389009747e+01,3.734904631486952731e+00
2.579652150900891172e+01,1.502718744377982318e+01
1.554552525176398348e+01,4.137987733135343404e+01
2.671288527907005061e+01,1.401388024520244713e+01
1.077976163427208967e+01,8.605610482237473491e+01
1.343165181690962129e+01,5.542952405153028650e+01
1.114474905465278987e+01,8.051177698062078036e+01
1.264143578575966842e+01,6.257591290280227270e+01
7.595465643877579964e+01,1.733369668193140534e+00
1.235376765401085386e+01,6.552411170135049190e+01
1.104114683452800705e+01,8.202979551387410595e+01
3.777891721091223332e+01,7.006497756372763952e+00
1.376418351755478753e+01,5.278361021724690261e+01
2.830683725961584685e+01,1.248007811927755917e+01
1.026034202226002279e+01,9.498965800756990063e+01
1.218337748353341254e+01,6.736969780058640822e+01
3.344823781008474839e+01,8.938270948114533709e+00
4.650612013779900877e+01,4.623594959999074661e+00
2.866319714992179257e+01,1.217168595096626760e+01
1.092610140648300820e+01,8.376634113470566945e+01
1.590498919128703470e+01,3.953058518372015584e+01
1.169865386994795031e+01,7.306816768350233815e+01
5.309849708975160354e+01,3.546790546183173465e+00
1.865006396488426077e+01,2.875009927564418533e+01
4.253674400686200130e+01,5.526771543808356668e+00
1.571139577394401243e+01,4.051076668742789622e+01
1.049428667995795017e+01,9.080173608161584298e+01
7.837443258618559128e+01,1.627987930055115884e+00
2.295245052678018993e+01,1.898199611102893414e+01
2.384810914127776016e+01,1.758296448250288790e+01
1.692519200464963447e+01,3.490862891960218661e+01
3.531980953328839234e+01,8.016103097611265937e+00
6.887665685584887854e+01,2.107928529393654049e+00
4.573832428053182042e+01,4.780127728742657567e+00
2.477277669038265273e+01,1.629485965826309979e+01
3.672422882802790411e+01,7.414717863279406629e+00
1.334802196888316494e+01,5.612626913679347496e+01
3.587203188469581505e+01,7.771199284237201077e+00
2.854109570928468642e+01,1.227605190896426635e+01
3.648397269004053101e+01,7.512694971227053209e+00
2.716332235713971599e+01,1.355296212994756822e+01
1.322724741820536565e+01,5.715589709341983848e+01
2.342010258108077281e+01,1.823150051542910433e+01
4.166425251216395509e+01,5.760667523450520022e+00
7.296882126077586861e+01,1.878128653788708968e+00
2.373534334888388386e+01,1.775043346729470173e+01
4.870041650878960837e+01,4.216330528592157734e+00
2.333154239322585610e+01,1.837016681928379214e+01
2.408957344892581887e+01,1.723224179673918854e+01
3.117472504948077372e+01,1.028951101273975688e+01
4.743037497874929187e+01,4.445154739425013268e+00
3.013758710956810560e+01,1.100989158975624704e+01
2.349101460870977220e+01,1.812159625109761052e+01
2.727895936487271555e+01,1.343830216866324356e+01
1.382299699830458017e+01,5.233540298154463954e+01
4.479444497650053592e+01,4.983697575799223678e+00
8.640490656936879077e+01,1.339439771518655231e+00
2.782520927930928423e+01,1.291585382109823854e+01
1.463844977633181799e+01,4.666699386515960413e+01
1.170428537252517209e+01,7.299787128024152594e+01
3.293164460441170860e+01,9.220896773927716339e+00
1.746832103635799172e+01,3.277160187850488171e+01
3.223482268646217364e+01,9.623862927442965898e+00
3.281564733440222170e+01,9.286200332280834857e+00
7.291061185473228079e+01,1.881128721714370844e+00
2.271144052233993449e+01,1.938700122188897979e+01
3.246797321068922315e+01,9.486142451585953594e+00
1.434272590054405683e+01,4.861122913488951269e+01
2.115940848169504918e+01,2.233535988845017073e+01
4.287846338497860188e+01,5.439031490656748069e+00
2.595630571095465555e+01,1.484274542785655981e+01
2.164754909784276293e+01,2.133941617347342046e+01
1.177762987239544046e+01,7.209152228105786264e+01
8.009210964033523794e+01,1.558908171651924635e+00
3.287647221343368642e+01,9.251871252850113692e+00
4.678267833900678596e+01,4.569091300927157207e+00
3.229326171407003443e+01,9.589063078575886578e+00
1.175578468491995032e+01,7.235969936953593162e+01
5.274523894461204065e+01,3.594458483467178667e+00
2.376099506196542421e+01,1.771212840095572361e+01
2.253578150302939065e+01,1.969040973738096056e+01
1.161891988677596288e+01,7.407445852856986335e+01
3.349833204003451925e+01,8.911557916123971523e+00
6.091893585549223644e+01,2.694606687167711012e+00
1.567001853278060786e+01,4.072498938584465833e+01
1.383254690552987043e+01,5.226316383171446489e+01
1.345034122542398869e+01,5.527559111072732634e+01
2.867019420892046000e+01,1.216574559272773115e+01
1.126842193674691472e+01,7.875421359154081813e+01
6.548414806015676959e+01,2.331995115592460532e+00
2.820159573459473279e+01,1.257339717492859421e+01
1.486080083939018515e+01,4.528095441427245049e+01
2.566610563084291741e+01,1.518028919985737701e+01
5.257888673817491565e+01,3.617239186731424638e+00
2.773302429605882580e+01,1.300186150787873807e+01
1.150059656452009271e+01,7.560652232296581587e+01
4.965706200352146027e+01,4.055439797578202388e+00
9.027720334602865648e+01,1.226997863089513752e+00
2.305995040618184788e+01,1.880542973041137245e+01
1.308113218497552133e+01,5.843988215929411467e+01
1.026040120513923526e+01,9.498856219364792253e+01
4.260128009299727125e+01,5.510039368544379812e+00
2.179587579432444855e+01,2.104996370027207675e+01
3.553497179219667146e+01,7.919322878447261793e+00
2.434173937542723465e+01,1.687705958440011500e+01
3.072643896714125944e+01,1.059194064852383477e+01
3.644980919256703089e+01,7.526784494428214956e+00
3.483593646866540183e+01,8.240337895132130441e+00
1.210104372158569142e+01,6.828956398840068687e+01
2.868566328503665730e+01,1.215262809217497519e+01
4.791019288238768326e+01,4.356564631987464686e+00
2.057466560567611680e+01,2.362296622665785506e+01
3.364442315752673807e+01,8.834334247362729542e+00
1.142021640159032536e+01,7.667456718440877239e+01
3.061899129545616205e+01,1.066640921708004264e+01
1.283318473997794840e+01,6.071990838437614713e+01
2.559963882692947479e+01,1.525921962346313876e+01
3.810334794363979682e+01,6.887692135553481698e+00
5.055771383863221047e+01,3.912236901342839968e+00
1.442465534189736864e+01,4.806059131797745465e+01
1.297216912745664885e+01,5.942576695813355059e+01
4.112982914889676067e+01,5.911343400799139225e+00
3.624744127869707455e+01,7.611062531491582739e+00
5.212441004521969035e+01,3.680592144327262005e+00
1.036790331321607894e+01,9.302895081942118338e+01
2.369695020250809492e+01,1.780799758877247285e+01
2.564120055477878068e+01,1.520979248794490779e+01
6.358250419221994321e+01,2.473573063129402172e+00
4.028918679878905351e+01,6.160599790382334184e+00
1.106017471243414718e+01,8.174779087437237024e+01
1.340285799991810656e+01,5.566794215186547490e+01
4.166134880543588537e+01,5.761470563796249778e+00
6.413142341576617866e+01,2.431410239705634080e+00
2.700506135942239183e+01,1.371227969659970292e+01
2.147232927385468315e+01,2.168910759904668950e+01
3.328956203910464495e+01,9.023683137538542454e+00
1.104775927758679366e+01,8.193162990198378282e+01
1.172042406198057485e+01,7.279697771681179574e+01
3.358645580841455569e+01,8.864855173020494306e+00
4.626424990859551656e+01,4.672065787734706710e+00
4.733961485683526149e+01,4.462215694828309154e+00
3.296860522047961695e+01,9.200233540852268632e+00
3.252863829164354570e+01,9.450792618058319050e+00
1.292034853481905010e+01,5.990340949213123878e+01
1.056189095941991418e+01,8.964305339612819523e+01
3.390284950482730153e+01,8.700167147995248484e+00
4.147637919871311851e+01,5.812973287798343769e+00
4.669990092433130968e+01,4.585303445303640757e+00
1.359932092228521761e+01,5.407114359050541452e+01
1.157424216090233315e+01,7.464743181944717776e+01
1.162536749822213800e+01,7.399231559698563387e+01
2.796312904876620209e+01,1.278876084903953547e+01
2.488993719221831569e+01,1.614181622679659256e+01
4.095955010040629674e+01,5.960595417711381572e+00
1.071131153158437499e+01,8.715949366980066770e+01
9.160623902269628616e+01,1.191653227809980731e+00
2.546380746677574436e+01,1.542244805658076778e+01
2.630429208568287791e+01,1.445262596732731275e+01
4.198646493680136160e+01,5.672589787494472624e+00
3.921919385026386351e+01,6.501336947464626093e+00
5.335104442367616429e+01,3.513291204385414090e+00
1.191922808431117531e+01,7.038882881381080381e+01
1.367394853793052789e+01,5.348255147235249041e+01
3.043097834546985681e+01,1.079861779303995029e+01
3.087030653416196913e+01,1.049344561769504480e+01
2.090139840657122150e+01,2.289018554105364345e+01
5.393349276759872879e+01,3.437818206253849596e+00
1.063797435302613081e+01,8.836537444448350698e+01
2.227739435848542371e+01,2.014982201061735978e+01
4.127435983413010945e+01,5.870016308701369923e+00
3.907944254240828741e+01,6.547918722598552677e+00
3.197102536041512266e+01,9.783333764712605074e+00
3.310090578640927106e+01,9.126835935687326540e+00
1.172745557259197646e+01,7.270970912481159587e+01
1.296928374405327666e+01,5.945221177942641333e+01
1.053851218131720557e+01,9.004122528838401252e+01
1.844762967450854418e+01,2.938453728680295285e+01
4.298253263805242597e+01,5.412725423181126594e+00
2.640532976429414802e+01,1.434223416290008224e+01
1.259151151548205227e+01,6.307311295607107127e+01
1.089181527574215558e+01,8.429454401814696496e+01
1.176508108097055505e+01,7.224539184342451392e+01
2.284143710076538625e+01,1.916695621061500177e+01
1.269036386807266403e+01,6.209431644534728889e+01
4.322406707459499131e+01,5.352402231230043661e+00
3.359364263263716310e+01,8.861062589900051023e+00
3.165752969273155415e+01,9.978056395611163865e+00
8.335650091121203786e+01,1.439199662277931280e+00
3.514301119115499006e+01,8.096961203811531504e+00
2.090104353988949626e+01,2.289096282598959320e+01
5.135792078377984637e+01,3.791273662003483924e+00
2.395963195980813865e+01,1.741966162869316648e+01
2.627149274886322416e+01,1.448873601735523486e+01
2.813356329982644155e+01,1.263428054575929238e+01
3.134365458941109139e+01,1.017889734738398921e+01
1.234246387252892596e+01,6.564418649640282410e+01
2.542732981534894421e+01,1.546672940416114095e+01
3.343891781746158642e+01,8.943254137400684201e+00
1.184994233408636610e+01,7.121435188197723676e+01
1.208793086618148749e+01,6.843780389592373581e+01
3.689873076670068741e+01,7.344752144022797857e+00
4.413077043794643117e+01,5.134722540821380576e+00
4.293542725671780858e+01,5.424608773464564493e+00
5.069379244902724224e+01,3.891261661338343725e+00
4.998838040730166909e+01,4.001859783104285029e+00
3.361994405383214257e+01,8.847203710401426946e+00
4.925474560483674935e+01,4.121960629476555837e+00
1.113686596234738069e+01,8.062579584329952809e+01
2.201739547854236179e+01,2.062852203555197050e+01
2.478800109874115876e+01,1.627484970156988098e+01
1.191843197073797000e+01,7.039823263030650935e+01
7.373274065096467211e+01,1.839412976956628754e+00
2.931163180571854099e+01,1.163911626973415991e+01
2.387370237463282763e+01,1.754528589394561422e+01
2.652892484038322252e+01,1.420890796900276243e+01
1.216792665967433251e+01,6.754089840711554871e+01
1.331894832947569718e+01,5.637157017323738017e+01
1.003972241919832520e+01,9.921026028095278093e+01
2.216575603082976897e+01,2.035330320370131219e+01
1.386095055837721013e+01,5.204918950370208108e+01
1.335967847620452176e+01,5.602836994661353032e+01
2.944940941223272901e+01,1.153046496504401475e+01
1.473364124890332327e+01,4.606592732207427332e+01
2.555159898428649612e+01,1.531665161573767620e+01
2.379730711953246214e+01,1.765811614448612232e+01
1.069910465398622001e+01,8.735849204324071593e+01
5.985460668209348256e+01,2.791289213983004558e+00
4.574695465998942012e+01,4.778324311441966010e+00
2.065810549789063444e+01,2.343252116982987587e+01
1.010999543517179511e+01,9.783586317401730525e+01
1.030140470375164163e+01,9.423388611344397248e+01
4.978663876592715809e+01,4.034357557839475916e+00
1.187562574182928365e+01,7.090665450951549076e+01
3.502416712651534425e+01,8.152003676349574235e+00
3.669252559672247571e+01,7.427536390484633877e+00
1.143553476047449635e+01,7.646928743179736898e+01
8.176023733625072509e+01,1.495945298025148418e+00
1.870337425314225044e+01,2.858643984571280683e+01
3.339374362517520467e+01,8.967466909102840944e+00
4.781707356862477809e+01,4.373549164539028311e+00
2.367514111254704190e+01,1.784082147793021988e+01
4.049652759626483345e+01,6.097677175938941652e+00
5.066757371256110787e+01,3.895289892946760535e+00
4.158623080393945060e+01,5.782303470487334174e+00
2.740294960302380289e+01,1.331696860873814892e+01
4.197521389461318364e+01,5.675631158560635825e+00
2.361204013109571420e+01,1.793630476537030916e+01
1.291570227886521316e+01,5.994651618957288974e+01
1.451246585187841021e+01,4.748075086515249410e+01
4.535712787815172931e+01,4.860812932141850951e+00
2.406472027049845863e+01,1.726785385699031394e+01
1.313559275443108376e+01,5.795629963681180641e+01
2.427813625278101028e+01,1.696560342927551446e+01
1.332837961560168694e+01,5.629182029808696086e+01
1.256815171771593320e+01,6.330779255586919874e+01
2.234853417318439739e+01,2.002174442773214125e+01
1.004399764128136141e+01,9.912582066994768581e+01
4.017789530731289460e+01,6.194776389720787257e+00
3.035877786510995691e+01,1.085004229446900403e+01
1.207327946489392012e+01,6.860400863672471417e+01
1.562354097009530385e+01,4.096765059028430045e+01
2.560763995457450193e+01,1.524968560232901460e+01
1.963179298456594779e+01,2.594657680138610445e+01
2.127342893096646392e+01,2.209657723040382038e+01
1.218499090618684200e+01,6.735185804983369451e+01
2.529242089981116948e+01,1.563216747156650044e+01
2.098477375297530401e+01,2.270865527037754816e+01
3.849347873138031417e+01,6.748786326819889325e+00
3.146156952135758189e+01,1.010274127463824279e+01
2.668871516577097580e+01,1.403927453244559231e+01
5.436737320888226321e+01,3.383165935773231769e+00
1.308257048257595301e+01,5.842703310612882461e+01
1.597204381424796260e+01,3.919936341297351845e+01
4.445834378481414717e+01,5.059335041290195178e+00
1.016843421526318281e+01,9.671455399752753124e+01
8.936055505823463818e+01,1.252299723162183076e+00
2.600908969455378639e+01,1.478256152698072334e+01
2.266107040700639530e+01,1.947328229870810290e+01
1.084607919947734445e+01,8.500695450299014055e+01
8.401844045384224557e+01,1.416611516598784482e+00
4.329445757173711229e+01,5.335011923186621097e+00
4.513562564534890953e+01,4.908638692743911847e+00
3.260829091931355350e+01,9.404677901103134730e+00
5.163827824147222145e+01,3.750217822387106104e+00
1.189435784619515601e+01,7.068349240658564270e+01
1.172392195744291676e+01,7.275354545363120451e+01
3.983817427344605022e+01,6.300879088895973368e+00
2.835960458921655558e+01,1.243367918331668598e+01
4.464430277470709996e+01,5.017275054397550171e+00
7.957185198612350518e+01,1.579359757083381943e+00
2.515967993291188520e+01,1.579755136317277753e+01
1.179839715561622526e+01,7.183795776375296782e+01
3.326585802604758868e+01,9.036547601184697243e+00
2.004192948711460431e+01,2.489550500353307427e+01
4.695682762301576929e+01,4.535263272035710891e+00
1.197684150451486218e+01,6.971326050804547947e+01
3.054924872463321250e+01,1.071516668116047555e+01
8.307583322373872647e+01,1.448940622214661467e+00
2.962930275406939629e+01,1.139087632805164496e+01
2.217840228514710077e+01,2.033009867691035666e+01
2.555823815919282538e+01,1.530869514232172612e+01
1.722223233559733657e+01,3.371484073636218426e+01
3.695035498293115239e+01,7.324243426238211896e+00
1.168036561647157612e+01,7.329715628659722881e+01
1.217411759993595766e+01,6.747222232535273179e+01
3.592286517206454022e+01,7.749221298714358497e+00
2.367990514523441448e+01,1.783364360230946133e+01
1.038878686520129513e+01,9.265531292088947168e+01
1.965600854693652622e+01,2.588268550646481359e+01
1.813264914127403671e+01,3.041427605859238881e+01
2.223375215717124220e+01,2.022900303628788876e+01
2.196301955002168782e+01,2.073079245246620417e+01
1.209384061564363577e+01,6.837093490554656228e+01
4.385927455386358531e+01,5.198488791596757252e+00
5.748368680000495345e+01,3.026291590816690746e+00
2.118703823973459066e+01,2.227714333238882460e+01
8.678385378067372358e+01,1.327767812726130314e+00
3.636864799649777069e+01,7.560415904811301324e+00
9.393448788478980305e+01,1.133312962100677446e+00
4.570130826476475505e+01,4.787874243989584500e+00
2.489480836585276791e+01,1.613549989804847939e+01
5.397939519213985449e+01,3.431973861599312947e+00
1.085031013747501838e+01,8.494067270512422851e+01
2.465425592003227351e+01,1.645190527826429872e+01
2.132821309265807841e+01,2.198320741922324828e+01
1.622299789942338322e+01,3.799599099702071925e+01
1.193005149941402365e+01,7.026116768447239735e+01
4.141922814820894416e+01,5.829026060623617056e+00
1.124030585741956756e+01,7.914869201195259052e+01
2.085012081452632771e+01,2.300291360988533640e+01
4.975484349824908747e+01,4.039515426110929397e+00
1.202287073964833830e+01,6.918049164855466415e+01
2.836803296575873645e+01,1.242629198362960530e+01
1.402384303418937250e+01,5.084706805733014079e+01
1.413069853088708960e+01,5.008097067028303684e+01
1.257802054442317008e+01,6.320848781546543904e+01
1.502089807822357415e+01,4.432086230374879676e+01
3.961262225569085160e+01,6.372837063834376536e+00
2.203572636320953748e+01,2.059421576667076437e+01
2.718069333257193776e+01,1.353564447442408358e+01
4.404627067940251806e+01,5.154442666745633339e+00
3.037491750765826382e+01,1.083851506773446438e+01
1.244901845451662936e+01,6.452526227886762911e+01
3.171456424093715043e+01,9.942200174274116620e+00
1.988805032709264609e+01,2.528224173048222312e+01
1.767770407436414004e+01,3.199987493519183701e+01
3.672610273585160456e+01,7.413961227409875399e+00
1.015259532007447163e+01,9.701655492316913865e+01
2.328328863177853947e+01,1.844638871456151108e+01
5.711204277765404669e+01,3.065805588344502119e+00
2.556777162058303432e+01,1.529728095676093069e+01
4.545729320536077012e+01,4.839414892042023020e+00
4.659944763030481596e+01,4.605093606786772042e+00
2.122997691863609404e+01,2.218712121205564358e+01
5.775952511420494062e+01,2.997455692388733883e+00
1.061099081820661638e+01,8.881536859723392752e+01
8.518967837010212918e+01,1.377926469364728179e+00
1.266452779464212774e+01,6.234792395946673338e+01
3.332420697357065364e+01,9.004930258968709467e+00
4.155292011963268095e+01,5.791577893960815793e+00
2.521527745175697177e+01,1.572796368021599811e+01
1.846556628632530916e+01,2.932747940404293630e+01
1.398314561104066200e+01,5.114347575805836499e+01
3.593081099692648905e+01,7.745794315284675768e+00
1.168827028153299530e+01,7.319804948316458137e+01
2.461557674798005024e+01,1.650364861427608432e+01
1.177825906069899276e+01,7.208382030560628095e+01
3.130007895546283692e+01,1.020725897928520354e+01
2.228212720307090322e+01,2.014126305688667173e+01
2.925021833085524037e+01,1.168804232959788614e+01
2.396423822301117923e+01,1.741296566497931053e+01
3.284739507174907658e+01,9.268258369125419449e+00
4.714171266290755113e+01,4.499759340467056390e+00
1.538485426547514301e+01,4.224868797743602045e+01
1.384287323857299690e+01,5.218521967490452340e+01
5.797301862796847161e+01,2.975419268026424202e+00
1.480736240995711128e+01,4.560837388801871839e+01
1.224712911949207239e+01,6.667014610624994475e+01
1.799416118669138243e+01,3.088423064305987253e+01
1.364674487237680367e+01,5.369599014803085879e+01
1.931331097008295927e+01,2.680936536705889139e+01
2.327757941428760446e+01,1.845543839780286532e+01
1.258552121233314303e+01,6.313316878968176127e+01
1.277603196785702089e+01,6.126437683977516002e+01
1.582419351975373800e+01,3.993528877012083456e+01
8.886738872578125381e+01,1.266237472944061526e+00
1.191598858459880894e+01,7.042710605529052259e+01
1.200700837103476637e+01,6.936340004451146513e+01
5.539054666375517400e+01,3.259332726375954614e+00
4.191039007620546641e+01,5.693202009859041901e+00
4.135247284655961408e+01,5.847860845734383695e+00
3.568510228920690963e+01,7.852828412639109246e+00
2.257045201815487090e+01,1.962996324586931607e+01
2.343423828070912762e+01,1.820951240690116180e+01
1.054441837081762223e+01,8.994038490375790218e+01
3.490819987623476095e+01,8.206256587466343788e+00
1.601845954406391570e+01,3.897252125304811443e+01
2.950264545508829883e+01,1.148889021815991995e+01
9.791192656729138832e+01,1.043106875189161897e+00
2.136673704505087912e+01,2.190400800029815187e+01
3.833946801842341046e+01,6.803115354721539276e+00
1.196645476626054716e+01,6.983433356703605455e+01
1.931392240933069360e+01,2.680766793467083886e+01
4.516501144333717122e+01,4.902253336670576722e+00
1.217863022331532541e+01,6.742222978719102855e+01
1.094913749667015956e+01,8.341423685658291731e+01
1.076595273950577791e+01,8.627700525417284894e+01
2.044273880863297777e+01,2.392885072110458822e+01
1.539288508453182303e+01,4.220461527000097846e+01
1.211993806234346671e+01,6.807681033543481419e+01
3.138058094480611260e+01,1.015495588920473580e+01
2.787924257481695278e+01,1.286583740827023092e+01
3.879244866921320067e+01,6.645162593777022231e+00
1.755319667328089395e+01,3.245544455829510611e+01
1.242478426316641205e+01,6.477721716409263308e+01
1.408020053242530523e+01,5.044084108912036868e+01
1.203886314059941576e+01,6.899681528261902486e+01
4.441802838650099972e+01,5.068523277672884575e+00
1.969311195999801711e+01,2.578524724498745258e+01
2.117077402494594907e+01,2.231138482189541605e+01
4.387123997633501205e+01,5.195653511255948764e+00
3.165224074993772163e+01,9.981391248203733468e+00
2.786069728611829532e+01,1.288297122786656601e+01
2.043867183351533612e+01,2.393837460050841059e+01
1.807642471236550108e+01,3.060376980393640878e+01
2.139656549825421905e+01,2.184297883570476984e+01
3.647130136985383331e+01,7.517916188837968861e+00
1.079949549744759985e+01,8.574189239929435757e+01
1.235321682695038881e+01,6.552995524138070493e+01
4.921158115364782049e+01,4.129194707055347635e+00
3.184559439610063691e+01,9.860553215621882472e+00
1.059566505409303439e+01,8.907248276376586205e+01
4.967865422399403741e+01,4.051915268910726731e+00
3.115141682928526379e+01,1.030491447981079745e+01
2.134172392473488244e+01,2.195538235595287446e+01
3.348732553642471999e+01,8.917416921699594212e+00
1.109796556939673273e+01,8.119200266814449662e+01
2.296481622304358083e+01,1.896155942208559608e+01
5.721471639131329567e+01,3.054812091585780376e+00
3.061520832419079952e+01,1.066904537177256351e+01
7.374511763935856834e+01,1.838795594184700510e+00
6.822878949184836017e+01,2.148150316186107744e+00
4.566713619768369625e+01,4.795042320973078809e+00
3.743767969074189494e+01,7.134805715265780890e+00
1.498290195649173029e+01,4.454593968777427904e+01
3.732353302662589556e+01,7.178513240683550123e+00
1.486515911777335930e+01,4.525440668970449565e+01
1.070231402307788748e+01,8.730610643650857128e+01
1.960608880495697193e+01,2.601465490338165765e+01
1.039826115363489478e+01,9.248654561896506721e+01
3.791116191270074864e+01,6.957701777108476371e+00
1.643164260331875681e+01,3.703719085891045637e+01
1.246535274667408011e+01,6.435626843555466792e+01
1.086555147525908183e+01,8.470254369726630728e+01
3.498418340510826852e+01,8.170648313795245699e+00
1.309251002681327414e+01,5.833835375629178088e+01
1.029766482914096315e+01,9.430234569528737154e+01
1.243449551841564116e+01,6.467607555519280993e+01
1.112496659515347552e+01,8.079836427866912629e+01
1.036250885925399778e+01,9.312583295901016811e+01
1.314424458709033239e+01,5.788002850884929273e+01
1.269050194587147828e+01,6.209296523009563629e+01
2.079682771850606926e+01,2.312095730542830907e+01
1.631272491758817011e+01,3.757915190083740953e+01
2.626664479407422803e+01,1.449408479484640111e+01
4.741609305015817455e+01,4.447832941677197560e+00
6.739352902198649531e+01,2.201727682748408910e+00
1.896144091276444499e+01,2.781360777040498888e+01
3.991880621300349929e+01,6.275450523107224399e+00
1.190119965325486717e+01,7.060224617532796287e+01
1.356277958645842396e+01,5.436289698559198769e+01
3.482825771821421768e+01,8.243971868106957146e+00
1.143784270632031941e+01,7.643843035972828659e+01
2.613362116449998851e+01,1.464201399191837005e+01
1.181056197568525512e+01,7.169004849780230870e+01
1.257990826291947428e+01,6.318951933388051856e+01
1.203048945412593262e+01,6.909289761940404162e+01
2.433648780213420082e+01,1.688434417525463616e+01
3.763834905476929293e+01,7.058929897177685930e+00
2.264658576627581255e+01,1.949820028891123513e+01
3.151132424285376743e+01,1.007086306866441028e+01
1.255510133005990703e+01,6.343947140171856347e+01
2.480648849156589009e+01,1.625060060865263978e+01
1.951664985334430469e+01,2.625363595970742026e+01
1.659445565196591588e+01,3.631399072978188514e+01
8.475779013561017905e+01,1.392004855280693842e+00
4.899069643177924149e+01,4.166513309688455458e+00
1.281377766216728631e+01,6.090397406527745261e+01
2.130815570419288818e+01,2.202461252804260283e+01
2.885968064129589550e+01,1.200651473416107429e+01
2.350561426564440026e+01,1.809909210194805240e+01
3.741265648717379833e+01,7.144353040625722073e+00
7.688096137484663473e+01,1.691852078075435140e+00
7.889280800834363561e+01,1.606664403989007672e+00
7.410837346032278106e+01,1.820813384501549059e+00
3.364619926074861667e+01,8.833401584789989158e+00
2.069387775025172971e+01,2.335157843221049490e+01
9.158798166025086118e+01,1.192128369045441172e+00
1.827303258376513639e+01,2.994875290928132117e+01
3.695600008951399218e+01,7.322006010022972688e+00
1.453403278894625394e+01,4.733994278837633374e+01
2.571988338064982571e+01,1.511687457885350128e+01
3.163133742671572080e+01,9.994587856688200489e+00
2.774323153134463738e+01,1.299229602913121973e+01
3.235230991637996567e+01,9.554091837306962987e+00
3.482385543849104437e+01,8.246056333694784968e+00
2.089948254152943363e+01,2.289438244078761997e+01
1.109544060717697356e+01,8.122896020286223973e+01
3.718802194188524624e+01,7.230924765774254581e+00
2.568524948974333455e+01,1.515766913417103012e+01
2.923293602540940128e+01,1.170186619093203362e+01
3.311647962693495373e+01,9.118253715199211129e+00
2.719228645963142199e+01,1.352410539360285568e+01
2.456690568079131864e+01,1.656910625767330814e+01
1.215142403064345267e+01,6.772447512185752316e+01
1.678012626371248928e+01,3.551481454806967264e+01
2.725847887916108903e+01,1.345850332150730821e+01
3.861233214005746106e+01,6.707303116158287892e+00
4.103821302664788107e+01,5.937766524074477026e+00
2.234686896202093465e+01,2.002472844080318382e+01
3.603365849555618894e+01,7.701641224964719257e+00
1.106555189531522210e+01,8.166836130356902856e+01
6.521515262334310137e+01,2.351272529981189852e+00
1.173186860639633267e+01,7.265501876540096760e+01
5.825258773054927985e+01,2.946928200711603996e+00
2.994893970264052641e+01,1.114903033445574110e+01
1.173187211342193415e+01,7.265497532766649158e+01
1.209720120843303981e+01,6.833295340017785691e+01
2.431941387374788732e+01,1.690806047712618110e+01
2.109676627410354754e+01,2.246819668876813836e+01
1.205295596390669743e+01,6.883556165033471075e+01
5.329922538001050469e+01,3.520125971261719666e+00
2.519961294320440715e+01,1.574752329776153914e+01
3.231777234352267669e+01,9.574523410339100593e+00
1.837014834070289737e+01,2.963293534297657317e+01
1.130648261631997720e+01,7.822489003532302831e+01
2.850412099293869161e+01,1.230792083995327069e+01
1.382976855909192793e+01,5.228416487161227622e+01
2.144121208901448483e+01,2.175210718175842928e+01
2.705104550664805529e+01,1.366570023603862261e+01
1.148619720799032962e+01,7.579620523566762813e+01
5.645616671896348038e+01,3.137452981696454035e+00
1.339413738311520774e+01,5.574045399990549754e+01
2.256731247742380830e+01,1.963542542539174818e+01
1.211306598944022284e+01,6.815407591131413767e+01
3.783542532733614649e+01,6.985584639814751640e+00
1.130063479191263376e+01,7.830587022599296176e+01
5.116284217029242143e+01,3.820240247131360345e+00
2.921403600383949239e+01,1.171701213412927700e+01
3.436972302253329303e+01,8.465408802747107941e+00
1.941875638071298837e+01,2.651900183701009794e+01
1.500458731328513728e+01,4.441727283082334310e+01
1.252357930871009906e+01,6.375922935742723752e+01
6.967213166790475043e+01,2.060069173379963647e+00
1.118148540838305927e+01,7.998360915868890686e+01
6.335275215761200229e+01,2.491546676732859122e+00
5.593421289750303060e+01,3.196280886865454640e+00
1.408511124648956425e+01,5.040567525144330574e+01
3.650027829147259695e+01,7.505984247150162325e+00
2.103591529631838597e+01,2.259837302742721832e+01
2.319041106923902262e+01,1.859444011472627878e+01
1.051378155197169306e+01,9.046531534213961834e+01
1.847164194972154050e+01,2.930818988017485083e+01
1.996116670246113145e+01,2.509736673233486570e+01
3.037911687787830672e+01,1.083551881265737471e+01
1.064252650335922823e+01,8.828979719495802669e+01
2.396245453894621491e+01,1.741555808599376931e+01
2.767097271389815916e+01,1.306023969981786514e+01
3.674783322167574795e+01,7.405195467358610451e+00
3.952522185029874890e+01,6.401052180109674694e+00
1.278210407549244820e+01,6.120618367714441632e+01
2.223470978852600055e+01,2.022726057950743339e+01
2.391373979641943848e+01,1.748658491564189532e+01
1.120800406096510393e+01,7.960556713225642511e+01
1.255714568495819883e+01,6.341881667012606982e+01
4.901171192578439673e+01,4.162940997702506252e+00
7.470807750507688638e+01,1.791698287799571965e+00
1.095403218332160122e+01,8.333970807563478900e+01
1.148760569257717279e+01,7.577761977148365702e+01
1.347492360515316001e+01,5.507409592279822164e+01
2.900137782880783988e+01,1.188947662419916895e+01
1.586241312346383658e+01,3.974307688933337346e+01
4.536196030093685039e+01,4.859777339683329700e+00
1.803639671535102451e+01,3.073975782297772952e+01
3.430058448614622790e+01,8.499570077486882980e+00
1.582222126597773482e+01,3.994524532826237362e+01
9.534158403962476314e+01,1.100107875268755864e+00
3.246073558505717926e+01,9.490373089038149246e+00
1.162509131784779903e+01,7.399583134883712887e+01
2.634261244217328013e+01,1.441060834626125775e+01
2.181973633073372554e+01,2.100395133810490478e+01
1.361367599460610300e+01,5.395717203076410584e+01
4.003878435491002108e+01,6.237897493979586372e+00
8.093414561291095310e+01,1.526639261380034363e+00
1.143830839854929060e+01,7.643220635227187643e+01
1.272330209327907014e+01,6.177323169127592450e+01
4.161182735536554134e+01,5.775191958400493597e+00
3.725025755434338492e+01,7.206782914083482261e+00
2.506079597298924355e+01,1.592246410129249767e+01
1.246661673377774271e+01,6.434321896571374566e+01
4.937151245841275227e+01,4.102486273255687266e+00
5.511190717415369988e+01,3.292373667182107777e+00
1.559102989751557189e+01,4.113868367018839933e+01
4.910825691557789696e+01,4.146588716017582499e+00
6.009388173144427725e+01,2.769105384652275070e+00
1.159687465510050686e+01,7.435635184443400192e+01
1.209440176490400987e+01,6.836459058025457125e+01
2.356560809577270277e+01,1.800705529279112227e+01
2.069974770830824795e+01,2.333833640118822927e+01
3.278926169634409149e+01,9.301151623856046768e+00
1.183227431662659335e+01,7.142718599426979154e+01
1.027681899019022538e+01,9.468530568931009839e+01
2.428137343498141831e+01,1.696108003700677003e+01
3.899154156716166142e+01,6.577474733346272195e+00
2.994790563221076241e+01,1.114980027688652520e+01
1.902707055325137375e+01,2.762206499735839316e+01
1.084030459642559485e+01,8.509754460775614859e+01
1.321543711722419978e+01,5.725810029251020694e+01
1.072466569298107331e+01,8.694256993171842396e+01
1.268343995101450083e+01,6.216212979093424451e+01
1.228386152935061482e+01,6.627201501805495809e+01
2.324210879893617943e+01,1.851181239433939751e+01
4.558252678723809481e+01,4.812859772704133121e+00
5.431694494704468212e+01,3.389450765463545512e+00
6.305642255326600321e+01,2.515019428671379398e+00
1.041764897987212102e+01,9.214262070127152526e+01
5.070911904175258655e+01,3.888909785743735359e+00
1.543909802989212032e+01,4.195233620973471034e+01
1.779560248282816204e+01,3.157727200532505307e+01
1.260281314632948124e+01,6.296004146728682116e+01
2.371056098753226848e+01,1.778755848916583560e+01
1.498456324240266824e+01,4.453606293146990680e+01
3.021199260811187415e+01,1.095572848089964602e+01
3.132530299615513414e+01,1.019082723684289071e+01
1.302876654114644772e+01,5.891059317514798721e+01
1.219513044662218704e+01,6.723990631823424735e+01
2.966886872582725587e+01,1.136051517220755436e+01
4.758549583934042460e+01,4.416221034758812003e+00
2.962350324972181070e+01,1.139533683380466655e+01
2.001832945855936075e+01,2.495423927091012928e+01
2.224101568863810385e+01,2.021579230804588079e+01
1.000112410835474641e+01,9.997752162319576996e+01
3.515720894195906965e+01,8.090422833521285995e+00
1.146761754939506694e+01,7.604201190594639570e+01
3.232606204757126278e+01,9.569613453256573976e+00
2.784681151825708056e+01,1.289582257706381441e+01
4.169949627676690795e+01,5.750933985619806066e+00
1.303849956240508412e+01,5.882267446265534971e+01
2.772286997615180226e+01,1.301138788377635436e+01
1.213126768254295840e+01,6.794971327235377601e+01
1.330996305919226508e+01,5.644770633685381256e+01
2.789586215894484056e+01,1.285051175384236366e+01
2.694622038287020516e+01,1.377223058002156186e+01
2.311283169947673954e+01,1.871947593473466043e+01
1.083888559631689752e+01,8.511982758663717163e+01
1.084204801052847955e+01,8.507017923711886453e+01
2.407925646092145655e+01,1.724701159820715546e+01
1.707582306436654207e+01,3.429546595740657722e+01
2.139799851621971527e+01,2.184005329732365297e+01
5.555500337025211621e+01,3.240064407854048589e+00
1.415450699826626391e+01,4.991263582617484218e+01
4.380417937362943093e+01,5.211573926381065647e+00
1.230908594554147939e+01,6.600067723445414458e+01
5.376999302546113313e+01,3.458756909327732387e+00
1.474658350798163475e+01,4.598510378201064697e+01
2.457083699102757279e+01,1.656380459977473762e+01
2.575592466344098952e+01,1.507459690048835199e+01
1.044018785028120178e+01,9.174520470260154070e+01
2.593829542228470686e+01,1.486336474251763207e+01
2.078382190515996797e+01,2.314990298659935419e+01
1.082573853383507689e+01,8.532669665256656799e+01
1.241802361747405570e+01,6.484776865257916256e+01
6.303256403110739825e+01,2.516923714302205184e+00
2.410666668213803732e+01,1.720781284501246944e+01
4.720770564402875635e+01,4.487187453314192886e+00
2.900407329825869951e+01,1.188726684962485081e+01
3.405934624724527282e+01,8.620399335061808443e+00
1.499200405393342805e+01,4.449186574298753527e+01
3.703968717297981073e+01,7.288956859446906300e+00
1.556511081344065772e+01,4.127580634125816061e+01
4.152114535029168962e+01,5.800445494538575275e+00
6.325878866164283920e+01,2.498953973515269045e+00
1.093798387844930176e+01,8.358444096704602089e+01
1.881507661629436967e+01,2.824802036976086583e+01
2.562074151057290550e+01,1.523409327251391510e+01
2.377214431607487199e+01,1.769551814410356627e+01
1.119102032744729947e+01,7.984737272479085846e+01
1.129226089009099887e+01,7.842205046767371357e+01
3.258295665595058210e+01,9.419308446564057746e+00
3.806783103359330056e+01,6.900550428439287565e+00
2.458446362876694380e+01,1.654544776958559282e+01
1.502525099487620963e+01,4.429518591753646461e+01
4.664505472772129480e+01,4.596092769366841857e+00
1.346438814800954553e+01,5.516031711265658544e+01
6.254770701224480689e+01,2.556096311724609826e+00
1.036182235253364148e+01,9.313817318755923225e+01
1.304589217081519159e+01,5.875602822873592146e+01
5.174662056324491033e+01,3.734530538574111880e+00
3.954995784977405293e+01,6.393047776703935980e+00
1.654096204771897760e+01,3.654925000678716174e+01
4.259432645257943051e+01,5.511838573422066290e+00
2.415457102017487045e+01,1.713962604415785407e+01
1.741517220209829375e+01,3.297193641985521140e+01
1.281273964225973749e+01,6.091384269605413948e+01
3.312037560961388039e+01,9.116108662886963643e+00
1.025700557246098832e+01,9.505146547547569469e+01
3.013011213618959161e+01,1.101535515091983974e+01
6.810027450616949807e+01,2.156265701931699308e+00
2.131370588776337271e+01,2.201314340791490309e+01
1.210228919708897344e+01,6.827550902719629278e+01
1.273121597754342282e+01,6.169645752227194890e+01
3.783622576337005228e+01,6.985289078912163774e+00
4.615039323228679535e+01,4.695146937042508739e+00
2.679837652039447349e+01,1.392460968762902773e+01
3.102849115209449593e+01,1.038672624473732675e+01
4.486400414168040385e+01,4.968255659302015737e+00
4.571193261517666429e+01,4.785648910715780247e+00
1.399646483719228307e+01,5.104618441882841040e+01
1.336530577916750850e+01,5.598119972197954297e+01
6.126944047515915059e+01,2.663864752529867097e+00
1.349388535979145942e+01,5.491942323452880004e+01
5.135156050590005350e+01,3.792212875810964778e+00
1.077933942899761099e+01,8.606284624714361087e+01
3.384279209609926653e+01,8.731073174632799194e+00
6.544286057103873588e+01,2.334938525890922101e+00
1.827652204114700751e+01,2.993731802901825034e+01
3.326109675910561947e+01,9.039134917843592021e+00
1.021222742403904959e+01,9.588684833926389217e+01
1.199872098063715242e+01,6.945925027636837967e+01
2.042364549388757311e+01,2.397361203848114997e+01
2.741304687690077202e+01,1.330716011750835115e+01
1.424414883212265437e+01,4.928638830993921260e+01
4.443221266195995867e+01,5.065287703721715218e+00
2.179590268141384257e+01,2.104991176648296403e+01
1.629659779208384052e+01,3.765356541676734281e+01
1.850360207934136980e+01,2.920703286252937758e+01
1.191545076687158122e+01,7.043346381743731399e+01
1.161196250373542149e+01,7.416324950999143084e+01
3.294151778513482753e+01,9.215370256433841334e+00
1.220349697915987086e+01,6.714774060179554738e+01
1.284150864411559567e+01,6.064121624607743399e+01
4.747413009463166134e+01,4.436964652339941750e+00
2.767143316961308486e+01,1.305980505576186701e+01
4.537573780628171249e+01,4.856826624319063868e+00
2.501848013322276998e+01,1.597637163202472266e+01
4.465742785029499373e+01,5.014326275645811570e+00
1.056593367356787994e+01,8.957446846632541337e+01
1.809168130815512399e+01,3.055217565225989418e+01
1.292199659860763816e+01,5.988813037584259291e+01
3.475543652228876823e+01,8.278554360890174380e+00
1.372744769882361915e+01,5.306649509283374044e+01
1.130384253690258411e+01,7.826143407570781108e+01
2.492114982862799266e+01,1.610140772776567886e+01
1.352198441570664222e+01,5.469141224035199400e+01
3.120161019963684268e+01,1.027178655145121056e+01
2.797677876530658381e+01,1.277628476108088940e+01
2.995742594960086436e+01,1.114271470346351300e+01
1.429072525770470747e+01,4.896564281030842380e+01
1.435770418230238299e+01,4.850985737161191480e+01
1.091290557208017731e+01,8.396904335017016763e+01
3.451274779572399609e+01,8.395390940905869570e+00
2.417570201285358777e+01,1.710967704577326387e+01
4.872754173767044961e+01,4.211637613924533952e+00
1.444083591583167170e+01,4.795295041841779238e+01
1.151485899851011752e+01,7.541934413584804986e+01
1.359849843938570046e+01,5.407768459737977196e+01
7.482485616210958312e+01,1.786110068670548889e+00
1.043106597046443440e+01,9.190573568946811633e+01
2.291202299597166103e+01,1.904904145703586593e+01
4.011486391111131411e+01,6.214259051793867172e+00
2.248748332626662005e+01,1.977508192212542326e+01
2.136140068715349116e+01,2.191495318388601632e+01
1.371630292665908435e+01,5.315276531716912700e+01
1.148847410625977794e+01,7.576616414489888029e+01
7.256665876902117418e+01,1.899003415672068762e+00
3.291553967838812156e+01,9.229922188147625661e+00
2.549228727209285594e+01,1.538800760311542959e+01
2.582150849811399951e+01,1.499811846088333667e+01
6.046929505330406585e+01,2.734829076736315923e+00
3.298514182871630851e+01,9.191011053841743106e+00
2.939912810284004863e+01,1.156993978632252684e+01
1.178653698182770526e+01,7.198260403802672158e+01
1.381928896294950526e+01,5.236349235151140391e+01
2.082218024352328101e+01,2.306468867395591360e+01
4.784242502869631863e+01,4.368915349230956480e+00
1.521835789139539585e+01,4.317818806101891482e+01
4.772874968695797548e+01,4.389750982628282117e+00
1.079241320120607206e+01,8.585446198282768648e+01
3.452945643394973274e+01,8.387267927968736103e+00
4.617669943452100512e+01,4.689798945306500322e+00
1.660747948271180263e+01,3.625705712666083969e+01
2.372354562212807139e+01,1.776809244948859856e+01
2.333749519921857285e+01,1.836079648271013909e+01
2.004538083056050723e+01,2.488693289988512092e+01
1.787008317969830529e+01,3.131459880275575713e+01
1.006994667050542169e+01,9.861560850025580294e+01
2.303073767552425011e+01,1.885316648731858535e+01
3.154599999994954018e+01,1.004873520009918941e+01
2.419529747052964197e+01,1.708197445715196139e+01
5.605764988600247278e+01,3.182220186604042489e+00
4.812822750461737797e+01,4.317181078732695632e+00
1.038060317838404423e+01,9.280146260850654016e+01
2.836012032504186919e+01,1.243322696834612806e+01
1.237319195596123400e+01,6.531854452009001477e+01
2.736220301899264484e+01,1.335666022301909273e+01
9.463162264124869694e+01,1.116676626958848839e+00
3.341190596979055272e+01,8.957720326118577603e+00
3.399346369025123948e+01,8.653846018260470174e+00
1.300371480678864877e+01,5.913779503767226942e+01
1.365573238692979352e+01,5.362533342016444493e+01
2.104978511994169921e+01,2.256860244458510678e+01
4.300095204012284711e+01,5.408089348483565928e+00
1.292639607752804842e+01,5.984737164793882158e+01
1.804739977228869918e+01,3.070228669647997322e+01
1.255924167857113183e+01,6.339765068794091007e+01
4.311229474017269325e+01,5.380191334255317592e+00
3.279598075243753641e+01,9.297340878987146340e+00
1.133169698956672455e+01,7.787715797481067170e+01
2.076959776852044826e+01,2.318162243959903890e+01
2.335901237232219074e+01,1.832698593718725633e+01
1.620059665206277799e+01,3.810114095872345530e+01
1.440145604635349130e+01,4.821555758140343073e+01
2.064829362749127384e+01,2.345479627809181267e+01
1.642584577008758373e+01,3.706333700764422190e+01
4.781274922273593120e+01,4.374340317314080018e+00
4.260398596950363981e+01,5.509339480387462906e+00
1.096255369893686016e+01,8.321019361740107456e+01
5.624398818024464930e+01,3.161169502385410279e+00
3.930491328722638400e+01,6.473010552478799973e+00
3.142433056572188832e+01,1.012669968150197164e+01
1.113867395374372649e+01,8.059962416158776932e+01
2.871384797602963701e+01,1.212878245749357831e+01
1.192494083212101152e+01,7.032140419254562858e+01
2.668872393798609721e+01,1.403926530341565559e+01
2.246682733895945105e+01,1.981146103434415906e+01
3.970462259838286201e+01,6.343338033833362921e+00
1.419247085649640638e+01,4.964596740466920011e+01
4.027584408096846147e+01,6.164682275161482927e+00
2.118158089153923740e+01,2.228862404198506653e+01
1.574625660035376029e+01,4.033159070232841259e+01
2.748645585036196692e+01,1.323617530253818408e+01
1.051405596900442063e+01,9.046059311134597181e+01
3.421541490064286251e+01,8.541937287741694362e+00
3.025742123727331290e+01,1.092285521684063632e+01
2.377723628946858625e+01,1.768793984876862879e+01
4.183132961850907350e+01,5.714742444168247282e+00
6.326526197982762056e+01,2.498442612427038689e+00
1.372641249773670502e+01,5.307449959727330224e+01
1.286919749117154232e+01,6.038055056947212051e+01
1.315699935521845276e+01,5.776786182334724629e+01
4.209536049085129861e+01,5.643279154789055951e+00
1.151985127746730697e+01,7.535399037182891391e+01
1.432359425882004977e+01,4.874117329544674249e+01
1.199266794919275547e+01,6.952938398329921199e+01
1.198193831336929804e+01,6.965396466071838688e+01
5.947393695906026778e+01,2.827135497666938502e+00
1.344822296871538114e+01,5.529300562167643562e+01
4.243527217173764399e+01,5.553234537095956824e+00
1.925286817358161784e+01,2.697796119482664778e+01
1.200170704510971476e+01,6.942469119295816427e+01
1.420660420872443552e+01,4.954723657347086885e+01
1.136605079613468305e+01,7.740710312190381615e+01
1.213308585101048287e+01,6.792934998293179660e+01
2.424640527017979252e+01,1.701003785307698379e+01
4.861406549209482364e+01,4.231322394741107829e+00
2.986535918096490150e+01,1.121152050452708693e+01
3.997770116663344453e+01,6.256974216768705688e+00
1.376929022930298174e+01,5.274446503360140781e+01
2.035493184222178797e+01,2.413574423526366530e+01
4.430776073683586702e+01,5.093782491542138580e+00
4.571691288781298113e+01,4.784606297091373861e+00
3.592088241772255230e+01,7.750076802543587107e+00
1.052804819858610763e+01,9.022030084672526584e+01
4.079706524232624076e+01,6.008169190898275502e+00
3.761536886481187736e+01,7.067557493058963303e+00
2.888410744856979662e+01,1.198621590300499484e+01
1.510943792207181247e+01,4.380295228719525369e+01
2.453583459573780345e+01,1.661109758104804612e+01
4.735068704255209582e+01,4.460129106121051734e+00
7.163983293638766270e+01,1.948457203179048358e+00
3.091148272869703106e+01,1.046550827273957474e+01
5.267989942414578763e+01,3.603380514305996485e+00
1.282940937608660015e+01,6.075565024474533971e+01
2.945036596679728902e+01,1.152971595297498908e+01
3.919861021640084431e+01,6.508166591378282462e+00
4.928061483106669272e+01,4.117634224667352960e+00
4.666314625094113211e+01,4.592529606277759413e+00
4.902361462746591059e+01,4.160919758350517306e+00
1.038558464579702090e+01,9.271245912742210749e+01
1.198960072642856822e+01,6.956496304768009509e+01
1.446210245623271717e+01,4.781202435918404348e+01
4.861039463913304104e+01,4.231961482283484344e+00
1.310297453801176104e+01,5.824520871083260687e+01
1.252883354258598558e+01,6.370576298233136470e+01
5.419047723021691354e+01,3.405289573769392231e+00
1.636810244147970295e+01,3.732530206812522522e+01
1.157748629848313016e+01,7.460560363606022349e+01
2.388255951021413637e+01,1.753227454482745884e+01
1.042091589278080122e+01,9.208485711589024447e+01
4.209812035967664201e+01,5.642539254786135494e+00
1.602756612218185595e+01,3.892824684721361450e+01
4.284804710422422147e+01,5.446756175361882946e+00
7.452889854220349264e+01,1.800323681590807912e+00
2.406730796143530426e+01,1.726414081464960049e+01
4.408723055364322363e+01,5.144869497995634866e+00
1.384818271989199800e+01,5.214521105598911532e+01
2.072220762995482346e+01,2.328777295258563740e+01
1.542885630581804968e+01,4.200805088481553895e+01
1.458973029246203268e+01,4.697918441449246529e+01
2.739195005860889864e+01,1.332766591198459238e+01
2.685891159699987796e+01,1.386191337105895194e+01
1.447306227358432196e+01,4.773963986460317699e+01
2.153288262044853241e+01,2.156729377433348205e+01
1.670567886901682186e+01,3.583205717935641132e+01
1.313723321116849618e+01,5.794182644224282086e+01
1.119868118317600825e+01,7.973816522696624531e+01
1.342408592465726436e+01,5.549202245770494102e+01
5.086572743595466051e+01,3.864999841677690728e+00
1.223416975323125122e+01,6.681146512803296389e+01
1.433996720638153555e+01,4.862993439570355747e+01
1.357958097098437200e+01,5.422845883145122059e+01
3.998933238019709790e+01,6.253334965234395249e+00
3.396535469534260443e+01,8.668175417759149681e+00
1.571671203706830866e+01,4.048336534925638119e+01
5.907079602053243406e+01,2.865855925053448772e+00
2.905176398263636628e+01,1.184827117437137467e+01
1.183388421878347607e+01,7.140775315938758183e+01
1.275733833453908161e+01,6.144405270161170307e+01
5.048088420602390158e+01,3.924154460232558872e+00
1.000085189742648950e+01,9.998296422841060860e+01
1.018406582018640272e+01,9.641788595055483313e+01
1.323412505224784219e+01,5.709650590620163513e+01
1.587681961097096739e+01,3.967098457014161283e+01
5.554135960519039372e+01,3.241656450525565170e+00
3.299274981749143620e+01,9.186772725900056003e+00
1.079108442811646995e+01,8.587560686835263368e+01
1.034346934312206301e+01,9.346898719687713708e+01
3.680033859477927649e+01,7.384079619297843955e+00
1.342003001300568421e+01,5.552557003570608885e+01
6.205308700651595188e+01,2.597007577684194324e+00
3.399796086871425871e+01,8.651556744730346082e+00
3.529028955885532071e+01,8.029519486817811469e+00
4.330126513062951688e+01,5.333334579447554624e+00
2.967390749158666807e+01,1.135665736448100382e+01
4.203643546498575745e+01,5.659111298047365679e+00
1.211019897050811878e+01,6.818634989066050878e+01
6.044745475589309081e+01,2.736805678434046207e+00
2.645993739714081983e+01,1.428309666216112106e+01
1.108314775669751207e+01,8.140924999888100899e+01
3.748969016971237522e+01,7.115022822798501068e+00
2.960793957726999892e+01,1.140732009951963555e+01
6.702117363878475942e+01,2.226260304230856857e+00
4.027738703524383368e+01,6.164209968421523911e+00
3.764120850196363932e+01,7.057857462395644710e+00
1.016701140670104664e+01,9.674162506464226396e+01
1.306332411083044143e+01,5.859932260400886150e+01
4.185927063144951887e+01,5.707115822943879202e+00
4.315517659689037799e+01,5.369504413871873716e+00
4.441112335409093248e+01,5.070099506132141443e+00
1.084603612528528949e+01,8.500762970139680874e+01
1.211403682241322244e+01,6.814315245552644740e+01
6.002489108666442519e+01,2.775474480919194686e+00
1.267626766031578711e+01,6.223249293059062381e+01
1.378476734673201243e+01,5.262609176229258168e+01
2.394982248496594934e+01,1.743393419601965277e+01
2.117744806798633661e+01,2.229732423459749668e+01
2.981812812453739525e+01,1.124706608519273843e+01
2.364188553086179567e+01,1.789104794394690856e+01
3.378691249143446385e+01,8.759977406296297175e+00
1.223051919392445974e+01,6.685135478625829819e+01
3.925199914682778513e+01,6.490474358735254690e+00
2.241391084242788168e+01,1.990511632128556130e+01
5.235895949157112028e+01,3.647690525843856779e+00
4.918570261849244218e+01,4.133540914008664302e+00
1.103198802268870260e+01,8.216605514820558653e+01
1.545246465042163209e+01,4.187978876339801815e+01
2.025635321263833077e+01,2.437123163862494835e+01
2.170591089792201345e+01,2.122481767062652480e+01
1.345342639416724850e+01,5.525024218216567817e+01
1.837280593089829495e+01,2.962436327150863846e+01
1.493133044615136207e+01,4.485418666370642882e+01
1.030902800972177857e+01,9.409456975211455187e+01
1.412120340384073103e+01,5.014834241440198070e+01
1.143542800611612087e+01,7.647071518208628049e+01
1.980749100113415651e+01,2.548831145828805944e+01
1.014980969531892363e+01,9.706981479909268273e+01
7.093383387901252490e+01,1.987435911613057771e+00
4.527829276840904527e+01,4.877754221186478389e+00
4.207581520305757294e+01,5.648523266310853330e+00
2.279857530286336242e+01,1.923909251207647841e+01
3.354783880486930769e+01,8.885275634469213202e+00
1.760592541664012245e+01,3.226133125937181489e+01
2.117894384590281831e+01,2.229417481716851412e+01
1.342042188743598530e+01,5.552232740538838129e+01
2.037941999303478369e+01,2.407777549573490106e+01
4.028357922573658811e+01,6.162315050966449270e+00
2.944735827326628197e+01,1.153207131692493093e+01
4.376403571621798250e+01,5.221139204681208845e+00
2.755681012687627174e+01,1.316867599479914475e+01
2.609968620027483155e+01,1.468011400874347849e+01
6.349270408425610412e+01,2.480574945083786176e+00
1.013785754838813880e+01,9.729883293135995359e+01
5.870387137483429285e+01,2.901793571985802789e+00
4.186256266789793301e+01,5.706218252734621466e+00
1.509993731966897634e+01,4.385808964880014571e+01
1.033413289602126106e+01,9.363795395442446079e+01
5.019464332307133958e+01,3.969037981886319955e+00
4.783740354141428952e+01,4.369832606551662835e+00
1.412852144995299852e+01,5.009640593392341401e+01
5.998072231644139407e+01,2.779563609098830490e+00
1.324374738298333121e+01,5.701356837165248947e+01
1.040503823701110342e+01,9.236610686723271613e+01
1.344446625331658218e+01,5.532391039733767713e+01
3.197432973934198941e+01,9.781311756949888192e+00
1.298933593698705558e+01,5.926879562290903181e+01
3.620791172089255383e+01,7.627690177395967552e+00
1.589622988320432384e+01,3.957416230570869686e+01
2.844175045092049459e+01,1.236196064987273857e+01
2.748134288812695658e+01,1.324110099779050032e+01
2.441519365743127068e+01,1.677566145710328271e+01
1.077632772943592876e+01,8.611095756334977125e+01
1.262458596509708464e+01,6.274306239242344674e+01
3.630388178910571639e+01,7.587415565294189257e+00
1.266526049155652345e+01,6.234071039916798895e+01
6.013538232256511407e+01,2.765284677048431838e+00
7.040762573089273246e+01,2.017254073945212944e+00
4.490321608597106717e+01,4.959582342797451915e+00
2.956629638304679375e+01,1.143947642899611772e+01
1.672927033193241186e+01,3.573106836243508155e+01
1.151685820821779238e+01,7.539316234297405117e+01
5.801444290470163168e+01,2.971171684803660451e+00
1.939743812630148057e+01,2.657732391900373869e+01
2.633512200477997922e+01,1.441880706357944852e+01
1.568156467315610492e+01,4.066504086070874990e+01
1.400860631787969979e+01,5.095773769353902338e+01
7.744356105735489848e+01,1.667359969046478430e+00
3.146389042151198012e+01,1.010125089384413855e+01
1.908041594155798393e+01,2.746782832302800514e+01
3.676663347885874344e+01,7.397624255538306492e+00
1.379554374340657752e+01,5.254390607278366332e+01
2.649247266699446612e+01,1.424803620860975428e+01
9.542395471142320673e+01,1.098209452288147592e+00
2.783766006865663556e+01,1.290430280625607473e+01
1.524041835714304760e+01,4.305327790127947196e+01
1.049539635859878217e+01,9.078253615492056383e+01
1.298092319849842013e+01,5.934564292293361376e+01
2.127202463857609871e+01,2.209949477868837420e+01
1.297246258107611894e+01,5.942307841553004266e+01
1.544322731251076064e+01,4.192990438388850549e+01
1.511943169077846427e+01,4.374506493973779442e+01
1.473032266361203035e+01,4.608668598877071787e+01
1.115428221166614975e+01,8.037421484864121624e+01
8.129429002399939463e+01,1.513142797338246082e+00
1.350028312465374114e+01,5.486738309609412312e+01
1.009491816863458347e+01,9.812832695178619247e+01
2.257524114443802787e+01,1.962163550304645554e+01
2.351368041544135323e+01,1.808667678071810059e+01
1.334927489901243014e+01,5.611573388389953010e+01
1.106816629923643092e+01,8.162978420574602012e+01
1.605544382724418284e+01,3.879317888749572774e+01
4.330647939963412796e+01,5.332050348201248013e+00
3.552519171115962848e+01,7.923683855938970844e+00
4.066758670854479618e+01,6.046488028868859388e+00
1.266744715573099178e+01,6.231918965695522417e+01
1.890969444979315739e+01,2.796604017415414845e+01
4.421464286949278488e+01,5.115260517940467544e+00
3.648183801577546603e+01,7.513574182729676032e+00
1.209101404166175797e+01,6.840290544072004764e+01
2.930385269309615381e+01,1.164529661844446196e+01
5.287366664954956974e+01,3.577018141380684302e+00
3.154722496625610972e+01,1.004795483839871650e+01
1.170061370043504212e+01,7.304369217591579400e+01
1.238323786549691796e+01,6.521260808707356205e+01
1.154716467789302570e+01,7.499793075175314527e+01
1.098732186758836349e+01,8.283546332919536326e+01
2.143134799054591255e+01,2.177213525517620951e+01
1.169587162903254551e+01,7.310293506675081687e+01
2.127804370328571792e+01,2.208699367876733888e+01
3.437886826642459681e+01,8.460905575334678019e+00
3.066760147928593128e+01,1.063262208261376607e+01
1.333886949227776775e+01,5.620331773546701726e+01
1.361557499051259157e+01,5.394212201585015265e+01
1.869454499015306226e+01,2.861344845147467808e+01
7.653847915826501946e+01,1.707026814368910017e+00
1.398291376750199255e+01,5.114517173972520681e+01
3.182673960514557621e+01,9.872239850372428904e+00
3.306467572846443659e+01,9.146848045180838938e+00
1.189172896860437234e+01,7.071474754012029962e+01
5.420619519707654632e+01,3.403315022028079007e+00
1.119630032353107474e+01,7.977208099544127151e+01
1.258217460691121303e+01,6.316675756267729014e+01
1.463778874593436186e+01,4.667120884579363604e+01
7.687591389824939370e+01,1.692074250760758680e+00
9.731525448815629886e+01,1.055937356892646450e+00
2.491888616618959418e+01,1.610433320422022163e+01
1.404261902579303545e+01,5.071118658577204030e+01
3.938356338534136114e+01,6.447182794662034588e+00
1.558976439441447859e+01,4.114536282754833252e+01
2.832207677362595177e+01,1.246665119736373484e+01
1.510897377209812653e+01,4.380564359525443052e+01
6.373784155975039312e+01,2.461530919894973302e+00
2.157859101634812760e+01,2.147602161298147649e+01
3.201589457500669766e+01,9.755930944542704708e+00
1.111444858926478041e+01,8.095136148416428057e+01
1.445592597754929365e+01,4.785288968143250798e+01
2.237075282411240806e+01,1.998199295060036462e+01
1.235476785497960961e+01,6.551350290190892167e+01
1.275008991798415003e+01,6.151393435554816591e+01
3.057683677546882350e+01,1.069583981569799036e+01
1.135022986115573929e+01,7.762304698806460124e+01
2.769655839587688462e+01,1.303612112227495068e+01
2.238755804682603312e+01,1.995200523990395070e+01
2.675938725402539475e+01,1.396521643469066198e+01
8.241101176834514774e+01,1.472412541293160126e+00
1.018142455141629377e+01,9.646791796375076444e+01
5.183924771397910547e+01,3.721196630703891284e+00
1.857616920806842842e+01,2.897928615409046671e+01
1.063860772989876224e+01,8.835485297026971807e+01
7.897136493646880240e+01,1.603469528376053832e+00
2.338626384922271839e+01,1.828429879009543413e+01
1.116011745747170814e+01,8.029018693604598411e+01
1.131211051847566829e+01,7.814707387292597218e+01
1.238017957425695137e+01,6.524483117086694506e+01
1.335568465594328202e+01,5.606188387001117235e+01
1.193782649227922832e+01,7.016967662715281051e+01
2.160088515139732124e+01,2.143171396122475159e+01
1.176695529463148482e+01,7.222237951549796264e+01
3.612414916476436844e+01,7.663104468417119897e+00
3.736052124992396273e+01,7.164306318266659979e+00
2.188338047014998011e+01,2.088195606308309848e+01
3.121667058873745404e+01,1.026187775703272109e+01
4.435786864333565660e+01,5.082280829170266578e+00
4.037287788754539974e+01,6.135084992497816359e+00
1.238091769203429315e+01,6.523705195200336959e+01
3.740602173203019731e+01,7.146887671932700137e+00
1.503703794292793994e+01,4.422577059406260958e+01
9.087407952528526778e+01,1.210932541720326050e+00
3.535016530151417413e+01,8.002341889551193077e+00
3.260808120758731121e+01,9.404798869740753631e+00
3.658440801086135252e+01,7.471502329339532622e+00
3.977104112351816667e+01,6.322168693433983577e+00
1.129643995210325436e+01,7.836403750212642194e+01
9.984472273047623503e+01,1.003112793704305838e+00
1.080817173935704822e+01,8.560428932840795824e+01
1.064880883058873628e+01,8.818565375661202665e+01
2.891601879763051741e+01,1.195977483148359077e+01
8.638038139847363084e+01,1.340200468615911245e+00
8.584744134884157063e+01,1.356892020758864836e+00
1.068606354589323537e+01,8.757184407792290415e+01
2.833259297094089035e+01,1.245739843087762111e+01
2.020599593821640738e+01,2.449285871404704551e+01
1.603345039453246201e+01,3.889967877637985794e+01
2.666678960689778322e+01,1.406237033737166264e+01
1.115266160803482975e+01,8.039757504959511891e+01
3.140357829169730763e+01,1.014008805920086687e+01
1.510238114051099423e+01,4.384389683500442914e+01
1.079528444547203669e+01,8.580879827648489311e+01
1.386161256171637923e+01,5.204421808868004007e+01
2.505159386415655121e+01,1.593416372876596654e+01
2.332662886373045197e+01,1.837790663145099401e+01
1.278401706382564917e+01,6.118786737572892775e+01
1.446967353550930113e+01,4.776200333792827024e+01
2.238540624557752068e+01,1.995584120452963361e+01
1.113396478071436846e+01,8.066781870895000850e+01
1.590493236489087181e+01,3.953086766020678766e+01
5.745285289449466859e+01,3.029540774235439660e+00
2.397184278123111056e+01,1.740191962992863495e+01
2.839281213730311038e+01,1.240461192903298482e+01
3.600931392685426147e+01,7.712058336098533751e+00
1.203454435915327814e+01,6.904634530627984645e+01
1.459588746742935683e+01,4.693955708139151994e+01
1.377440864029352774e+01,5.270527384970358753e+01
7.696243654715757998e+01,1.688271864596794902e+00
2.720660351747646288e+01,1.350987543263768664e+01
4.130976842471163479e+01,5.859957674464861377e+00
6.100346826120236443e+01,2.687144037127888296e+00
1.041496552628479755e+01,9.219010857806128456e+01
1.669197345164434765e+01,3.589092318623200129e+01
5.041703384913167696e+01,3.934100198921231861e+00
1.295697367037553605e+01,5.956523335170951583e+01
1.110828635858466562e+01,8.104120060267315750e+01
1.765632107228547909e+01,3.207742990579770748e+01
2.989221492556573168e+01,1.119138425983680385e+01
1.953536503987385231e+01,2.620335726396435305e+01
1.780013418322844387e+01,3.156119566352856154e+01
1.094342709308169326e+01,8.350131254691856952e+01
2.486633379553794754e+01,1.617247474848849009e+01
2.253708606650121027e+01,1.968813023720484878e+01
5.070402969701765272e+01,3.889690512481156492e+00
7.958726066111529462e+01,1.578748265113647520e+00
1.041491242171124121e+01,9.219104871633327036e+01
1.030389839818635345e+01,9.418827966960925835e+01
1.030263921943223870e+01,9.421130428023626280e+01
2.274413916134112412e+01,1.933129694935226084e+01
2.903345240795084337e+01,1.186322144060959616e+01
4.639694728719793915e+01,4.645379363457563748e+00
1.313240943792458637e+01,5.798440043688000856e+01
2.354593550953923042e+01,1.803715758654676904e+01
1.140850620015958761e+01,7.683205238359902012e+01
3.796594388623969962e+01,6.937637392788195356e+00
7.301747480425410686e+01,1.875626590531766169e+00
1.200464417721390653e+01,6.939072358151969411e+01
1.103877435327559198e+01,8.206505940445646274e+01
1.846035954649310895e+01,2.934402535369070719e+01
1.096367682295340629e+01,8.319314631081273603e+01
2.596932155354636862e+01,1.482787076707450424e+01
3.925191366697421813e+01,6.490502627695923898e+00
1.611054288084217490e+01,3.852828249969815033e+01
6.407656409205016246e+01,2.435575338833680270e+00
2.680083397842947335e+01,1.392205621670683158e+01
2.523244821314789021e+01,1.570656510481704338e+01
1.332531707651259367e+01,5.631769821300998302e+01
1.839525732203067676e+01,2.955209439553365414e+01
1.255451800313379351e+01,6.344536677923142065e+01
1.569268771731173828e+01,4.060741418127781088e+01
1.059463877924227582e+01,8.908974003479157489e+01
1.179403676861297257e+01,7.189108617227353193e+01
2.111484324577790517e+01,2.242974193070295641e+01
3.091904426495433000e+01,1.046039002633178505e+01
2.118524161195453814e+01,2.228092194699453543e+01
8.727744273542198528e+01,1.312792160097260963e+00
1.455481130620813701e+01,4.720487381863015486e+01
2.202200535904815126e+01,2.061988657598380570e+01
3.097877866425966431e+01,1.042008871574528506e+01
3.642195731762359401e+01,7.538300361772386715e+00
1.268653585787070526e+01,6.213179453088819315e+01
2.560423761389521857e+01,1.525373868711273673e+01
2.672493993615455921e+01,1.400124078397279526e+01
1.507014058785867228e+01,4.403169382447601521e+01
2.637115124785238862e+01,1.437943496181203962e+01
2.739248498437352097e+01,1.332714538657250181e+01
2.873932982764377897e+01,1.210728391731891129e+01
1.001586967449910937e+01,9.968336045420001312e+01
1.052596211804174686e+01,9.025606488653667725e+01
1.221545792317481727e+01,6.701630759897045664e+01
1.549554012428708027e+01,4.164727227062090265e+01
2.174379717332771378e+01,2.115091809126374756e+01
3.331354128502596978e+01,9.010697232549311764e+00
1.522920360479662882e+01,4.311670992833217042e+01
3.567068094115496280e+01,7.859179357527811938e+00
1.106339656144553985e+01,8.170018511649782056e+01
1.851008605802453033e+01,2.918657432885190417e+01
1.008419375975202570e+01,9.833715433378156945e+01
4.844482217228642185e+01,4.260938519432706073e+00
1.393218071557769022e+01,5.151833298522209503e+01
2.511028941828766392e+01,1.585975825625674318e+01
1.844668424659181838e+01,2.938754939167918323e+01
8.399197383749378787e+01,1.417504430980629282e+00
1.370602265547848120e+01,5.323253021754163683e+01
3.585647495352833403e+01,7.777944076573230170e+00
2.439386384801033358e+01,1.680501130526947406e+01
2.989780070180043836e+01,1.118720290019264674e+01
1.604611364557287345e+01,3.883830540768493478e+01
2.398039777272811079e+01,1.738950559737974189e+01
7.462325192216421499e+01,1.795773913773822450e+00
4.436043212519688694e+01,5.081693460758499370e+00
1.124653101639047215e+01,7.906109578756117173e+01
9.224379467823679590e+01,1.175237604067726815e+00
7.222359000985102284e+01,1.917087148740565627e+00
3.637087772345212500e+01,7.559488946351549998e+00
1.182227673644268506e+01,7.154804274230626504e+01
2.784612999156772517e+01,1.289645382850323863e+01
3.462569967763656109e+01,8.340707365463348566e+00
2.983341845691285599e+01,1.123554026496260150e+01
2.944817139102499226e+01,1.153143448264405713e+01
1.576782918908381959e+01,4.022130771674976302e+01
7.075020881762560521e+01,1.997765679790004079e+00
1.595096283699741235e+01,3.930304454631400546e+01
1.091260691176005970e+01,8.397363960562861962e+01
1.032787511155876636e+01,9.375146106968460913e+01
1.390876435269800737e+01,5.169194833374415765e+01
1.496675044990356440e+01,4.464213588743243122e+01
4.563780867452647527e+01,4.801207029717224017e+00
1.024639268683101889e+01,9.524846998016592181e+01
1.578339362290284775e+01,4.014202017841451919e+01
3.112007417330862680e+01,1.032568217042428138e+01
1.745675011264117416e+01,3.281506052636217419e+01
1.011427054002165349e+01,9.775317403165732344e+01
1.050562424335012146e+01,9.060585720415556921e+01
3.194639270322853619e+01,9.798426699803112427e+00
2.686612783283347028e+01,1.385446775757250037e+01
2.387240942664676879e+01,1.754718647766787853e+01
2.683693232491890512e+01,1.388462830175039286e+01
7.827293201370133602e+01,1.632212860472107119e+00
1.281621012034552543e+01,6.088085766664493548e+01
2.768106294777154375e+01,1.305072006142534846e+01
1.596713794195147607e+01,3.922345497085883181e+01
1.521728832272323650e+01,4.318425795458684036e+01
2.459061369447505996e+01,1.653717283445974218e+01
1.236444707110886299e+01,6.541097164472819259e+01
1.691879544760012877e+01,3.493503000094657551e+01
3.431304765164959036e+01,8.493396780876203422e+00
1.148244890967241361e+01,7.584569871259661511e+01
1.394081496839654477e+01,5.145453692131703605e+01
3.285620202823292146e+01,9.263290405485449241e+00
2.494886223326913921e+01,1.606565772804017200e+01
1.571745146377244851e+01,4.047955636313052707e+01
4.571416314080848053e+01,4.785181910932485572e+00
9.042334647829937921e+01,1.223034895321815752e+00
1.652464504385121558e+01,3.662146562078481793e+01
2.263512181361476294e+01,1.951795569834656163e+01
2.743612253817855162e+01,1.328478506178343110e+01
4.018724434657673328e+01,6.191894456807485625e+00
1.536785072833291643e+01,4.234223060313681231e+01
1.618711547057565170e+01,3.816463124382224947e+01
2.044677271388619388e+01,2.391940989675632778e+01
2.156258169325577612e+01,2.150792356316615894e+01
7.705371925496324081e+01,1.684274166768306547e+00
5.948511300029900184e+01,2.826073275098087478e+00
2.416451635026011147e+01,1.712552072060546848e+01
4.883108197919918325e+01,4.193796040984432594e+00
2.994624885809843562e+01,1.115103403484694944e+01
2.933616780913201794e+01,1.161965510673229929e+01
6.967697900017402901e+01,2.059782550952477642e+00
1.111556732213080601e+01,8.093506750858270493e+01
2.489886551536956816e+01,1.613024192337952201e+01
1.153050270822298806e+01,7.521483649229648449e+01
3.499810001402849480e+01,8.164151669128726141e+00
1.030880149291269277e+01,9.409870490514374808e+01
1.007682597489248977e+01,9.848100754146324221e+01
1.077519552245282597e+01,8.612905478477888721e+01
2.376400979348417764e+01,1.770763472121107895e+01
2.550760902034557631e+01,1.536952681429258405e+01
3.867869224190392430e+01,6.684307742181246681e+00
2.190472328692525750e+01,2.084128331567579195e+01
3.851458802542691728e+01,6.741390527897459073e+00
2.411521746893011908e+01,1.719561189742118046e+01
2.337753700002119572e+01,1.829795241845042852e+01
3.305822350347511929e+01,9.150418913468644888e+00
1.230686400309301476e+01,6.602451156703010327e+01
2.187204419127609611e+01,2.090360790524514911e+01
1.077945358883379789e+01,8.606102335912375167e+01
2.364658440026842356e+01,1.788393830445168931e+01
1.346954747756765869e+01,5.511806836588204561e+01
1.511288077593189882e+01,4.378299712603594429e+01
1.676815582530339199e+01,3.556553922519946553e+01
2.943167636743822158e+01,1.154436372143380396e+01
2.881465006700254960e+01,1.204407081867993234e+01
1.326121814877492255e+01,5.686344421855965692e+01
1.130539934317328843e+01,7.823988163004854357e+01
1.038292253675761323e+01,9.276000687997523642e+01
1.605313470838182610e+01,3.880433988567854442e+01
1.598622007065314321e+01,3.912987183430760041e+01
2.603802061498948817e+01,1.474972988257316331e+01
1.333349894088436294e+01,5.624860271232090270e+01
1.271259277742874794e+01,6.187735328334581908e+01
2.308757529645307116e+01,1.876045427242774011e+01
2.357310734285037057e+01,1.799560004635537069e+01
1.616059514121474550e+01,3.828999408673862348e+01
1.970633522332947507e+01,2.575065423578245216e+01
1.378576700489904994e+01,5.261845980463590422e+01
1.388964180625075429e+01,5.183437995900855810e+01
4.039278169999439427e+01,6.129040274096976049e+00
2.601407048365158303e+01,1.477690137682014004e+01
2.099067683456613409e+01,2.269588462970201448e+01
2.968698625766518973e+01,1.134665309218985563e+01
1.608506520804426287e+01,3.865043163189186259e+01
1.716044502475441647e+01,3.395806282060206627e+01
2.578859542124374826e+01,1.503642603225275742e+01
1.825029093256073409e+01,3.002343757529065726e+01
1.161702278201439320e+01,7.409865379527879270e+01
1.038615042679402656e+01,9.270235846130916002e+01
1.548923534526664270e+01,4.168118360098691966e+01
3.790346446672444358e+01,6.960528008031686475e+00
9.712021598449619830e+01,1.060182718881920838e+00
1.133388266049695581e+01,7.784712459030222931e+01
1.959891804392500347e+01,2.603369462785101973e+01
3.083929678435241684e+01,1.051455911612179683e+01
1.154224615966211331e+01,7.506186237824091734e+01
3.518129412492248775e+01,8.079349186658227211e+00
1.795652767539072769e+01,3.101382139985237885e+01
1.780884932104715901e+01,3.153031294205543489e+01
1.312003900687770397e+01,5.809379495650700420e+01
2.777478424725618567e+01,1.296279377480770556e+01
4.562336087330388779e+01,4.804248360599594925e+00
2.569244005960853983e+01,1.514918593625296772e+01
2.745518147045454072e+01,1.326634730805099949e+01
2.709260532074125649e+01,1.362380626946968043e+01
2.027805902520353953e+01,2.431908520157700693e+01
1.213427871120207335e+01,6.791599505075558341e+01
1.362924919265280543e+01,5.383393623896282065e+01
4.196129278411936525e+01,5.679397686692956526e+00
1.670680007897574981e+01,3.582724789079515659e+01
1.079813235265076798e+01,8.576354169715321518e+01
1.699556386520535511e+01,3.462014195728517763e+01
2.603120777655314200e+01,1.475745143565937312e+01
2.062828160263463317e+01,2.350032655084746125e+01
5.616377084405966258e+01,3.170205992790874117e+00
2.792591190165198967e+01,1.282287098694794558e+01
1.134833827949661433e+01,7.764892611952758728e+01
1.673305950205637060e+01,3.571488772706606341e+01
2.726368558228742600e+01,1.345336331651059147e+01
2.615887192316460741e+01,1.461376021099967026e+01
4.090900988798101423e+01,5.975332310434597893e+00
3.390614241235567761e+01,8.698477338851670737e+00
2.551955699769488461e+01,1.535513849474839354e+01
1.354425310108784863e+01,5.451171910591032344e+01
1.231488358500842040e+01,6.593854785151751230e+01
1.122173458539790403e+01,7.941088110011806123e+01
3.905326204579647964e+01,6.556700843003163470e+00
1.052832060419302351e+01,9.021563225829778787e+01
2.817608472917960682e+01,1.259617572749950121e+01
2.589637529186064313e+01,1.491152426188483915e+01
1.595578716964418931e+01,3.927928109373428356e+01
2.164571551255587778e+01,2.134303160459500859e+01
2.892002401819695478e+01,1.195646237094888065e+01
4.018764285936062919e+01,6.191771656031550997e+00
1.099511067511062912e+01,8.271814555466558261e+01
2.951143227549890469e+01,1.148204976491278728e+01
1.510167546952646411e+01,4.384799440534022352e+01
1.814840151739043250e+01,3.036150125162815527e+01
7.800665927393126253e+01,1.643374870563310441e+00
2.309088615365002539e+01,1.875507477060845929e+01
1.118627536055868177e+01,7.991512601750858380e+01
1.532223369291553894e+01,4.259472672385843595e+01
2.333898847006596711e+01,1.835844704369803182e+01
1.010056087765201482e+01,9.801871820108655697e+01
1.919222385764661354e+01,2.714872252569890065e+01
1.988214372329224133e+01,2.529726570063670010e+01
7.174355373023963978e+01,1.942827444655957025e+00
5.270019450665618166e+01,3.600605692542317549e+00
2.055004255404746871e+01,2.367961019647594867e+01
3.605656359855083792e+01,7.691859324737406745e+00
1.563507646576511867e+01,4.090722135958277761e+01
2.919283236683992655e+01,1.173403915602420433e+01
1.758051696210476678e+01,3.235465080379967873e+01
2.366949197604262878e+01,1.784933853972923501e+01
1.470836378749908135e+01,4.622439910017924092e+01
2.918451625172220787e+01,1.174072732741587899e+01
3.174599961362984502e+01,9.922520086557243602e+00
1.123330717682257607e+01,7.924734665847375936e+01
1.326924887289275290e+01,5.679463603648638781e+01
1.033858465825090178e+01,9.355733089576466455e+01
1.009900834405365089e+01,9.804885760592739530e+01
1.176230277759539433e+01,7.227952518026945938e+01
1.363293148223121953e+01,5.380485879936263416e+01
1.093479679509667690e+01,8.363317152999492521e+01
2.644710520118946206e+01,1.429696040706265237e+01
2.378333446439142307e+01,1.767887044574530009e+01
1.386096042726992295e+01,5.204911538651708725e+01
3.758074393582869277e+01,7.080586847128238048e+00
2.159817603436412980e+01,2.143709077291710230e+01
2.753597459419108873e+01,1.318861211028288594e+01
4.490418123881606505e+01,4.959369146456542587e+00
3.410173095929506815e+01,8.598984229498338294e+00
2.143433824522759679e+01,2.176606091900007200e+01
2.833394512326429648e+01,1.245620947549305946e+01
1.830051315926083078e+01,2.985887662753625449e+01
2.712583336571222503e+01,1.359044949282356463e+01
2.864006971721825678e+01,1.219135165072861859e+01
1.191374844119071952e+01,7.045359337800263688e+01
2.350698623822079369e+01,1.809697947609864954e+01
2.469107628427902412e+01,1.640287432742304929e+01
1.251675083420990831e+01,6.382881563220710319e+01
2.117786411481469599e+01,2.229644816514534966e+01
2.864433565557058614e+01,1.218772065837374896e+01
2.646714216433011302e+01,1.427532155903922906e+01
1.119934868046605025e+01,7.972866049154333723e+01
4.215120501123623598e+01,5.628335930502847972e+00
2.270529185514528692e+01,1.939750277012910118e+01
2.296522969941110759e+01,1.896087664327291122e+01
3.242198316483931819e+01,9.513073410350648018e+00
1.880987785770460619e+01,2.826363715726206394e+01
2.030791518690852016e+01,2.424763120880711043e+01
4.736594345463564792e+01,4.457256383485259654e+00
2.716953620636704869e+01,1.354676353809531086e+01
1.563393186911983790e+01,4.091321140517230504e+01
2.409401781596262992e+01,1.722588508658341411e+01
3.042612198026063197e+01,1.080206523974202426e+01
1.303168467481671655e+01,5.888421289626323585e+01
1.727558435254142211e+01,3.350691987194559118e+01
2.134742331309108110e+01,2.194366051536723461e+01
1.225217315223048686e+01,6.661526324204820071e+01
3.409540942434409772e+01,8.602173152554106750e+00
1.420984055914407662e+01,4.952466996425860657e+01
2.743975409921836928e+01,1.328126889941714417e+01
2.102662505060648712e+01,2.261834682899960569e+01
2.269964460401727990e+01,1.940715544948963256e+01
1.988964619411387247e+01,2.527818479786910544e+01
2.407122922051447489e+01,1.725851653561669963e+01
1.055857455116107246e+01,8.969937532679915648e+01
3.421612141642238214e+01,8.541584532904249016e+00
1.203232950423864978e+01,6.907176710216515403e+01
2.498745187482733243e+01,1.601607370089705284e+01
1.494900204707401059e+01,4.474820276180890488e+01
1.134006704300530011e+01,7.776223882789653885e+01
9.048102163969187473e+01,1.221476198215916131e+00
2.800936086710585471e+01,1.274657782893912739e+01
4.110305805764490827e+01,5.919046216964163776e+00
5.323987553056620925e+01,3.527978558890967786e+00
1.071327761114305055e+01,8.712750592879102385e+01
1.310944205316772759e+01,5.818775258934908123e+01
8.937353479314771221e+01,1.251936006136720625e+00
5.796989230159939410e+01,2.975740206437042623e+00
3.587638528953420547e+01,7.769313412866594604e+00
1.937081123980739150e+01,2.665043988269494690e+01
2.980113344136042031e+01,1.125989746463886831e+01
2.785559647760074142e+01,1.288768981905020894e+01
4.404576481812995326e+01,5.154561063958649214e+00
1.123873888393898568e+01,7.917076433675174485e+01
2.600072086253937442e+01,1.479207916185583649e+01
3.793919501911046410e+01,6.947423544538303908e+00
1.176478756962701944e+01,7.224899668650577667e+01
2.439508352815195025e+01,1.680333094814688621e+01
2.133803888830833628e+01,2.196296631156836909e+01
1.172905003149570824e+01,7.268994200594174515e+01
1.748953328291737108e+01,3.269215576354431363e+01
3.151378179139961233e+01,1.006929241173566858e+01
4.392955455524885622e+01,5.181868657218958063e+00
4.223896051563375664e+01,5.604973405859433377e+00
1.014141659930578854e+01,9.723055238433933312e+01
1.030508570285488013e+01,9.416657703750773578e+01
2.622907302230384019e+01,1.453563856827493517e+01
3.191410410983633028e+01,9.818263538051398953e+00
1.097031439639172845e+01,8.309250497198705432e+01
1.721617936867341214e+01,3.373855223313176310e+01
1.828410459132544119e+01,2.991249273385462715e+01
1.234209968831442161e+01,6.564806054211807407e+01
2.665041368576367020e+01,1.407965750010659178e+01
2.042203091428070394e+01,2.397740292836626352e+01
7.549365731505561428e+01,1.754603814427729613e+00
3.109095385514568832e+01,1.034503364904489153e+01
2.724503880659731081e+01,1.347178484976621249e+01
1.915725816915132285e+01,2.724791626942668188e+01
1.081076315397099918e+01,8.556325436808408824e+01
3.994797694670807431e+01,6.266288974843788218e+00
1.214078576159097445e+01,6.784321320942027000e+01
1.202607243277951987e+01,6.914366080091626543e+01
2.801634736173489060e+01,1.274022134052090038e+01
1.941893918942125197e+01,2.651850254283094088e+01
1.751805815259622179e+01,3.258577636443499159e+01
2.803492343665025999e+01,1.272334347035493529e+01
2.107438344661834861e+01,2.251594839019889704e+01
1.275031462713426045e+01,6.151176615460434505e+01
2.626823216910079495e+01,1.449233310840467048e+01
1.504498301027535767e+01,4.417907277502295926e+01
2.005867750548660311e+01,2.485394929195223668e+01
2.790171226967489915e+01,1.284512362318895029e+01
1.570473087941948442e+01,4.054515852533826603e+01
2.465235272625796625e+01,1.645444559339609469e+01
1.125474084520667084e+01,7.894579480734509502e+01
2.927851712790590355e+01,1.166545937626666074e+01
1.216419447576398660e+01,6.758235018188074150e+01
1.849719671544510646e+01,2.922726447587014675e+01
1.951237190382370201e+01,2.626514906961508800e+01
2.376822280486995709e+01,1.770135778115400171e+01
2.015862783883972753e+01,2.460809902226717583e+01
2.432906235357814140e+01,1.689465225534943471e+01
5.937339054988759557e+01,2.836718882069385383e+00
4.639072602669819645e+01,4.646625390646641485e+00
2.749393638389149785e+01,1.322897370128445971e+01
1.465309343177398382e+01,4.657376660031570736e+01
2.806197305291932054e+01,1.269882661367859988e+01
3.697346272031894898e+01,7.315091250966183622e+00
2.605184363760422883e+01,1.473408171870556060e+01
2.348292262395559149e+01,1.813408745146747947e+01
4.232863475174117696e+01,5.581250018445836680e+00
2.579867056191804053e+01,1.502468399107318220e+01
2.631975364561828101e+01,1.443565054197131658e+01
1.464017246476123013e+01,4.665601203271011599e+01
4.530486953041118880e+01,4.872033119188368566e+00
1.244764425199612923e+01,6.453951006275819680e+01
2.425128906979508514e+01,1.700318747483333937e+01
1.573220290703113733e+01,4.040367990396153886e+01
4.686992036517209215e+01,4.552097638720191242e+00
2.000175772432617549e+01,2.499560626841570965e+01
2.773742420781744045e+01,1.299773693556045728e+01
1.724453133419496709e+01,3.362770341859701517e+01
2.572200415340257251e+01,1.511438191662739072e+01
2.862134871215680576e+01,1.220730540618771442e+01
2.039331488476829435e+01,2.404497610919304051e+01
5.004100097769328670e+01,3.993447903940414712e+00
1.805974970676182068e+01,3.066031030264568713e+01
1.122293226195155391e+01,7.939393303817958270e+01
1.783232707899376379e+01,3.144734298036765807e+01
2.029807993505167474e+01,2.427113484439037805e+01
2.540548867281064105e+01,1.549333438344245195e+01
2.002546077071647090e+01,2.493646941425807739e+01
1.143495802685531793e+01,7.647700123729936195e+01
5.390455741722961136e+01,3.441509959881047021e+00
1.729384594924429308e+01,3.343619334947366895e+01
2.084084006860728522e+01,2.302340527239054779e+01
3.197519756751310638e+01,9.780780821515728363e+00
3.539407700055724604e+01,7.982497979028376989e+00
2.432428046976188796e+01,1.690129551086854320e+01
3.002341717158162382e+01,1.109378534674561934e+01
1.183326769158292180e+01,7.141519420951391339e+01
6.667856395283497761e+01,2.249197148104602917e+00
2.296555076296239051e+01,1.896034649236122505e+01
2.083459304763041686e+01,2.303721396622335860e+01
3.308329741324861573e+01,9.136553921111850940e+00
1.198175817110672980e+01,6.965605913081810741e+01
2.821536459343174741e+01,1.256112874654384193e+01
1.098777295314033786e+01,8.282866211226816233e+01
2.313285160058920908e+01,1.868708910252803079e+01
2.470676939204518163e+01,1.638204357293387403e+01
2.483567478538660822e+01,1.621242841335361717e+01
1.865815943156260914e+01,2.872515630317851532e+01
1.099228381290882162e+01,8.276069592366874872e+01
1.990304648906269946e+01,2.524415773566095922e+01
1.425338598624347064e+01,4.922252721141676091e+01
1.807057008200461823e+01,3.062360346541202460e+01
2.707879897210433384e+01,1.363770223067602672e+01
1.282846772460441720e+01,6.076456989891707394e+01
1.072858592275370171e+01,8.687904383741107495e+01
4.519483745234486349e+01,4.895785057824532771e+00
1.801872401871502660e+01,3.080008627076867356e+01
1.445958357648862069e+01,4.782868365352977236e+01
2.310555240438026203e+01,1.873127275757209276e+01
1.518707195031178259e+01,4.335626869091670699e+01
1.299459721288398306e+01,5.922081162560591849e+01
3.354665409920708186e+01,8.885903215520658094e+00
2.785609034536666329e+01,1.288723284478869680e+01
1.131815641919347648e+01,7.806360740695170364e+01
3.525254936602478750e+01,8.046720956163204264e+00
3.127839251449709579e+01,1.022141800982463700e+01
4.525317770106545368e+01,4.883169934581387039e+00
1.153747521476350713e+01,7.512395396176290774e+01
2.140909442207230740e+01,2.181742063741877047e+01
2.065314141870237918e+01,2.344378675577094029e+01
1.926046002003202062e+01,2.695669771788945823e+01
5.420261962710851833e+01,3.403764048013758536e+00
1.402431558545915458e+01,5.084364151695917400e+01
1.237681004614714375e+01,6.528036120124075126e+01
2.923649208178601455e+01,1.169901975059366173e+01
1.420805125842990968e+01,4.953714459650616675e+01
3.585426631260025943e+01,7.778902356660840844e+00
1.200131842583886232e+01,6.942918740058043170e+01
3.451304306788723864e+01,8.395247290017975317e+00
1.179304055583435584e+01,7.190323263159606881e+01
6.641215580277867048e+01,2.267278364695253678e+00
3.307510517001315264e+01,9.141080476125530652e+00
2.039344680055671333e+01,2.404466503850909120e+01
8.934882958412509879e+01,1.252628429683497302e+00
1.887326804034311678e+01,2.807409623554117317e+01
1.113526529496209783e+01,8.064897703460079015e+01
2.796016594405627842e+01,1.279147159442859483e+01
1.147046254865681192e+01,7.600429544287233341e+01
2.192200689419744108e+01,2.080843317021381012e+01
2.774782770193746728e+01,1.298799227865522710e+01
3.134437510156707773e+01,1.017842938878177783e+01
1.874533746364280873e+01,2.845859620355373920e+01
3.777871317676836327e+01,7.006573437544060035e+00
7.125217393492143003e+01,1.969716673552389885e+00
1.968650673378632021e+01,2.580255310486068510e+01
1.199604563633732468e+01,6.949023517529904836e+01
1.166104393565968067e+01,7.354025588680171666e+01
4.728749659611690959e+01,4.472057242729029269e+00
1.252717431524606262e+01,6.372263978808844342e+01
2.413916174419318850e+01,1.716151524876487500e+01
1.239374788408440686e+01,6.510205313264556537e+01
1.928647013203215721e+01,2.688403808324572708e+01
3.614125214097963124e+01,7.655853425647118016e+00
8.736403094163240723e+01,1.310191181511172420e+00
1.925703647368278126e+01,2.696628337845513812e+01
5.371537689340639332e+01,3.465793998923535124e+00
3.480326290239983678e+01,8.255817340830759576e+00
1.164491872878245893e+01,7.374406544820467957e+01
1.187591366970577944e+01,7.090321633110829680e+01
2.548924052032178267e+01,1.539168650766266033e+01
1.155109359005374436e+01,7.494692083343362299e+01
1.609313718882724942e+01,3.861166886052937031e+01
1.168633394583736163e+01,7.322230820091205317e+01
1.195669169782236096e+01,6.994842461349233531e+01
2.115600233884771697e+01,2.234255250919094138e+01
3.604862956031789878e+01,7.695245540666382666e+00
2.032877130041687863e+01,2.419790346811812043e+01
1.820732525847877881e+01,3.016530347382028410e+01
1.735029157551705126e+01,3.321899159819099623e+01
2.274938000149879613e+01,1.932239116224513964e+01
3.023468748661895944e+01,1.093928739085812651e+01
2.663561759020511843e+01,1.409530435485781830e+01
1.871577089382831360e+01,2.854858316724711997e+01
1.777849311493255513e+01,3.163807886077768927e+01
1.839077799906887734e+01,2.956649177400949924e+01
1.173768275173865305e+01,7.258305869876768668e+01
3.202069099255875528e+01,9.753008458341426490e+00
2.518547896441983625e+01,1.576520313737147028e+01
1.636656521690973776e+01,3.733231393228069805e+01
2.721928633566490774e+01,1.349728852105812749e+01
1.331145945395567765e+01,5.643501602220208468e+01
1.539685573745943969e+01,4.218285001173266835e+01
1.350843706967711277e+01,5.480116513203604711e+01
9.644785759590907048e+01,1.075015756779666320e+00
1.798501086466726306e+01,3.091566487994054313e+01
2.098538397878128947e+01,2.270733461729803793e+01
1.227222624600687872e+01,6.639773942918219518e+01
1.208568476016576376e+01,6.846324438196390361e+01
1.154648438693500268e+01,7.500676840578719862e+01
1.082416358527519229e+01,8.535152904422018594e+01
1.273698723772859154e+01,6.164055958760923204e+01
2.946293979846275235e+01,1.151987703169294441e+01
1.179457581817933587e+01,7.188451502060864584e+01
3.199380509952040086e+01,9.769407165439556451e+00
1.041577629284953943e+01,9.217575693561768446e+01
1.277261532172139802e+01,6.129715739211317072e+01
1.928188956835484191e+01,2.689681262744411328e+01
7.992557266894610279e+01,1.565411379855880858e+00
2.900680522588667287e+01,1.188502781480647563e+01
2.755639344734126084e+01,1.316907424424974771e+01
8.503152038175412031e+01,1.383057102138558481e+00
2.634585956637116766e+01,1.440705635348369107e+01
2.396696596201555352e+01,1.740900226612705382e+01
1.110373798396851619e+01,8.110760729119148493e+01
4.853716617686124835e+01,4.244740712331794619e+00
5.213762489718166648e+01,3.678726608011103405e+00
2.623825025975394354e+01,1.452547221369966657e+01
6.857319519986515388e+01,2.126626531731503622e+00
1.177470438007479636e+01,7.212734982934405537e+01
3.317365027200541761e+01,9.086852452578551009e+00
1.172234522834600412e+01,7.277311838798360100e+01
2.169373333414587890e+01,2.124865304378908348e+01
1.148244751220194537e+01,7.584571717418862136e+01
1.165806901768124426e+01,7.357779283101018564e+01
2.042346791848008536e+01,2.397402892580419120e+01
6.646993035219713875e+01,2.263338716868094291e+00
3.450239016348891852e+01,8.400432297379635926e+00
5.141202445396803000e+01,3.783298333602990393e+00
1.217217307940340731e+01,6.749378159839424995e+01
2.025525845296234095e+01,2.437386615081684482e+01
1.258592657849291641e+01,6.312910208265085998e+01
1.824368470552208166e+01,3.004518510700768275e+01
2.485493568149419730e+01,1.618731107562780380e+01
1.124013462045183687e+01,7.915110359966307385e+01
2.213090173625769452e+01,2.041746314226102044e+01
4.476012555954365268e+01,4.991342914756963900e+00
3.157208004738131280e+01,1.003214058558757316e+01
2.474517915834399417e+01,1.633122623097471049e+01
2.207421070614741154e+01,2.052247014463017294e+01
2.333311132321673398e+01,1.836769646406414225e+01
1.979226687580285926e+01,2.552753753469852427e+01
2.680273369873603073e+01,1.392008275564782771e+01
2.993036635572477167e+01,1.116287173258974796e+01
2.790180108078459753e+01,1.284504185155963363e+01
2.939093892084823878e+01,1.157638813713162129e+01
1.082078860025966449e+01,8.540477933215116479e+01
1.569215354707114329e+01,4.061017882939701451e+01
2.784838152791380139e+01,1.289436856112854457e+01
3.512781109902549304e+01,8.103969962974185037e+00
1.196964194173486540e+01,6.979714872162604422e+01
2.033899893313380502e+01,2.417357335782098815e+01
1.923704370737974756e+01,2.702236379964253388e+01
1.231403100988037025e+01,6.594767881959360523e+01
1.803660316111655959e+01,3.073905413653954710e+01
1.925134404991000281e+01,2.698223303961866648e+01
1.203128948530060605e+01,6.908370913893688225e+01
2.601374507701546435e+01,1.477727106844507610e+01
2.767236032536770196e+01,1.305892993918897638e+01
1.189834819095918661e+01,7.063609016157714393e+01
2.465568414481282034e+01,1.644999932115403141e+01
1.460024930751851713e+01,4.691151478513179285e+01
3.892694634514248975e+01,6.599322116576177955e+00
2.202888997004695781e+01,2.060700006967359244e+01
1.136928220815657831e+01,7.736310760977370649e+01
1.847050999118164327e+01,2.931178227393318636e+01
2.193415941134991698e+01,2.078538192997961076e+01
1.999809985866875550e+01,2.500475103038957769e+01
1.098635022023011132e+01,8.285011613320799029e+01
1.686338279965711351e+01,3.516499846054359324e+01
1.078900208797722371e+01,8.590875905028201487e+01
1.266417076286898435e+01,6.235143946854230990e+01
1.092144539827423522e+01,8.383777854858111311e+01
2.205307965878962406e+01,2.056181785118738148e+01
2.065543401199709095e+01,2.343858288684875646e+01
2.589306699900473063e+01,1.491533492214242607e+01
2.252268141708010063e+01,1.971332184726649572e+01
1.349989165969543237e+01,5.487056519114982223e+01
2.061789708189974135e+01,2.352400511365423696e+01
2.777554295050902766e+01,1.296208561371090617e+01
2.736194598717998261e+01,1.335691116297158132e+01
2.918218761825153962e+01,1.174260113768624336e+01
3.914425704948631335e+01,6.526252772163219973e+00
1.532566004374247370e+01,4.257568308562728987e+01
2.633359955597107316e+01,1.442047432749874858e+01
1.730296883458274237e+01,3.340094458411012823e+01
2.855461646187122682e+01,1.226442911835178506e+01
5.713392967489537710e+01,3.063457137267633357e+00
1.090090816607840374e+01,8.415397566245768246e+01
1.294280569975965278e+01,5.969571207437709859e+01
1.208181751612752031e+01,6.850707991369816341e+01
1.111346219753617781e+01,8.096573203684337727e+01
3.516764971229899572e+01,8.085619685830335968e+00
1.139854222994589783e+01,7.696643568762527821e+01
1.232900907656251555e+01,6.578754125743743941e+01
2.653521841163118467e+01,1.420216868625219497e+01
1.990568797124381106e+01,2.523745838735544922e+01
2.492141427219340954e+01,1.610106602235276441e+01
3.767743523573958697e+01,7.044291772349806635e+00
1.225859547848345699e+01,6.654548153089982065e+01
1.075374927267293934e+01,8.647293245205264611e+01
2.109469757076777796e+01,2.247260370265133389e+01
1.488327832642255366e+01,4.514428647391355298e+01
6.433386286137790933e+01,2.416132471669972581e+00
1.186136098143565221e+01,7.107730518704069311e+01
1.272978798046405480e+01,6.171030021986283742e+01
1.780193118766610283e+01,3.155482413613560055e+01
1.091120734096602440e+01,8.399518343434215240e+01
1.189681730148719829e+01,7.065427031876295416e+01
1.157005368387605060e+01,7.470148786009632147e+01
5.605121669477295399e+01,3.182950697269587348e+00
3.601290396457658716e+01,7.710520820525387897e+00
3.335288791158576061e+01,8.989449812352265923e+00
2.228104298107492909e+01,2.014322330010987017e+01
3.046545051826181805e+01,1.077419398131019079e+01
2.138390514796652297e+01,2.186885078231282975e+01
2.246772574626451657e+01,1.980987668124473444e+01
1.214214811348007217e+01,6.782799001436673336e+01
1.163402903618836604e+01,7.388218200897614452e+01
2.464260493945852915e+01,1.646746582005358661e+01
4.478972737455254105e+01,4.984747474557530644e+00
1.341670239173076951e+01,5.555311644404389426e+01
7.291220851160325367e+01,1.881046335395974989e+00
1.915609894352346032e+01,2.725121416830075205e+01
6.321413398986464927e+01,2.502485759088869166e+00
2.537377093393847360e+01,1.553209256992235332e+01
1.832269816848769040e+01,2.978661451627770873e+01
2.690617717187862112e+01,1.381325422345087262e+01
2.833341245482197834e+01,1.245667783362523906e+01
3.371340641180290731e+01,8.798218191354596485e+00
1.385766507896455835e+01,5.207387285567273238e+01
1.111405054483315524e+01,8.095716005698042750e+01
1.173171069828588386e+01,7.265697464280616202e+01
1.735142339259005695e+01,3.321465805220425693e+01
3.418938786569908217e+01,8.554947519067031436e+00
2.127482172615362188e+01,2.209368413927370511e+01
3.139378941521069777e+01,1.014641259322699618e+01
1.900784135320694901e+01,2.767798075038907157e+01
5.117182406662339389e+01,3.818899275176464769e+00
1.367103330147954310e+01,5.350536334089680679e+01
2.855516285562402956e+01,1.226395977111863367e+01
2.689810053961651093e+01,1.382155081853301937e+01
2.699971885595043020e+01,1.371770680124051189e+01
1.116394246943042035e+01,8.023517799730174715e+01
2.484232607577321517e+01,1.620374813653674551e+01
1.974220844981390499e+01,2.565715711963678558e+01
1.461962813706945141e+01,4.678723149625686517e+01
1.569775347314419101e+01,4.058120991528234356e+01
1.114621219919884254e+01,8.049064107659367551e+01
1.363183614047882486e+01,5.381350577479140185e+01
2.974623756591258328e+01,1.130149548462637199e+01
1.162959305866998250e+01,7.393855581381329500e+01
1.256144979867311839e+01,6.337536387788689751e+01
2.409789490560776670e+01,1.722034261672339284e+01
1.737406912061448594e+01,3.312812910952951739e+01
1.334996905211953688e+01,5.610989837998616281e+01
2.572433907578851731e+01,1.511163826541388033e+01
1.739420541317509361e+01,3.305147236497052887e+01
2.473046209141235252e+01,1.635066939899561689e+01
1.353188717376753125e+01,5.461139418461468154e+01
2.321032399829702797e+01,1.856254819168630377e+01
3.591664142205510757e+01,7.751907150891917730e+00
2.935478580542854843e+01,1.160492046734119853e+01
2.294074665814341074e+01,1.900136945258260823e+01
1.115671690232185398e+01,8.033913911810212483e+01
5.078077417078067413e+01,3.877942496147451124e+00
1.769112089046014091e+01,3.195135640016422229e+01
1.216660055563223430e+01,6.755562251006151087e+01
1.919086085796726948e+01,2.715257905036809660e+01
4.302061914647612184e+01,5.403145804730034030e+00
2.317589124352022267e+01,1.861774645504979731e+01
3.337447907052068530e+01,8.977822373527052591e+00
3.537752290286897505e+01,7.989970179292597230e+00
1.319417308583730808e+01,5.744280594097129722e+01
1.100944174066420800e+01,8.250293616490938575e+01
1.751728295495770382e+01,3.258866048474981625e+01
2.247576875504075389e+01,1.979570119250006499e+01
1.219300050367030330e+01,6.726340007163821610e+01
5.236958217404058757e+01,3.646210875759487546e+00
1.412699884768191438e+01,5.010720525695268179e+01
1.245600512261774817e+01,6.445289715794574192e+01
4.139097157670024529e+01,5.836987435122852119e+00
1.094655926248285560e+01,8.345353445843872464e+01
6.039624399866913507e+01,2.741448792013094327e+00
2.313190293693709876e+01,1.868862188828808613e+01
8.916940307003477528e+01,1.257674574894727115e+00
1.191522310045879784e+01,7.043615541407920944e+01
2.531665486109385199e+01,1.560225451274975228e+01
2.860486074118911404e+01,1.222138215394654814e+01
1.969754556446564209e+01,2.577364085260482796e+01
2.138596623106432304e+01,2.186463574276423572e+01
1.152930084402838418e+01,7.523051874950296281e+01
1.142086024915459674e+01,7.666592241672421437e+01
8.865190368918317176e+01,1.272400608300871871e+00
1.565946630560838315e+01,4.077989344482570999e+01
1.429366230567079299e+01,4.894552205145427592e+01
1.064458141528470136e+01,8.825571220129400274e+01
1.108744349139195506e+01,8.134617959074206794e+01
1.616115816595092625e+01,3.828732622864658452e+01
1.732607031820292676e+01,3.331193456034763756e+01
1.417130804101689101e+01,4.979435638059246116e+01
1.148559281531398923e+01,7.580418251248661932e+01
1.385285247720986490e+01,5.211006097569811857e+01
1.827111768722496166e+01,2.995503077027662897e+01
2.045245949591587831e+01,2.390611021906547506e+01
2.139469106008472821e+01,2.184680643075805406e+01
2.581100975944469766e+01,1.501032204003455561e+01
3.069386637554071484e+01,1.061443309147215430e+01
1.777107833923565750e+01,3.166448560926800226e+01
1.324919094334821601e+01,5.696672882562982210e+01
3.096359056293488621e+01,1.043031363960748870e+01
1.344891230739118981e+01,5.528733756026343826e+01
1.605777487091557276e+01,3.878191680027816801e+01
2.788169988778960473e+01,1.286356968455851302e+01
1.371475637320472529e+01,5.316475360561464214e+01
1.170518213522918138e+01,7.298668661688699899e+01
2.554203900337609667e+01,1.532811932195120441e+01
1.118870704797599736e+01,7.988039323052225882e+01
3.771485207000270634e+01,7.030321448347097935e+00
2.358621555246161350e+01,1.797560323523909176e+01
1.296089200187284796e+01,5.952922332249052317e+01
6.955411296767135809e+01,2.067066112691686719e+00
3.390179809487832330e+01,8.700706799851953832e+00
3.390188271006037724e+01,8.700663367988456187e+00
2.754661813522720593e+01,1.317842237195982769e+01
1.038776152616029158e+01,9.267360517724607405e+01
2.424859133007799983e+01,1.700697101220681162e+01
5.870584743988216303e+01,2.901598223937965404e+00
1.137499423136019949e+01,7.728543039861736474e+01
1.173136566278209436e+01,7.266124858758472271e+01
3.033414541142382603e+01,1.086767072437839410e+01
1.183022608948550314e+01,7.145192123848435983e+01
2.656623467698444330e+01,1.416902578169466231e+01
2.897748866104303289e+01,1.190908817733933844e+01
1.903215573663347726e+01,2.760730634334936440e+01
1.341423135112208165e+01,5.557358525015393269e+01
4.229479003485518973e+01,5.590185937255687243e+00
1.673756629080736857e+01,3.569565700004975639e+01
5.009525083218309049e+01,3.984803305558880293e+00
6.652505866723774375e+01,2.259589081673866406e+00
2.779682504762712014e+01,1.294224487572326154e+01
1.356196644388547412e+01,5.436941611558933829e+01
1.505950339281702632e+01,4.409391886863129884e+01
3.641221911324093696e+01,7.542333036948462244e+00
4.250017981972177950e+01,5.536285331206370230e+00
1.558523914665301646e+01,4.116925979701800031e+01
2.250834057859756498e+01,1.973844992139538590e+01
2.420065072411277640e+01,1.707441812917065604e+01
4.340595051338895161e+01,5.307639996491405832e+00
7.234832452120798507e+01,1.910482412750341030e+00
3.107924241272883847e+01,1.035283165721072152e+01
2.599888914714056654e+01,1.479416354580729909e+01
2.755463360952679253e+01,1.317075644225972830e+01
1.026684901908647163e+01,9.486928971717024694e+01
1.363983401507108617e+01,5.375041593265323314e+01
2.427953852541633495e+01,1.696364377799181256e+01
1.284619786831644284e+01,6.059695282090669366e+01
2.525256619613652376e+01,1.568154914886598128e+01
1.225422211403208017e+01,6.659298835304051067e+01
1.616369011635715935e+01,3.827533218300185780e+01
1.960490167353244928e+01,2.601780551845419964e+01
2.057954466014423645e+01,2.361176636018730690e+01
1.524349984695385629e+01,4.303587312822951816e+01
1.754712238611683262e+01,3.247791864932382566e+01
3.419746714162243961e+01,8.550905721669192161e+00
1.041752681479196063e+01,9.214478180473625457e+01
1.048188990954183097e+01,9.101664273085251011e+01
1.044457600678644837e+01,9.166812972233533685e+01
1.226407751731924378e+01,6.648600320817364207e+01
5.902874976466080881e+01,2.869940084979602624e+00
1.624954631640211034e+01,3.787193714820453749e+01
1.513723842336136016e+01,4.364220621643517006e+01
1.145819655172882001e+01,7.616710770513275008e+01
3.264143221163715936e+01,9.385590199962230429e+00
2.839466304187370582e+01,1.240299479382930770e+01
2.838629619305385532e+01,1.241030742632748662e+01
1.691109050014174997e+01,3.496687110429232348e+01
1.118360423939771131e+01,7.995330484995734821e+01
1.705331219509933405e+01,3.438606774628326690e+01
9.882312736233728856e+01,1.023959578815442084e+00
1.557287762518528140e+01,4.123464484473323921e+01
2.418558645995349821e+01,1.709569473949081342e+01
1.771179335882238348e+01,3.187681533827893432e+01
6.150816439570240135e+01,2.643227031683538453e+00
1.932869685186367903e+01,2.676670118152755151e+01
3.528603583676896704e+01,8.031455516314048637e+00
1.287948257373442296e+01,6.028415368663709017e+01
1.321083580402183877e+01,5.729799305001694876e+01
2.334046994306178036e+01,1.835611661243752124e+01
2.959273291831569352e+01,1.141904674850143486e+01
4.838995167829119026e+01,4.270607153058205263e+00
1.353821977836392065e+01,5.456031634888176995e+01
2.785893928839105271e+01,1.288459720138236619e+01
2.905108657649353532e+01,1.184882373100153785e+01
4.084791704176326732e+01,5.993219295718851036e+00
7.319308775275723633e+01,1.866636966557122745e+00
1.729830655490104974e+01,3.341895161045223972e+01
2.307513980323628999e+01,1.878068022701174655e+01
1.224968586464673947e+01,6.664231832586288817e+01
1.906281353774762977e+01,2.751857875756635963e+01
3.936416176133517553e+01,6.453539675476414494e+00
8.842775863385055857e+01,1.278859298918874510e+00
2.111794149551017696e+01,2.242316100100091703e+01
3.801197973492871540e+01,6.920843391062553529e+00
1.268040578022689857e+01,6.219188169114359965e+01
4.689668476227235061e+01,4.546903268009828025e+00
1.138931565361261278e+01,7.709118845755571670e+01
2.440191818872628815e+01,1.679391947652774064e+01
2.920542425672529774e+01,1.172392309842288505e+01
1.491812448794684265e+01,4.493363427714854197e+01
1.948262207524263090e+01,2.634542371264672056e+01
1.073318407749865067e+01,8.680462086760798002e+01
3.561787151389184913e+01,7.882501719309831678e+00
1.382267859292424816e+01,5.233781410117030930e+01
2.570460924902159405e+01,1.513484534288722294e+01
1.658763367564567659e+01,3.634386649532662261e+01
3.519977236517225094e+01,8.070868849451951377e+00
1.970106262804811337e+01,2.576443937509327853e+01
1.925262646904922903e+01,2.697863858151334071e+01
7.486131201938647450e+01,1.784370897464928829e+00
2.273765660282852963e+01,1.934232131565052626e+01
2.422179016690759568e+01,1.704462791325863691e+01
1.455720853616310073e+01,4.718932803321608560e+01
3.035029439644076987e+01,1.085610871721541493e+01
9.630693282191295168e+01,1.078164173815024274e+00
1.025220744462723665e+01,9.514045622344352182e+01
2.362687270076605728e+01,1.791379158851862741e+01
3.039299996064258025e+01,1.082562205699335500e+01
1.578529053311778618e+01,4.013237306640682789e+01
2.700409289739052099e+01,1.371326325567999938e+01
3.440817974449921479e+01,8.446496442572309249e+00
3.211559106035905842e+01,9.695454252518707960e+00
2.424708848688526075e+01,1.700907927379877194e+01
1.191800952772747912e+01,7.040322335771304552e+01
1.118595444032064101e+01,7.991971154470579108e+01
1.278877299291450242e+01,6.114236636503117950e+01
1.237203084123790653e+01,6.533080538229150136e+01
1.453041943929695101e+01,4.736349022071567560e+01
1.755257334636661781e+01,3.245774971445869284e+01
1.769929706054579199e+01,3.192184343320228734e+01
1.197015346121687251e+01,6.979118357863312383e+01
1.274449265742951809e+01,6.156797889640615296e+01
1.898701941450225661e+01,2.773871963816764463e+01
2.052929442581804409e+01,2.372749843373786760e+01
1.131645885680217845e+01,7.808702953663488699e+01
1.928648665221787439e+01,2.688399202725640080e+01
2.164721609294526061e+01,2.134007271838181552e+01
3.064299656670674921e+01,1.064970394786429431e+01
1.120688316061186107e+01,7.962149205435642330e+01
1.217538476797821367e+01,6.745817854828746363e+01
2.582584196777317942e+01,1.499308563844735787e+01
3.486856378729220296e+01,8.224923762079406231e+00
1.406898597686662988e+01,5.052128712375667163e+01
5.524926590297008033e+01,3.276023256453456156e+00
2.821416347536354152e+01,1.256219826043206922e+01
1.396710366823025673e+01,5.126102509285058062e+01
3.200332480107324784e+01,9.763596018692254574e+00
2.614835764561832931e+01,1.462551498542683781e+01
1.253238048957413397e+01,6.366970774313791281e+01
1.216381729240819354e+01,6.758654151955718703e+01
2.364459094677872741e+01,1.788695398800871672e+01
1.161972675838561564e+01,7.406417145320733653e+01
2.431289460623732168e+01,1.691712915853407750e+01
1.331618835648314736e+01,5.639494024439898112e+01
4.297633204879661406e+01,5.414287422852035903e+00
1.797031119914803909e+01,3.096626342521933495e+01
7.485185462798330036e+01,1.784821829780851576e+00
2.991011119840910837e+01,1.117799586777259968e+01
3.166226016552658606e+01,9.975075092439929847e+00
1.075808290241464427e+01,8.640327948551924919e+01
5.024674082297428157e+01,3.960811786281892122e+00
1.993483770980443026e+01,2.516370534648132562e+01
2.944302437303662501e+01,1.153546652009718443e+01
2.048263297816495765e+01,2.383572871215852018e+01
1.619631073641959773e+01,3.812130849995580917e+01
2.871263454402530613e+01,1.212980763432114983e+01
3.515040778871554750e+01,8.093553922586629312e+00
2.153734671639951159e+01,2.155835409460894070e+01
2.337086548305706302e+01,1.830840068567597356e+01
2.198982153528856998e+01,2.068028837863588976e+01
1.000148714765564151e+01,9.997026368039627187e+01
1.855313923018014677e+01,2.905127467608625125e+01
1.073118377490716746e+01,8.683698480706262046e+01
1.212579490067503052e+01,6.801106312717649871e+01
6.314881868557008460e+01,2.507665116402651329e+00
2.062382892541315371e+01,2.351047507030131456e+01
7.970087856100515467e+01,1.574250291894923492e+00
1.649952939747752367e+01,3.673304114492175643e+01
1.265442840932741042e+01,6.244748230481719276e+01
1.443029919201063294e+01,4.802300460874382537e+01
1.107885187463057441e+01,8.147239595386979261e+01
4.372512206120803313e+01,5.230436560914253796e+00
6.455966389367999625e+01,2.399260911285767239e+00
1.770325834470657966e+01,3.190755935702724955e+01
1.182604123140395913e+01,7.150249928912950281e+01
1.212741223288961123e+01,6.799292419587396807e+01
1.951755700508304159e+01,2.625119554382616371e+01
1.336037615317609095e+01,5.602251851213463141e+01
1.874114071912368829e+01,2.847134322167036657e+01
1.400048403323006951e+01,5.101688040722360284e+01
1.754784492337732615e+01,3.247524413021906753e+01
1.208380811097737073e+01,6.848451109980508988e+01
2.035954193462777440e+01,2.412481516680633220e+01
1.936951433641069187e+01,2.665400881090937091e+01
1.956942432144562716e+01,2.611222623544281873e+01
2.237045113905502447e+01,1.998253190346284569e+01
1.057307090698271779e+01,8.945357679460074962e+01
3.936772693553570690e+01,6.452370852527645084e+00
3.017779554338003223e+01,1.098057231230279207e+01
1.148539655968895268e+01,7.580677312818660596e+01
4.466396654325701121e+01,5.012858213470077651e+00
1.291696092056741030e+01,5.993483426073193243e+01
2.891816417356431401e+01,1.195800035775285863e+01
1.795844121457534470e+01,3.100721247427511784e+01
1.172224986982693906e+01,7.277430238680639718e+01
3.445880036379547562e+01,8.421698549178357140e+00
2.699967709219024670e+01,1.371774923904139776e+01
3.449570136874230286e+01,8.403690338976415930e+00
5.411911484045012344e+01,3.414276040782243893e+00
1.832891544260202110e+01,2.976641035974225957e+01
1.834987720166052938e+01,2.969844260925691870e+01
1.374182491188143374e+01,5.295551286179931338e+01
2.555435208010086612e+01,1.531335151735700251e+01
9.676629542482638158e+01,1.067952090227345385e+00
1.193615398790433879e+01,7.018934247822879513e+01
2.422397575265101466e+01,1.704155238052085863e+01
1.752451631192968406e+01,3.256176367781506542e+01
1.340989268424379688e+01,5.560955187342229777e+01
1.264554007169087591e+01,6.253529972871557163e+01
1.940769500561113148e+01,2.654923935051791517e+01
1.303224676133486248e+01,5.887913360194957590e+01
1.120763314865153326e+01,7.961083625077122861e+01
2.139915804720189740e+01,2.183768651894030910e+01
2.025962498466546435e+01,2.436336074510741057e+01
2.089796658070093471e+01,2.289770412719953185e+01
1.594217341860627180e+01,3.934639448642928983e+01
2.858545339971075805e+01,1.223798255895547449e+01
2.850615122092577636e+01,1.230616774495765853e+01
4.179395204035590439e+01,5.724968744279676613e+00
1.496166215045631276e+01,4.467250566575503257e+01
3.090090853939154769e+01,1.047267202328023394e+01
1.405074391529585576e+01,5.065255571707579918e+01
4.329297223832949726e+01,5.335378006038700605e+00
2.611158158300430188e+01,1.466674172044227120e+01
2.656303487576135680e+01,1.417243960823710403e+01
2.784038191942492446e+01,1.290177971805579205e+01
1.330641179534351792e+01,5.647784029810265594e+01
1.288634287667764688e+01,6.021998381696445790e+01
2.495969694045114906e+01,1.605171293396315590e+01
1.504983235507469530e+01,4.415060667178684639e+01
2.102624342327574780e+01,2.261916788461909178e+01
2.917144163126588907e+01,1.175125405805680145e+01
1.154433691368484638e+01,7.503467646347729669e+01
2.153089637655568467e+01,2.157127316104477188e+01
7.601304562514850716e+01,1.730707725846661216e+00
1.743835664474182323e+01,3.288432176415200558e+01
6.878002227794941348e+01,2.113855886591878175e+00
4.076968855834418548e+01,6.016240823533226312e+00
1.635276786438016572e+01,3.739533743974548941e+01
1.239959859165525913e+01,6.504063127115730936e+01
1.083721949576184684e+01,8.514600202991000799e+01
2.081812038851780144e+01,2.307368549216707621e+01
6.086545608455201517e+01,2.699344029754567664e+00
2.232828852903030281e+01,2.005806936904094329e+01
2.887345878165620050e+01,1.199505867852929164e+01
1.796127000131740914e+01,3.099744636258664698e+01
2.247306089850509636e+01,1.980047198438770195e+01
1.928908860258284363e+01,2.687673962706334052e+01
6.061641595285051665e+01,2.721569888145678018e+00
1.820100559532431461e+01,3.018625480549283324e+01
1.847474553733372815e+01,2.929834369370406577e+01
2.230965292288620461e+01,2.009159301014859267e+01
1.456535097167386184e+01,4.713658249186362781e+01
1.348033060705971842e+01,5.502992400610740731e+01
5.487700168527848632e+01,3.320620543498592703e+00
1.356326010374876567e+01,5.435904513153536755e+01
5.337770893069880174e+01,3.509781994972383856e+00
1.489425812802662463e+01,4.507775175926744993e+01
2.166374196819769438e+01,2.130752719895719238e+01
4.272803926202864488e+01,5.477395137820062487e+00
4.869070652439785363e+01,4.218012352034804735e+00
2.993743849157348791e+01,1.115759833415066815e+01
2.624148832690151423e+01,1.452188769502563837e+01
8.098233449651385740e+01,1.524822935537206492e+00
1.274185644247996585e+01,6.159345763527506534e+01
1.694891639608552225e+01,3.481097001003917057e+01
2.412915274185147041e+01,1.717575572160641428e+01
1.237186755310239406e+01,6.533252991025865697e+01
2.422608871043505729e+01,1.703857984038831930e+01
1.674462576215702114e+01,3.566556503479018403e+01
1.837635561759204705e+01,2.961291953871347360e+01
2.267595773755451560e+01,1.944772130333089066e+01
1.532494960370167902e+01,4.257963065764840138e+01
4.024677040452969834e+01,6.173592044197202533e+00
2.269097635858995332e+01,1.942198584868188860e+01
1.924357335232458865e+01,2.700402869083133695e+01
2.404961184462113266e+01,1.728955666365644106e+01
1.158131709348054272e+01,7.455625665703807670e+01
2.815110288610370404e+01,1.261854183595035828e+01
2.118872271489504300e+01,2.227360146688907605e+01
1.114707668435178256e+01,8.047815703831878409e+01
1.227791242157235274e+01,6.633625311703913496e+01
1.820328512885523864e+01,3.017869504130066716e+01
1.144551295206455954e+01,7.633601378971958695e+01
1.702082087529169740e+01,3.451747328768813361e+01
1.337238280385269285e+01,5.592196188777991495e+01
2.009855015562976277e+01,2.475543374500146143e+01
1.741516127361254362e+01,3.297197780143585533e+01
2.851158852701460944e+01,1.230147449396762482e+01
4.529866419052012816e+01,4.873368023550223249e+00
2.205651329942309857e+01,2.055541644069697327e+01
1.383332575589096081e+01,5.225727890731678116e+01
1.020196525509591368e+01,9.607985074995396246e+01
1.531651016157502809e+01,4.262656658834153234e+01
1.274867617468961178e+01,6.152757808340490442e+01
1.007580544134884626e+01,9.850095795871825999e+01
2.889314095090048795e+01,1.197872204258445450e+01
2.891670918767358245e+01,1.195920375606556618e+01
1.417663778785668960e+01,4.975692276195529473e+01
2.124512894952678010e+01,2.215548477765497282e+01
2.966844660879754869e+01,1.136083844501641948e+01
1.201896164088846497e+01,6.922550008782737052e+01
1.818569889973227660e+01,3.023709104420917626e+01
1.027368020241674884e+01,9.474317053879043726e+01
2.162712848944875077e+01,2.137973309193293758e+01
1.473515848273317808e+01,4.605644127750997541e+01
1.852874170777161211e+01,2.912783095548795842e+01
1.693541876475444141e+01,3.486648123050350989e+01
1.141169680189369018e+01,7.678909536951894665e+01
6.625216424530189840e+01,2.278242033450649906e+00
5.137001492729905294e+01,3.789488698136291411e+00
1.375089858176041524e+01,5.288564945506302450e+01
1.365608119421697886e+01,5.362259402986266821e+01
1.274524595619327982e+01,6.156070124763454032e+01
3.352578074691405874e+01,8.896971493375300355e+00
1.758067671412821653e+01,3.235406280624595610e+01
1.860669517047773525e+01,2.888427788510654537e+01
1.216184869484757947e+01,6.760842330288456026e+01
1.950395312719566476e+01,2.628782838435691716e+01
1.908949878099022257e+01,2.744169599509030988e+01
3.191457580530998683e+01,9.817973313529934742e+00
2.257557686176848932e+01,1.962105192778268403e+01
2.304055332861307548e+01,1.883710639355669159e+01
4.462293147926768455e+01,5.022082060157561756e+00
5.967761866744081800e+01,2.807870214385775665e+00
1.083118451040618169e+01,8.524091280005609406e+01
3.340939509315626310e+01,8.959066808195338183e+00
2.234227495952695364e+01,2.003296422792864817e+01
1.997424123009093222e+01,2.506452154767612939e+01
1.307337029319918109e+01,5.850929634812955982e+01
1.188586160831136951e+01,7.078458030845455085e+01
1.840043909494120555e+01,2.953545232742780513e+01
1.989697540798335140e+01,2.525956537495684628e+01
7.428296065491414879e+01,1.812264529455368756e+00
2.544013060632195788e+01,1.545116843378029792e+01
1.806579218558917788e+01,3.063980377946623790e+01
4.868212241509253602e+01,4.219500005799630138e+00
1.416633693461950472e+01,4.982930916698809654e+01
2.427076632536044443e+01,1.697590835727029202e+01
1.283508736991942989e+01,6.070190789093147288e+01
5.466841310240871366e+01,3.346008693352262586e+00
3.983749722583841191e+01,6.301093260551373199e+00
1.577464911173519901e+01,4.018653712887485341e+01
1.363116246892758099e+01,5.381882498712185026e+01
5.572825311843428153e+01,3.219950094014119024e+00
4.800092222250544438e+01,4.340111003340535234e+00
2.436227933444683558e+01,1.684861331510207805e+01
6.096490907148545091e+01,2.690544250966084849e+00
2.642045467239817569e+01,1.432581787597930223e+01
4.076903476695468953e+01,6.016433783607396890e+00
1.260664780477761582e+01,6.292174523821444865e+01
2.170866898039682624e+01,2.121942479472372867e+01
1.481294487790968795e+01,4.557400404305981567e+01
2.934317002360317517e+01,1.161411012920369323e+01
1.969270095294440281e+01,2.578632358582226658e+01
1.337055637960073717e+01,5.593724086353909541e+01
1.821664910772419788e+01,3.013443228973120114e+01
1.768799190957667378e+01,3.196266170001089080e+01
1.418048038467103922e+01,4.972996036254514962e+01
1.205086357978061251e+01,6.885946747907675558e+01
2.290073035065952922e+01,1.906783274475251844e+01
1.552912115734970477e+01,4.146734627831668973e+01
3.215839392920783979e+01,9.669662101368357909e+00
2.178950199114170161e+01,2.106228045252760595e+01
2.408144382587066090e+01,1.724387858047116495e+01
1.467095605660387037e+01,4.646042384904461642e+01
2.821350177131253645e+01,1.256278752120684139e+01
1.179287548268016828e+01,7.190524560569990342e+01
2.433237251719509331e+01,1.689005588816521808e+01
1.598235293210257169e+01,3.914881008995644862e+01
1.123429875357011731e+01,7.923335800459950917e+01
5.880016014944088454e+01,2.892297632821858144e+00
1.697708802979680343e+01,3.469553581696793287e+01
2.106282085153168637e+01,2.254067577639643360e+01
1.113697466236602374e+01,8.062422198989547439e+01
1.045579666193091128e+01,9.147148768819154441e+01
2.132592176728739730e+01,2.198793156549293926e+01
1.860029794390127478e+01,2.890414972225481804e+01
3.777107104940233739e+01,7.009408969709171267e+00
1.901488776497188127e+01,2.765747110394254449e+01
1.905511333040021782e+01,2.754082387078188887e+01
1.404737620934153064e+01,5.067684542906878420e+01
1.051523658429367813e+01,9.044028103126639451e+01
1.878613811495706187e+01,2.833511490527864041e+01
1.367601035100792295e+01,5.346642649015274174e+01
5.016135867986218955e+01,3.974307051417993897e+00
1.220421400382833355e+01,6.713985067589480593e+01
4.100931408963390368e+01,5.946138066269612388e+00
3.185297256073203087e+01,9.855985707273340779e+00
1.930949733775898025e+01,2.681995613044159654e+01
1.704891178534045793e+01,3.440382047059561899e+01
1.161113910951633166e+01,7.417376833257155511e+01
1.713588895824471336e+01,3.405545770123973170e+01
1.282068093407779941e+01,6.083840445881346426e+01
1.616472644166012174e+01,3.827042465501194357e+01
8.232575866410482490e+01,1.475463657676124640e+00
1.464343198860368034e+01,4.663524375131655120e+01
2.484427512546727712e+01,1.620120584690439358e+01
1.330220725575940754e+01,5.651354878453610553e+01
1.206056277552268163e+01,6.874875740550164949e+01
3.621455681202230892e+01,7.624891189889757115e+00
2.005666243324036913e+01,2.485894364427412029e+01
3.683216856874016543e+01,7.371322645504643667e+00
7.204218520606038112e+01,1.926753892308754823e+00
1.901922227657606612e+01,2.764486617540336511e+01
2.036454503487554035e+01,2.411296279867692860e+01
6.739963540152901089e+01,2.201328749556469067e+00
1.864377979309142574e+01,2.876948386544368574e+01
2.223012932351488047e+01,2.023559699565589654e+01
2.184379255150902210e+01,2.095771417820534666e+01
5.295435347856479780e+01,3.566125803069148947e+00
1.749005361096387290e+01,3.269021061313027587e+01
1.221335640320313054e+01,6.703937222115074235e+01
1.985122465006805825e+01,2.537613006828015116e+01
2.586537215008258173e+01,1.494729263707656663e+01
3.056345161306104785e+01,1.070521028237652139e+01
1.691162232940105881e+01,3.496467189331281844e+01
3.011434720220763239e+01,1.102689130014038277e+01
5.770591007871590250e+01,3.003028201374001949e+00
1.150101218124968305e+01,7.560105797473811151e+01
1.201544612272267543e+01,6.926601445619121478e+01
1.496113897369411738e+01,4.467563003022434742e+01
1.277128444180058686e+01,6.130993346126732035e+01
1.118033757530645111e+01,8.000003308941570879e+01
1.967091692002354719e+01,2.584346796406514457e+01
3.302837268706979046e+01,9.166966559458533226e+00
2.228531191027209957e+01,2.013550684916831557e+01
3.134938491715994502e+01,1.017517650327969214e+01
7.767434554957490889e+01,1.657466633872422657e+00
1.220754057673674531e+01,6.710326424377528554e+01
1.572150832055216796e+01,4.045866796345809036e+01
1.309780272087278341e+01,5.829121536520877811e+01
1.034676086093748459e+01,9.340952783466491383e+01
3.063662672173765600e+01,1.065413289599399072e+01
1.153831672446773737e+01,7.511299651753502360e+01
1.630655537893527196e+01,3.760759320974027275e+01
4.501776702892421866e+01,4.934374428045690486e+00
1.182091980360987016e+01,7.156446979912030315e+01
1.338422635931015137e+01,5.582303621190589382e+01
9.546386934752273135e+01,1.097291294098134973e+00
4.799839451748350427e+01,4.340568135682377537e+00
1.800702731232880893e+01,3.084011248556225482e+01
3.806980960110644219e+01,6.899833175043445621e+00
1.321400466558102238e+01,5.727051498548873099e+01
1.588489938300030424e+01,3.963063795098130981e+01
2.147733615028241516e+01,2.167899628702749126e+01
1.290099917520730166e+01,6.008323460797578974e+01
2.374101211493626096e+01,1.774195775100931982e+01
1.789274972208702152e+01,3.123531036372779823e+01
2.977890393402357461e+01,1.127671442991070805e+01
3.019014351792009521e+01,1.097159189131908796e+01
2.014147751928319963e+01,2.465002409376219106e+01
2.613267777125190960e+01,1.464307116842266154e+01
5.664319107467613890e+01,3.116768715971003800e+00
2.177800278415522683e+01,2.108452890826982795e+01
1.458243604544265359e+01,4.702619487006433019e+01
6.135396565927948132e+01,2.656529984311871484e+00
1.282203910065177688e+01,6.082551660057109189e+01
2.078399614462395562e+01,2.314951484085952416e+01
1.597449861945205463e+01,3.918731678666027562e+01
1.574937895546639943e+01,4.031560060318139449e+01
6.303058375571098537e+01,2.517081868649036824e+00
1.908458524583543436e+01,2.745582814349274514e+01
1.723692189797041863e+01,3.365740064045233737e+01
1.727750397885502665e+01,3.349947467708917515e+01
2.780619848619411272e+01,1.293352071373281298e+01
3.638181426508575100e+01,7.554944794771037309e+00
1.115395860388616711e+01,8.037887868136040481e+01
4.829896596097641748e+01,4.286712269870874614e+00
1.233286208560291897e+01,6.574644124454731298e+01
5.876526168599044553e+01,2.895733904918150969e+00
8.115685771377115998e+01,1.518271896544626909e+00
1.434868371803879583e+01,4.857086909766884730e+01
2.080965481013916829e+01,2.309246252872414473e+01
3.123326837222721508e+01,1.025097405225084657e+01
2.040804163688663309e+01,2.401028619179695767e+01
1.375178813163114278e+01,5.287880774100734982e+01
8.527161692038529850e+01,1.375279608537536280e+00
1.066147889902282664e+01,8.797617918562681893e+01
1.362861725597993079e+01,5.383892873770763998e+01
2.441634609376263754e+01,1.677407789292692186e+01
1.781496481644740726e+01,3.150866929698866770e+01
1.363951845491173920e+01,5.375290307119568212e+01
1.805977953792629620e+01,3.066020901325816439e+01
1.753809129727493854e+01,3.251137570947086886e+01
1.138900995862613286e+01,7.709532695706958805e+01
1.256727967844729577e+01,6.331657867313968779e+01
2.043019869669753774e+01,2.395823492465761717e+01
2.229634896450688331e+01,2.011557697848746074e+01
1.508472010667695606e+01,4.394662089323747267e+01
2.485233605970817550e+01,1.619069772606707858e+01
1.326014962232937577e+01,5.687260890278137282e+01
1.054304105859143803e+01,8.996388553938415100e+01
2.178890670952872100e+01,2.106343132803681684e+01
2.990207265205589948e+01,1.118400661604152369e+01
1.241992610072309589e+01,6.482790342253541382e+01
2.634395309999641199e+01,1.440914165649397916e+01
1.486334434844039265e+01,4.526545821636006650e+01
1.556957233822839370e+01,4.125215422747852756e+01
5.989773522355132229e+01,2.787271002221559879e+00
4.138717182448762344e+01,5.838059270818535929e+00
1.006631489379609157e+01,9.868677942655412494e+01
2.250013177634390260e+01,1.975285504494047473e+01
1.969621620924402094e+01,2.577712004677245972e+01
1.841755201336127001e+01,2.948059129392856192e+01
1.222653888298494174e+01,6.689488836408735040e+01
6.172168653514131620e+01,2.624970522775812665e+00
2.488051835163272685e+01,1.615403992482985984e+01
1.308069166393370963e+01,5.844381840852717858e+01
1.435094476029257038e+01,4.855556527790795229e+01
1.869146651279498883e+01,2.862287447558969689e+01
1.719839205728743892e+01,3.380837602435381228e+01
1.109424483408939466e+01,8.124647137925352069e+01
1.191793830125973308e+01,7.040406487707244310e+01
3.325343674925535709e+01,9.043299770806964233e+00
2.423538543500827558e+01,1.702551030596503523e+01
1.998995237790852642e+01,2.502513799692414764e+01
1.268035158228413906e+01,6.219241332928083921e+01
1.364285328231424188e+01,5.372662781309877289e+01
4.488370338143306526e+01,4.963895529700820930e+00
1.614898758534964074e+01,3.834505796922086773e+01
1.961097891280276428e+01,2.600168272001510772e+01
4.847928614933036329e+01,4.254882461208141287e+00
1.633571882826530697e+01,3.747343466487946984e+01
2.376643604903433626e+01,1.770401945016841339e+01
1.455797301148053435e+01,4.718437210572490415e+01
1.142688224685812592e+01,7.658513741431838184e+01
1.400583353875697767e+01,5.097791621944983831e+01
6.445508178906966634e+01,2.407053107480755738e+00
2.065463006412550584e+01,2.344040753977071034e+01
1.714780555547667262e+01,3.400814154049145799e+01
1.880901708636353931e+01,2.826622411706225790e+01
1.911123145647754740e+01,2.737931985963716386e+01
1.152164315508276893e+01,7.533055367499217425e+01
2.948994025428797627e+01,1.149879190666096740e+01
2.041307858324988800e+01,2.399843853223163848e+01
2.609926997441287000e+01,1.468058224343628559e+01
1.458133676613955032e+01,4.703328569749393750e+01
1.219459847317432200e+01,6.724577295256146670e+01
1.469526894910777592e+01,4.630681620020530431e+01
1.170333016889618349e+01,7.300978766234399586e+01
1.490687978981250872e+01,4.500144937042622928e+01
1.321596930059208930e+01,5.725348902345577073e+01
1.408027071112478090e+01,5.044033827722434893e+01
1.455447925765284545e+01,4.720702772447247497e+01
1.123068866496325668e+01,7.928430508808344257e+01
2.160412405349483222e+01,2.142528833436329805e+01
2.232547637489064130e+01,2.006312278285245299e+01
3.920652456388967977e+01,6.505539340239705481e+00
1.241853284532029988e+01,6.484245053442000994e+01
1.393642994262551404e+01,5.148692182447226173e+01
1.909578392669660118e+01,2.742363476499005159e+01
2.092458558934632862e+01,2.283948299897299350e+01
6.289403269602854607e+01,2.528023552663027917e+00
1.561218344679087444e+01,4.102727841780023255e+01
1.319865572396988185e+01,5.740379415198631108e+01
4.255086133403543158e+01,5.523104858972535780e+00
4.064512164451836185e+01,6.053173814221741722e+00
1.264025086948871568e+01,6.258764537448659837e+01
2.206470948500926710e+01,2.054014819373408329e+01
2.741724268581831225e+01,1.330308749580708039e+01
3.047138753634502706e+01,1.076999592155157437e+01
1.236583746793384009e+01,6.539626304217000552e+01
1.236791870454335118e+01,6.537425551635436705e+01
2.329721974436927567e+01,1.842433441901009417e+01
1.006165800000219335e+01,9.877815208188128793e+01
1.527005859122305331e+01,4.288630136751068989e+01
4.515250895483495697e+01,4.904968528046783405e+00
2.484791644021621337e+01,1.619645781361514736e+01
1.313927605421709188e+01,5.792381070753457095e+01
1.871201054111850581e+01,2.856005852726838867e+01
1.827144482942869175e+01,2.995395811651091478e+01
1.004215485384755802e+01,9.916220421105018090e+01
2.290341061329784011e+01,1.906337019459477133e+01
2.557586912806945278e+01,1.528759602778364624e+01
2.292759344310684000e+01,1.902317730514238647e+01
3.814007800369085288e+01,6.874432407588578542e+00
1.255735666513372273e+01,6.341668564828324151e+01
6.310079521517810264e+01,2.511483534444548749e+00
1.856399286048876718e+01,2.901731435057360287e+01
1.396400948408510523e+01,5.128374473136510403e+01
1.693142405613141221e+01,3.488293558938300265e+01
1.488280476951611675e+01,4.514715941743422434e+01
1.738812337069414937e+01,3.307459799058360517e+01
2.159837190327082368e+01,2.143670196208338652e+01
1.613257700227399027e+01,3.842310933244276328e+01
1.810599998322346238e+01,3.050387191908443896e+01
3.126788895142301428e+01,1.022828635590565227e+01
1.193425253372604544e+01,7.021171043972719872e+01
1.432662423147043818e+01,4.872055869669993911e+01
6.223739342225884030e+01,2.581649079674805503e+00
4.076056885346436331e+01,6.018933253015640084e+00
1.691648607606981258e+01,3.494456903526489810e+01
1.465475870139059289e+01,4.656318253360409898e+01
4.515239767962344075e+01,4.904992704042346219e+00
1.191535355418215936e+01,7.043461310005707787e+01
5.978263591383439035e+01,2.798013981132093431e+00
1.340043236694505957e+01,5.568809705632251195e+01
1.469572284210130597e+01,4.630395577407113450e+01
1.260403366741331332e+01,6.294784849169643337e+01
1.430866746042098292e+01,4.884291989894372676e+01
1.440227377648693441e+01,4.821008258548988579e+01
2.081746356837291856e+01,2.307514152935268825e+01
1.790863581893212242e+01,3.117991953588230913e+01
1.144985513245429409e+01,7.627812626418545960e+01
2.031955269500063466e+01,2.421986473162615283e+01
1.395447813044434149e+01,5.135382552359241259e+01
1.334509460482283849e+01,5.615089542061162575e+01
1.545084987200601745e+01,4.188854298900434969e+01
4.699796731614955547e+01,4.527326857386922754e+00
1.197820890303806074e+01,6.969734487839249937e+01
1.949904452484753037e+01,2.630106521116715967e+01
3.675936984545349873e+01,7.400548078213038394e+00
1.069057208928037106e+01,8.749799616762626897e+01
2.537636872797826015e+01,1.552891267348788773e+01
1.266635341624815148e+01,6.232995264435583493e+01
1.993829340407657824e+01,2.515498338267965650e+01
1.656567945826925126e+01,3.644026216323239709e+01
2.558982381136630480e+01,1.527092726172943671e+01
1.763640230798727870e+01,3.214992809099816640e+01
1.049716626516058327e+01,9.075192540594397883e+01
1.216313907049737963e+01,6.759407903944594409e+01
1.147864236335293597e+01,7.589601094067401732e+01
7.751117577026982985e+01,1.664452287862209223e+00
1.244703984749363102e+01,6.454577804583291822e+01
1.982514689838371780e+01,2.544293286701604018e+01
1.940648293001638436e+01,2.655255583914897599e+01
1.323852235729251170e+01,5.705858187678616389e+01
1.673976632093745565e+01,3.568627498612071491e+01
2.579727737344200733e+01,1.502630685859630866e+01
1.164951857631025689e+01,7.368584081246768847e+01
4.205979158926378858e+01,5.652827947468647807e+00
1.474399642213668571e+01,4.600124294063466834e+01
2.871791925780199506e+01,1.212534375497011219e+01
2.831680453236041117e+01,1.247129390424888484e+01
1.854854195575498110e+01,2.906567723489472144e+01
2.020268997142360590e+01,2.450087538933706810e+01
1.705252269843434121e+01,3.438925182816123538e+01
1.391003992530981392e+01,5.168246830196228103e+01
2.465599011403105578e+01,1.644959105020817347e+01
2.024876334705554370e+01,2.438950525228953481e+01
3.975174021732708241e+01,6.328309466524098426e+00
1.637458817253446242e+01,3.729573992882921374e+01
2.385801181648363922e+01,1.756837129239459472e+01
1.643342744476136730e+01,3.702914604616383798e+01
1.602518327436584400e+01,3.893982449756865094e+01
1.192592290724289938e+01,7.030982302459418065e+01
1.251377285859243571e+01,6.385919867912590320e+01
3.105259106564741245e+01,1.037061022609596961e+01
1.958794723885148414e+01,2.606286466470285390e+01
1.920213001060693614e+01,2.712071833798298215e+01
1.327816162728551852e+01,5.671841663687231261e+01
2.789227905947024055e+01,1.285381357219225862e+01
1.695844531978755754e+01,3.477186054251424707e+01
1.403640769295444102e+01,5.075607752341574752e+01
2.624187795322020023e+01,1.452145647073226442e+01
1.442173240582603810e+01,4.808007472923043935e+01
1.018750322667430908e+01,9.635283143322990895e+01
2.268658510477649415e+01,1.942950528125972909e+01
2.336023634992315223e+01,1.832506547437360922e+01
1.398888132479979340e+01,5.110154471406131194e+01
1.266672662265081328e+01,6.232627977836477129e+01
2.157612338056676293e+01,2.148093426841327869e+01
1.716701331948842224e+01,3.393208230891097088e+01
1.089684165209228084e+01,8.421679701638962001e+01
1.181429808718717567e+01,7.164471365656372370e+01
2.026540061112448399e+01,2.434947563896063727e+01
2.574625572983492816e+01,1.508592147110474890e+01
1.651495873136070713e+01,3.666443648040633008e+01
3.509456511563126213e+01,8.119331433690875954e+00
1.137954349627642969e+01,7.722364907703524750e+01
1.736070736665186232e+01,3.317914318918578687e+01
6.216115133990337682e+01,2.587985867393406636e+00
1.016832215923908578e+01,9.671668561923235075e+01
1.395609162736978703e+01,5.134195193433439641e+01
1.312600891387143065e+01,5.804096310383476975e+01
1.808622668115765819e+01,3.057060689888604443e+01
2.273684687690490236e+01,1.934369901397094438e+01
2.319967689896462915e+01,1.857959003640397455e+01
1.187481506703176315e+01,7.091633620974803875e+01
1.337933422229127522e+01,5.586386692375617002e+01
1.337622980768683512e+01,5.588980019963540968e+01
1.491228746373679748e+01,4.496881734920555829e+01
4.658304549062523847e+01,4.608337133938575469e+00
1.515825658671800724e+01,4.352126314187501066e+01
7.314521773736112209e+01,1.869081013691538118e+00
1.353423696407972621e+01,5.459243276321753058e+01
3.687033001572267210e+01,7.356071642175835201e+00
1.525735292371908258e+01,4.295775884413078671e+01
1.941670871833023071e+01,2.652459545502096105e+01
6.000429517421046199e+01,2.777380119162829342e+00
2.342835237831115336e+01,1.821866310382998222e+01
1.278781770607889889e+01,6.115150172818231766e+01
1.841670540707951176e+01,2.948330177084517345e+01
1.930032945335601369e+01,2.684544177373891927e+01
1.343971460923992645e+01,5.536303712132447430e+01
1.968597266128126577e+01,2.580395314958689212e+01
1.175162407392652497e+01,7.241094570848780165e+01
1.223539413053299540e+01,6.679809435344191115e+01
2.039580028472180118e+01,2.403911630075641526e+01
1.834855201930132296e+01,2.970273256885630886e+01
1.395740511019929819e+01,5.133228916412074483e+01
1.858390917028813050e+01,2.895515217138786213e+01
2.526563706299446466e+01,1.566532803235013205e+01
1.113874878817692604e+01,8.059854116617356112e+01
2.207075908802958608e+01,2.052888961289098901e+01
1.343939662991901329e+01,5.536565695757059302e+01
3.273466344852484866e+01,9.332204338660133658e+00
2.414759008961664932e+01,1.714953741286241140e+01
4.721879429623733415e+01,4.485080198376165228e+00
3.380970483281290484e+01,8.748170553952450135e+00
2.879086469702774664e+01,1.206397928736498137e+01
1.235476268510399933e+01,6.551355773043783870e+01
2.231432148081237088e+01,2.008318684340209970e+01
1.831691606670156958e+01,2.980542296854943274e+01
2.365618700216257508e+01,1.786942223009647179e+01
1.477741813061134124e+01,4.579339857662501601e+01
2.039501078013999091e+01,2.404097747749336378e+01
1.159386019627005204e+01,7.439502288184469592e+01
3.713417730938469674e+01,7.251909680022072813e+00
2.283801324906957575e+01,1.917270362252971339e+01
1.490607253436245827e+01,4.500632371259300157e+01
4.230267874346053958e+01,5.588101188140949027e+00
2.327458616442507022e+01,1.846018566078443968e+01
1.308699865815218111e+01,5.838750052940195445e+01
2.211171933132263945e+01,2.045290370886786491e+01
7.808814959554526069e+01,1.639946712243867788e+00
1.769498324841839931e+01,3.193740961020761659e+01
2.005262143747609827e+01,2.486896378135165975e+01
1.104655284480888255e+01,8.194952696052411056e+01
1.348131953519206405e+01,5.502185081359780128e+01
1.159667834798022845e+01,7.435886925578445528e+01
1.437278980416361662e+01,4.840807931363642069e+01
4.784515940808281442e+01,4.368415991266565435e+00
1.905084879742060977e+01,2.755315527904454598e+01
2.901545959110331907e+01,1.187793903983829580e+01
3.029142952880054551e+01,1.089834273087996941e+01
1.083550874547415610e+01,8.517289048523603867e+01
1.846252939769293988e+01,2.933712831096799789e+01
1.454381330347414725e+01,4.727629327570176798e+01
1.172926580954520226e+01,7.268726754193274076e+01
1.242125678899757624e+01,6.481401415004256705e+01
1.090171024317706383e+01,8.414159311107759720e+01
9.923928677492085626e+01,1.015389647634981296e+00
1.455634933930889119e+01,4.719489895183680517e+01
1.826128779660651347e+01,2.998728850920564781e+01
2.769037225264198554e+01,1.304194641922495990e+01
1.062764310203869300e+01,8.853725989179503131e+01
1.712609617410998553e+01,3.409441498494215494e+01
2.092942790407551357e+01,2.282891575638221937e+01
1.678822121703103321e+01,3.548057370135417443e+01
1.659749239380998276e+01,3.630070364709795427e+01
1.084209456481958966e+01,8.506944868208401545e+01
1.180003747236428957e+01,7.181798684157347168e+01
1.471125426422934623e+01,4.620623648513276294e+01
2.423107962776346724e+01,1.703156163179369997e+01
1.189318397392638715e+01,7.069744619500210092e+01
1.260791950192972699e+01,6.290905268116926408e+01
1.152867979056934189e+01,7.523862434931361065e+01
3.375465859495704279e+01,8.776726406689757454e+00
1.481119807199880078e+01,4.558475450817753938e+01
1.249939033705113012e+01,6.400624340535746626e+01
1.626107891245786874e+01,3.781823752883684620e+01
5.832502829275914991e+01,2.939612488366829535e+00
1.945929494536484583e+01,2.640862553787886569e+01
1.735956241366175945e+01,3.318352000595907469e+01
1.739447342619756398e+01,3.305045386253644324e+01
1.159312460863094785e+01,7.440446395959038739e+01
1.343479197187013163e+01,5.540361565580640502e+01
1.694523267712287051e+01,3.482610674744898915e+01
2.191588962401613827e+01,2.082005109446438240e+01
1.808606986893990864e+01,3.057113701576413334e+01
2.015723948258468567e+01,2.461148896907063133e+01
1.286816350827076505e+01,6.039025435744080283e+01
1.350750640797638269e+01,5.480871694818764439e+01
2.071636864399752653e+01,2.330090229435338856e+01
1.422078792110611012e+01,4.944844974239147462e+01
1.758678344375890390e+01,3.233159784421059157e+01
1.454401529831903517e+01,4.727498008934758644e+01
9.776030080943810674e+01,1.046345091997280541e+00
3.164913468086022164e+01,9.983350506321988505e+00
1.454712411599190602e+01,4.725477628985369449e+01
1.300260525134151557e+01,5.914788831682531622e+01
2.432499449148044590e+01,1.690030330386485602e+01
1.231241489409024936e+01,6.596499241415867232e+01
4.340946802280298300e+01,5.306779865368229210e+00
1.076581194833489086e+01,8.627926186427821165e+01
6.883246358569031997e+01,2.110636151791341231e+00
1.952900128969343285e+01,2.622043737840654387e+01
1.082426298566367251e+01,8.534996146660294869e+01
4.589303609058228517e+01,4.747953101556082522e+00
1.784419539023079082e+01,3.140552515357441976e+01
3.176766480246599755e+01,9.908990608198054773e+00
3.370927076276633727e+01,8.800377156755333274e+00
1.250503776171232673e+01,6.394844448908430934e+01
3.376681214523176777e+01,8.770409601371261132e+00
1.208331525717072452e+01,6.849009790104770445e+01
1.652174089466987539e+01,3.663434120664640403e+01
1.281395071297598065e+01,6.090232907521411931e+01
1.038162664037396787e+01,9.278316603684449149e+01
3.968272645448313085e+01,6.350340222163926462e+00
1.176556839675484412e+01,7.223940733175479068e+01
1.374934802687618252e+01,5.289757827171944626e+01
1.064231096773823460e+01,8.829337344621097827e+01
1.721877379744843850e+01,3.372838592543368463e+01
1.293767789594695117e+01,5.974304182935202334e+01
1.758591632448264619e+01,3.233478630961479183e+01
2.376081382720815327e+01,1.771239859923740667e+01
2.749134965684276821e+01,1.323146331015678712e+01
5.026205956734516178e+01,3.958397821647667847e+00
2.118367195493608435e+01,2.228422399031421719e+01
1.469961494061967322e+01,4.627943871025344436e+01
2.020326254382768738e+01,2.449948667043040018e+01
1.127844650779478997e+01,7.861427829900242159e+01
2.230860897792961595e+01,2.009347345083148539e+01
1.829840124901059895e+01,2.986576935064850957e+01
1.054886522526018311e+01,8.986457248371672790e+01
2.049470767892037415e+01,2.380765077976144539e+01
3.394091244565644416e+01,8.680664533735471977e+00
2.069551503818283322e+01,2.334788374327992244e+01
2.997918211990043957e+01,1.112654782916500373e+01
1.744708381849440926e+01,3.285143197969414786e+01
1.423545028168197391e+01,4.934663945910039473e+01
1.657310566790383888e+01,3.640761259203419087e+01
1.937192887244744810e+01,2.664736486187795705e+01
2.346979404590909724e+01,1.815438088645076320e+01
1.409206739161933442e+01,5.035592489989497267e+01
4.022393418899707029e+01,6.180603864441772011e+00
9.828913350284354067e+01,1.035115917817758024e+00
5.976030951598382757e+01,2.800105042678743050e+00
2.339576043218336920e+01,1.826945822784649565e+01
2.188343275531703114e+01,2.088185627844062253e+01
1.435707308629221934e+01,4.851412217546396022e+01
1.528112840901027880e+01,4.282418925454652481e+01
1.535501595461562019e+01,4.241304525779774082e+01
1.105801704885282710e+01,8.177969558905583369e+01
1.480702327692044307e+01,4.561046309706131296e+01
3.583193712248351659e+01,7.788600448605976112e+00
1.034095098322758943e+01,9.351451825326101641e+01
1.427531235339032634e+01,4.907143526807703893e+01
3.464998066828603385e+01,8.329021951767353826e+00
1.278256649311165916e+01,6.120175541059624891e+01
1.029389971960661398e+01,9.437134259712442486e+01
2.274905329644101570e+01,1.932294615397760396e+01
1.534040643919616898e+01,4.249386829165641188e+01
1.121070080177734418e+01,7.956727340461310405e+01
1.695441621300955859e+01,3.478838911938854750e+01
1.480340142354352473e+01,4.563278426685099021e+01
4.531100201264489868e+01,4.870714426889926507e+00
1.245115891907726180e+01,6.450307925694050937e+01
1.076713894297091123e+01,8.625799622202784178e+01
2.820927224176029569e+01,1.256655498205958210e+01
6.246459907805846967e+01,2.562902509328732759e+00
1.668792784609220092e+01,3.590832715869900937e+01
1.123847735422953775e+01,7.917444913270038853e+01
1.760300484407033395e+01,3.227203731510270046e+01
1.859740887523645370e+01,2.891313081849819966e+01
2.917065336434738398e+01,1.175188916553047136e+01
1.732881294727992483e+01,3.330139084328336452e+01
1.588644250553401704e+01,3.962293931608583364e+01
2.527266571751320257e+01,1.565661578419095790e+01
1.151851799117278397e+01,7.537143606360389470e+01
1.496681531626871475e+01,4.464174892911815107e+01
1.602086667057825409e+01,3.896081093255392602e+01
1.038022173572653806e+01,9.280828309612486748e+01
5.157433749854094884e+01,3.759522463789523261e+00
1.373351367859408967e+01,5.301962737887452448e+01
5.587103922743294504e+01,3.203513075614032424e+00
1.577663652040515530e+01,4.017641303915403483e+01
1.338918389678566534e+01,5.578170530454293896e+01
1.379831832597598051e+01,5.252277701271707144e+01
1.136758742147659085e+01,7.738617736649308654e+01
1.716052081265264917e+01,3.395776287579803210e+01
1.238710186999956342e+01,6.517192988605381743e+01
1.417987255434362304e+01,4.973422387419982726e+01
6.619519460007076361e+01,2.282165172950841647e+00
1.829419527219295460e+01,2.987950367146006414e+01
2.831139557025809950e+01,1.247605970251675522e+01
1.551125375718879162e+01,4.156293370278761756e+01
1.630790638914019297e+01,3.760136235012890182e+01
1.153299670203316829e+01,7.518230981099017640e+01
1.217179098274550242e+01,6.749801919222096558e+01
2.664277552642809610e+01,1.408773159004936559e+01
2.317836084585131928e+01,1.861377930820091819e+01
3.460221554641574926e+01,8.352032694317134798e+00
1.453074057104000261e+01,4.736139676208892269e+01
1.431474308445469390e+01,4.880146777632834443e+01
1.553843268888554796e+01,4.141766188399062543e+01
1.440041693052509331e+01,4.822251617946787405e+01
2.349789914295898541e+01,1.811097909140559281e+01
2.533124571968416561e+01,1.558428581683590508e+01
1.218593188086216017e+01,6.734145688454289314e+01
6.848179640226680931e+01,2.132306897208047669e+00
3.021204168271607671e+01,1.095569288928965435e+01
1.256278851833483579e+01,6.336185774824110695e+01
1.310027567077702493e+01,5.826921008023587234e+01
2.746761657003466084e+01,1.325433818397549857e+01
1.235621491616434930e+01,6.549815896421607420e+01
1.643276889605584756e+01,3.703211401644053069e+01
1.393094976265931173e+01,5.152743781227239595e+01
9.840257959344889116e+01,1.032730570531460668e+00
8.712236806264307631e+01,1.317469764768449902e+00
1.141955749579152801e+01,7.668341564889452400e+01
1.224190760982796888e+01,6.672703153038702339e+01
1.373159564099932872e+01,5.303444004064323281e+01
1.377153844054273080e+01,5.272724531331340359e+01
3.628886144427164595e+01,7.593697888819296971e+00
1.018373476814168477e+01,9.642415474247324880e+01
1.467637694139843418e+01,4.642610882795138139e+01
1.546063220717177877e+01,4.183555186595177844e+01
3.200357051026833943e+01,9.763446098163299780e+00
3.878206505858831576e+01,6.648721456258045670e+00
4.714509129618788563e+01,4.499114416828831509e+00
2.851143943724137486e+01,1.230160314610684580e+01
2.215776232703189308e+01,2.036799129562027488e+01
5.309451784978950428e+01,3.547322204069107254e+00
1.977253679629183836e+01,2.557850839796135034e+01
2.154301249121082051e+01,2.154701596650638251e+01
8.632180436811870550e+01,1.342019976454297270e+00
2.044702611145227067e+01,2.391881703961813699e+01
7.857423891712265629e+01,1.619718840347682320e+00
1.522590699330587682e+01,4.313538263255303207e+01
5.797276403711697412e+01,2.975445401546222612e+00
1.503995488877869668e+01,4.420861739526199585e+01
1.083973436455983475e+01,8.510649807586817417e+01
2.651504889682964006e+01,1.422378356628650131e+01
1.478582107396852408e+01,4.574136359126724471e+01
1.720531492552023778e+01,3.378117468033991599e+01
1.164532745193214680e+01,7.373888905829407747e+01
3.967703068987091086e+01,6.352163576313503590e+00
1.328864380517115329e+01,5.662897213741519664e+01
1.842654226116476934e+01,2.945183134951347270e+01
1.136881270900784280e+01,7.736949748778313563e+01
1.613223013923207105e+01,3.842476163962502511e+01
2.018392293371489998e+01,2.454645846248614305e+01
1.352312376340569600e+01,5.468219692726128756e+01
2.042574320830177470e+01,2.396868813351949967e+01
2.676712584721681054e+01,1.395714268726518625e+01
8.066591518661662974e+01,1.536808907857085682e+00
8.463795330482474810e+01,1.395949457845885755e+00
1.084190255306434736e+01,8.507246189470436093e+01
1.352858780038767605e+01,5.463803485909929236e+01
3.225389985025797301e+01,9.612481871840714120e+00
1.020353869419828108e+01,9.605022100235356675e+01
1.135654354689438961e+01,7.753676170410913926e+01
1.591204660244633295e+01,3.949552725161407096e+01
1.244406196518860064e+01,6.457667354103058699e+01
2.026116387397307506e+01,2.435965996150453705e+01
2.375283480251410495e+01,1.772430045468346904e+01
1.193581974412748359e+01,7.019327361658591258e+01
1.099322351299185740e+01,8.274654776979154747e+01
3.227969911876706988e+01,9.597122627256952754e+00
1.333834486115088680e+01,5.620773906211660886e+01
1.460468776381253520e+01,4.688300571016240781e+01
6.106063072971677741e+01,2.682115203138271564e+00
2.801513722315836574e+01,1.274132201450151847e+01
1.262104736144133454e+01,6.277825027314732864e+01
1.971551501206915447e+01,2.572668016930535018e+01
1.654969939825797454e+01,3.651066812038002496e+01
5.591885481162851335e+01,3.198036841904458694e+00
1.537050351859045527e+01,4.232761620047681816e+01
4.290097111289574627e+01,5.433325879606916153e+00
4.721736924262386026e+01,4.485350928249330238e+00
1.631914405152098979e+01,3.754959420279448779e+01
3.190222832407311060e+01,9.825574707389842288e+00
1.802768593844774614e+01,3.076947121652450079e+01
2.180158682478112553e+01,2.103893686639416671e+01
1.594744025261519837e+01,3.932040953773859826e+01
9.337469076399496259e+01,1.146942502862046576e+00
1.932538190805349032e+01,2.677588472272752185e+01
3.559657743243533190e+01,7.891935257611525145e+00
1.820602618542540796e+01,3.016960845839658489e+01
2.410008513133968933e+01,1.721721277519267446e+01
2.934495002625384075e+01,1.161270119718630234e+01
3.530910091471054812e+01,8.020966116232973064e+00
6.349278950638925778e+01,2.480568270440496548e+00
1.503049958682802867e+01,4.426425590577893132e+01
1.479602234398883276e+01,4.567831162604797157e+01
1.032795315787306478e+01,9.375004415226867138e+01
1.621962315931041587e+01,3.801180393341756769e+01
1.429993966829866636e+01,4.890255944317994619e+01
3.202156671529026255e+01,9.752475016958298326e+00
1.230807773680092154e+01,6.601149048839779709e+01
1.432122294506354265e+01,4.875731579726087972e+01
1.130777902259991130e+01,7.820695451938763654e+01
1.372574855802359650e+01,5.307963434386389423e+01
1.183207612530818409e+01,7.142957887385804838e+01
4.994158049839770541e+01,4.009363527437061592e+00
2.605354917763348510e+01,1.473215271137780569e+01
1.720572971701751896e+01,3.377954592348329044e+01
1.724173646461719400e+01,3.363860634161668628e+01
1.050228263092497372e+01,9.066352425358385858e+01
2.174912200295200293e+01,2.114056261592595831e+01
1.427654578490410309e+01,4.906295651684475700e+01
1.150117089495079981e+01,7.559897143223946614e+01
1.823072710615064551e+01,3.008790987852556853e+01
2.718236038131454180e+01,1.353398428841661705e+01
1.371072936789585839e+01,5.319598844081024680e+01
1.458968734382795951e+01,4.697946100640601941e+01
1.012566872277096763e+01,9.753322185749605922e+01
1.466190767265156580e+01,4.651778629904806195e+01
1.311060079347400276e+01,5.817746755119328128e+01
1.500409197843172748e+01,4.442020560230036352e+01
2.755684920854023900e+01,1.316863864267653561e+01
2.039880801176245484e+01,2.403202786993435325e+01
1.528632827491978396e+01,4.279505967367105512e+01
7.966117853076602273e+01,1.575819773004203839e+00
1.321783152569497943e+01,5.723735757653046363e+01
7.016209068232181778e+01,2.031397701787836851e+00
7.115055751433247622e+01,1.975346945327875137e+00
1.410149471503328122e+01,5.028861814756032800e+01
1.340414174832144312e+01,5.565727974451851168e+01
8.938319986324940203e+01,1.251665275281546474e+00
1.488210767432239301e+01,4.515138900716954140e+01
1.241754839690049828e+01,6.485273220617482082e+01
1.964506263680790710e+01,2.591153636659411319e+01
3.614625432676385941e+01,7.653734625121681567e+00
3.088773514116856589e+01,1.048160696771771860e+01
1.743807816957272294e+01,3.288537205651730488e+01
1.448362951579235514e+01,4.767000368617184591e+01
3.120893314307676647e+01,1.026696672074913685e+01
5.527529940930217833e+01,3.272938106700992389e+00
1.114532078835786422e+01,8.050351699120091098e+01
1.166329256821828508e+01,7.351190213129797257e+01
1.266623664831596230e+01,6.233110186861775048e+01
8.615694151836831338e+01,1.347160848821065793e+00
2.379192629876794030e+01,1.766610422424147231e+01
8.389894949195387142e+01,1.420649536494098530e+00
1.064825530579658874e+01,8.819482224721971875e+01
6.066998956559493905e+01,2.716765537353529769e+00
1.181675947436857044e+01,7.161487010865245395e+01
1.036409138086334458e+01,9.309739585127206851e+01
1.807998597921005057e+01,3.059171476617392216e+01
9.473063025883260480e+01,1.114343659964395883e+00
2.711490698795441290e+01,1.360140466992933383e+01
1.441412903125711331e+01,4.813081206271524337e+01
1.128243559293214382e+01,7.855869746140936627e+01
4.247813993250850473e+01,5.542031852095946398e+00
4.794256494959623893e+01,4.350683286702245134e+00
1.175137371785026552e+01,7.241403108621297235e+01
6.520132770327602145e+01,2.352269736698858971e+00
1.582242360948999682e+01,3.994422366309208172e+01
1.332860257775595691e+01,5.628993700379988496e+01
3.187012776472520059e+01,9.845377909298539620e+00
1.611617695962018715e+01,3.850134888682306666e+01
2.915898034924810744e+01,1.176130015564001674e+01
1.531175891298332026e+01,4.265302479449888295e+01
1.323828318638734380e+01,5.706064360575179961e+01
3.334602528613790895e+01,8.993150257880911269e+00
2.250522890488000982e+01,1.974390855167023062e+01
1.319248217759226804e+01,5.745753201565345591e+01
3.981148252488717532e+01,6.309330814308015789e+00
1.444182021279875094e+01,4.794641407680935430e+01
1.104285667181237329e+01,8.200439506750983298e+01
1.176665266588937619e+01,7.222609456506252457e+01
1.510517856698615802e+01,4.382765886468807537e+01
3.868404813365481942e+01,6.682456956025208505e+00
1.806331052494797973e+01,3.064822336769951150e+01
1.601374928502664474e+01,3.899545125710448445e+01
1.987710601968571567e+01,2.531009013050107015e+01
3.125970769488959178e+01,1.023364092836305339e+01
1.734660840213943089e+01,3.323309975028190877e+01
1.073884247100967038e+01,8.671316868315400939e+01
1.323807032831890318e+01,5.706247860371273362e+01
8.263365976346898378e+01,1.464488698894016894e+00
1.629508033000560729e+01,3.766057864001317057e+01
1.349536535754717015e+01,5.490737818586607943e+01
1.404064314888435661e+01,5.072546030696941699e+01
8.950147792839416638e+01,1.248359257807441169e+00
1.282025290882946855e+01,6.084246690720073758e+01
1.885113580859201576e+01,2.814005588432243954e+01
7.507413546185495079e+01,1.774268411960206127e+00
5.806770987217560531e+01,2.965723124305095215e+00
1.365313872734630429e+01,5.364570955105313033e+01
1.433003120225277449e+01,4.869739478510782504e+01
4.379334873798152472e+01,5.214152018246880793e+00
3.836521987939686085e+01,6.793985518685079050e+00
1.262347181919401784e+01,6.275413826945813156e+01
6.556586329840688165e+01,2.326185971047344481e+00
2.078858920107767716e+01,2.313928660636993584e+01
4.350437753723222301e+01,5.283650491728407061e+00
5.370623221322048124e+01,3.466974356385690736e+00
1.919301715047311063e+01,2.714647833015902023e+01
1.250302910459079975e+01,6.396899324017158506e+01
1.097392983793224275e+01,8.303776312262658621e+01
1.020355782859331129e+01,9.604986076307640985e+01
1.004500376209417389e+01,9.910596451877974289e+01
6.579523213107155755e+01,2.309995601900164619e+00
1.885870645580999749e+01,2.811746730698039798e+01
2.125918300048355647e+01,2.212620130141381125e+01
6.111248383397008865e+01,2.677565658152125661e+00
1.433595232135943220e+01,4.865717652521544068e+01
2.230839259595123636e+01,2.009386324911976374e+01
3.208101838671021966e+01,9.716362466067034021e+00
9.910859071459965719e+01,1.018069434066544821e+00
1.487391493487591632e+01,4.520114261190978056e+01
1.119810124770400428e+01,7.974642451787595121e+01
1.027273723985785026e+01,9.476056480495154233e+01
1.378534438837593967e+01,5.262168609638072780e+01
1.415875579860986555e+01,4.988268446488977759e+01
1.176111298040449071e+01,7.229415004206570927e+01
3.271429075588776669e+01,9.343831143039427189e+00
1.399328973453337710e+01,5.106935198938800369e+01
1.564889736605540094e+01,4.083499582846359033e+01
1.223492768164684996e+01,6.680318772080067902e+01
1.178599168293147237e+01,7.198926498665402107e+01
2.610699341176866994e+01,1.467189738388215936e+01
1.329423332868590890e+01,5.658136315964409135e+01
1.682102062028505429e+01,3.534234106047563984e+01
2.451450318385986549e+01,1.664001861004946292e+01
1.503724008865196993e+01,4.422458154736597891e+01
5.084850425832444643e+01,3.867618555975040007e+00
1.820035049634536861e+01,3.018842787799417238e+01
1.650305804462216130e+01,3.671733447006311479e+01
2.469735889511984084e+01,1.639453013410177107e+01
1.323001737383705212e+01,5.713196625176068011e+01
1.115937174616799155e+01,8.030091788072952852e+01
1.013687051371290160e+01,9.731778197435036759e+01
3.195055420822683701e+01,9.795874409416802209e+00
5.571921661363900569e+01,3.220994597354516653e+00
1.245006261225314859e+01,6.451443956598106411e+01
1.122156191678287840e+01,7.941332494393448371e+01
1.187688959152905532e+01,7.089156460146753602e+01
1.635141711140432008e+01,3.740151598064132799e+01
1.746512505946504490e+01,3.278359685306481452e+01
1.443479154385072150e+01,4.799311811373225822e+01
2.163432869593756180e+01,2.136550451302379017e+01
1.703525699196631749e+01,3.445899607932930309e+01
1.036716656353054944e+01,9.304217361954276555e+01
3.464508063615841138e+01,8.331378151294970280e+00
1.478466657308481125e+01,4.574850754764566574e+01
7.709925609038569405e+01,1.682285201635741023e+00
7.624091339231910069e+01,1.720377756277818859e+00
4.732311917575727023e+01,4.465327075360052689e+00
1.471480954234389316e+01,4.618391119776704556e+01
8.170523386066440708e+01,1.497960098858066802e+00
1.181658612076768300e+01,7.161697135626280897e+01
1.430647745029656370e+01,4.885787461810173937e+01
1.041989628367053022e+01,9.210287939756619835e+01
4.428449464488033982e+01,5.099136218380278862e+00
3.239578740010298219e+01,9.528464484776673515e+00
3.713506464740469681e+01,7.251563117097933109e+00
1.585599498532937091e+01,3.977525754808490177e+01
1.622803086299789399e+01,3.797242648868904524e+01
1.507021929655601156e+01,4.403123388847321706e+01
2.911313562748256345e+01,1.179837057475548612e+01
1.944156879931907511e+01,2.645680442376911046e+01
2.460477726390415754e+01,1.651813929654327495e+01
1.794384006224237638e+01,3.105769500555332030e+01
1.210335585404874870e+01,6.826347544928651701e+01
1.232759775143102132e+01,6.580260549412294324e+01
4.210013096261548782e+01,5.642000318927938629e+00
4.229233662254647896e+01,5.590834538392050135e+00
1.873389156683257895e+01,2.849338167903170316e+01
2.094787845999831788e+01,2.278871877970110660e+01
7.242644820302585629e+01,1.906363104775356199e+00
1.881791280517836285e+01,2.823950606908355709e+01
3.376886951226663314e+01,8.769340960211920333e+00
1.617504407517924747e+01,3.822161683984628411e+01
5.139118064793612461e+01,3.786367900316663260e+00
1.494569500700401576e+01,4.476800785909952651e+01
4.057146457671817785e+01,6.075172712456890167e+00
1.369214597625657603e+01,5.334048481727123203e+01
2.367115371004983615e+01,1.784683255188317830e+01
1.329243632916072215e+01,5.659666262063540643e+01
7.532428744989066161e+01,1.762503288265901746e+00
1.274530555147964606e+01,6.156012555032737055e+01
1.346512180004856596e+01,5.515430641668906731e+01
1.619924386154698936e+01,3.810750483776980957e+01
1.467830493203728714e+01,4.641391351995947190e+01
1.094716691335988834e+01,8.344427010604611894e+01
1.015908819096092053e+01,9.689258421687070211e+01
1.396929098549610337e+01,5.124497340531019063e+01
1.452610280116737407e+01,4.739164387326852079e+01
1.425695040394294111e+01,4.919791778093961909e+01
1.725145391931670247e+01,3.360072088902396104e+01
1.904953724923609926e+01,2.755694944310484118e+01
1.747982230527096803e+01,3.272849034119141010e+01
1.693743518745512233e+01,3.485817992886183703e+01
2.644094787459683005e+01,1.430361987364909737e+01
2.264462374479569107e+01,1.950157924062568071e+01
1.541668307872306443e+01,4.207441735735086041e+01
4.007819664610518373e+01,6.225635018591862746e+00
1.712190091760451338e+01,3.411112485148693452e+01
3.223735302829795302e+01,9.622352213627683781e+00
8.879594434575911066e+01,1.268275898138975011e+00
3.248896647204363575e+01,9.473887169317773527e+00
2.473664945221376854e+01,1.634249085900095366e+01
9.333849780593911305e+01,1.147832152708123443e+00
1.180938064725755154e+01,7.170439196435283691e+01
4.042733801708030938e+01,6.118566839534640422e+00
1.345912145976685714e+01,5.520349512165603301e+01
1.506831716965027113e+01,4.404235102649830225e+01
6.634858929694091501e+01,2.271624862632355857e+00
1.184207165633369918e+01,7.130904671199061795e+01
1.562785810331443415e+01,4.094501941776108822e+01
1.648702224301726105e+01,3.678879409705807291e+01
5.994682571716325015e+01,2.782707875376511542e+00
1.960859732138478861e+01,2.600799924985392408e+01
1.636244606335618457e+01,3.735111269736930950e+01
1.741067808898751323e+01,3.298896031006196949e+01
1.354189999392547605e+01,5.453066520081554813e+01
2.242276752126631933e+01,1.988939494294487176e+01
4.313696043121326085e+01,5.374040312244757978e+00
3.241184805751443321e+01,9.519023771117593569e+00
1.988072313238796340e+01,2.530088109724698597e+01
1.334788514443515162e+01,5.612741980374485706e+01
1.038771572779367425e+01,9.267442235576986320e+01
1.450061505907940074e+01,4.755839094708353798e+01
1.513965416736043501e+01,4.362827987633264826e+01
2.291466569762635430e+01,1.904464793620649843e+01
1.553057022759099937e+01,4.145960846916882048e+01
6.058994279325509780e+01,2.723948642457822977e+00
1.671303893508410710e+01,3.580050478012263682e+01
1.248300522522142408e+01,6.417438204311889649e+01
1.082553681748151853e+01,8.532987653191240440e+01
1.516681083964018839e+01,4.347218401668202148e+01
1.467554829962972995e+01,4.643135179376802313e+01
8.077710858171055008e+01,1.532580844017474409e+00
1.335984361297861511e+01,5.602698485748283730e+01
1.309728545821420376e+01,5.829581974900035846e+01
1.404144551330757018e+01,5.071966330525720679e+01
6.547733974849482763e+01,2.332480100933709721e+00
1.303247622684344975e+01,5.887706022599877542e+01
1.370328900372495085e+01,5.325377091592504541e+01
4.945969406454397443e+01,4.087870682056451876e+00
1.949017834388350678e+01,2.632499962974980079e+01
1.547656289448088351e+01,4.174946995136038197e+01
2.180604821009873717e+01,2.103032886908541954e+01
8.932000751242472347e+01,1.253436964577140378e+00
1.148516702899710396e+01,7.580980315028520522e+01
1.475815211872641797e+01,4.591303849146623151e+01
1.363707662342851812e+01,5.377215459934256359e+01
1.278356786798595834e+01,6.119216755524777085e+01
1.203917426722015271e+01,6.899324917947556912e+01
1.391103182930025106e+01,5.167509829238675678e+01
1.043007359699008774e+01,9.192322533654480310e+01
3.050667020422559617e+01,1.074509812415961818e+01
1.939373134867126325e+01,2.658748448510034379e+01
1.022077366173614266e+01,9.572656121837734133e+01
3.114362724448330866e+01,1.031007001568995207e+01
2.336368634302187886e+01,1.831965394121830570e+01
1.264843220474920216e+01,6.250670492307155968e+01
3.421051131822763125e+01,8.544386189774733964e+00
1.940868511169969679e+01,2.654653067727283045e+01
7.592141200516449828e+01,1.734888014802268508e+00
1.559577371645312382e+01,4.111366089288821968e+01
1.586704489414254127e+01,3.971987736455679396e+01
4.074718708601901795e+01,6.022887253108780037e+00
2.243664748016672661e+01,1.986479424499974655e+01
1.263227359833111407e+01,6.266671843467866410e+01
1.718779276680553636e+01,3.385008647482216304e+01
1.225661186238482436e+01,6.656702278087435332e+01
1.024484747038638943e+01,9.527720454200434119e+01
1.184887652341874009e+01,7.122716397085935114e+01
1.297536233959268515e+01,5.939652141945759212e+01
8.340462361141707959e+01,1.437539365986533424e+00
1.825107137363866627e+01,3.002086994268185904e+01
1.479195860214410096e+01,4.570341315173126873e+01
1.418784413561940205e+01,4.967835223839644954e+01
1.390591303687542890e+01,5.171314869368806910e+01
1.863326886936231830e+01,2.880195043286178347e+01
5.711464426070800471e+01,3.065526309369765112e+00
2.413383265810992029e+01,1.716909508829266429e+01
1.678394028723288756e+01,3.549867543589411412e+01
2.225439336361228371e+01,2.019149517172802888e+01
2.657106645863869687e+01,1.416387315341927611e+01
6.448610462481053673e+01,2.404737704753389327e+00
1.286586170262855688e+01,6.041186489020211070e+01
1.019974797913836895e+01,9.612162799757084031e+01
1.769515108893108390e+01,3.193680375318453812e+01
1.221150794238768533e+01,6.705966931011158749e+01
1.238862937213038862e+01,6.515585964590520973e+01
2.544923522147707828e+01,1.544011491668586800e+01
4.801377266574760228e+01,4.337788132899844662e+00
1.407225095528149694e+01,5.049784641382311179e+01
1.517141208699766253e+01,4.344581917492644862e+01
1.327902629723397787e+01,5.671103038541485830e+01
3.471681475569896236e+01,8.296984060990617138e+00
4.110588546390862774e+01,5.918231979655051767e+00
1.587176601233667661e+01,3.969625121659798594e+01
1.417903693611526350e+01,4.974008605635371083e+01
5.382580325419087330e+01,3.451588082214596120e+00
1.476778580986550082e+01,4.585315574834460506e+01
1.674958525908734330e+01,3.564444724944831222e+01
7.676772598726323338e+01,1.696846854603914823e+00
1.773391270150384358e+01,3.179734562561763767e+01
1.380963259786754271e+01,5.243674814305934007e+01
1.205990154550152660e+01,6.875629643695501159e+01
1.265482113901431482e+01,6.244360637494823862e+01
1.664256984004182272e+01,3.610432448647651427e+01
1.120410842060178780e+01,7.966093406764578333e+01
4.900402623761943488e+01,4.164246913882606371e+00
1.272963667171169178e+01,6.171176724744081099e+01
1.825625248137046341e+01,3.000383256983811364e+01
5.011317581634268237e+01,3.981953166428460644e+00
1.229054137327018026e+01,6.619999761797863869e+01
1.778157792946695182e+01,3.162710242886612022e+01
1.387151638642207807e+01,5.196992876143747253e+01
1.400363031607392550e+01,5.099395842197235140e+01
1.504309742075088785e+01,4.419014879419300712e+01
1.328114794778557695e+01,5.669291276805360269e+01
9.034429790807084260e+01,1.225176069867354389e+00
1.107787069490058407e+01,8.148682880036395204e+01
3.011751606309073992e+01,1.102457099947841179e+01
2.285328472282317591e+01,1.914708825783023372e+01
1.396090856053859852e+01,5.130652901249092679e+01
2.989137387414964309e+01,1.119201405102934999e+01
9.122835458313446111e+01,1.201545762678067009e+00
1.932744545418377768e+01,2.677016743082734251e+01
6.453158259651023343e+01,2.401349470564807742e+00
1.281747738796843628e+01,6.086881964646297405e+01
3.144633005603183307e+01,1.011253559283556669e+01
1.287600802907740594e+01,6.031669300233724584e+01
6.781497563501146431e+01,2.174446765985726504e+00
5.524470164539657446e+01,3.276564601820461053e+00
1.313510801378876103e+01,5.796057737739409532e+01
1.025275984855437628e+01,9.513020443824537153e+01
1.195140191766070359e+01,7.001035771161865284e+01
1.008928706573589906e+01,9.823789364466314566e+01
1.607031068151666275e+01,3.872143593525164107e+01
1.050475136489557926e+01,9.062091537806446695e+01
5.007367582237137071e+01,3.988237872333372458e+00
3.019233271632603532e+01,1.097000088336914381e+01
3.934770576082079430e+01,6.458938803966213449e+00
1.041965498887278052e+01,9.210714522076428068e+01
1.526669506981281366e+01,4.290520066201954563e+01
8.612260720379727275e+01,1.348235202369421515e+00
1.625862548839753785e+01,3.782965192232261842e+01
1.380462748516720417e+01,5.247477878353299019e+01
1.410039359166507644e+01,5.029647269918829267e+01
2.563583688353334367e+01,1.521615770717534488e+01
1.337437124048264359e+01,5.590533471192227211e+01
1.728621611844000228e+01,3.346571615508080555e+01
1.501767378257348007e+01,4.433989573146953944e+01
1.920208977682276696e+01,2.712083198918281823e+01
9.088730094602264842e+01,1.210580257431044027e+00
1.054308357516803341e+01,8.996315995493998230e+01
2.143776848927822698e+01,2.175909592843884610e+01
1.550896777775280455e+01,4.157518713130212262e+01
3.926327054153460239e+01,6.486748423697515697e+00
4.060121542405493500e+01,6.066272717017701765e+00
3.678110102443908858e+01,7.391805809960192875e+00
1.248921538179208746e+01,6.411057757429298931e+01
1.233386556536312639e+01,6.573574345659390872e+01
6.179821181766582328e+01,2.618473498628653751e+00
1.085055536629686657e+01,8.493683333192952034e+01
1.012341657192099120e+01,9.757662300783164255e+01
1.309177327086723075e+01,5.834492006897249894e+01
1.154947438633173462e+01,7.496793700020879214e+01
9.848291199676030772e+01,1.031046463286314996e+00
2.129440168673144385e+01,2.205307303514996065e+01
1.651032466992266023e+01,3.668502106597336621e+01
3.386012723503514366e+01,8.722135486858702436e+00
1.469141095590749835e+01,4.633113991419902078e+01
2.671771121084944411e+01,1.400881814077291487e+01
1.356442060039042019e+01,5.434974421222002405e+01
1.165018847224925125e+01,7.367736705661991437e+01
1.257306697553256036e+01,6.325830370826843563e+01
6.790144920748754487e+01,2.168911907710230125e+00
3.170105526146256736e+01,9.950675450189267579e+00
4.733630767861699695e+01,4.462839227114199225e+00
2.021263522062626805e+01,2.447677092568854107e+01
5.861356998372149008e+01,2.910741597012616033e+00
7.594728184793851256e+01,1.733706309936736689e+00
9.766881602395486084e+01,1.048306198766931985e+00
1.325043532742401631e+01,5.695602953012972591e+01
1.762105729761518447e+01,3.220594695305119615e+01
3.908187767060982765e+01,6.547102767698791403e+00
3.353401742922897455e+01,8.892601451632240028e+00
1.496161452151031668e+01,4.467279008796675299e+01
1.393890048029247630e+01,5.146867230653161585e+01
1.206367700193397852e+01,6.871326713810262277e+01
1.663374131631325170e+01,3.614266011628774322e+01
1.556391196865483550e+01,4.128216530693366337e+01
1.229837749831188454e+01,6.611566353514362504e+01
7.197453098398094085e+01,1.930377793658385244e+00
1.246335052680376698e+01,6.437694758589771027e+01
4.445506846824670788e+01,5.060080582120523474e+00
4.573666094141353966e+01,4.780475419975791063e+00
1.171533890945095457e+01,7.286018785167944145e+01
1.592323512671658214e+01,3.944004337393669601e+01
1.331185454980476557e+01,5.643166608931344541e+01
1.778615600630047666e+01,3.161082317543176856e+01
2.044932796491904625e+01,2.391343255820417468e+01
6.320483013006540318e+01,2.503222553736894174e+00
1.017481735582684266e+01,9.659324490132632945e+01
1.010678004746100100e+01,9.789812440285274420e+01
1.579189506793121467e+01,4.009881151755813278e+01
7.782659279790443918e+01,1.650988182173364072e+00
2.116331902346677651e+01,2.232710642989630756e+01
1.568654225409542491e+01,4.063923767036323653e+01
5.010500625984635548e+01,3.983251776920269105e+00
1.351365857325468056e+01,5.475882438515825612e+01
1.911387367006912541e+01,2.737175080145489758e+01
1.307441749335265513e+01,5.849992407737448019e+01
1.777735836001891201e+01,3.164211799983761608e+01
1.256300670697418731e+01,6.335965688696646936e+01
1.321499367214833853e+01,5.726194308642561026e+01
1.001522361997184696e+01,9.969622146777693672e+01
1.408223566777116709e+01,5.042626293216710565e+01
1.311411728761761353e+01,5.814627165889996263e+01
6.781267373759563100e+01,2.174594391438870122e+00
1.444066145961817149e+01,4.795410905518967581e+01
7.697376187893718225e+01,1.687775102273348260e+00
5.366571287670934254e+01,3.472211686753843285e+00
1.121847276150495176e+01,7.945706599018471650e+01
1.632510733162018468e+01,3.752216677503347597e+01
1.415566489237054526e+01,4.990447072993728739e+01
1.061469090544852101e+01,8.875346056074155854e+01
1.394054696527480885e+01,5.145651533853566661e+01
1.217979649417276811e+01,6.740931843566414727e+01
6.872677392605662305e+01,2.117132715699741041e+00
1.695495592368803983e+01,3.478617438449384736e+01
5.698033362858558348e+01,3.079995092055923589e+00
9.062662580416660774e+01,1.217554411482750343e+00
4.678033255169349758e+01,4.569549544148224562e+00
2.425766095193014493e+01,1.699425602201811003e+01
5.501657315530696479e+01,3.303793758998674779e+00
1.052868706160338164e+01,9.020935234676886694e+01
1.217719372219981366e+01,6.743813785651506976e+01
2.988544074943196449e+01,1.119645836940384420e+01
2.618661734979737332e+01,1.458280927099870539e+01
3.571567472752614236e+01,7.839390203201818785e+00
1.351917398990686259e+01,5.471415359017999691e+01
2.511513459315739638e+01,1.585363956399094931e+01
4.482342599755337176e+01,4.977255143120867587e+00
1.203247276597780591e+01,6.907012233923639144e+01
1.256388008119804667e+01,6.335084833937710869e+01
1.604239026422559888e+01,3.885633596313752491e+01
3.237762233674338574e+01,9.539159137578922198e+00
1.688701275511310840e+01,3.506665472290525543e+01
6.450219982465549151e+01,2.403537748626249027e+00
3.031363595187734816e+01,1.088238129584533453e+01
1.473087597610546418e+01,4.608322389184375112e+01
1.306139893817045916e+01,5.861659826159317532e+01
1.528326784231590452e+01,4.281220057712098992e+01
1.531241293516908897e+01,4.264938128920970684e+01
5.914007782573681737e+01,2.859145234809773228e+00
1.836741262668697416e+01,2.964176329010594202e+01
1.433746270182398419e+01,4.864692548157342600e+01
7.675646261254601654e+01,1.697344887566629490e+00
1.286592158805314057e+01,6.041130250813962732e+01
4.533460375479388205e+01,4.865644241540334036e+00
1.176809758140967332e+01,7.220835946430192109e+01
4.322602653310087106e+01,5.351916987814859361e+00
4.164553422866110566e+01,5.765847144402663993e+00
2.018885091813067234e+01,2.453447662143212327e+01
1.199798462291045276e+01,6.946777644584913958e+01
1.428798533020409245e+01,4.898442434906293386e+01
1.003873471134175688e+01,9.922978377210755241e+01
1.040912285337550358e+01,9.229363081075919695e+01
4.211329892602027769e+01,5.638472595354902417e+00
4.124639919695606949e+01,5.877977489821571311e+00
2.201102675900037298e+01,2.064046116763745431e+01
8.939920721087608513e+01,1.251217082326753660e+00
3.087211875635672698e+01,1.049221370374342399e+01
3.262883101201276048e+01,9.392840998094575511e+00
1.236895918695788588e+01,6.536325735535614001e+01
1.323642525535189485e+01,5.707666336622229863e+01
1.032530518832340150e+01,9.379813553353304201e+01
1.211917893339113128e+01,6.808533908091270348e+01
1.652593290419929417e+01,3.661575804638963660e+01
3.409543019310105194e+01,8.602162672769102514e+00
1.306830968146614147e+01,5.855461975547929399e+01
1.376336957298195074e+01,5.278985348539779920e+01
1.349266277109701306e+01,5.492937633408967457e+01
1.032118237572755071e+01,9.387308612677918518e+01
1.209518495430416962e+01,6.835573735653005656e+01
7.662329060911292800e+01,1.703250017617767176e+00
1.387109834481438853e+01,5.197306130644718536e+01
1.260468558183253762e+01,6.294133733382301443e+01
8.094787552869682656e+01,1.526121425655593278e+00
1.551595992801984991e+01,4.153772448557732133e+01
2.680228266646004087e+01,1.392055125749241284e+01
2.094559671820784885e+01,2.279368410056842364e+01
1.935205045839671101e+01,2.670213729136847647e+01
1.212699981168411867e+01,6.799754895072281613e+01
8.811934559623759355e+01,1.287826843956162204e+00
7.448129648607151410e+01,1.802625641915107213e+00
7.900349614336334980e+01,1.602165511803552267e+00
6.352206515335385717e+01,2.478282340145144147e+00
1.997053250992619411e+01,2.507383185805164416e+01
7.347657173582734913e+01,1.852261203618706498e+00
3.438955053742647294e+01,8.455650045824288696e+00
1.611394883354918406e+01,3.851199702664889912e+01
7.547768270436802140e+01,1.755346605620522249e+00
1.567956054774613683e+01,4.067543694928171760e+01
1.608268342278927321e+01,3.866188044828529513e+01
3.362957099539399053e+01,8.842139160375456441e+00
4.733350118808355234e+01,4.463368462731319042e+00
1.544285483597830044e+01,4.193192707903219230e+01
1.014573396344862388e+01,9.714781999918069744e+01
1.017777010910353575e+01,9.653720617296137618e+01
1.314745725289028933e+01,5.785174524987773736e+01
1.787954851273403278e+01,3.128145203182209499e+01
1.668913859082796236e+01,3.590311727433936539e+01
2.700895333292379519e+01,1.370832811925202854e+01
1.309897387800168644e+01,5.828079239296801717e+01
1.070950649478658967e+01,8.718887678875437075e+01
3.322990435456239311e+01,9.056112678733644117e+00
1.307582701835028161e+01,5.848731261334278742e+01
6.411098029109534480e+01,2.432961098771221131e+00
3.107553584276278613e+01,1.035530149609617823e+01
1.638505822179762461e+01,3.724809121521208510e+01
5.233991345347880753e+01,3.650345734407276943e+00
1.276276992810860378e+01,6.139176497615883932e+01
1.997554960822789027e+01,2.506123825398290350e+01
1.731412712053232639e+01,3.335790722004779951e+01
1.349517923156256849e+01,5.490889276527649088e+01
1.582425204785908335e+01,3.993499335869050526e+01
3.911570981940982250e+01,6.535782162011839702e+00
2.349340474529537204e+01,1.811790918339518086e+01
1.599981161254373063e+01,3.906341987687252981e+01
6.925612755423107103e+01,2.084892136033059007e+00
2.345961090767297108e+01,1.817014488986362153e+01
6.473666388834153906e+01,2.386158950585003158e+00
3.986629938528054851e+01,6.291991862283436099e+00
6.780232554083805496e+01,2.175258228488679002e+00
1.968254306444838519e+01,2.581294638443754863e+01
3.967398537270815950e+01,6.353138779333816544e+00
8.803852296818851642e+01,1.290192474902406072e+00
1.026922195588293540e+01,9.482545137771590760e+01
1.382660960031251385e+01,5.230805827626247861e+01
1.293196764895935047e+01,5.979581382083021168e+01
1.676315235818566052e+01,3.558677360399055800e+01
1.423213466775522562e+01,4.936963438814028393e+01
1.277438202995628735e+01,6.128020366333080204e+01
1.350571538456248888e+01,5.482325452748632699e+01
3.517562667890188521e+01,8.081952862468517296e+00
1.047167739810044296e+01,9.119425739979882906e+01
1.208911697740267499e+01,6.842437514589789771e+01
1.327163605926258860e+01,5.677420642449261834e+01
3.244105810565375236e+01,9.501889560355888165e+00
1.551846403103452054e+01,4.152432027896986000e+01
1.814469016466167872e+01,3.037392293131811272e+01
1.268130489712005904e+01,6.218306307356642293e+01
2.868845465985735999e+01,1.215026331581183960e+01
1.040749222526318185e+01,9.232255389338178020e+01
1.042191832307489108e+01,9.206714363777743415e+01
1.075094385976774980e+01,8.651806782537896368e+01
3.580006722771211258e+01,7.802473738900722822e+00
1.280420094939334952e+01,6.099511258911302747e+01
1.596146388860057108e+01,3.925134658973130541e+01
1.866621138101033139e+01,2.870037959667344296e+01
1.258514125259721084e+01,6.313698097164679268e+01
5.138057786464008103e+01,3.787930754695455704e+00
2.124577939528758819e+01,2.215412820510598735e+01
4.309006603751173259e+01,5.385743682248504527e+00
6.189932696315229066e+01,2.609925713459412044e+00
1.689847791116081410e+01,3.501908732868018603e+01
3.855442551055163847e+01,6.727466248514782698e+00
1.530872154633759408e+01,4.266995184181570266e+01
1.640240127964869288e+01,3.716936441559712279e+01
2.143653085065365005e+01,2.176160852482337305e+01
7.653208398646231103e+01,1.707312111339612803e+00
1.201977266286294821e+01,6.921615856212120832e+01
1.409248810639599192e+01,5.035291831009993047e+01
2.582462845563276232e+01,1.499449473666189547e+01
1.249478092569996690e+01,6.405347681043487285e+01
4.321244485664400514e+01,5.355281732768212066e+00
1.390923750814659243e+01,5.168843154700672216e+01
2.159287703636313083e+01,2.144761359850993543e+01
1.309256270221392171e+01,5.833788433100884419e+01
5.007065986839787541e+01,3.988718341500235631e+00
1.717364886317048800e+01,3.390586606121542701e+01
7.376161426985345315e+01,1.837973200593860268e+00
1.441343170264889650e+01,4.813546935804603066e+01
1.681436484578173918e+01,3.537032632323886361e+01
1.745846913951409007e+01,3.280859865467560610e+01
1.054042655515469207e+01,9.000852131539841139e+01
3.505927447163840327e+01,8.135685488536902099e+00
1.529664063293916421e+01,4.273737782988558109e+01
3.087130429227415718e+01,1.049276733399201511e+01
3.341699662969183748e+01,8.954991341534547900e+00
5.974271527910450175e+01,2.801754548080587437e+00
2.358557580804722065e+01,1.797657840309771160e+01
1.390801394917582634e+01,5.169752653731620740e+01
4.621138158155459763e+01,4.682762096164526433e+00
1.299884478592177040e+01,5.918211532161586774e+01
9.869425954813272028e+01,1.026635349063531599e+00
1.336290140507395918e+01,5.600134682199305303e+01
1.606283134202043783e+01,3.875750407102839290e+01
1.215749754483772094e+01,6.765682586811989552e+01
5.698320742355078039e+01,3.079684437335227454e+00
1.340163707249499403e+01,5.567808563101892361e+01
1.277430394450471951e+01,6.128095284027553902e+01
1.762984478416712264e+01,3.217384924634004051e+01
1.274960063894129725e+01,6.151865576718870443e+01
7.997929474709304998e+01,1.563309113044818233e+00
5.400813134251190206e+01,3.428322726940867149e+00
1.755765973220067266e+01,3.243894667037164936e+01
3.775470670245377391e+01,7.015486583281740351e+00
1.781745938925725881e+01,3.149984703275273645e+01
4.307564066584803442e+01,5.389351492227530294e+00
6.903960201351685555e+01,2.097990134475030910e+00
1.326725268454028672e+01,5.681172794280020355e+01
1.177410653297371290e+01,7.213467475402551088e+01
1.292858795445386910e+01,5.982708065349069670e+01
1.452421864311351918e+01,4.740394045754405283e+01
3.572922552184233780e+01,7.833444940292924485e+00
4.830789093099395615e+01,4.285128460536374639e+00
3.948653801631962779e+01,6.413600179708673465e+00
1.268468663937270335e+01,6.214991143703595355e+01
1.486504370092340110e+01,4.525510943117622276e+01
1.043335780911724875e+01,9.186536326344588588e+01
1.692873434596557658e+01,3.489402117182646634e+01
1.322737180370302390e+01,5.715482215103784114e+01
1.528918118158545347e+01,4.277909035278427297e+01
1.327269429424533520e+01,5.676515354420921255e+01
1.705474635449536081e+01,3.438028483663043033e+01
3.047966988846684089e+01,1.076414357607302996e+01
1.686363618311844448e+01,3.516394172971867249e+01
1.298290607823202336e+01,5.932751658270654360e+01
2.334905287112565730e+01,1.834262396480355406e+01
2.824859939252744212e+01,1.253158951117088549e+01
7.945923588221087641e+01,1.583839724209592070e+00
6.145381498301600942e+01,2.647904409708158546e+00
1.092899985147391284e+01,8.372191622115343534e+01
1.206250679755531685e+01,6.872659976749929456e+01
2.989939589639312345e+01,1.118600921122440006e+01
7.757763452305228213e+01,1.661601722947347426e+00
1.322280292404607316e+01,5.719432642566066249e+01
3.457667793016928215e+01,8.364374526138574240e+00
1.050948616975202299e+01,9.053927947522231534e+01
3.116068905076388162e+01,1.029878270054876133e+01
1.409953888667342525e+01,5.030257076375566783e+01
1.278995780008338912e+01,6.113103895335880367e+01
1.548973325339115270e+01,4.167850401108541547e+01
5.899978949861532129e+01,2.872758217978588657e+00
1.060832943588090060e+01,8.885993759440387407e+01
1.209912271042070486e+01,6.831125075566762916e+01
1.602446366600877781e+01,3.894332190664171378e+01
7.313278122660460667e+01,1.869716756573988725e+00
2.465129596488290886e+01,1.645585637482378871e+01
2.092530860058557707e+01,2.283790472665788229e+01
1.308835976752698826e+01,5.837535727486671533e+01
9.999520463829639993e+01,1.000095914133161346e+00
1.328078147937164033e+01,5.669604156713871390e+01
1.350000974577579882e+01,5.486960527752683703e+01
3.061453739646028538e+01,1.066951300822527671e+01
1.708806647331581985e+01,3.424633892586034278e+01
1.023603998488113476e+01,9.544123547954137621e+01
2.171404222930388883e+01,2.120892438740095898e+01
1.639859877894784290e+01,3.718660404962636790e+01
1.048747862286412413e+01,9.091966415104606369e+01
1.557586418187399602e+01,4.121883348474482744e+01
1.471930182077431049e+01,4.615572516952617121e+01
1.502744729228076181e+01,4.428223916873401578e+01
1.007149221530504768e+01,9.858534423692113080e+01
8.555371815814103797e+01,1.366224982897885631e+00
1.275900133219385246e+01,6.142803661167359053e+01
1.557928966562841033e+01,4.120070956189588429e+01
1.144539689862684284e+01,7.633756185341970024e+01
3.281147528623537113e+01,9.288562002265434714e+00
1.988914952847730433e+01,2.527944729152005010e+01
1.857326123399110074e+01,2.898836130884288664e+01
4.719004911933129875e+01,4.490545913815199519e+00
1.448166233202381292e+01,4.768295551788470732e+01
1.413239874404193053e+01,5.006892130700745014e+01
1.304826051053693448e+01,5.873470100174534281e+01
1.105299286998362618e+01,8.185405901367855108e+01
1.218293694586747122e+01,6.737457009470622893e+01
1.350487764234223320e+01,5.483005639281145704e+01
3.292510283228543244e+01,9.224561272610426244e+00
5.561828487682451083e+01,3.232695625652034721e+00
1.036166731082019687e+01,9.314096046291948028e+01
1.250238401374383024e+01,6.397559468139889560e+01
3.158067551362846359e+01,1.002668033564406791e+01
1.025044115118043209e+01,9.517324709365139768e+01
2.815380908770227464e+01,1.261611611254087606e+01
1.185979975887161686e+01,7.109601963395861901e+01
1.663245061762261301e+01,3.614826976397968394e+01
1.290831280283644666e+01,6.001516964461887227e+01
1.853094685265963903e+01,2.912089906297784125e+01
1.409442869017416200e+01,5.033905363608575101e+01
1.266833948913463459e+01,6.231041067907041509e+01
1.701258532292461823e+01,3.455090021946841006e+01
2.255063065255502863e+01,1.966448677516008559e+01
1.561025404369104486e+01,4.103742086004977097e+01
8.242983292217950009e+01,1.471740227928556966e+00
1.375654492668676099e+01,5.284224475744191807e+01
7.935684933483747727e+01,1.587929314322660934e+00
2.654407117251982129e+01,1.419269708434836197e+01
1.810872160240707274e+01,3.049470355412265832e+01
1.919213379704820710e+01,2.714897732133123753e+01
4.077497258611440145e+01,6.014681635544316229e+00
2.618366278812677805e+01,1.458610050191390428e+01
1.089606102233660856e+01,8.422886458696132195e+01
1.947057103524419119e+01,2.637804607460036621e+01
1.229538815363439852e+01,6.614781649047338874e+01
1.688771045281962202e+01,3.506375730004240410e+01
1.650845102135458120e+01,3.669334876887864283e+01
1.152990927974676794e+01,7.522257909865479064e+01
1.271148457761718475e+01,6.188814281149855390e+01
1.188044455129212906e+01,7.084914548938610324e+01
5.648428820949871465e+01,3.134329709937386799e+00
1.622424836727682873e+01,3.799013421608068342e+01
3.288789350683718027e+01,9.245446396976554126e+00
1.713514160669521047e+01,3.405842843293245892e+01
1.177430876311056451e+01,7.213219687100681199e+01
1.679218289525407926e+01,3.546383424157026809e+01
1.739293921841038681e+01,3.305628479190549029e+01
1.154902530203011501e+01,7.497376737590212770e+01
1.301350855955653607e+01,5.904881626608962364e+01
7.168512841913572231e+01,1.945995648643452425e+00
3.399064961056695466e+01,8.655278978243529764e+00
1.476731672141780471e+01,4.585606887436210855e+01
1.737921084336898403e+01,3.310852977795092045e+01
1.034575682740257996e+01,9.342765910352616743e+01
3.314082710079383531e+01,9.104860875431857181e+00
2.741073540775644801e+01,1.330940452186057321e+01
2.039472393574475717e+01,2.404165373750669588e+01
2.314627535723624874e+01,1.866542011330356488e+01
1.065332904820358628e+01,8.811083511980591254e+01
5.055541838309516578e+01,3.912592177592952414e+00
3.749209119312546079e+01,7.114111548509803207e+00
1.049415672888838280e+01,9.080398492467904248e+01
1.003901766832107079e+01,9.922419012438106733e+01
7.740458194043672790e+01,1.669039677968631175e+00
3.778887888030117637e+01,7.002804224484934004e+00
1.413416500440120949e+01,5.005640847369422630e+01
1.555658690147094525e+01,4.132105119237305502e+01
9.299780929119229711e+01,1.156257502233875467e+00
1.181270293170158858e+01,7.166406438010184843e+01
2.807838106682453372e+01,1.268398945883604334e+01
2.524109853865929765e+01,1.569580141960895325e+01
3.277339770372134353e+01,9.310158264775994397e+00
1.830216248319903372e+01,2.985349532452827148e+01
1.777924872796092615e+01,3.163538969916649179e+01
8.600116653575372538e+01,1.352045527059907437e+00
1.272173795985577094e+01,6.178842262139156105e+01
1.320987050994406076e+01,5.730636730836410919e+01
5.865758870005840464e+01,2.906374590595052432e+00
1.527424363644747451e+01,4.286280344163451161e+01
3.001395193251593341e+01,1.110078355131365591e+01
3.852965013537932037e+01,6.736120834663674728e+00
1.390522894469939175e+01,5.171823705731966214e+01
1.563922843900000181e+01,4.088550377381321255e+01
1.043311547378730531e+01,9.186963092092956629e+01
3.109746183783799722e+01,1.034070414746223143e+01
1.414019944165717568e+01,5.001369368685387684e+01
1.149852931140013723e+01,7.563371047283469295e+01
1.372492688831348318e+01,5.308598996726880870e+01
1.035504922589176680e+01,9.326005439549309983e+01
6.283595914109187675e+01,2.532698555920364303e+00
1.568993024829610583e+01,4.062168875410205260e+01
9.392375586830304712e+01,1.133571968528968021e+00
1.946202229888923796e+01,2.640122439424727574e+01
1.015955522218783003e+01,9.688367618470012133e+01
1.494457432736285085e+01,4.477472233286199810e+01
2.147244345113371367e+01,2.168887694092788365e+01
2.231322167620511010e+01,2.008516666738994516e+01
1.672049826281423179e+01,3.576856935255701586e+01
1.320876012096956309e+01,5.731600258562843919e+01
1.879624702695741334e+01,2.830464497609376195e+01
1.152795822667808423e+01,7.524804339344062498e+01
1.653970510002262273e+01,3.655480539498343973e+01
1.131158557391068697e+01,7.815432729170078119e+01
1.549386439382467628e+01,4.165628143387083782e+01
2.049213044919157412e+01,2.381363958057460906e+01
2.055371884370801538e+01,2.367114016518627295e+01
1.251152210363341943e+01,6.388217659263083448e+01
2.946941576097728444e+01,1.151481455638406715e+01
1.048081540886009222e+01,9.103530586992717133e+01
1.936353261719068897e+01,2.667047909309331288e+01
1.187259874320577957e+01,7.094281537226729029e+01
1.302052551870796471e+01,5.898518880601855585e+01
5.283871338465566225e+01,3.581752163400448996e+00
1.454192802105511184e+01,4.728855230242479735e+01
1.025279831293107335e+01,9.512949065903245582e+01
1.253132684491858662e+01,6.368041499998413002e+01
2.652644076023412012e+01,1.421156929241234224e+01
1.013824944760698266e+01,9.729131080442391522e+01
1.643894879042650103e+01,3.700427628311437900e+01
1.921491996711230854e+01,2.708462582605006119e+01
1.689612729160281646e+01,3.502883184304972275e+01
1.267341467544777878e+01,6.226051510924416732e+01
5.033132156256593959e+01,3.947510847917571120e+00
2.001804329736209809e+01,2.495495272585883129e+01
1.308228819730298653e+01,5.842955457159135335e+01
2.402861843146936138e+01,1.731978107013945589e+01
1.572616779213613825e+01,4.043469669611624795e+01
1.262170320001421153e+01,6.277172637891034412e+01
1.383878515107833707e+01,5.221605608900664919e+01
1.494795142920226816e+01,4.475449324434597997e+01
1.079563767217197956e+01,8.580318314494753906e+01
3.357108541646427113e+01,8.872974510784612079e+00
1.562632001138102389e+01,4.095308021562563994e+01
2.013955202988964288e+01,2.465473776651879589e+01
2.045589043073282198e+01,2.389809165563045212e+01
1.380740599401447355e+01,5.245366157048010791e+01
1.430857074645272498e+01,4.884358017573207178e+01
2.569128596741290238e+01,1.515054701642432278e+01
1.344894508806419431e+01,5.528706804411726949e+01
2.135771972502394078e+01,2.192250783534478131e+01
1.572676606882397543e+01,4.043162032603885336e+01
1.679571883187391279e+01,3.544890369031855215e+01
1.309329962043999629e+01,5.833131776006188574e+01
2.169982311737862446e+01,2.123672838125848727e+01
1.032455869473085386e+01,9.381169974301577952e+01
4.761846602182544075e+01,4.410107725411051227e+00
1.205739266969878898e+01,6.878491273236116399e+01
1.909112461076457734e+01,2.743702223934742790e+01
3.506554309956430160e+01,8.132776933746489689e+00
1.743114738046326906e+01,3.291152832557084196e+01
9.644263791288148013e+01,1.075132124259190247e+00
5.772901542625218951e+01,3.000624830234491558e+00
2.527301618800554905e+01,1.565618155475391049e+01
1.387044457193507263e+01,5.197796084352231816e+01
1.026968288748020974e+01,9.481693951491037353e+01
2.073959916680242088e+01,2.324873262744397451e+01
1.473730656037647435e+01,4.604301608324977479e+01
2.008922531397855238e+01,2.477842060196950413e+01
6.002764158838475339e+01,2.775220139011482345e+00
3.461879028467168240e+01,8.344037058689769637e+00
1.461351177593389927e+01,4.682640448838383662e+01
4.709585237487709719e+01,4.508527022638595838e+00
2.162054255624431320e+01,2.139276023400500293e+01
1.662744936340593682e+01,3.617001860487674492e+01
1.543517508097230539e+01,4.197366383126007605e+01
1.165378432053321234e+01,7.363190684330237445e+01
1.379930102680459747e+01,5.251529658474896678e+01
1.182562159392169043e+01,7.150757397563323536e+01
8.244103344047263704e+01,1.471340351001388491e+00
1.537980110089913133e+01,4.227645487038581251e+01
1.223155745743181022e+01,6.684000604731599537e+01
1.756455705121312505e+01,3.241347516738235868e+01
3.316670553415399780e+01,9.090658221887684576e+00
1.204950385340631236e+01,6.887500925042796496e+01
2.194680775782069304e+01,2.076143084262011840e+01
1.207433994672057409e+01,6.859195827044764826e+01
1.060247923400535974e+01,8.895802634936110564e+01
2.499819093335426956e+01,1.600231585667584966e+01
1.734012943979955068e+01,3.325793880673533209e+01
1.413535845667704294e+01,5.004795627732914909e+01
2.475391674069661718e+01,1.631969914607345373e+01
1.569396103477291327e+01,4.060082514593522518e+01
2.063615361130583281e+01,2.348240077909944290e+01
1.504816334769170894e+01,4.416040079392452355e+01
1.422677741768531412e+01,4.940682275019498348e+01
1.708425933873305524e+01,3.426160384849555385e+01
1.330926005170615944e+01,5.645366973497283425e+01
1.569204968075506912e+01,4.061071643203218429e+01
2.149965488260049895e+01,2.163400983703955660e+01
8.782696043766253524e+01,1.296415738006429397e+00
2.462474637888858808e+01,1.649135982251012322e+01
1.163069657276070146e+01,7.392452598043844603e+01
1.267127820682301653e+01,6.228151202033492950e+01
1.947897606688363226e+01,2.635528712891983361e+01
1.222777526559229777e+01,6.688136121081501528e+01
1.204501812719944809e+01,6.892631875616977766e+01
1.672236814159663609e+01,3.576057058719631954e+01
1.404390155793421435e+01,5.070192480667493129e+01
4.184772220429022838e+01,5.710266164325245697e+00
6.374556763861517794e+01,2.460934271995749434e+00
1.691978322715360150e+01,3.493095109513823360e+01
1.479583124107235648e+01,4.567949159556813044e+01
2.055856153279427545e+01,2.365998972833886427e+01
1.516131534744987697e+01,4.350370428247430965e+01
2.022643910614736384e+01,2.444337312908882609e+01
5.002384429778612684e+01,3.996187639662574842e+00
1.355136732763356910e+01,5.445449876593924188e+01
1.285501446341345932e+01,6.051386064107268226e+01
3.095454671675055280e+01,1.043640928255619826e+01
1.388722162520785552e+01,5.185244829813981227e+01
2.021939409047990921e+01,2.446040963832162518e+01
2.394354393527106240e+01,1.744307855442946931e+01
1.341024454533157417e+01,5.560663371922350251e+01
1.654428633569463969e+01,3.653456360410194037e+01
1.754363230972053600e+01,3.249084204968581702e+01
1.748085888064933613e+01,3.272460900542452578e+01
1.258218254728710406e+01,6.316667783602594000e+01
1.381806905273431063e+01,5.237273844497143926e+01
1.485876321423195989e+01,4.529337428218442341e+01
1.975077683910257775e+01,2.563490049390200198e+01
1.694008077462452277e+01,3.484729294979486269e+01
5.264613471302860148e+01,3.608004068095932659e+00
1.302016895326944024e+01,5.898841954254383069e+01
2.156497255959928339e+01,2.150315474466997756e+01
1.187248759866033154e+01,7.094414364383787586e+01
2.772837402072663338e+01,1.300622291080870596e+01
1.539822690356906953e+01,4.217533783263829861e+01
1.532467901612214867e+01,4.258113432645640728e+01
2.366052611388184701e+01,1.786286867256055544e+01
1.523645690959170373e+01,4.307566833956652630e+01
1.779412446095154721e+01,3.158251798832006330e+01
2.030366540360744665e+01,2.425778286966382069e+01
1.607742381552120392e+01,3.868718046790756659e+01
1.714186964201624264e+01,3.403169840344449426e+01
1.275139138013450513e+01,6.150137824000581332e+01
1.700054823182886210e+01,3.459984447258226226e+01
1.680309187353802258e+01,3.541780121188489261e+01
6.962889103082271447e+01,2.062628638619440569e+00
1.295941328539084658e+01,5.954280910200716903e+01
2.693987227410110208e+01,1.377872191877350438e+01
1.040925414680755345e+01,9.229130259954361293e+01
3.367808702484087746e+01,8.816681865886959457e+00
1.081318653920366302e+01,8.552490683916094838e+01
5.660683207048980847e+01,3.120773850921576109e+00
2.121229110014348862e+01,2.222413380801681271e+01
1.090610227485623795e+01,8.407383689142747585e+01
2.818806130587627123e+01,1.258547424544581794e+01
1.334873223879185034e+01,5.612029647380754938e+01
1.572401964439206346e+01,4.044574547850822910e+01
2.238999941364878765e+01,1.994765441281331775e+01
1.872017124721654469e+01,2.853516351542101148e+01
1.186626221303051487e+01,7.101860188466464763e+01
1.188126387954983798e+01,7.083937435627903767e+01
9.685242797638096590e+01,1.066053438055914793e+00
2.753958558318938543e+01,1.318515375678911994e+01
1.933934069020916979e+01,2.673724598506365879e+01
1.428472538199469888e+01,4.900678458398477488e+01
1.957153050879057332e+01,2.610660641116174574e+01
2.363678868628923979e+01,1.789876453551336866e+01
1.877691552738101421e+01,2.836295624640318991e+01
2.459469853612774415e+01,1.653168009604661748e+01
1.907960307246526099e+01,2.747016885644789852e+01
1.655111850747184477e+01,3.650440746744857989e+01
4.937646755109523156e+01,4.101662918296551830e+00
1.894288484878398648e+01,2.786812574645647089e+01
1.425289437733638920e+01,4.922592282349198456e+01
1.035067595870285651e+01,9.333887771064739525e+01
1.581930632729940456e+01,3.995996767650074588e+01
1.590220600240566640e+01,3.954442360501003861e+01
1.416831113275262410e+01,4.981542380343018550e+01
1.217655927465571786e+01,6.744516563417153066e+01
1.176868904957253470e+01,7.220110158327415206e+01
4.766718299812340121e+01,4.401097865350710236e+00
2.188764332384548084e+01,2.087382288457920509e+01
1.715245337877094656e+01,3.398971357411574701e+01
1.907056810397542890e+01,2.749620383359672005e+01
1.602720148299324521e+01,3.893001820147453884e+01
1.384827067172624027e+01,5.214454869857220132e+01
1.344294931772133772e+01,5.533639687511791294e+01
4.874447406255474391e+01,4.208712136450005303e+00
1.522832133298621393e+01,4.312170611390801156e+01
3.647316290935003735e+01,7.517148800453835378e+00
1.530698002802182778e+01,4.267966175582710520e+01
2.116650446019226450e+01,2.232038673432867526e+01
1.761446383638798352e+01,3.223006218105471277e+01
1.101172521500084756e+01,8.246872285129670388e+01
1.977968716243827529e+01,2.556001845516470539e+01
1.109227102162418710e+01,8.127538873364183303e+01
6.994920619246354931e+01,2.043781291371530084e+00
1.593779519125216737e+01,3.936801493268495733e+01
1.331116519307305879e+01,5.643751119087290391e+01
1.185842660030734663e+01,7.111248585901424235e+01
1.778103474200954537e+01,3.162903479197181156e+01
2.200481958832089902e+01,2.065210742857497550e+01
6.494410395883488718e+01,2.370939879815045614e+00
1.935877813438269612e+01,2.668358114993931096e+01
2.636708595702734925e+01,1.438386936093736601e+01
4.658622766450831421e+01,4.607707590403466114e+00
2.100076292758161500e+01,2.267408943740844052e+01
1.710797287451702076e+01,3.416668895791536187e+01
1.176742929728209397e+01,7.221656126769229900e+01
1.454940758720219662e+01,4.723994455832957584e+01
5.231222163460138574e+01,3.654211426388493944e+00
1.587147885975054606e+01,3.969768762771173698e+01
1.329185865773562725e+01,5.660158217117368906e+01
1.315152023265212833e+01,5.781600578277604541e+01
1.211019686472601187e+01,6.818637360383539203e+01
1.760270169427245790e+01,3.227314888831476480e+01
2.782390655484785924e+01,1.291706329846436496e+01
1.593861526226100800e+01,3.936396392365556096e+01
1.970152248473596757e+01,2.576323664454368512e+01
2.176428734478296789e+01,2.111111141863122853e+01
1.181983399353038244e+01,7.157761871336488468e+01
1.796525817112000567e+01,3.098368542950057503e+01
6.607536052555933281e+01,2.290450535043491609e+00
1.666795573782390960e+01,3.599443185860478422e+01
1.773597193779490055e+01,3.178996238807950547e+01
1.265015852251435646e+01,6.248964599496835604e+01
1.362043782764084554e+01,5.390361151698009223e+01
1.916037146627698817e+01,2.723906216473183051e+01
1.613039365220419086e+01,3.843351165464830643e+01
1.243502273285931992e+01,6.467059145772284978e+01
1.593655706826749885e+01,3.937413223108995197e+01
3.389605661696233341e+01,8.703654585036053604e+00
1.166279339775044299e+01,7.351819492147340895e+01
2.557191081699172841e+01,1.529232916990911484e+01
1.224226948636382595e+01,6.672308674054914945e+01
6.270794913763904077e+01,2.543049449932514250e+00
1.368007289929134096e+01,5.343467553553118421e+01
1.734406525065831417e+01,3.324284636988448938e+01
1.887157084121927753e+01,2.807914610388506560e+01
2.501130614766247362e+01,1.598553794234089942e+01
1.287286372105667098e+01,6.034616234622938435e+01
1.931776152013095427e+01,2.679701376226714515e+01
5.762342105764026456e+01,3.011632139069306824e+00
1.715315679427092377e+01,3.398692593549883867e+01
2.712955637108479223e+01,1.358671969761164000e+01
1.413369356140055899e+01,5.005974788909750117e+01
1.456521854517393955e+01,4.713743962435291479e+01
1.510222859682456154e+01,4.384478255109398503e+01
2.035677117940380043e+01,2.413138285930719462e+01
2.179672636693349119e+01,2.104832086887622822e+01
1.658211251663116670e+01,3.636807253924466465e+01
1.663966620833202370e+01,3.611692603832201343e+01
1.198323229733958151e+01,6.963892260108160315e+01
1.539898368489133063e+01,4.217119253002693569e+01
1.442511911293201088e+01,4.805750104860963035e+01
2.094334163195738086e+01,2.279859301070043287e+01
1.467816021119767456e+01,4.641482877003869589e+01
1.516491986355760879e+01,4.348302614261520205e+01
2.483808183882559462e+01,1.620928627935895605e+01
1.387660454720109726e+01,5.193182392497818967e+01
1.057009230096933905e+01,8.950399915534613626e+01
2.205013539839703185e+01,2.056730928120222757e+01
1.157986903455439887e+01,7.457490429509468299e+01
1.202278984435410258e+01,6.918142261301922247e+01
1.625592681367092851e+01,3.784221329772652354e+01
6.219017910693025186e+01,2.585570504721416363e+00
1.445086150935548730e+01,4.788643673392761002e+01
1.856973303115847074e+01,2.899937778759155549e+01
1.397009115199813678e+01,5.123910324507138370e+01
1.450567327347233970e+01,4.752522894341570492e+01
1.214483797600322035e+01,6.779794798922753785e+01
1.569493006980002292e+01,4.059581175537588393e+01
1.773254859257817628e+01,3.180223795241504092e+01
1.957274928561862382e+01,2.610335524436385057e+01
1.192002092399706292e+01,7.037946554149318956e+01
1.414856962173816513e+01,4.995453579221469198e+01
1.158399890595868875e+01,7.452173960359142768e+01
1.423373409839232195e+01,4.935853977744677934e+01
1.933698697406902056e+01,2.674375534637901808e+01
1.468231453494704475e+01,4.638856656924698285e+01
1.471983647789350336e+01,4.615237227373552287e+01
1.466359400643924360e+01,4.650708769349266447e+01
1.482186619616979506e+01,4.551915834033128760e+01
1.102210751384250642e+01,8.231343282751959123e+01
2.174965128198199693e+01,2.113953371480159049e+01
1.845997040513446663e+01,2.934526252731570040e+01
1.490219550824231654e+01,4.502974487770566725e+01
9.716355164209245743e+01,1.059237231219079201e+00
2.050521723241982386e+01,2.378325272953397373e+01
1.558042135250843252e+01,4.119472453645289534e+01
1.172462399137941702e+01,7.274483320344270965e+01
4.077549572481461837e+01,6.014527303022165761e+00
1.724926942111763850e+01,3.360923201611210942e+01
2.683295644352225651e+01,1.388874322105012027e+01
2.315747303763059861e+01,1.864737333628366045e+01
2.806477217334782637e+01,1.269629363232001218e+01
1.537785877572021853e+01,4.228713513605574548e+01
1.757510480198719449e+01,3.237458075750922859e+01
1.666355943607444345e+01,3.601342699090984212e+01
1.184752014491393091e+01,7.124347397047166908e+01
1.601394017685690940e+01,3.899452158350594999e+01
1.586619511246649772e+01,3.972413221300894293e+01
1.164588163734241100e+01,7.373187129090668179e+01
3.857014117052666080e+01,6.721985063880738132e+00
1.624447750570893589e+01,3.789557541292805354e+01
2.240684377090722990e+01,1.991767436522590984e+01
1.304021373557155883e+01,5.880721066354195159e+01
1.743145309577014501e+01,3.291037392155230634e+01
2.921157839755190011e+01,1.171898375056259667e+01
1.715057857297760435e+01,3.399714511289844410e+01
1.764472985264555760e+01,3.211958851813670179e+01
1.634338016182203646e+01,3.743830983903340837e+01
1.499592723943127126e+01,4.446858915500621379e+01
1.441311035900733017e+01,4.813761576490178129e+01
3.881307149957098090e+01,6.638102825106176219e+00
4.179273029045860000e+01,5.725303471499627150e+00
1.200001580655432321e+01,6.944426149857532948e+01
1.549861205760314675e+01,4.163076434543791748e+01
1.733548833251230903e+01,3.327574901446630662e+01
1.556169202121548700e+01,4.129394433119097130e+01
1.733780467757721411e+01,3.326685827315345989e+01
2.276164275197490028e+01,1.930157703760501064e+01
1.342584043623332413e+01,5.547751982234780854e+01
1.587887742981018846e+01,3.966070293530924573e+01
2.726504146511534898e+01,1.345202528584905544e+01
2.124592857449086480e+01,2.215381709386597464e+01
2.175118076938402822e+01,2.113656086343598162e+01
1.547537193982034864e+01,4.175589611536479850e+01
1.484178584264068235e+01,4.539705483090352800e+01
1.820065152986507684e+01,3.018742927049603608e+01
1.299416171172299350e+01,5.922478127982137153e+01
1.262150297731917803e+01,6.277371796801659087e+01
1.375226438910770099e+01,5.287514529084631221e+01
1.426399876691396429e+01,4.914930881608632518e+01
1.763178017523066288e+01,3.216678636758967258e+01
2.264157560487315379e+01,1.950683042495932540e+01
1.376331499535860914e+01,5.279027215640159199e+01
2.350261033857714921e+01,1.810371897754625792e+01
2.466587216635140578e+01,1.643641307252133288e+01
1.187316001536480137e+01,7.093610826380601964e+01
1.320080398432138225e+01,5.738511222004959933e+01
8.536187761709516053e+01,1.372372735579520553e+00
1.301873409951824101e+01,5.900142302178792164e+01
5.072009714437939465e+01,3.887226499125043144e+00
1.798699241612676758e+01,3.090885355706735993e+01
1.308567282967336887e+01,5.839933266576411341e+01
6.445584016045481235e+01,2.406996466237515619e+00
1.300353665368386835e+01,5.913941546667510352e+01
1.242989562496714129e+01,6.472395336740004268e+01
1.770922847962862434e+01,3.188604963115635371e+01
1.813012128573002713e+01,3.042275788339358655e+01
1.443216406797643536e+01,4.801059466654054830e+01
1.923832980060522502e+01,2.701875099980583883e+01
1.827582720823288298e+01,2.993959445996908642e+01
1.643638117580651326e+01,3.701583845619758506e+01
1.603036247163663930e+01,3.891466668176328625e+01
1.376002221039068196e+01,5.281554069309829202e+01
3.828003046501233797e+01,6.824258204057557897e+00
1.702505551824431151e+01,3.450030435728318423e+01
1.385304351517829247e+01,5.210862375628403242e+01
1.219028124071976293e+01,6.729341205716583829e+01
2.128614049633629435e+01,2.207019403350749442e+01
1.690099851692712107e+01,3.500864265215479065e+01
1.485223502439680843e+01,4.533319976675323915e+01
1.428682100528987853e+01,4.899240878586407177e+01
1.914449231846147725e+01,2.728426706927774248e+01
1.262824704103502249e+01,6.270668777639534142e+01
1.989517994364392095e+01,2.526412474013381981e+01
1.461465995489046321e+01,4.681904708418503702e+01
1.445481785621760196e+01,4.786022686698706252e+01
1.669638882126071877e+01,3.587194294571757069e+01
2.006385145255823232e+01,2.484113256650358892e+01
1.206749190627477120e+01,6.866982926240710583e+01
1.191597577057368085e+01,7.042725752508356152e+01
2.278186103035099919e+01,1.926733299657641396e+01
1.420738602149745411e+01,4.954178369191337339e+01
1.433800737608017428e+01,4.864322953917684345e+01
2.528807290636332894e+01,1.563754347670537115e+01
1.886868437036404700e+01,2.808773767652833087e+01
2.400472896224445662e+01,1.735427146279105060e+01
1.225348421719702507e+01,6.660100896726311248e+01
1.625118915212436121e+01,3.786428057294069305e+01
1.800856188695115989e+01,3.083485671468627842e+01
2.484604741809473083e+01,1.619889463392776108e+01
1.272867998556579394e+01,6.172104409492317245e+01
5.251393547037275766e+01,3.626192603118897129e+00
1.749538859793219459e+01,3.267027675960421362e+01
1.182878954853137365e+01,7.146927717223195486e+01
2.197215432574392580e+01,2.071355865992130418e+01
1.911510963323767243e+01,2.736821125783975717e+01
1.420899935818325410e+01,4.953053405533095344e+01
2.028367823751495891e+01,2.430561277585223223e+01
2.099513251223702781e+01,2.268625241464867059e+01
3.108293292211484982e+01,1.035037339792698141e+01
2.906322070162975280e+01,1.183893184064840831e+01
3.701388359776598946e+01,7.299123136907676113e+00
1.785777805725075140e+01,3.135776909299182691e+01
1.211112968319539895e+01,6.817587036246595744e+01
1.976174242397191705e+01,2.560645930883251964e+01
1.621409989765719928e+01,3.803770545116876178e+01
1.393082741925198320e+01,5.152834286547633269e+01
1.392640145414611652e+01,5.156110062973557717e+01
2.903867956433782638e+01,1.185895090672415364e+01
1.522284091333418488e+01,4.315276044693271729e+01
3.209845659923499994e+01,9.705808066470929418e+00
1.282825411639800173e+01,6.076659354433878235e+01
1.534894908569958183e+01,4.244658048393954886e+01
1.843014236980708631e+01,2.944032634487291844e+01
1.376420400192032290e+01,5.278345310856683881e+01
2.507435955389665594e+01,1.590524274670422500e+01
1.306136569058928920e+01,5.861689667795101855e+01
2.226595493931175085e+01,2.017053178683178061e+01
1.621082949228379988e+01,3.805305460582888344e+01
2.564493596893858651e+01,1.520536192617639237e+01
1.566389612803448017e+01,4.075683122058240571e+01
1.762311068248871138e+01,3.219844233564159452e+01
2.273503449889651051e+01,1.934678319596906704e+01
2.453133688041868510e+01,1.661718928632143388e+01
1.685761364244842753e+01,3.518907151418374468e+01
2.203419499620985533e+01,2.059707844427974877e+01
1.492446635742808070e+01,4.489545499593178590e+01
1.473376928507395256e+01,4.606512670151486333e+01
1.575266946809500368e+01,4.029875963056048960e+01
1.345197200767147727e+01,5.526218980589741392e+01
3.668911979215742747e+01,7.428915432098123439e+00
1.321290062677641330e+01,5.728008616358470562e+01
1.951176849708890160e+01,2.626677360845708620e+01
1.427434677720998657e+01,4.907807428453563148e+01
1.600314870697490832e+01,3.904712999146535424e+01
2.337568715099854799e+01,1.830084857191858205e+01
2.112766164455894113e+01,2.240253341490985051e+01
2.271886577629819115e+01,1.937433070526340018e+01
1.492542329516773236e+01,4.488969827103041155e+01
1.480394104444569514e+01,4.562945759115745403e+01
1.538251817379315156e+01,4.226152128623779447e+01
2.097010870153681950e+01,2.274042811898579330e+01
1.353051134363503927e+01,5.462250090775842182e+01
9.697649609288022532e+01,1.063327444827862678e+00
1.475847001470586406e+01,4.591106058818323987e+01
1.646239032894623122e+01,3.689896720476639302e+01
9.322004850177727064e+01,1.150750973287133050e+00
1.934172639926958936e+01,2.673065057007819334e+01
1.700156205107710150e+01,3.459571815261940486e+01
1.454488930861760032e+01,4.726929870158990354e+01
1.215699441155232208e+01,6.766242611836757703e+01
1.713051484440289585e+01,3.407682852588713018e+01
1.287932581067392945e+01,6.028562121468680601e+01
1.470638273646608951e+01,4.623685342874902204e+01
1.577215262327106871e+01,4.019925995355452386e+01
6.252756673733443193e+01,2.557743226072755505e+00
1.775167809594979929e+01,3.173373364258281626e+01
1.219184622179499122e+01,6.727613720718754564e+01
1.264152163712078369e+01,6.257506297204109558e+01
1.340114071099059245e+01,5.568221020082263095e+01
1.756879744005772537e+01,3.239783048229852369e+01
1.579773503358757303e+01,4.006917025599275917e+01
1.327149652852364170e+01,5.677540022936629782e+01
1.582825315228069307e+01,3.991480618052714391e+01
9.020292376338726115e+01,1.229019491909368655e+00
2.975768894404283316e+01,1.129279905681149643e+01
1.440705533758783652e+01,4.817808698380968480e+01
8.160091880164137024e+01,1.501792400657608217e+00
1.323176450445316377e+01,5.711687976538724598e+01
1.201176446467992420e+01,6.930848163266274753e+01
1.571709124858299234e+01,4.048141186144462722e+01
1.310127138783805201e+01,5.826035331510215087e+01
3.376025740867648750e+01,8.773815576894442358e+00
1.734877272132894177e+01,3.322480838003929904e+01
1.660204294292154614e+01,3.628080663844462350e+01
1.453960759345616793e+01,4.730364740279039637e+01
1.858065484926332189e+01,2.896529579799134879e+01
1.538701428460514364e+01,4.223682712292674779e+01
1.406451887692078806e+01,5.055338484159349832e+01
1.854478537824412143e+01,2.907745397171289881e+01
2.204406418689786307e+01,2.057863983066251024e+01
2.364110982177639286e+01,1.789222204078312117e+01
1.693978232188226940e+01,3.484852087133029386e+01
1.861869272159458433e+01,2.884706485911043927e+01
1.915789381130475277e+01,2.724610817538309249e+01
5.861776914550884499e+01,2.910324582265333415e+00
1.594157809352505772e+01,3.934933325857954145e+01
2.747702383270285864e+01,1.324526400642977642e+01
1.206719350161612070e+01,6.867322552025603954e+01
1.146035157075080058e+01,7.613846527959343291e+01
2.435298862056435709e+01,1.686147132669133697e+01
3.027954254902011755e+01,1.090690123589536675e+01
2.579051600888025320e+01,1.503418662776456216e+01
1.346462404057015938e+01,5.515838437477572853e+01
7.777592616759575606e+01,1.653139934228917030e+00
1.722386123686092674e+01,3.370846405356701325e+01
6.052506716259607344e+01,2.729791266169507402e+00
1.355976872750734152e+01,5.438704152525470192e+01
1.377842123632768789e+01,5.267458032182610594e+01
1.277331479849923390e+01,6.129044421470238291e+01
1.993244407355787473e+01,2.516974939944257983e+01
1.544722114766469367e+01,4.190822547138643728e+01
6.744070600484067768e+01,2.198648398892942613e+00
1.524572046589487329e+01,4.302333724114414082e+01
1.801048699022115684e+01,3.082826532034194500e+01
1.917310978438498381e+01,2.720287976357784032e+01
1.052530990489361784e+01,9.026725087851325213e+01
2.232191409833394857e+01,2.006952690164656516e+01
1.783270822036038439e+01,3.144599873640381915e+01
6.357270886806743704e+01,2.474335381333057970e+00
1.608614566745322705e+01,3.864523973310834037e+01
2.196077994577386505e+01,2.073502100340122212e+01
1.286343237788411997e+01,6.043468522183897562e+01
1.182129730410052559e+01,7.155989920244040547e+01
2.509799398981533614e+01,1.587530135415288690e+01
2.364424010743261917e+01,1.788748481444009286e+01
1.952101079024557606e+01,2.624190729845489400e+01
2.283848025595449371e+01,1.917191953418852179e+01
2.518980397640840962e+01,1.575978992819492142e+01
2.274718322363722578e+01,1.932612340903374815e+01
1.785547914064586195e+01,3.136584432147074608e+01
1.716148497623125380e+01,3.395394736466935370e+01
1.267726353870626532e+01,6.222271581104035221e+01
1.962537675649338098e+01,2.596354527750563790e+01
1.700857014586124549e+01,3.456721486032304114e+01
3.184602768805452655e+01,9.860284895230677193e+00
1.402611441286193461e+01,5.083060111700340400e+01
1.958129816863293371e+01,2.608056760122740769e+01
1.600277058761109217e+01,3.904897525323433172e+01
1.481353263554942856e+01,4.557038762848748092e+01
3.264453386644665756e+01,9.383806778691901940e+00
1.292703799638118944e+01,5.984142810505749566e+01
1.442799663881284467e+01,4.803833374263956557e+01
1.430287995724991568e+01,4.888245539753273050e+01
1.455068700079356958e+01,4.723163749077191653e+01
2.137203860070396289e+01,2.189314231578725511e+01
1.435456565740200574e+01,4.853107236940967084e+01
1.380640053131686429e+01,5.246130181246310542e+01
1.562041672693212391e+01,4.098404012770202343e+01
1.352255447942162547e+01,5.468680113931813480e+01
1.810134076605523035e+01,3.051957710431829796e+01
2.864939136906093964e+01,1.218341954173413555e+01
1.936703442755564453e+01,2.666083522975766584e+01
1.523874415866934484e+01,4.306273848292649120e+01
3.128972106444000190e+01,1.021401795135843571e+01
1.314422884234396349e+01,5.788016717151645452e+01
1.768095505403828938e+01,3.198810844648820506e+01
1.458628793301217286e+01,4.700136117707990024e+01
1.662506284844066684e+01,3.618040370682638951e+01
4.419268893661391928e+01,5.120344072838295624e+00
6.082414976726708744e+01,2.703011580284308213e+00
1.408774424067377673e+01,5.038683540809255845e+01
7.187429073806573854e+01,1.935765992338424946e+00
2.435090721101358469e+01,1.686435394022733547e+01
1.274633661961147091e+01,6.155016659218192387e+01
1.357517762254149218e+01,5.426364445240619716e+01
5.075671573207232257e+01,3.881619619528414500e+00
2.491546489307613044e+01,1.610875624872606338e+01
3.669962706194710478e+01,7.424662176639545308e+00
1.698384979067997236e+01,3.466791472767406646e+01
1.416052569776855385e+01,4.987021574646598765e+01
1.938452326870016762e+01,2.661274977817707210e+01
2.156465940190681962e+01,2.150377927827276281e+01
3.853866948064904818e+01,6.732968245796374873e+00
1.335736526164686921e+01,5.604777749607375625e+01
2.002664983421292533e+01,2.493350834333458721e+01
1.758245239824312378e+01,3.234752814395243803e+01
1.500922463643325599e+01,4.438983031695650538e+01
2.123122701619201891e+01,2.218450852750120106e+01
1.068100279578092326e+01,8.765484830875648470e+01
1.447946304939582518e+01,4.769744172632705670e+01
1.344590623504829630e+01,5.531206126600431361e+01
1.432689754276728067e+01,4.871869985014528481e+01
1.558767275464285973e+01,4.115640579114534603e+01
2.834259952898018398e+01,1.244860363596131769e+01
1.696240804180031958e+01,3.475561578273602237e+01
1.248823706909340636e+01,6.412062265087568846e+01
5.329026084634210747e+01,3.521310388132576463e+00
1.612316542276282760e+01,3.846797988781555233e+01
1.374142864411342835e+01,5.295856710979629867e+01
8.213369577565855195e+01,1.482372226485421551e+00
1.445469784404831692e+01,4.786102160286534257e+01
8.207091347934817804e+01,1.484641052926764848e+00
2.501004454690137990e+01,1.598715072439377671e+01
1.942192423552375402e+01,2.651035166462283854e+01
1.813869720650491857e+01,3.039399710953180644e+01
1.792853241408763409e+01,3.111075269227431406e+01
1.356346534467360598e+01,5.435740003332459480e+01
5.059621489654561088e+01,3.906285153732154569e+00
2.514025424478929338e+01,1.582197409686422240e+01
2.001463219223937884e+01,2.496345962422456566e+01
2.673365619316383146e+01,1.399211232675750693e+01
3.330063364071370557e+01,9.017683851300612119e+00
1.271380895820790791e+01,6.186551569027825792e+01
1.434707806873879754e+01,4.858174129695346011e+01
1.339637141696170097e+01,5.572186453657385385e+01
1.281816425309760099e+01,6.086229647377177798e+01
6.950816929470651928e+01,2.069799604214465294e+00
1.137063400891596210e+01,7.734471403716334237e+01
1.332374718314278006e+01,5.633097045369515143e+01
1.564908631369027781e+01,4.083400974797969951e+01
1.285345300951337855e+01,6.052856413638961186e+01
3.543175612373734396e+01,7.965529381813715837e+00
1.601489728751911557e+01,3.898986080342709215e+01
1.585076403506196208e+01,3.980151454430824742e+01
1.228706129026305760e+01,6.623750278003286951e+01
6.268679335133208497e+01,2.544766216294541472e+00
2.460940053683431827e+01,1.651193348159998209e+01
3.931789006748206816e+01,6.468738452751388479e+00
3.767477776497994313e+01,7.045285575671049294e+00
1.364111632395955986e+01,5.374031098304297416e+01
1.737438581113515923e+01,3.312692143877149675e+01
2.780039772947945664e+01,1.293891862458500697e+01
1.484934202627479216e+01,4.535086541644821523e+01
1.793910036063531876e+01,3.107410872200846441e+01
5.131043020969045898e+01,3.798294966829489194e+00
1.235450105079768512e+01,6.551633255325842242e+01
1.643170294853155866e+01,3.703691882221809095e+01
2.333368966749864271e+01,1.836678595906255396e+01
1.900483206197684183e+01,2.768674669988752512e+01
1.924156176785285410e+01,2.700967518927027555e+01
1.196873340248936834e+01,6.980774564170822316e+01
1.280367936835618003e+01,6.100008218280082417e+01
2.098292230912254297e+01,2.271266287756099800e+01
5.435945957879795287e+01,3.384151047573376925e+00
1.752946795742279562e+01,3.254337047405302030e+01
1.526165693318215055e+01,4.293353283374856488e+01
1.325418505301847638e+01,5.692380736475466563e+01
1.484845014452127288e+01,4.535631363814589889e+01
1.767734878288954903e+01,3.200116125896651198e+01
1.932287466726889491e+01,2.678283378665699743e+01
1.803876425203245404e+01,3.073168934031597033e+01
2.225390979751693976e+01,2.019237268301936439e+01
1.200708814642127287e+01,6.936247834332993989e+01
1.397772078286475050e+01,5.118318157440387495e+01
1.650951781304548049e+01,3.668860691083813208e+01
1.792037779349255899e+01,3.113907286604429459e+01
1.680948241187426362e+01,3.539087643374479342e+01
2.691100649599099270e+01,1.380829694352998693e+01
3.693791905934129716e+01,7.329175976124316705e+00
2.318356620075149621e+01,1.860542162508210851e+01
6.493498904709429098e+01,2.371605543267782057e+00
1.615159822754294083e+01,3.833266326565766491e+01
2.739734960491436055e+01,1.332241312228748242e+01
1.579814368029156668e+01,4.006709736402325461e+01
2.575414232679730375e+01,1.507668347249023810e+01
1.939549393638067087e+01,2.658265236850902369e+01
1.214177829667546682e+01,6.783212191529965196e+01
1.842851425566975365e+01,2.944552853623914501e+01
1.537802272945792836e+01,4.228623344706418408e+01
1.437652890378408799e+01,4.838290229152056554e+01
2.418901474648313510e+01,1.709084916911028174e+01
1.323629987431442778e+01,5.707774469034311693e+01
2.487735459578567188e+01,1.615814893793580609e+01
1.347134236849802669e+01,5.510338173293364861e+01
3.549182493983265374e+01,7.938589374411154864e+00
1.583441998048891364e+01,3.988372202070557648e+01
5.744538754773775935e+01,3.030328236656146146e+00
3.538010100760171639e+01,7.988805782988697146e+00
2.796572665629309284e+01,1.278638518120765433e+01
1.510916497229177047e+01,4.380453491789756981e+01
1.523995733713424094e+01,4.305588272783283799e+01
2.573838354184910671e+01,1.509515106169324916e+01
6.411769418845466362e+01,2.432451604595380346e+00
3.911249898227729460e+01,6.536855281550074004e+00
1.229094892177388409e+01,6.619560751549853705e+01
6.597420951869094097e+01,2.297479311448522576e+00
9.940779758568164937e+01,1.011950096340194838e+00
1.779398349132430113e+01,3.158301840391573023e+01
1.440864729530671617e+01,4.816744153751987056e+01
2.723789413042164043e+01,1.347885324965795029e+01
1.861296748326821060e+01,2.886481396032553448e+01
2.733795356590723813e+01,1.338036612000389880e+01
1.291298320901022123e+01,5.997176456536055866e+01
1.624089200153571255e+01,3.791230968372065036e+01
1.406897991726245856e+01,5.052133064348161184e+01
3.473184359218323891e+01,8.289805228791646385e+00
2.063715610713378013e+01,2.348011941466041463e+01
4.333834792119238699e+01,5.324211466782919011e+00
1.256295242815498980e+01,6.336020438482729134e+01
2.606528775687402444e+01,1.471888636244597137e+01
2.000914115636354396e+01,2.497716276718725581e+01
1.933918698462354158e+01,2.673767099573107586e+01
1.212956922783750002e+01,6.796874405378359540e+01
1.580489492872107071e+01,4.003287440270583630e+01
1.599631901679443580e+01,3.908047975524333140e+01
3.959979477997073616e+01,6.376966411134786128e+00
1.384156617696034353e+01,5.219507585982191245e+01
1.341994571324231877e+01,5.552626762528154813e+01
2.305796524244975032e+01,1.880866795752363885e+01
1.996792523725924084e+01,2.508038021835889353e+01
1.337034943508234974e+01,5.593897245552354036e+01
1.173032858852979921e+01,7.267409706672845005e+01
2.725351721749031242e+01,1.346340416553947961e+01
1.658764175782291872e+01,3.634383107889992459e+01
1.757252774065303313e+01,3.238407710308102594e+01
2.743375459077579848e+01,1.328707851598892375e+01
1.437782735121424693e+01,4.837416386159182480e+01
1.441167763309354299e+01,4.814718736919258646e+01
1.241142661005560299e+01,6.491672364353168234e+01
6.952364776862167162e+01,2.068878082577514377e+00
5.826999418748278714e+01,2.945167846416057778e+00
1.640570145612777964e+01,3.715441191572359969e+01
1.625728706576921923e+01,3.783588102391333763e+01
2.642064693597662739e+01,1.432560937820904812e+01
1.726776270628035803e+01,3.353728149261599611e+01
5.443099493905387476e+01,3.375261723215813525e+00
1.463362149044110616e+01,4.669779400031690386e+01
2.428376056407215344e+01,1.695774560308077383e+01
1.180686513182845232e+01,7.173494922355308745e+01
9.749346721811554062e+01,1.052080493624311330e+00
1.660846661957993220e+01,3.625274732311107329e+01
1.530501492976777733e+01,4.269062223034364223e+01
5.226346474368184403e+01,3.661032676979698142e+00
1.911055474350512640e+01,2.738125892097943392e+01
2.659134296482869075e+01,1.414228083549003934e+01
1.131588682471969420e+01,7.809492452813333330e+01
5.851859701835537209e+01,2.920197260717814380e+00
2.531799120209694109e+01,1.560060751145125124e+01
3.294850626378375580e+01,9.211461454748269162e+00
1.501104356914670390e+01,4.437907327368296961e+01
1.546662679130496798e+01,4.180312874763306752e+01
2.168513911098029467e+01,2.126549885255063188e+01
1.847558720161256218e+01,2.929567435417378007e+01
1.757958553096905518e+01,3.235807943156251554e+01
1.331361231296592784e+01,5.641676600760651183e+01
1.097182826768784025e+01,8.306957667290905079e+01
1.294217042102416038e+01,5.970157265973499960e+01
2.455696757438955657e+01,1.658251987319520637e+01
1.471194618117944941e+01,4.620189034003131212e+01
1.329015607190016368e+01,5.661608542070806749e+01
1.629279904335399820e+01,3.767112570315587305e+01
1.511788682853729249e+01,4.375400581259354738e+01
2.288440286775630383e+01,1.909505135108043206e+01
6.934953081435665467e+01,2.079279853425093361e+00
1.720760052675636587e+01,3.377220130061104442e+01
3.933253437342633418e+01,6.463922462554319459e+00
1.590159867148933159e+01,3.954744430879624417e+01
1.788003106228718053e+01,3.127976359549265695e+01
1.417517588135460649e+01,4.976718629877594680e+01
1.858869650407399376e+01,2.894023986934515591e+01
3.537471470609223445e+01,7.991238785938848288e+00
1.410490558162828378e+01,5.026429937034881590e+01
4.031396334925945979e+01,6.153029633843402735e+00
1.488196026452052223e+01,4.515228348479922715e+01
1.520327595517815134e+01,4.326389770502787968e+01
1.613992950696965423e+01,3.838811020258986417e+01
4.524388576649707261e+01,4.885175896451716682e+00
4.567570311461506805e+01,4.793243777148238571e+00
1.546597684879905366e+01,4.180664229241687480e+01
6.413956397824186695e+01,2.430793092046037440e+00
1.296935257019648624e+01,5.945158077559449339e+01
1.374963059504928076e+01,5.289540410153198735e+01
1.325014847548990993e+01,5.695849563443182717e+01
2.187813608690054679e+01,2.089196844309334011e+01
3.344619032294319538e+01,8.939365336134601492e+00
1.879816213058726859e+01,2.829887807539728328e+01
9.740350070221985845e+01,1.054024894561186088e+00
1.249138015719008621e+01,6.408835857631022748e+01
2.211410129220929122e+01,2.044849788723900730e+01
3.778226171624079655e+01,7.005257373671792465e+00
1.625699575760688376e+01,3.783723699396909268e+01
1.616281438863788722e+01,3.827947993556548312e+01
1.937286825296939341e+01,2.664478069021160422e+01
3.713879813229657856e+01,7.250105221749902462e+00
1.804135084509210074e+01,3.072287795177153669e+01
1.280840982089827307e+01,6.095503292029683706e+01
1.468565253144813454e+01,4.636748105401731834e+01
1.671452995335583580e+01,3.579411790282853190e+01
3.928841101658755264e+01,6.478449398328537612e+00
1.425445810806453295e+01,4.921512313326547883e+01
1.842011639949741664e+01,2.947238348941758801e+01
1.265770762702606689e+01,6.241513010182299581e+01
1.776218099558850838e+01,3.169621598869558099e+01
8.225272232864217870e+01,1.478085098024126465e+00
3.401932087141712202e+01,8.640695901210001750e+00
1.434936613836697106e+01,4.856624938695203753e+01
1.332715791395559890e+01,5.630214132258778648e+01
1.421772593116844519e+01,4.946975089287066396e+01
5.151923543623326651e+01,3.767568709865845911e+00
1.606706715528893525e+01,3.873707123059339352e+01
1.646244227704766061e+01,3.689873433187492680e+01
1.398757864514064586e+01,5.111106345127251416e+01
1.580604536820246508e+01,4.002704704714309969e+01
7.116459875071052466e+01,1.974567524728372048e+00
2.339829936324396797e+01,1.826549363386975244e+01
1.713892852885525286e+01,3.404337937450685558e+01
1.516514881438633111e+01,4.348171321125623479e+01
2.151089776765595829e+01,2.161140128526595561e+01
1.334724187245453209e+01,5.613283007006001668e+01
1.354318226955612481e+01,5.452033970544393782e+01
4.624433362704134254e+01,4.676090938820873788e+00
2.920127213471221594e+01,1.172725737918922739e+01
1.746971567788400392e+01,3.276636964538201369e+01
1.568347049431398865e+01,4.065515840689176486e+01
1.185089683772732450e+01,7.120288074664121325e+01
2.029435765316664586e+01,2.428003902281377435e+01
2.382151308833245196e+01,1.762224817574645286e+01
2.976325040701845026e+01,1.128857918060394283e+01
2.426802547201329929e+01,1.697974312353754556e+01
1.527380474552942324e+01,4.286526679189304900e+01
1.574244795821262066e+01,4.035110827392713162e+01
1.577461648097457569e+01,4.018670338567496714e+01
1.553260674031149158e+01,4.144873746903982692e+01
9.310485200251906690e+01,1.153600330523602002e+00
2.897844378517497788e+01,1.190830314760215458e+01
1.098169842857209133e+01,8.292032077571495563e+01
1.332315472631243480e+01,5.633598043983199233e+01
3.039993147055750100e+01,1.082068590429361876e+01
1.462138214967150240e+01,4.677600677475674473e+01
2.545938929760104230e+01,1.542780127979864702e+01
1.202736830779192623e+01,6.912876199462753846e+01
1.322349836022719316e+01,5.718831077731022106e+01
1.326905269900874451e+01,5.679631538872884988e+01
1.549842795976489107e+01,4.163175337210048355e+01
3.392859145812563071e+01,8.686970352800479134e+00
2.800818749059531854e+01,1.274764586294269719e+01
2.241811851292947466e+01,1.989764501536026131e+01
1.561858815066571360e+01,4.099363726021764620e+01
1.312282674494287882e+01,5.806911535282050352e+01
4.141029706397237931e+01,5.831540659183565012e+00
1.144737047202953129e+01,7.631124230779833795e+01
6.059221365403188031e+01,2.723744471266713596e+00
1.342388150734005059e+01,5.549371252279087230e+01
1.623490428450931944e+01,3.794028028835383992e+01
1.277022196443122937e+01,6.132013580964139976e+01
2.354416476909298694e+01,1.803987081301683659e+01
1.298701491689029730e+01,5.928998237895036993e+01
6.382228573942229133e+01,2.455021455550525644e+00
1.702575890357841715e+01,3.449745379338493478e+01
1.131728615695620022e+01,7.807561353999635401e+01
2.616264171314287879e+01,1.460954910431102505e+01
2.197165602585756261e+01,2.071449820502948569e+01
1.330196781579826748e+01,5.651558332918378369e+01
1.371520220959010317e+01,5.316129723713171273e+01
2.141755578477545896e+01,2.180018537066366946e+01
6.108234876681239456e+01,2.680208271819812804e+00
1.839369451683013068e+01,2.955711634789521725e+01
1.550051694538191782e+01,4.162053280777762154e+01
1.320155813819750712e+01,5.737855602899546881e+01
2.729640602533130078e+01,1.342112931677312382e+01
2.926624566506504266e+01,1.167524418194852309e+01
1.334583716070811121e+01,5.614464717744694866e+01
1.394579271388244557e+01,5.141781159724887118e+01
1.372259627252376113e+01,5.310402351578972002e+01
4.082962161876803009e+01,5.998591525196807162e+00
2.127307057351464792e+01,2.209732169649097600e+01
5.844720548029338403e+01,2.927335487315827489e+00
1.211647176983934315e+01,6.811576687257094420e+01
1.953076546497197441e+01,2.621570071221423959e+01
1.332462456116138760e+01,5.632355231927261485e+01
4.861532219298732116e+01,4.231103639103520386e+00
2.571253452733905220e+01,1.512551686723918820e+01
1.919068219813062015e+01,2.715308461842124998e+01
2.318368139696539032e+01,1.860523673047735471e+01
1.459903307863685917e+01,4.691933140085643572e+01
1.536956730924828918e+01,4.233277297761180336e+01
1.927214217013817432e+01,2.692402706389277611e+01
3.722184415559690507e+01,7.217789749281120493e+00
1.333091362831044613e+01,5.627042182012528571e+01
1.248718385160716515e+01,6.413143947071321804e+01
2.098881030242501211e+01,2.269992149326619568e+01
3.640493383715519826e+01,7.545352049524365334e+00
2.915394350571891025e+01,1.176536443915077079e+01
1.630986556716558766e+01,3.759232937092149029e+01
2.967460496389875502e+01,1.135612351670158837e+01
2.701390944353299517e+01,1.370329858006160606e+01
1.825259795412188879e+01,3.001584848132466377e+01
1.287232492268220518e+01,6.035121428437614099e+01
1.274817708022181506e+01,6.153239581926779778e+01
1.388478042789989075e+01,5.187068311079239180e+01
2.172958902842891504e+01,2.117858668235469466e+01
1.664253110059921426e+01,3.610449256944728091e+01
1.372208824564023466e+01,5.310795568274403422e+01
1.532500438258620434e+01,4.257932625832243900e+01
1.601804286572743763e+01,3.897454886861556389e+01
6.220195288829004454e+01,2.584591787516368644e+00
3.153048573073989758e+01,1.005862639801369696e+01
1.356482329482962257e+01,5.434651733422473541e+01
1.700265350936158626e+01,3.459127666103693599e+01
1.499838413772010171e+01,4.445402147210961630e+01
1.202835864699157931e+01,6.911737921057269318e+01
1.284773580271663462e+01,6.058244620871716535e+01
1.585653735608900838e+01,3.977253657979063917e+01
1.273748500452951582e+01,6.163574199220155236e+01
2.608129204358241182e+01,1.470082797776835193e+01
1.777686454195728061e+01,3.164387597761452042e+01
1.243030075031367332e+01,6.471973450137834050e+01
1.814936640120711431e+01,3.035827309017729547e+01
2.134500780278877841e+01,2.194862731019824764e+01
1.847207952681445775e+01,2.930680135858368729e+01
1.908836536497422287e+01,2.744495492067713727e+01
1.621526009876705743e+01,3.803226245376845327e+01
1.737541582811709517e+01,3.312299401848741809e+01
1.282212042357174298e+01,6.082474504442145502e+01
1.046613763124267571e+01,9.129082189061170993e+01
1.773053978524001195e+01,3.180944452239997844e+01
1.617023716238361786e+01,3.824434443320718913e+01
5.651261358087993614e+01,3.131188506658059367e+00
1.642798638938047517e+01,3.705367869367353251e+01
1.853989438421856661e+01,2.909279779297383683e+01
1.198686774825100265e+01,6.959668796587094164e+01
3.327464710137962101e+01,9.031774453142487502e+00
1.150303713529775074e+01,7.557444323082492588e+01
2.570356534755438105e+01,1.513607471382271896e+01
1.714411588780501106e+01,3.402278122721292419e+01
1.367012260925492839e+01,5.351249254417259493e+01
1.781311016318063167e+01,3.151523083487780141e+01
1.636728938226014662e+01,3.732901049339150035e+01
2.862036933430527696e+01,1.220814087892109434e+01
1.681166976424782078e+01,3.538166767784737488e+01
3.917192985013963380e+01,6.517035156343731650e+00
2.786171118452266171e+01,1.288203361235408906e+01
1.397973981425115220e+01,5.116839832536950894e+01
1.406073890470775822e+01,5.058056919895159353e+01
1.354251328737960591e+01,5.452572630327980363e+01
1.398940326513987920e+01,5.109773161931235563e+01
1.334963625959660050e+01,5.611269593746698803e+01
1.032091611743186377e+01,9.387792965230379139e+01
3.645646604745482477e+01,7.524036003250189175e+00
1.385667044242610579e+01,5.208134888474803148e+01
3.021411100496257873e+01,1.095419226048278993e+01
1.831496837597661553e+01,2.981176257355564729e+01
1.498819751287352453e+01,4.451446774296334752e+01
1.367794022378750363e+01,5.345133999026360527e+01
1.468594462388891131e+01,4.636563664340913249e+01
1.357276051145336915e+01,5.428297330382628871e+01
3.704546405332070691e+01,7.286683752628545285e+00
3.120768060724842741e+01,1.026779087694927561e+01
1.493365508804487263e+01,4.484022332984961423e+01
4.477203067991933239e+01,4.988688818574585682e+00
1.351420257460851104e+01,5.475441594524123445e+01
1.479860069874038686e+01,4.566239598182141890e+01
1.472095418836697434e+01,4.614536416395240792e+01
1.577322679575749653e+01,4.019378492054529772e+01
1.389538748924154987e+01,5.179152223502710939e+01
3.046001855822430215e+01,1.077803706561007857e+01
2.507756863506676126e+01,1.590117234020094905e+01
1.302677377639515655e+01,5.892861819573895588e+01
2.449593917610754801e+01,1.666524911725590741e+01
1.644062590705341975e+01,3.699672701802417407e+01
1.484934006273669382e+01,4.535087740999911432e+01
1.405137374812429485e+01,5.064801496141566162e+01
2.419117778137300334e+01,1.708779297642320927e+01
1.704053294998047008e+01,3.443766152686544046e+01
1.856057180692583941e+01,2.902801218211661194e+01
1.485122427371686626e+01,4.533937058753958382e+01
3.942993739930605557e+01,6.432026497356762462e+00
1.405363659466648407e+01,5.063170609247735854e+01
1.923295731924315177e+01,2.703384779513943315e+01
1.958686707321778897e+01,2.606573934464859832e+01
1.799026092890775175e+01,3.089762339137078229e+01
1.306783541752679767e+01,5.855887001539943526e+01
1.671070784086989391e+01,3.581049360539213211e+01
1.393931201409479392e+01,5.146563330636779909e+01
1.802754184399802639e+01,3.076996310030775561e+01
1.712043052486993133e+01,3.411698438918256926e+01
4.989225462305292780e+01,4.017295144367303728e+00
1.478871381718565026e+01,4.572347088201783549e+01
3.028928120636244259e+01,1.089988875532192836e+01
1.530154251294514189e+01,4.271000020545552900e+01
2.055580807560426138e+01,2.366632867953056518e+01
1.413080567849500646e+01,5.008021118975697306e+01
2.523733849428227671e+01,1.570047871997251754e+01
7.272885082158870773e+01,1.890542954094887040e+00
2.107131304749243483e+01,2.252251067560962738e+01
1.181471285542847838e+01,7.163968341492513048e+01
4.023020132779924296e+01,6.178678361514228001e+00
1.277133097887639757e+01,6.130948665116932972e+01
1.600691848008463580e+01,3.902874025736198860e+01
1.390087174503331369e+01,5.175066408874585733e+01
1.771186214780282242e+01,3.187656773366792606e+01
1.775896121141106576e+01,3.170771038017900878e+01
1.421930161157978034e+01,4.945878773860071220e+01
2.689309753224998900e+01,1.382669382985862505e+01
1.453139379076209714e+01,4.735713884939003293e+01
1.173893851392460341e+01,7.256753051703988433e+01
2.923099898270307051e+01,1.170341713112422255e+01
1.757826129331838771e+01,3.236295493095243359e+01
1.423893379313556729e+01,4.932249740480105515e+01
1.461710628630731179e+01,4.680337704399845933e+01
1.433851108001027441e+01,4.863981197993546601e+01
1.598644344605835066e+01,3.912877833406277972e+01
1.311322870790377593e+01,5.815415215105554125e+01
1.775472085469533923e+01,3.172285768205156131e+01
1.273074399989635275e+01,6.170103225704585981e+01
1.127173879936220402e+01,7.870787141165331491e+01
1.712776915457008542e+01,3.408775486430943147e+01
1.880713157638583866e+01,2.827189206477637029e+01
1.417963463315042993e+01,4.973589287702885287e+01
6.808712468700080933e+01,2.157098671227286157e+00
1.302261411315191175e+01,5.896626998414203058e+01
1.864103462578198034e+01,2.877795795108004384e+01
1.292100316682764749e+01,5.989733973185313687e+01
1.564442205194645474e+01,4.085836205719706982e+01
1.517401439742765845e+01,4.343091872594993674e+01
1.726002493410601701e+01,3.356735815972259473e+01
2.095416683253274570e+01,2.277504298418383044e+01
1.301871485216832269e+01,5.900159748169229346e+01
1.472670239987681384e+01,4.610934774444320539e+01
5.997381642961455839e+01,2.780203770356256321e+00
1.365927179272403436e+01,5.359754610794519891e+01
1.408931190962400315e+01,5.037562329448316945e+01
2.345520138521828457e+01,1.817697742068885702e+01
1.838249386104130423e+01,2.959314627373645123e+01
1.782806418032206253e+01,3.146238363341245048e+01
6.965054040423333959e+01,2.061346590342951313e+00
1.764254999201694218e+01,3.212752620877068921e+01
1.681027455503226165e+01,3.538754109499124922e+01
1.299920100566049364e+01,5.917887180706557615e+01
2.575511481921126133e+01,1.507554492711036431e+01
1.263143271878006857e+01,6.267506220964150288e+01
3.224721030463872040e+01,9.616470421863706264e+00
1.792698416858791077e+01,3.111612662046503175e+01
1.266121677041703286e+01,6.238053733032101178e+01
2.534039770680057657e+01,1.557303094791796205e+01
1.620691455849290108e+01,3.807144097813557693e+01
1.134375337032898656e+01,7.771170696607407535e+01
2.981730853050719077e+01,1.124768439417929144e+01
1.371460815201136896e+01,5.316590277235991380e+01
1.732136138277889970e+01,3.333004919550715073e+01
5.930137069174222830e+01,2.843613297745696933e+00
5.764874917182247316e+01,3.008986385011586773e+00
1.360497636944414168e+01,5.402619930998843500e+01
1.592875010653035872e+01,3.941273760450757635e+01
6.358623834660335206e+01,2.473282546416351924e+00
1.230734306082875129e+01,6.601937171884758015e+01
2.700105149294995144e+01,1.371635275971260448e+01
1.529157685375853504e+01,4.276568733367263064e+01
1.212644821807948325e+01,6.800373507637063142e+01
1.636555241640180469e+01,3.733693477922966508e+01
2.018489953191787123e+01,2.454408327629597508e+01
1.473964490223419510e+01,4.602840843532051451e+01
7.138066106806742539e+01,1.962631968357940959e+00
1.636232039660378490e+01,3.735168643152709222e+01
3.144317196204826814e+01,1.011456706355780888e+01
1.403332580260715901e+01,5.077837328480156742e+01
1.501859636229263550e+01,4.433444837392418947e+01
1.307116175817793824e+01,5.852906976216743828e+01
1.429410971988199641e+01,4.894245805098903190e+01
1.682467844012612446e+01,3.532697531497136367e+01
1.367762625585169189e+01,5.345379395401191402e+01
1.572915452604826392e+01,4.041934225177529072e+01
3.884331958157541465e+01,6.627768399460214788e+00
1.436584323286373532e+01,4.845490586886678130e+01
1.742302984518718745e+01,3.294220298212604803e+01
1.735898401296449123e+01,3.318573139008802286e+01
1.561469337620954789e+01,4.101408990434518387e+01
1.930859412211337300e+01,2.682246535202625282e+01
2.992195987864056761e+01,1.116914495853319522e+01
2.156980583378177840e+01,2.149351914578763001e+01
1.826537183795311137e+01,2.997388000753583270e+01
1.719371529885178518e+01,3.382677054918823956e+01
1.410922086028133116e+01,5.023355758944956051e+01
1.552576207727177326e+01,4.148529157521962674e+01
1.855211699976288742e+01,2.905447624222518854e+01
6.628330656333471893e+01,2.276101733750763412e+00
1.686038002384952605e+01,3.517752510695870427e+01
1.579528696033824886e+01,4.008159166569728882e+01
1.207811687125784950e+01,6.854906646092183564e+01
1.376829530098054022e+01,5.275208817895369151e+01
1.174109243637250266e+01,7.254090769695244489e+01
1.318600642904871378e+01,5.751398153993741857e+01
2.025571173014298054e+01,2.437277529863042957e+01
1.646051947329614507e+01,3.690735534396403494e+01
2.523829655593642940e+01,1.569928674244917666e+01
2.108471817596749531e+01,2.249388129853760532e+01
4.158676029895540438e+01,5.782156227405398141e+00
1.274796074866975104e+01,6.153448423354813457e+01
1.552022713245333740e+01,4.151488646992212495e+01
1.344259795682581249e+01,5.533928966416413431e+01
1.201849240097387650e+01,6.923090575782183009e+01
1.540612875066728726e+01,4.213208522707143544e+01
5.461331797637021879e+01,3.352763154171857884e+00
5.899310505519828496e+01,2.873409272967621053e+00
1.394310639269913032e+01,5.143762612901391407e+01
1.363988580080117430e+01,5.375000779151652353e+01
1.520129927806010350e+01,4.327514994277616722e+01
8.428910061611060200e+01,1.407528380084529296e+00
1.125364311416090857e+01,7.896119701544387226e+01
1.757302047476909479e+01,3.238226107880434057e+01
1.290413495085563689e+01,6.005403704414985810e+01
1.382245492703367518e+01,5.233950790716558288e+01
1.492440180875285805e+01,4.489584334629216755e+01
1.688233575062960057e+01,3.508608682301765924e+01
1.560505339971165562e+01,4.106477822606605343e+01
1.518644196113414679e+01,4.335986591884800845e+01
2.513649246718966523e+01,1.582671009584480082e+01
1.288629137046958384e+01,6.022046521368683614e+01
1.581076918047316227e+01,4.000313271281602567e+01
1.371731020250222066e+01,5.314495948206295850e+01
1.740345664366394018e+01,3.301634307701149851e+01
1.409557827486132098e+01,5.033084302644579822e+01
1.642906371621381467e+01,3.704881930373026222e+01
1.379157417060050150e+01,5.257415742408071679e+01
1.328560122665424004e+01,5.665491267565541023e+01
1.628038804785470006e+01,3.772858310259076831e+01
1.845386062355213141e+01,2.936469724926786640e+01
1.604011058675892798e+01,3.886738154885208729e+01
2.440982832324178275e+01,1.678303692248116974e+01
1.173201318701178941e+01,7.265322803393229378e+01
2.194321758566641023e+01,2.076822503387155550e+01
1.113656857102585818e+01,8.063010196900935966e+01
1.973389589897125873e+01,2.567877690962320614e+01
3.331795532229330092e+01,9.008309876040806685e+00
1.633831393266889265e+01,3.746153138617629708e+01
1.384299057138481537e+01,5.218433503764657644e+01
3.196445707594771335e+01,9.787354876119321645e+00
1.947302141903001882e+01,2.637140793989471632e+01
1.463953048169166671e+01,4.666010410746649484e+01
1.754444134345687445e+01,3.248784559277356720e+01
1.759554891702849488e+01,3.229939297607125326e+01
1.534354712629332163e+01,4.247647384124363157e+01
1.252183271693360211e+01,6.377701734657168231e+01
1.470502282020077445e+01,4.624540576590412400e+01
1.611277535088654034e+01,3.851760683694217846e+01
1.734546691962155052e+01,3.323747394796504295e+01
2.518054392107436712e+01,1.577138327272825791e+01
7.835074506932110694e+01,1.628972447070848206e+00
2.709279714625867186e+01,1.362361334849360972e+01
1.441578419314275195e+01,4.811976032786424184e+01
1.395782946803308633e+01,5.132916791551309643e+01
1.840985445296894696e+01,2.950524940020133258e+01
3.141893343970815877e+01,1.013017909742151623e+01
2.427671505334122060e+01,1.696758987693124254e+01
1.181444335378045274e+01,7.164295182671132523e+01
1.991246081355943431e+01,2.522029323046842464e+01
1.267872529534925974e+01,6.220836906514938391e+01
9.440367921215296576e+01,1.122075704658801465e+00
1.466570719265266121e+01,4.649368621822988246e+01
3.257949992361724867e+01,9.421307357257861170e+00
1.308832244284570834e+01,5.837569021970684702e+01
1.662418431046865308e+01,3.618422785817107723e+01
1.992749662534456689e+01,2.518224886108877314e+01
1.676707074904620143e+01,3.557014260183910181e+01
1.113807732507518722e+01,8.060825928468860013e+01
1.354228951601668562e+01,5.452752827286273174e+01
1.465810766549675037e+01,4.654190821678696466e+01
3.581354023639374162e+01,7.796604281583913831e+00
1.169385643320961066e+01,7.312813281460032044e+01
2.130677093171947689e+01,2.202747547413276408e+01
1.677006906624988858e+01,3.555742458188790067e+01
1.644280316645721030e+01,3.698692988818960004e+01
1.735004876905701821e+01,3.321992137565754177e+01
1.503613396667279822e+01,4.423108848340122989e+01
1.528837864721973894e+01,4.278358168466748879e+01
4.164551176669802857e+01,5.765853364150008709e+00
1.124514762615051744e+01,7.908054934734735752e+01
1.795480551543770886e+01,3.101977115215043668e+01
3.265578034663731444e+01,9.377344423598069412e+00
1.878914509569988667e+01,2.832604623008842282e+01
1.339177446694215412e+01,5.576012602177002009e+01
1.687830144598424909e+01,3.510286160099277453e+01
1.714058367388347648e+01,3.403680503483617770e+01
2.976962361412996572e+01,1.128374628429604698e+01
1.190651828943972212e+01,7.053918428224301351e+01
1.426568612191584862e+01,4.913768267673135881e+01
1.830932547958747847e+01,2.983014125285966500e+01
1.745460803837841013e+01,3.282311531735551569e+01
1.561515169084862542e+01,4.101168236039983839e+01
1.688220057337338886e+01,3.508664869999754643e+01
1.662975760245431189e+01,3.615997837974443740e+01
1.290928475843264245e+01,6.000613275603240027e+01
2.698653432270039687e+01,1.373111391310656337e+01
1.406165240652570070e+01,5.057399757568374099e+01
1.767706772550446459e+01,3.200217887504904013e+01
1.942832525511380481e+01,2.649288589504896407e+01
1.119839792690793701e+01,7.974219912912009534e+01
1.169656570172054444e+01,7.309425948683772845e+01
2.023931498856654443e+01,2.441228216718832300e+01
1.693204285347579230e+01,3.488038597695134513e+01
1.319535790036999146e+01,5.743249079586189509e+01
1.552121918789120691e+01,4.150957970217630333e+01
1.802879058735554807e+01,3.076570075601383536e+01
7.997853062100577404e+01,1.563338985336119258e+00
8.155424055031565445e+01,1.503512019505206965e+00
2.068558959210724879e+01,2.337029487706244169e+01
1.416829907348849638e+01,4.981550860367413947e+01
1.462997421325601799e+01,4.672108057986577734e+01
1.446401786180454785e+01,4.779936213005718315e+01
1.142690417062944519e+01,7.658484354059663701e+01
1.166397572999381360e+01,7.350329116501491455e+01
1.087183488460316383e+01,8.460466381573803574e+01
1.516057409304741022e+01,4.350795848821453404e+01
1.481985439474383526e+01,4.553151766869240191e+01
1.565868523895483477e+01,4.078396180801390614e+01
3.336752586154063493e+01,8.981564405795994688e+00
2.634850139953233850e+01,1.440416745057746084e+01
2.269530078325911759e+01,1.941458511724488645e+01
1.562694285130279681e+01,4.094981576330088302e+01
1.521873419061569521e+01,4.317605283512899206e+01
1.253869070187377943e+01,6.360563912777995910e+01
1.323097446945060085e+01,5.712370098351687631e+01
1.581497006120037518e+01,3.998188372283895831e+01
2.050163386014165923e+01,2.379156735431413239e+01
1.315952420394882161e+01,5.774569671796902526e+01
1.354145493580848658e+01,5.453424970692798723e+01
2.050936458395433348e+01,2.377363492434195180e+01
1.181177865185362386e+01,7.167528034410746329e+01
1.539949874051637124e+01,4.216837163993714910e+01
2.528614554835067452e+01,1.563992741405096609e+01
1.815307466019267579e+01,3.034587135188325036e+01
1.443795268247885133e+01,4.797210456778309862e+01
1.307928255330859102e+01,5.845641210262230203e+01
1.619522763600651416e+01,3.812640760526957706e+01
1.689883493715416307e+01,3.501760762994212683e+01
1.175845472461672969e+01,7.232684108355098829e+01
1.635432110194948407e+01,3.738823459708571306e+01
2.648578719989282604e+01,1.425523001399576550e+01
1.982549627835821582e+01,2.544203612548837867e+01
2.089516963794608273e+01,2.290383452528458008e+01
1.405125587717880542e+01,5.064886470104075045e+01
2.274363986960805306e+01,1.933214571962443529e+01
2.197462562571853439e+01,2.070889996498450358e+01
1.439132588942181634e+01,4.828346002120533598e+01
2.557566595506584051e+01,1.528783891797040440e+01
1.592673908942067307e+01,3.942269126710576899e+01
1.747308838957710719e+01,3.275372152617886456e+01
1.602155328319738459e+01,3.895747162946005204e+01
1.564493234035085933e+01,4.085569675856823579e+01
2.201126044392075798e+01,2.064002290659982819e+01
2.114839629443459046e+01,2.235862644724254977e+01
6.465485055958815508e+01,2.392201594533565512e+00
1.780204669530218453e+01,3.155441465385744593e+01
2.044312175780218510e+01,2.392795423887601913e+01
3.151343812394413391e+01,1.006951203277206908e+01
2.033758404830771127e+01,2.417693698368722366e+01
1.620056184744096583e+01,3.810130466875261135e+01
1.651014367946777384e+01,3.668582538060227449e+01
1.564627230182536621e+01,4.084869921763255718e+01
1.980383311477905650e+01,2.549772801482392381e+01
1.185007472681100715e+01,7.121276063303936610e+01
1.471988320173858433e+01,4.615207928053167308e+01
3.660084664792686482e+01,7.464792444468676180e+00
1.106797627913107540e+01,8.163258714513733594e+01
2.299393377182529363e+01,1.891356723754721614e+01
3.622773755820955444e+01,7.619343867342809773e+00
1.302157304214587263e+01,5.897569903358107268e+01
2.284685238937812102e+01,1.915787116931903711e+01
1.283442906881814416e+01,6.070813507211954629e+01
2.818597204871974782e+01,1.258734008612778688e+01
1.542707558626423570e+01,4.201774927184781916e+01
1.557618975701458730e+01,4.121711038205221200e+01
1.574247504166474343e+01,4.035096943345051557e+01
2.505309132469405498e+01,1.593225896835332733e+01
1.581710555903928572e+01,3.997108838961882782e+01
1.469139236067080745e+01,4.633125719907398832e+01
2.413997250710457010e+01,1.716036249795649127e+01
2.550576881100629478e+01,1.537174467859539284e+01
1.155648563681770824e+01,7.487699939922924841e+01
1.142300942217945092e+01,7.663707663253704538e+01
1.480418779707482990e+01,4.562793652226152119e+01
1.957981577075269897e+01,2.608451689698499720e+01
1.286207913735575303e+01,6.044740275634211457e+01
1.550355789443880283e+01,4.160420707039536836e+01
2.134065687063325356e+01,2.195757799281999922e+01
1.669290724887224542e+01,3.588690783927388850e+01
2.521359098171742374e+01,1.573006775389861467e+01
1.480571281024319674e+01,4.561853749887907128e+01
1.306226733726906097e+01,5.860880468215727745e+01
7.987078490977182810e+01,1.567559719762107839e+00
1.198372295788901631e+01,6.963322013739185934e+01
1.174732613969075068e+01,7.246394064719633832e+01
1.626793668950990579e+01,3.778635956153188857e+01
1.480604419524745019e+01,4.561649547740891109e+01
1.086028744720924877e+01,8.478467497182556656e+01
2.000423735702053207e+01,2.498940997309686196e+01
1.494294770901248093e+01,4.478447079085529481e+01
1.747645441429775914e+01,3.274110578427951879e+01
2.163106527076357466e+01,2.137195172068629745e+01
1.898153604585696996e+01,2.775474822454185286e+01
1.614711716360602267e+01,3.835394198033325353e+01
1.152455833249858230e+01,7.529244823998627112e+01
1.543410880644697691e+01,4.197946358232022135e+01
2.108676339860883076e+01,2.248951810979948718e+01
1.673209242099330041e+01,3.571901634276685655e+01
1.432950142962245188e+01,4.870099561154939494e+01
1.400068949284180952e+01,5.101538307646210058e+01
1.210900051029460656e+01,6.819984772994703803e+01
3.700641112005529010e+01,7.302071168884680219e+00
1.966987344172096641e+01,2.584621000645401168e+01
1.765877506900028493e+01,3.206851508156066188e+01
1.660973076358658673e+01,3.624722923857066093e+01
1.654639248294374454e+01,3.652526341694529322e+01
1.228089973295205972e+01,6.630398464384798274e+01
1.070310088249596170e+01,8.729326994965516917e+01
2.942987574977055942e+01,1.154577640977567476e+01
3.169098887338049408e+01,9.956997958447969310e+00
2.172804871711370822e+01,2.118158950818708064e+01
1.473731526811930514e+01,4.604296167298339526e+01
2.027745066021878984e+01,2.432054446803845593e+01
1.217660846637680017e+01,6.744462069802057158e+01
2.129358159125221661e+01,2.205477176053293675e+01
1.287684677549976442e+01,6.030883568078681378e+01
2.816664639902063527e+01,1.260461881883566448e+01
1.034698441468187013e+01,9.340549152354540752e+01
1.684499729757401809e+01,3.524180215093036850e+01
2.097821697227192672e+01,2.272285275357479506e+01
1.073968788646624439e+01,8.669951730548211799e+01
8.642351534960756965e+01,1.338863015139830193e+00
1.232201170708404270e+01,6.586228074836635926e+01
6.772866495829890710e+01,2.179992351642229931e+00
6.187397300313573112e+01,2.612065078576585542e+00
2.128119463951047408e+01,2.208045367408326598e+01
1.098700694214940654e+01,8.284021209629071336e+01
1.215027790323353685e+01,6.773725253136859692e+01
1.648787402652194700e+01,3.678499308808765278e+01
1.439310339262314109e+01,4.827153504534435058e+01
1.640206360217597137e+01,3.717089487987799856e+01
9.304901743650474089e+01,1.154985194127761350e+00
3.132100816995139070e+01,1.019362221920119893e+01
1.202659063221062219e+01,6.913770243168849561e+01
3.545278856256040712e+01,7.956081052296460676e+00
1.974493142579176208e+01,2.565008097400582443e+01
1.816512228916630534e+01,3.030563219947759990e+01
1.652189755366692836e+01,3.663364648354649944e+01
1.789466714173523343e+01,3.122861697416610127e+01
7.156988115531557071e+01,1.952267874868608866e+00
1.398367100312635181e+01,5.113963272247674752e+01
1.658026875342959627e+01,3.637616141200557962e+01
1.155371530798033675e+01,7.491291144556662118e+01
2.137864256228195714e+01,2.187961861901265337e+01
7.960381768463699359e+01,1.578091596764829463e+00
1.357461712032846535e+01,5.426812568682413485e+01
1.655164692412622074e+01,3.650207667474376905e+01
1.300998666404252546e+01,5.908079045870294976e+01
2.781489155254280377e+01,1.292543767777081065e+01
1.949451751289925738e+01,2.631328188296055970e+01
1.452813141789045126e+01,4.737840985626046120e+01
1.216007862371638737e+01,6.762810745657657208e+01
1.118731253003196890e+01,7.990030893131361722e+01
1.322324417565011245e+01,5.719050940967442642e+01
1.362739388465628920e+01,5.384859573031364732e+01
1.656430914918842134e+01,3.644629157105773487e+01
1.339441677846867229e+01,5.573812863379522042e+01
2.063651326498494498e+01,2.348158228247342194e+01
1.607538084431988779e+01,3.869701436467111932e+01
2.188301373346033429e+01,2.088265598894383501e+01
1.149550266413206145e+01,7.567354286738951430e+01
1.201638269458640806e+01,6.925521751774881807e+01
1.818279521810646315e+01,3.024674917378754557e+01
1.545641530794790341e+01,4.185838256350790232e+01
5.855072464981297031e+01,2.916993430807656829e+00
1.618069517857720641e+01,3.819492372333443342e+01
1.197984328477185478e+01,6.967832888723494023e+01
1.124179810641560096e+01,7.912768083276645825e+01
1.395748518334726107e+01,5.133170018607188467e+01
1.718574414223998303e+01,3.385815714680730792e+01
1.476727205040496926e+01,4.585634630409083456e+01
1.711143308102425564e+01,3.415287224887316597e+01
1.282776574280310555e+01,6.077122059557367351e+01
2.482919094426912210e+01,1.622089687577318529e+01
1.250887579098195346e+01,6.390920861322938151e+01
1.328047249182218081e+01,5.669867981284157565e+01
2.341226641168801592e+01,1.824370685483641097e+01
2.046338570548894253e+01,2.388058820225499090e+01
9.171256899524675532e+01,1.188891665145449528e+00
2.469418859107727116e+01,1.639873994900235843e+01
1.330694622697586738e+01,5.647330387964063902e+01
1.070949571651386734e+01,8.718905228646035255e+01
1.397213412859074388e+01,5.122412018886468843e+01
1.377463951540704556e+01,5.270350709071242079e+01
1.282360321718115514e+01,6.081067952362343476e+01
1.653733217998035343e+01,3.656529654949857644e+01
4.203807309825899097e+01,5.658670394468180653e+00
1.311956992218133422e+01,5.809794926911057189e+01
1.536908484827300825e+01,4.233543081075006853e+01
1.217697322147869521e+01,6.744058021922577950e+01
1.909119309544579579e+01,2.743682539336278481e+01
1.175107600414465914e+01,7.241770035405181716e+01
2.158455684903529814e+01,2.146415158511589993e+01
1.564488896671088725e+01,4.085592329424288494e+01
1.228811451576317282e+01,6.622614871311299112e+01
1.214145090482892009e+01,6.783578012439444649e+01
1.629887115717113844e+01,3.764306231744909326e+01
1.144613737900030159e+01,7.632768522237526554e+01
3.549189541647929502e+01,7.938557846954187092e+00
1.392270292990032843e+01,5.158849837157028873e+01
4.805305419441175729e+01,4.330699080764888187e+00
1.366532856599223145e+01,5.355004542155110414e+01
1.388626071452991262e+01,5.185962478664208675e+01
2.315007781088347727e+01,1.865928894031031504e+01
2.178258227673793712e+01,2.107566436753932848e+01
2.859105881845084696e+01,1.223318439512223854e+01
1.255404805592001161e+01,6.345011688553605467e+01
1.201300250813145354e+01,6.929419669595492337e+01
4.933355515234274691e+01,4.108801619148539253e+00
3.549249540436937878e+01,7.938289452283151526e+00
1.338611962888076512e+01,5.580724663513243655e+01
1.387310446732372071e+01,5.195803124741009071e+01
2.740134384686497171e+01,1.331852943955287216e+01
1.456326128272016796e+01,4.715011076150016578e+01
1.846113173623630388e+01,2.934157060911341119e+01
1.447745127522058262e+01,4.771069863829048785e+01
1.449292878082750846e+01,4.760884920364533457e+01
2.192651202751809691e+01,2.079988323442204745e+01
1.612937362463348379e+01,3.843837290742266077e+01
2.524972669088885979e+01,1.568507634307094456e+01
1.488286894015239348e+01,4.514677009522602447e+01
3.464232963221206774e+01,8.332701420512693247e+00
1.909562558020205003e+01,2.742408957642516398e+01
1.294057012028975961e+01,5.971633961006394742e+01
1.304963915623990900e+01,5.872229145311898435e+01
1.541318035961909239e+01,4.209354275624315989e+01
1.271402488982109702e+01,6.186341429323379515e+01
1.959317129741178576e+01,2.604896841706957389e+01
9.508660805080411649e+01,1.106015693051877413e+00
1.407849371974106845e+01,5.045307226780394672e+01
1.858578369337778469e+01,2.894931175431771209e+01
2.357055773979405444e+01,1.799949338811416411e+01
1.724241503589252034e+01,3.363595871449507513e+01
4.148713153743946691e+01,5.809960548380919576e+00
1.182423310504717051e+01,7.152436885773026631e+01
1.969496162909809556e+01,2.578040418549381130e+01
1.366730978268529029e+01,5.353452129048716301e+01
5.962820493598561455e+01,2.812525891498899977e+00
1.077900799786633890e+01,8.606813882045314301e+01
1.300168261176889573e+01,5.915628324851730468e+01
1.479341867673878141e+01,4.569439196456323060e+01
1.268309520812260160e+01,6.216550913064367734e+01
1.306326200647454883e+01,5.859987978212181048e+01
1.512025229816885918e+01,4.374031679813823104e+01
1.636704300453755678e+01,3.733013435013362624e+01
1.079372382656244334e+01,8.583361353328442078e+01
1.412183454796302939e+01,5.014385997634926895e+01
1.718355424748772364e+01,3.386678755285813480e+01
1.758788319855410620e+01,3.232755463813561647e+01
1.523541870042140012e+01,4.308153927472482536e+01
1.641906440229634256e+01,3.709395897460244385e+01
1.295964464280471695e+01,5.954068318764061019e+01
1.049093269209970458e+01,9.085980462743199837e+01
1.279782120339192453e+01,6.105594018022105729e+01
1.174406628964438148e+01,7.250417447404345239e+01
3.377034005269073447e+01,8.768577249240602001e+00
1.387665681528911144e+01,5.193143271085972401e+01
1.776011927929043921e+01,3.170357544356411950e+01
2.240399793356646896e+01,1.992273471754552716e+01
1.375021516565997892e+01,5.289090665316143713e+01
3.085199121264670907e+01,1.050590820891803290e+01
1.355406765489848731e+01,5.443280338653824657e+01
1.907861090982780539e+01,2.747302604390175063e+01
1.716816578547920358e+01,3.392752687080476193e+01
1.368637918385384289e+01,5.338544459856149160e+01
1.411134194464553993e+01,5.021845745138883643e+01
1.277483257559657304e+01,6.127588125181371481e+01
9.289042187416048080e+01,1.158932466497586189e+00
3.268906275862641309e+01,9.358259033482385192e+00
2.101601344432639351e+01,2.264119393915472500e+01
1.531001160144823459e+01,4.266276121757528728e+01
5.490584439351027868e+01,3.317132735070376093e+00
6.381607183760437607e+01,2.455499579777368879e+00
1.016324835878949528e+01,9.681327750345292316e+01
5.539976243897731933e+01,3.258248433660575039e+00
1.645636693487003299e+01,3.692598382354380249e+01
2.035439571718233154e+01,2.413701569990687901e+01
1.541238810266078652e+01,4.209787041254900686e+01
1.392532871428632113e+01,5.156904497050713587e+01
1.640139810288373212e+01,3.717391141614459116e+01
1.013277490842755135e+01,9.739646837104663746e+01
4.189467433816750486e+01,5.697474135352389446e+00
1.068199505151142858e+01,8.763856446187230631e+01
1.735201494616628537e+01,3.321239342588884824e+01
2.261070560389821438e+01,1.956013145455904478e+01
1.310346218128986884e+01,5.824087361899010062e+01
1.142549517092383660e+01,7.660373369354547890e+01
1.400582164957745412e+01,5.097800276715408074e+01
1.213615478024650152e+01,6.789499906808994467e+01
1.305134883312887695e+01,5.870690766863935295e+01
1.305807203825516183e+01,5.864647041997547916e+01
1.192139609960684865e+01,7.036322943266220875e+01
1.528970240216720811e+01,4.277617375418478929e+01
1.722232415096975444e+01,3.371448125730700696e+01
1.798999208776269754e+01,3.089854686198464151e+01
2.229158847865320325e+01,2.012416947020274449e+01
4.783160617999511999e+01,4.370891949368685303e+00
1.966746158837165837e+01,2.585254952212074286e+01
1.476493530993937497e+01,4.587086216305551289e+01
1.665538088664119698e+01,3.604880413545996021e+01
1.744225708772429684e+01,3.286961620394151851e+01
1.423883602952522054e+01,4.932317470201289922e+01
1.337073525248559669e+01,5.593574422352223507e+01
1.816899485281108184e+01,3.029271481100859731e+01
1.225642947890570511e+01,6.656900391503108949e+01
1.406278698593351351e+01,5.056583732955722610e+01
1.527048165503219757e+01,4.288392509790838147e+01
1.270330324217271389e+01,6.196788438616776062e+01
2.432954223497782564e+01,1.689398579402955036e+01
1.021482339358055569e+01,9.583811764696261548e+01
3.825547137142483223e+01,6.833023036208554224e+00
1.564660914538557357e+01,4.084694043743469649e+01
1.981223761569888353e+01,2.547609994536636435e+01
2.221218728043455570e+01,2.026830107686609850e+01
1.654952788654708584e+01,3.651142488391386109e+01
1.371962896396536458e+01,5.312699688690712918e+01
1.922867843464057103e+01,2.704588061224637130e+01
1.324356060253134793e+01,5.701517656381219723e+01
1.045984465987540979e+01,9.140070179088156976e+01
1.003780739280531797e+01,9.924811882570440957e+01
1.589240041364502254e+01,3.959323636684784731e+01
1.185732978270658045e+01,7.112564245244340100e+01
2.777027466908318587e+01,1.296700413850920164e+01
1.644982191730859000e+01,3.695537372133092902e+01
1.149557429561523492e+01,7.567259979293586980e+01
1.675220099335982837e+01,3.563331687640200585e+01
1.978587915128045793e+01,2.554402294816749475e+01
1.036990629182850121e+01,9.299301664644002585e+01
1.544805309427571416e+01,4.190371170293766312e+01
1.465214527457863269e+01,4.657979447949477247e+01
1.832028241496434617e+01,2.979447049377300161e+01
1.626740215704398551e+01,3.778884285512781105e+01
1.142526589269744619e+01,7.660680823808401385e+01
5.636041083496880333e+01,3.148123052869493232e+00
2.087750386548383119e+01,2.294261168145460417e+01
1.800931266933197250e+01,3.083228584649041082e+01
1.244921373375724194e+01,6.452323799915617997e+01
1.179541335303234995e+01,7.187430704443009688e+01
1.921731141140675803e+01,2.707788530523872694e+01
1.513836476524234520e+01,4.363571222362678270e+01
1.272607846020494193e+01,6.174628129177651914e+01
3.758713321142950292e+01,7.078179854529692783e+00
1.965149484274812153e+01,2.589457673445974706e+01
1.068197899429811493e+01,8.763882793967590601e+01
1.348831764564457103e+01,5.496477192319782290e+01
1.504814063069456687e+01,4.416053412500912856e+01
1.641149069788977499e+01,3.712820370113178114e+01
1.835289285735311537e+01,2.968868361157052504e+01
1.371328481696524726e+01,5.317616431042842606e+01
1.249832385485961872e+01,6.401716717912238153e+01
2.169065592137640408e+01,2.125468287665261968e+01
1.035081157854666323e+01,9.333643181140720912e+01
1.711202557219021259e+01,3.415050725418583966e+01
1.190248247076922716e+01,7.058702835543454057e+01
3.988813315289176131e+01,6.285105589165850937e+00
1.776846453205021703e+01,3.167380222155813740e+01
1.320362245046423233e+01,5.736061580111936564e+01
2.091262280462785128e+01,2.286562051101605419e+01
6.292039587475638740e+01,2.525905550270425959e+00
1.007207515562279987e+01,9.857393294224091562e+01
1.621918006872369489e+01,3.801388084513538246e+01
1.804328792602079545e+01,3.071628164774603320e+01
1.327258131308327371e+01,5.676611996063678589e+01
1.267888008720562532e+01,6.220685011551310595e+01
2.163976114804109585e+01,2.135477865423230526e+01
1.701876833850790405e+01,3.452579970173965052e+01
5.251631718016290051e+01,3.625863701815599249e+00
1.042879950637716213e+01,9.194568730307271665e+01
1.910290842170677905e+01,2.740318310276183666e+01
4.344501136232013749e+01,5.298100225742009783e+00
2.647753160303278719e+01,1.426412085630309257e+01
2.297690397603298962e+01,1.894161397103204081e+01
1.674390674245585942e+01,3.566862821412069451e+01
1.902476484206189511e+01,2.762876072939418037e+01
1.524215368067731546e+01,4.304347520344825995e+01
2.299546762242719211e+01,1.891104416478946959e+01
1.716744763924357287e+01,3.393036543316227238e+01
1.249170672279217165e+01,6.408500774838900327e+01
1.301953357948942092e+01,5.899417713891354254e+01
1.811927484558328771e+01,3.045919172416274989e+01
1.632270249466252210e+01,3.753322393184888739e+01
1.213715225151299393e+01,6.788383985603707060e+01
1.709695588634313168e+01,3.421073601378802209e+01
1.240603899210396222e+01,6.497311915361542844e+01
1.350711309980475150e+01,5.481190890044919684e+01
2.233242133752331071e+01,2.005064621614032916e+01
1.002130370087343358e+01,9.957528366836265832e+01
1.839971221986807492e+01,2.953778595176593669e+01
3.213254432420949769e+01,9.685226227536029242e+00
1.285333314320483744e+01,6.052969308392315639e+01
9.239409888396066606e+01,1.171417025099811493e+00
1.522815612775895922e+01,4.312264174522686488e+01
1.589375462642954595e+01,3.958648964350817323e+01
1.429308647136075017e+01,4.894946592721826306e+01
1.469363863817314630e+01,4.631709257882723563e+01
1.282656856570182669e+01,6.078256537708882234e+01
1.480204374810307755e+01,4.564115572593237857e+01
1.688138596955118231e+01,3.509003496316221060e+01
5.696026407428604443e+01,3.082165904275179891e+00
1.235623199767844227e+01,6.549797787228574464e+01
1.540517157048378394e+01,4.213732103372871762e+01
3.781671440046907406e+01,6.992498995061702693e+00
1.859789375811444501e+01,2.891162319623646226e+01
2.980449140196876812e+01,1.125736038647448822e+01
3.996695176132245564e+01,6.260340387756472502e+00
1.038243952675929016e+01,9.276863780969732431e+01
1.564718414283777825e+01,4.084393843337781504e+01
4.550532769530325794e+01,4.829203510283289091e+00
3.231199683560328140e+01,9.577946453370056901e+00
1.864381354562030424e+01,2.876937969770422754e+01
1.289498018995800166e+01,6.013933775801048398e+01
1.380383976898145271e+01,5.248076790144235559e+01
1.235164927634548881e+01,6.554658913971850609e+01
1.738494832664987300e+01,3.308668003912087130e+01
5.863245990487288140e+01,2.908866361958126756e+00
2.391756831330906508e+01,1.748098716200640013e+01
1.300838218192265572e+01,5.909536566362027088e+01
1.495520813084559286e+01,4.471107141993418566e+01
2.023161507316966734e+01,2.443086775975895009e+01
1.176467365309153124e+01,7.225039585752993787e+01
1.676052285717978307e+01,3.559794065386738993e+01
1.300194303654968664e+01,5.915391350919944813e+01
4.730394720760681793e+01,4.468947342247681753e+00
1.439254674662638855e+01,4.827526901638201906e+01
1.744049864952151907e+01,3.287624469591376197e+01
1.661955825614140281e+01,3.620437442257603067e+01
1.269399132666418950e+01,6.205883314104583803e+01
2.193757476291390418e+01,2.077891048895132897e+01
8.033773653648152901e+01,1.549390243156388181e+00
1.135331211657898010e+01,7.758090570310184830e+01
1.346070525349981040e+01,5.519050534075252301e+01
1.248281097783996252e+01,6.417637931804061679e+01
1.832898800797794792e+01,2.976617466680809088e+01
2.950327785348514453e+01,1.148839769811360334e+01
1.038571690562724292e+01,9.271009779673353535e+01
8.270020559431884521e+01,1.462132806135284513e+00
1.794451481078078459e+01,3.105535939040442983e+01
2.269132158112689623e+01,1.942139488652048129e+01
2.185836516941179397e+01,2.092977915626459406e+01
2.078425902448385898e+01,2.314892925320628692e+01
1.498149337123352254e+01,4.455431665022790355e+01
1.252269086084074168e+01,6.376827673575249378e+01
1.106073366783483003e+01,8.173952881581176655e+01
1.205603306304793243e+01,6.880042790184933210e+01
1.027864346639940152e+01,9.465169507593459741e+01
1.238841453407524362e+01,6.515811951208978314e+01
2.314037749575360081e+01,1.867493595558885744e+01
2.127731351740969501e+01,2.208850964905608549e+01
1.381315352352384451e+01,5.241001965397090601e+01
2.537551791695452152e+01,1.552995402299860572e+01
1.734546739601102772e+01,3.323747212224512992e+01
1.869855058033283157e+01,2.860119065947134231e+01
1.938461478225685042e+01,2.661249850450835197e+01
1.742574534305460432e+01,3.293193684885871164e+01
1.228587436796472865e+01,6.625030163574454889e+01
2.973220308657457522e+01,1.131216728307024866e+01
1.727945625538847807e+01,3.349190539449293880e+01
2.205410474665721310e+01,2.055990644463466310e+01
5.248849917424541189e+01,3.629708011623494102e+00
2.763446318023428461e+01,1.309477181557913639e+01
1.023108214762910073e+01,9.553375682859916651e+01
1.828020688022284190e+01,2.992524999480943038e+01
1.541961951996523617e+01,4.205839396713005129e+01
1.663572676234499426e+01,3.613403349961464528e+01
2.642004753777058568e+01,1.432625940292639655e+01
1.628963084348327328e+01,3.768578057937686054e+01
2.179531025902742059e+01,2.105105610517740189e+01
1.763418629215927069e+01,3.215800889777384697e+01
4.618251694869410073e+01,4.688617491576968277e+00
7.095700794069061601e+01,1.986137958308858309e+00
2.608789069909121849e+01,1.469339208098724470e+01
1.567322787216327562e+01,4.070831293197177558e+01
1.134518781106703500e+01,7.769205708577965197e+01
1.751724579550516125e+01,3.258879874599033144e+01
1.993299071833368430e+01,2.516836890179935082e+01
6.342721098821844805e+01,2.485700329176470103e+00
1.728833763232239917e+01,3.345750326304816724e+01
6.384422588058461656e+01,2.453334403623153914e+00
1.224276937955438527e+01,6.671763801653551695e+01
6.275340962521372745e+01,2.539366259057958430e+00
1.859240066341219944e+01,2.892870950454056711e+01
1.501953569773593777e+01,4.432890311376443293e+01
1.454657056703817197e+01,4.725837278423745147e+01
2.356924407515827724e+01,1.800149989768251046e+01
4.740775168051873578e+01,4.449398267232548498e+00
5.362744245301745849e+01,3.477169239130331491e+00
2.369285431689108279e+01,1.781415521122693946e+01
2.100427052571787456e+01,2.266651717222699958e+01
1.272182828643983399e+01,6.178754521333181060e+01
1.210510379067983067e+01,6.824376283605423055e+01
1.549262641394261308e+01,4.166293901372901587e+01
2.378630668976886753e+01,1.767445258422997512e+01
6.617761184497872762e+01,2.283378032733559326e+00
1.062386995001968693e+01,8.860016048552047607e+01
1.661324145984234235e+01,3.623191138903755615e+01
1.545078603017890728e+01,4.188888915218841902e+01
2.059122558998521413e+01,2.358498513189481827e+01
4.022659940309316795e+01,6.179784899523580677e+00
1.242288839928423272e+01,6.479699004676217555e+01
3.531352236768203312e+01,8.018957701216624656e+00
1.822769553957500577e+01,3.009791894268575163e+01
1.836801637326990999e+01,2.963981470525962436e+01
1.753032882617959487e+01,3.254017431232963986e+01
1.833710716780266026e+01,2.973982123782841569e+01
5.043336445852398953e+01,3.931552843506900707e+00
1.138394366541558433e+01,7.716396300381302353e+01
1.021860474053554491e+01,9.576720187483019231e+01
3.101312032311988176e+01,1.039702460587175814e+01
1.331406411219043839e+01,5.641293718142025426e+01
1.670005693314242379e+01,3.585618637077187998e+01
1.430958350036318016e+01,4.883666665846059374e+01
1.275614744152770896e+01,6.145552586918952898e+01
1.058945290922033244e+01,8.917701950869304994e+01
3.450054598119051263e+01,8.401330389983780123e+00
1.777225220604745459e+01,3.166030283481793717e+01
1.615649262965897037e+01,3.830944200660707111e+01
1.045222025961946066e+01,9.153409540212997797e+01
3.364469247983050337e+01,8.834192812054309840e+00
1.437595807309244478e+01,4.838674467806141877e+01
2.606800426382359959e+01,1.471581885690505054e+01
1.068534948103224202e+01,8.758354871447728840e+01
1.718053157577364232e+01,3.387870536639594121e+01
1.866117539031239403e+01,2.871587211995473510e+01
4.115495945620305918e+01,5.904126359511601585e+00
1.651139168971176119e+01,3.668027980861823067e+01
1.677070107859407955e+01,3.555474463336219060e+01
2.224605895071663753e+01,2.020662736046191910e+01
2.038844379154098618e+01,2.405646686473455986e+01
4.012908136991221397e+01,6.209856492953287344e+00
1.633592742578839818e+01,3.747247765576192080e+01
1.321662633973145695e+01,5.724779667093871893e+01
4.334621496539865149e+01,5.322279025576181155e+00
1.656874264063734259e+01,3.642678946313925081e+01
1.542994358927400889e+01,4.200213083083361454e+01
5.793493123367283459e+01,2.979332734932717663e+00
1.569132552682954262e+01,4.061446488378289388e+01
2.034587555948911941e+01,2.415723544805682366e+01
2.384532382494582947e+01,1.758707237206415996e+01
1.887406291968115823e+01,2.807173160962900837e+01
3.848432529809284119e+01,6.751997084000880278e+00
1.801366910722576975e+01,3.081737464814172966e+01
1.226854404940899101e+01,6.643760173378061040e+01
5.156539728369962461e+01,3.760826200557466414e+00
1.779661030666296995e+01,3.157369565840174985e+01
1.518415716743409227e+01,4.337291581037781185e+01
1.609069280923711176e+01,3.862340095252811523e+01
1.545466435330359012e+01,4.186786789163112132e+01
2.729383163086849606e+01,1.342366123760629293e+01
3.369530723664939131e+01,8.807672520313127862e+00
2.119604692652400502e+01,2.225821101358010878e+01
2.908218323802974226e+01,1.182349813096457503e+01
1.096204356706538086e+01,8.321793837032507213e+01
1.836684899535872972e+01,2.964358257688362741e+01
5.322531716943856139e+01,3.529908791078821384e+00
2.446137333155460070e+01,1.671238100993148734e+01
1.921178429954373001e+01,2.709346782763766015e+01
1.688539210338227292e+01,3.507338640691013154e+01
4.912601879268346750e+01,4.143590798155649679e+00
1.708422062741012581e+01,3.426175911615946745e+01
1.956809546677328626e+01,2.611577287922331436e+01
1.768747740290315917e+01,3.196452123504300502e+01
1.951547031219255857e+01,2.625680966542425310e+01
1.001741189729478165e+01,9.965266946965773798e+01
2.031738609628265380e+01,2.422503050693995519e+01
2.242051607706514460e+01,1.989338968696665688e+01
1.781113974387262289e+01,3.152220418471865671e+01
1.108349771265214123e+01,8.140410916648959017e+01
1.466720342656324583e+01,4.648420085422927173e+01
1.869389936868276791e+01,2.861542490114943504e+01
1.946558803451524966e+01,2.639155284834870585e+01
1.640065546083834036e+01,3.717727805410765285e+01
3.696684724641672659e+01,7.317709657943323620e+00
1.562724080578963637e+01,4.094825425091650573e+01
2.876482644625830432e+01,1.208583007748102389e+01
1.041402512950487491e+01,9.220675904596475903e+01
1.792423970286289148e+01,3.112565602669957343e+01
9.262236198429323508e+01,1.165650344352250123e+00
3.207822811191196166e+01,9.718052864947125613e+00
1.747464911336028237e+01,3.274787108202882990e+01
1.346962579228366153e+01,5.511742743592770211e+01
1.817614528876418944e+01,3.026888538979818577e+01
4.900582319901754857e+01,4.163941527572423418e+00
2.666334142060893697e+01,1.406600775154558214e+01
1.775935764560294317e+01,3.170629480192508964e+01
1.031049103448745896e+01,9.406786822675327642e+01
1.579287755286346595e+01,4.009382252773720268e+01
2.578990716971458141e+01,1.503489647984955901e+01
1.670321391189415650e+01,3.584263370699005691e+01
3.913612774772727931e+01,6.528964301961025285e+00
2.085820967622951372e+01,2.298507590366146047e+01
1.643828059813410292e+01,3.700728468470333610e+01
5.197504628435392959e+01,3.701776810607863233e+00
1.734715191970816406e+01,3.323101727695236463e+01
1.839622144558520134e+01,2.954899689817372277e+01
2.487366321091912269e+01,1.616294520552567349e+01
1.266922695189244585e+01,6.230168145946935709e+01
1.462751961964718639e+01,4.673676210221613303e+01
1.004092252345445502e+01,9.918654621681687900e+01
1.146931496960913677e+01,7.601950564517713360e+01
1.843966269533718005e+01,2.940993434247809901e+01
4.698116508756694998e+01,4.530565720585896905e+00
2.147393508227758474e+01,2.168586392253328654e+01
1.795975314552904223e+01,3.100268258617210648e+01
7.939530935686249791e+01,1.586391263650668959e+00
2.319164688853281930e+01,1.859245847403402152e+01
1.949365362429845661e+01,2.631561415462200060e+01
1.481698909279409548e+01,4.554912909566018442e+01
1.860612006083929515e+01,2.888606352158389967e+01
1.243658568269532516e+01,6.465433771388251216e+01
3.716340503654463134e+01,7.240507415403815372e+00
1.892506688134016812e+01,2.792062618020406006e+01
1.461604992098112987e+01,4.681014265462503943e+01
1.087821095002950855e+01,8.450551391297517512e+01
2.234882247988528192e+01,2.002122785771113200e+01
2.908374242912721996e+01,1.182223043999148793e+01
1.562243126803909021e+01,4.097347087522668829e+01
2.798038294616983279e+01,1.277299352125897691e+01
4.423282872719924796e+01,5.111055212542441772e+00
1.728802833875474931e+01,3.345870042479661777e+01
1.577746475824491235e+01,4.017219502914382190e+01
1.685088750047001582e+01,3.521716901689472223e+01
2.737710770546831540e+01,1.334212087545383874e+01
4.635723068003247960e+01,4.653342640786174655e+00
2.225856108377080389e+01,2.018393451920132975e+01
1.798946483462801638e+01,3.090035809923727683e+01
1.707057972465204543e+01,3.431653734437190906e+01
1.645862484036796758e+01,3.691585300596931063e+01
1.090164615814113880e+01,8.414258236220317144e+01
3.603056157649999136e+01,7.702965233443781479e+00
2.859485605858808910e+01,1.222993561118793515e+01
1.777281815566783152e+01,3.165828651406060246e+01
1.821562081049989246e+01,3.013783464730506978e+01
1.951673233674415897e+01,2.625341404913969612e+01
1.573927055094125826e+01,4.036740189388650180e+01
8.506987549241664226e+01,1.381810236563982830e+00
4.183264524118013128e+01,5.714382996351873523e+00
1.983976637215539185e+01,2.540545004212158631e+01
1.432967998782888941e+01,4.869978191965167724e+01
1.762850858028116718e+01,3.217872685144205747e+01
4.305264740806552481e+01,5.395109643999106197e+00
1.038780486348202814e+01,9.267283192100586575e+01
1.514142630560657565e+01,4.361806804854782627e+01
1.962019023125809625e+01,2.597727382750510472e+01
2.156813597778380753e+01,2.149684743259797060e+01
1.446254891646409035e+01,4.780907248146150579e+01
1.744490583444440546e+01,3.285963544746030607e+01
1.802925921752912686e+01,3.076410140596475884e+01
3.237217809253896661e+01,9.542367934880305214e+00
1.311802835078514562e+01,5.811160488820882364e+01
1.015829834654690167e+01,9.690765229993684216e+01
4.541905823758511218e+01,4.847566217202197159e+00
2.777428660605729860e+01,1.296325829640764660e+01
1.264922376171252871e+01,6.249888213957507332e+01
1.126377920755634499e+01,7.881914914000901717e+01
2.316413792254022752e+01,1.863664427587067607e+01
1.571323216399749434e+01,4.050129833348574948e+01
1.867720507035283717e+01,2.866660257326395111e+01
1.552608639146692049e+01,4.148355847544293340e+01
1.796591343173086841e+01,3.098142536980701678e+01
3.619037089115087724e+01,7.635085981069933858e+00
1.785854437761089741e+01,3.135507799109415217e+01
1.141446668263801634e+01,7.675183198514238825e+01
1.100186956395796223e+01,8.261654263804199161e+01
1.599176504836676393e+01,3.910274078907025341e+01
4.612019198535333686e+01,4.701298070144931174e+00
1.610978615784899759e+01,3.853190215320839229e+01
1.653639401456107549e+01,3.656944561244875302e+01
1.589980713362780840e+01,3.955635696224221931e+01
1.551672059073509047e+01,4.153365204982637238e+01
3.100452258688757112e+01,1.040279171737744335e+01
1.717613923615249050e+01,3.389603473297022873e+01
2.386055991431359757e+01,1.756461919783996350e+01
2.590373964637421267e+01,1.490304686498051723e+01
1.323875303376725832e+01,5.705659347835957362e+01
1.859572609580795088e+01,2.891836391592519462e+01
1.430487359384583534e+01,4.886883108126280462e+01
7.168435892420254163e+01,1.946037427403873199e+00
1.600858948890039457e+01,3.902059288556224459e+01
4.651882541615947275e+01,4.621069701102594074e+00
1.850965471764182979e+01,2.918793464540247484e+01
1.935014211293381692e+01,2.670740437571156889e+01
1.481481929786123075e+01,4.556247242507420481e+01
1.910764280501420131e+01,2.738960517468295208e+01
1.401314928955170380e+01,5.092470271636088341e+01
1.813756003359983637e+01,3.039780846160272532e+01
1.631811683122423773e+01,3.755432182176391365e+01
1.626771137390803901e+01,3.778740628717284977e+01
1.207628698990882299e+01,6.856984207876259063e+01
1.969341574389884642e+01,2.578445174229984715e+01
1.409870770100008386e+01,5.030850208874083052e+01
3.416129713587410066e+01,8.569022717880296014e+00
1.642737733908673903e+01,3.705642629869607418e+01
1.531440668363994462e+01,4.263827715629584247e+01
1.497867996464350426e+01,4.457105526543303853e+01
1.796554432299532778e+01,3.098269843251096489e+01
1.547680170108144715e+01,4.174818157508365601e+01
6.528927794329834455e+01,2.345936588282536928e+00
1.822269214966682327e+01,3.011444913444540461e+01
4.947167780374255130e+01,4.085890476612822120e+00
1.961456376615448249e+01,2.599217919981447267e+01
1.486904848561330184e+01,4.523073496462503584e+01
2.796879573996629276e+01,1.278357917316374959e+01
3.086572941031565165e+01,1.049655802503411550e+01
3.446856428011331985e+01,8.416927992868412645e+00
1.557325225872119034e+01,4.123266096946624515e+01
3.466818107902025048e+01,8.320278958979185902e+00
1.005260435652546924e+01,9.895615667784393565e+01
1.185846008033973931e+01,7.111208431531410668e+01
1.633306925026392875e+01,3.748559365839133051e+01
2.376158415523979528e+01,1.771125017951160885e+01
1.678823822640355345e+01,3.548050180554455579e+01
1.122300975645632981e+01,7.939283661709207252e+01
1.642324299316771175e+01,3.707508563029228554e+01
4.686502001544896956e+01,4.553049650972972984e+00
3.712900655285684337e+01,7.253929689381942048e+00
1.471005948769088079e+01,4.621374269124947887e+01
9.021142474362332564e+01,1.228787872063700215e+00
1.620855375707457569e+01,3.806374090848796499e+01
1.715969794330808540e+01,3.396101974805204549e+01
1.597878721938113245e+01,3.916628438053776051e+01
5.062531945113711629e+01,3.901794989115527468e+00
1.655928213879997202e+01,3.646842341165796597e+01
1.615081362993030822e+01,3.833638771537320622e+01
1.840492036548946686e+01,2.952107136442353053e+01
1.891927671790177001e+01,2.793771877097639234e+01
1.013132345929260758e+01,9.742437709326422635e+01
2.287767708736807037e+01,1.910628046317597395e+01
7.097922934323608501e+01,1.984894556179123359e+00
1.445577505665048790e+01,4.785388887224619481e+01
1.626206254929788741e+01,3.781366267413901028e+01
1.400701534354743671e+01,5.096931432924378669e+01
1.282318360825347803e+01,6.081465936549316353e+01
1.112181640909201619e+01,8.084414203988852421e+01
4.569090333695218931e+01,4.790055122657810749e+00
1.933484018182729969e+01,2.674969451870394721e+01
1.287125448646201242e+01,6.036125290370176089e+01
1.399232422034289414e+01,5.107640012299005150e+01
1.773615725017238631e+01,3.178929809054859135e+01
1.010258177811603808e+01,9.797950718254246283e+01
1.106249315909637687e+01,8.171352951397075515e+01
4.657624868965003628e+01,4.609682207300623169e+00
1.000600997536575676e+01,9.987990876533007167e+01
1.536157822504617521e+01,4.237681637297148995e+01
7.124256134944124597e+01,1.970248247569426514e+00
3.200180078220119384e+01,9.764525982540542159e+00
3.423231323684299099e+01,8.533506136730030889e+00
1.379827047554449493e+01,5.252314129632856776e+01
1.839654956488729809e+01,2.954794284075487809e+01
1.020611063544731500e+01,9.600181776478248707e+01
3.347032408709036844e+01,8.926478532034808566e+00
2.150767458438333080e+01,2.161787922655656047e+01
3.018380570073588842e+01,1.097619987512932660e+01
2.074894433918098358e+01,2.322779522614668224e+01
3.693796016803521809e+01,7.329159662679672671e+00
1.349989316459122435e+01,5.487055295779699549e+01
1.501951557159567585e+01,4.432902191524178193e+01
1.926136863490942375e+01,2.695415452593386973e+01
1.294634441243696088e+01,5.966308246161261053e+01
1.201789107218908725e+01,6.923783402463580217e+01
1.138487475451395348e+01,7.715134212068922182e+01
3.345776191952897705e+01,8.933182923726834090e+00
1.543946075705525089e+01,4.195036501742610113e+01
3.911038485949271148e+01,6.537562003729066262e+00
2.117651425326813452e+01,2.229929075546860773e+01
1.686109347243261425e+01,3.517454821527500997e+01
1.931188832375713105e+01,2.681331543650151161e+01
1.523811431520076809e+01,4.306629841751554011e+01
1.191798878468802059e+01,7.040346842894734891e+01
1.667288655668965802e+01,3.597314510913764707e+01
1.820879860846812903e+01,3.016042206978801943e+01
1.578394447297991832e+01,4.013921836305143387e+01
1.664465266119119136e+01,3.609528925490184292e+01
1.914287640211292896e+01,2.728887358223280657e+01
1.695695080430000701e+01,3.477799010847141403e+01
1.642999058405052892e+01,3.704463933902130890e+01
1.477095537258984237e+01,4.583347945028538817e+01
3.880133542331305563e+01,6.642119030319435069e+00
1.577645776052126436e+01,4.017732350609502845e+01
1.488428894207678610e+01,4.513815625514249064e+01
1.573769042495728954e+01,4.037550839249932011e+01
1.555900990085262237e+01,4.130818236765583151e+01
3.933847190841487418e+01,6.461971351211844627e+00
1.197112301273704915e+01,6.977987914079686504e+01
1.785486201338738965e+01,3.136801258824531757e+01
1.495301250791714232e+01,4.472420266834336644e+01
1.349959367131843102e+01,5.487298763015461134e+01
1.015934913560739261e+01,9.688760687509616787e+01
1.881795735898978350e+01,2.823937234828543552e+01
1.361564059633363755e+01,5.394160218593061273e+01
1.887085634553521629e+01,2.808127243118486760e+01
1.953298243028603309e+01,2.620975016153496640e+01
1.118027036666736862e+01,8.000099491043341970e+01
1.760136747568580873e+01,3.227804181122557736e+01
1.907189111246293578e+01,2.749238916738676863e+01
2.184520088952220007e+01,2.095501202002634145e+01
3.331114542263919276e+01,9.011993445373168043e+00
4.642960165813372697e+01,4.638847384190909473e+00
2.942909195502841158e+01,1.154639142293117615e+01
1.901908937041605796e+01,2.764525254362251161e+01
5.749210916578088870e+01,3.025404976354019393e+00
1.678925556973364053e+01,3.547620206061569803e+01
1.452745606476311124e+01,4.738281501857724720e+01
1.017102290286497279e+01,9.666532946850026065e+01
1.722310535492041339e+01,3.371142289029430117e+01
8.630431577289508027e+01,1.342563921954815109e+00
1.428662858699831695e+01,4.899372849527266993e+01
1.791182559106588101e+01,3.116881536537431074e+01
6.535454661249289643e+01,2.341253220113556299e+00
6.706067749696639169e+01,2.223638202242045114e+00
1.085466102470394745e+01,8.487259260198854349e+01
1.339909610462574818e+01,5.569920491251174610e+01
1.080285765516220664e+01,8.568853005498496600e+01
3.335760840677221495e+01,8.986905765935718549e+00
1.235170753923324938e+01,6.554597077589356502e+01
1.511762486038330167e+01,4.375552222215524978e+01
1.334753309212537964e+01,5.613038065774499330e+01
1.524534529413915784e+01,4.302545478446850780e+01
2.464790820865011511e+01,1.646038026875644533e+01
1.623371076177989991e+01,3.794585932720273291e+01
4.222320311907071044e+01,5.609157658228358656e+00
8.612917519916747722e+01,1.348029584124295299e+00
1.796989033548892323e+01,3.096771393240726411e+01
1.764907160244639428e+01,3.210378733982071253e+01
1.071525789970118048e+01,8.709530480748291836e+01
8.387006590427866115e+01,1.421628205597375239e+00
4.909682301735347920e+01,4.148520294933270236e+00
1.025686603435085686e+01,9.505405172200217123e+01
1.932922655408809831e+01,2.676523416091573893e+01
1.637770036234360305e+01,3.728156695083280425e+01
1.316400914558956892e+01,5.770635582128645780e+01
1.135233339051396406e+01,7.759428334540108096e+01
1.788295069320919239e+01,3.126955074957595571e+01
1.555160113806872602e+01,4.134755007270570815e+01
1.485950092232007513e+01,4.528887716491109217e+01
1.457972914360105321e+01,4.704365844695159637e+01
1.546862769226206247e+01,4.179231479409791916e+01
4.534880899118874709e+01,4.862596452508371137e+00
1.044504901507371564e+01,9.165982745334807191e+01
1.695812779735289411e+01,3.477316268498103824e+01
2.877208774389893975e+01,1.207973057325098765e+01
1.483770748177240506e+01,4.542201434936940529e+01
1.530588304025024193e+01,4.268577976217837033e+01
1.358247196509328880e+01,5.420537651316143268e+01
1.449768461394369545e+01,4.757761902996868741e+01
1.803716342643557269e+01,3.073714455041539750e+01
1.675327611287158192e+01,3.562874358044069112e+01
1.007467093759333743e+01,9.852314349697704188e+01
1.565431923478917042e+01,4.080671435003578296e+01
1.138069320730080314e+01,7.720804714586736850e+01
1.033556601705503120e+01,9.361198823227644539e+01
1.484413156502257181e+01,4.538270835691194804e+01
1.223422821607721289e+01,6.681082659505929655e+01
1.395530386963473113e+01,5.134774846326416764e+01
1.004812576304026805e+01,9.904438868765089410e+01
1.712292781814234033e+01,3.410703353223920686e+01
1.870896791264702941e+01,2.856934869374732244e+01
2.277228266650730149e+01,1.928354466411912327e+01
1.217046060354398307e+01,6.751277670581171719e+01
2.180478630355921865e+01,2.103276311238258600e+01
2.785095936352554347e+01,1.289198171163180895e+01
1.538722661956945714e+01,4.223566144264887612e+01
1.366721604278686364e+01,5.353525565186433965e+01
1.960754933768692254e+01,2.601077947364898435e+01
4.077288559262157719e+01,6.015297384099265621e+00
1.926163076628224857e+01,2.695342089319658641e+01
5.916955052064935927e+01,2.856297630675346699e+00
1.115866425983874244e+01,8.031110074873357974e+01
1.998396808236694255e+01,2.504012803733813541e+01
2.286998359026840077e+01,1.911913738869756685e+01
7.347493965711626629e+01,1.852343492074248754e+00
1.731876718301981910e+01,3.334003504271149865e+01
1.912659080762272623e+01,2.733536432755525425e+01
2.115600163966012914e+01,2.234255398599510301e+01
1.035460448085608753e+01,9.326806587232800894e+01
1.124300400571260283e+01,7.911070762927506905e+01
1.895610945358598443e+01,2.782925528160776096e+01
1.569631366687355367e+01,4.058865519976952640e+01
1.128090290171713228e+01,7.858004582440253216e+01
1.382620464820921136e+01,5.231112239529707608e+01
5.294199754323315688e+01,3.567790566911873462e+00
3.945653549450582886e+01,6.423357617152265497e+00
1.412598938315000474e+01,5.011436698593905703e+01
1.649127491940460999e+01,3.676982277259550358e+01
1.210170967709221834e+01,6.828204826358646073e+01
1.447173615043055861e+01,4.774838954629645826e+01
1.442093199749369603e+01,4.808541207641773951e+01
3.240844921986307270e+01,9.521020491955512810e+00
2.677448072893830044e+01,1.394947575729581679e+01
1.484866131401919631e+01,4.535502358220476538e+01
1.437462722546204574e+01,4.839570468299925210e+01
1.813924619033424079e+01,3.039215739025697260e+01
6.180565233077544463e+01,2.617843083353183609e+00
6.337012922206121601e+01,2.490180423214727767e+00
4.463443870584737994e+01,5.019492903068154988e+00
1.252083080735763154e+01,6.378722455437794991e+01
1.505033432184257514e+01,4.414766165179255353e+01
1.861610569882683563e+01,2.885508299138719579e+01
1.872191359845473357e+01,2.852985252370954328e+01
1.067786088616431606e+01,8.770643993967941299e+01
1.385904284111704854e+01,5.206351978211908005e+01
2.969180214459867884e+01,1.134297263072318707e+01
6.814098477310497515e+01,2.153689985415661479e+00
2.001189485495785192e+01,2.497028937050403741e+01
1.973666186044070869e+01,2.567157999546707714e+01
1.012334697408080331e+01,9.757796468772781395e+01
1.104510496460449964e+01,8.197101356028406371e+01
1.451343375272143810e+01,4.747441809412831049e+01
4.869360651662146466e+01,4.217509951837119964e+00
2.401025405827290626e+01,1.734628545947972711e+01
1.988462514860520614e+01,2.529095234464286079e+01
1.380819672044543722e+01,5.244765422428299928e+01
1.225935048430204688e+01,6.653728522739922369e+01
1.040980545422875281e+01,9.228152729049998015e+01
1.260436078928481862e+01,6.294458115412300003e+01
1.318466558590866100e+01,5.752568015275459601e+01
1.576561484777736055e+01,4.023260698526634371e+01
1.289618537433744017e+01,6.012809790658614162e+01
1.127476129180433873e+01,7.866567769180448977e+01
1.052928567407216676e+01,9.019909544810228397e+01
1.552636403766827300e+01,4.148207485063293376e+01
1.837425166955657829e+01,2.961970159570041261e+01
9.775843749993168785e+01,1.046384979773464785e+00
8.807016781179972043e+01,1.289265473056355971e+00
4.487886759731392061e+01,4.964965325874964641e+00
1.049144053767346030e+01,9.085100857456197332e+01
1.987695855874393658e+01,2.531046566718696056e+01
2.443377050446612131e+01,1.675016228756973646e+01
2.129116434579528416e+01,2.205977992469856730e+01
1.566455799785861913e+01,4.075338712125733309e+01
6.065893707392528000e+01,2.717755655726456610e+00
3.879890438431655753e+01,6.642951412393661492e+00
4.322766930024494059e+01,5.351510221201308148e+00
1.997555928737654796e+01,2.506121396716436323e+01
1.070798945744092556e+01,8.721358322916044870e+01
2.042570371994006706e+01,2.396878080941008804e+01
1.528206573195346962e+01,4.281893618669263191e+01
1.754178183521188217e+01,3.249769729925412065e+01
1.325154870633559945e+01,5.694645918033842236e+01
4.073695543854039869e+01,6.025913095240545303e+00
6.613487415097088729e+01,2.286330116457769623e+00
1.274231417980607972e+01,6.158903251785734767e+01
1.460916350262324492e+01,4.685428347087088952e+01
1.254673487215443117e+01,6.352410547349682446e+01
3.716945933593765261e+01,7.238148886098737300e+00
1.878276447578427977e+01,2.834529456105650169e+01
6.921240415368792753e+01,2.087527136760781499e+00
4.302846323651523619e+01,5.401175997034859400e+00
1.015458544330722468e+01,9.697853151368180136e+01
1.494178599176771094e+01,4.479143500712478243e+01
3.807756843493216792e+01,6.897021587696086087e+00
1.573121051937727799e+01,4.040877771608087698e+01
1.923564260753929034e+01,2.702630049250542754e+01
1.959792847692434492e+01,2.603632375628645690e+01
1.896872559145664638e+01,2.779224900389290198e+01
1.393261797330528573e+01,5.151509935952931585e+01
1.441987043836017435e+01,4.809249222148923764e+01
1.215025314932741018e+01,6.773752853603744484e+01
1.761879996831730466e+01,3.221419996516291917e+01
3.098799717633148632e+01,1.041388996562080571e+01
1.231575237972684356e+01,6.592924512445117102e+01
1.056619533056222515e+01,8.957003214932504420e+01
1.276410325027764614e+01,6.137893983295853673e+01
1.219528287021276647e+01,6.723822552345289694e+01
3.033249184210001914e+01,1.086885565417922450e+01
1.846250266791582462e+01,2.933721325887377418e+01
1.451704529658872289e+01,4.745079970448320239e+01
1.558512861210760825e+01,4.116984376929912770e+01
2.184392187253884998e+01,2.095746602998603692e+01
1.804908461135327968e+01,3.069655499332163018e+01
1.335402464157296798e+01,5.607582263673175760e+01
1.522717616759575598e+01,4.312819232536994463e+01
1.327285934163375991e+01,5.676374180889978049e+01
1.070896833679473481e+01,8.719764001754350602e+01
1.958206778122368164e+01,2.607851760947052000e+01
1.617258071595407642e+01,3.823326133180372466e+01
1.934355907035513056e+01,2.672558571416872297e+01
2.664285566794990245e+01,1.408764683858244204e+01
1.090891421623088675e+01,8.403049981377930067e+01
3.090584973093705301e+01,1.046932357356943655e+01
1.070709811532276667e+01,8.722810450745498656e+01
1.799488620103934977e+01,3.088174204057415650e+01
1.075393861260953976e+01,8.646988749596656021e+01
1.839769440621864049e+01,2.954426556979172247e+01
1.512185149986686739e+01,4.373106582908081208e+01
1.359318472668500632e+01,5.411997188323550034e+01
4.803676014024004814e+01,4.333637522615265247e+00
1.765244991297086941e+01,3.209150052580691437e+01
1.084952763365951434e+01,8.495292555144452251e+01
3.131371107979084201e+01,1.019837364882890007e+01
5.504121304809046222e+01,3.300836451247680436e+00
5.975233586269229136e+01,2.800852412842137262e+00
1.760683709959057452e+01,3.225799035901345491e+01
6.396977507008062958e+01,2.443713863727812186e+00
1.178935290337905961e+01,7.194822163209421717e+01
3.370406368440929867e+01,8.803096579175361924e+00
1.455619411081419656e+01,4.719590553805409883e+01
2.402270715357704134e+01,1.732830589083359030e+01
1.810988773050608103e+01,3.049077646342999515e+01
1.872710675549971882e+01,2.851403166428264768e+01
1.861998955704211411e+01,2.884304674799396295e+01
1.643301015524201603e+01,3.703102665970903473e+01
1.381901160250185789e+01,5.236559434083559950e+01
5.903004822197455326e+01,2.869813828816154544e+00
3.831063677498426756e+01,6.813358780378606205e+00
2.929719361557821955e+01,1.165059103311755706e+01
3.415157100376462296e+01,8.573904210143931337e+00
4.202673369200176268e+01,5.661724384787313546e+00
1.926950825804756917e+01,2.693138795407375596e+01
1.452721242303547378e+01,4.738440438443538483e+01
1.762660615457001256e+01,3.218567327554244173e+01
6.769400146199092205e+01,2.182225503840723668e+00
1.151925365876577700e+01,7.536180930235508413e+01
2.314006168043657752e+01,1.867544570972412643e+01
9.801857531672129653e+01,1.040838212887602143e+00
1.511079882391304530e+01,4.379506271964015696e+01
3.096373880214989427e+01,1.043021376938090405e+01
1.266674782093655693e+01,6.232607116772513223e+01
5.669818897712867312e+01,3.110725044832018060e+00
1.639319866109464385e+01,3.721110751884406653e+01
1.538717578143099196e+01,4.223594053037519558e+01
1.762518309946069905e+01,3.219087081993858845e+01
2.390521095565360810e+01,1.749906478068134774e+01
1.697456169052130548e+01,3.470586412106575835e+01
2.519047978372222829e+01,1.575894433585028409e+01
1.778745730784899948e+01,3.160619815143384415e+01
1.596006315026940037e+01,3.925823669760924162e+01
1.068188533157898057e+01,8.764036484569187735e+01
7.879172746497745550e+01,1.610789372126549823e+00
1.086658659321266285e+01,8.468640745300692174e+01
1.569512548217692149e+01,4.059480088423735822e+01
4.195559927147860435e+01,5.680939217125817287e+00
8.623688523602190514e+01,1.344664303930106053e+00
2.653741799521881006e+01,1.419981445853322377e+01
1.238333206590704627e+01,6.521161594198217415e+01
4.693006681319275941e+01,4.540437009456045558e+00
1.816830709150725198e+01,3.029500831598608812e+01
6.287894805580656765e+01,2.529236642294783621e+00
1.059109330427179962e+01,8.914939739100780969e+01
1.333514877003615950e+01,5.623468538069710121e+01
3.669202495915958906e+01,7.427739079166390646e+00
2.218545784775707830e+01,2.031716971450955356e+01
1.026511578340539543e+01,9.490132924274136883e+01
2.244814365990417926e+01,1.984445307361979616e+01
1.123346746084207837e+01,7.924508520310709514e+01
1.566689149107060253e+01,4.074124806098033247e+01
1.066381447957802742e+01,8.793764645378283262e+01
1.394747585700559966e+01,5.140540242515687908e+01
8.355784708692445406e+01,1.432272049242585110e+00
8.399056129853276786e+01,1.417552110077952232e+00
1.760069926190153566e+01,3.228049274133639557e+01
1.074976137895017736e+01,8.653710296091946930e+01
3.359520900258272746e+01,8.860236318597122462e+00
1.274583321049756002e+01,6.155502865591729744e+01
1.673686156703796968e+01,3.569866307229967362e+01
1.894900138075215779e+01,2.785013759310971793e+01
1.261161905541970896e+01,6.287215000142460042e+01
1.213899074925476107e+01,6.786327886578568780e+01
1.496450830543033206e+01,4.465551442480924038e+01
2.051514311122826228e+01,2.376024410863642444e+01
2.817031537246215578e+01,1.260133571749467052e+01
1.593556046188478348e+01,3.937905728391574911e+01
4.422691263465913636e+01,5.112422682989677725e+00
2.535517264460568398e+01,1.555488683761282687e+01
1.684672201293542670e+01,3.523458662661103347e+01
1.155262130526522846e+01,7.492710022693667327e+01
5.669960741496984724e+01,3.110569406543615578e+00
2.572440173431445487e+01,1.511156464878832928e+01
3.613445124770471040e+01,7.658735525141088907e+00
4.735060971955191178e+01,4.460143672811842208e+00
2.373133653004196120e+01,1.775642796957596303e+01
1.370531069928433965e+01,5.323806095155187990e+01
1.290922183000196632e+01,6.000671777982680766e+01
4.855503003670024498e+01,4.241617925495575925e+00
8.935033211121032082e+01,1.252586301304699834e+00
1.481230166345681809e+01,4.557796217127097549e+01
4.720343994036153390e+01,4.487998490682295838e+00
1.146179009092084122e+01,7.611935485372849541e+01
1.078401328092791545e+01,8.598826217125980520e+01
1.533288609251572332e+01,4.253556259357713287e+01
1.445652956678043211e+01,4.784889385576975229e+01
1.306503625840545624e+01,5.858396495600253928e+01
7.178745683863698446e+01,1.940451818457844313e+00
1.267805826858498364e+01,6.221491513676727436e+01
8.261444903098667680e+01,1.465169867188498065e+00
1.048174747961593667e+01,9.101911628438560342e+01
1.834885930332243476e+01,2.970173772786640498e+01
3.287908502575164960e+01,9.250400868704257817e+00
5.530367138305594921e+01,3.269580792720804041e+00
1.581840567324782754e+01,3.996451821492012613e+01
1.277926152885295430e+01,6.123341541992667203e+01
4.107007098147497715e+01,5.928558274576760212e+00
1.330864763155471842e+01,5.645886547858283677e+01
3.739373943019980828e+01,7.151583358909503474e+00
1.245674933323720524e+01,6.444519609623361589e+01
6.966301572036141465e+01,2.060608360810959994e+00
4.310074527218521467e+01,5.383075120724599039e+00
1.145352940453543944e+01,7.622919433668559464e+01
5.682097065431793936e+01,3.097295940188373731e+00
1.147091063495088470e+01,7.599835767228184125e+01
1.551053972975876327e+01,4.156676048874673057e+01
4.629549650532925398e+01,4.665761205181921945e+00
2.201768880580727483e+01,2.062797239860368492e+01
1.055460413426777144e+01,8.976687400272406592e+01
4.453071996191467008e+01,5.042902441266886804e+00
1.689781420660048283e+01,3.502183830985742219e+01
1.143740567281861154e+01,7.644427203293291484e+01
1.607264689999983176e+01,3.871018014640537785e+01
1.299145254284411521e+01,5.924948470131536737e+01
5.390542747814014746e+01,3.441398865348846758e+00
3.700315037514933891e+01,7.303358153382553120e+00
3.308623128918041090e+01,9.134933650314412290e+00
1.226734193589040345e+01,6.645062321027251073e+01
2.071996381024534983e+01,2.329281701480096700e+01
1.319050464855448546e+01,5.747476144823625077e+01
5.643283222247499253e+01,3.140048138407179223e+00
3.835087418360583200e+01,6.799069245224514724e+00
1.470683480337024740e+01,4.623401096397451937e+01
3.477355061299297034e+01,8.269931748353881673e+00
1.598183322666230133e+01,3.915135625347895854e+01
1.191569076096953772e+01,7.043062664320615340e+01
1.830497388180415896e+01,2.984432583536229799e+01
1.142619233224619357e+01,7.659438612972249416e+01
3.655796995486678469e+01,7.482312744849818564e+00
1.646929250519750809e+01,3.686804543845448023e+01
2.610515630827326916e+01,1.467396247340410653e+01
2.425847124896515083e+01,1.699312073487312347e+01
1.237205717461328902e+01,6.533052727513971547e+01
2.981288630873873657e+01,1.125102143731359838e+01
1.544319907553862414e+01,4.193005771670749482e+01
2.294059170652226953e+01,1.900162614194632127e+01
4.066755185458769972e+01,6.046498393108406866e+00
3.439596139740301339e+01,8.452498342281256072e+00
3.820383815550847828e+01,6.851505439349276472e+00
3.827302660801707646e+01,6.826756072978589884e+00
1.864630539374248741e+01,2.876169086786975626e+01
7.152941769381907022e+01,1.954477255624436749e+00
4.608271083718331340e+01,4.708948735921677731e+00
1.376255788585938333e+01,5.279608054118200755e+01
1.098949284775844326e+01,8.280273818207669478e+01
1.876282437369926726e+01,2.840557422812605992e+01
2.283635717390242093e+01,1.917548450298360763e+01
1.339261828128886123e+01,5.575309980612330207e+01
1.323749406047099164e+01,5.706744691377883072e+01
1.125360181379458346e+01,7.896177658674916700e+01
2.881933398093202570e+01,1.204015616841294545e+01
1.101476192807738030e+01,8.242325671611159521e+01
4.506718082164429262e+01,4.923559796223941021e+00
1.832603984988070422e+01,2.977575256233888723e+01
6.058689841115945995e+01,2.724222396323480844e+00
4.062180088402978839e+01,6.060125999234379002e+00
1.822931281220261468e+01,3.009257871053253908e+01
1.734649213097187115e+01,3.323354526563227296e+01
1.123998640016040618e+01,7.915319112478594832e+01
1.342318589949257834e+01,5.549946419194093750e+01
1.409676367401392660e+01,5.032237872477293195e+01
2.044779740268607071e+01,2.391701263735360783e+01
4.726667057722506371e+01,4.475998949029776242e+00
1.343840113209209797e+01,5.537386008115910840e+01
1.709906456152174670e+01,3.420229872396264170e+01
2.805344143462521345e+01,1.270655172762793583e+01
4.719289840365869537e+01,4.490003694274530055e+00
4.834803234655937842e+01,4.278015876755730140e+00
1.351147508675387598e+01,5.477652412764879841e+01
1.335279740288113182e+01,5.608613082604170330e+01
1.552498007000161095e+01,4.148947098369959718e+01
1.094921194977602319e+01,8.341310245021271896e+01
4.441837321812916883e+01,5.068444581393694470e+00
1.067962835316511772e+01,8.767741169907975518e+01
1.534933590082208354e+01,4.244444113765769799e+01
1.284036481469991742e+01,6.065202065816529142e+01
1.899304000944408699e+01,2.772113665767928836e+01
1.515694463882376475e+01,4.352879765519674748e+01
6.603672145211011468e+01,2.293131672934800580e+00
1.866969040078573272e+01,2.868968419864670238e+01
4.649554160547756254e+01,4.625699093473580881e+00
1.642068650420679177e+01,3.708663075360799155e+01
1.467470838847913051e+01,4.643666696939038729e+01
1.048595367269817835e+01,9.094611058460913000e+01
9.969725292738803546e+01,1.006082549604890852e+00
1.590338414206123474e+01,3.953856483589353132e+01
4.013671089624516242e+01,6.207495872984788221e+00
1.325081552370610716e+01,5.695276117883873468e+01
1.377212545947010014e+01,5.272275054866200605e+01
1.694743501455297263e+01,3.481705595541816223e+01
2.208852295495614371e+01,2.049588370960857731e+01
1.826091363918086330e+01,2.998851737232152459e+01
3.361788132644677773e+01,8.848289437908936961e+00
1.566363655094959917e+01,4.075818207254639702e+01
3.683254190859368293e+01,7.371173212724458246e+00
1.874426131446073285e+01,2.846186403829609546e+01
1.168150527615483014e+01,7.328285509216723881e+01
1.269665044081853011e+01,6.203284136600367304e+01
1.130076423952355924e+01,7.830407628541483689e+01
2.107777991242469895e+01,2.250869255134167091e+01
2.172883458053742700e+01,2.118005739330303072e+01
1.038713016241902132e+01,9.268487152924208772e+01
3.191573351184678131e+01,9.817261055061639041e+00
2.542509627395381600e+01,1.546944696301539857e+01
1.362094425544441023e+01,5.389960331026600215e+01
2.436778086053173809e+01,1.684100633418774962e+01
2.054618041014794017e+01,2.368851332647113139e+01
1.423543460261934257e+01,4.934674816101198047e+01
2.872345056393837126e+01,1.212067422333468514e+01
1.384031648090179800e+01,5.220450207858094416e+01
1.459402545022766162e+01,4.695153565971422438e+01
2.322560315495248773e+01,1.853813317099244884e+01
6.454976512198332728e+01,2.399996825877546147e+00
2.080817372984709479e+01,2.309574998766169074e+01
8.147651246679149040e+01,1.506382069991731409e+00
3.928905104983024899e+01,6.478238327351160564e+00
1.315025917566966385e+01,5.782709495944852307e+01
2.212401598017923021e+01,2.043017435610569876e+01
1.110009399198633595e+01,8.116086881925754426e+01
4.539745075356002246e+01,4.852181834815014305e+00
4.379823813962788392e+01,5.212987922998603807e+00
1.890332716335939622e+01,2.798488318272351805e+01
9.592146297776585584e+01,1.086847003026117475e+00
1.303485993335671544e+01,5.885552830313339712e+01
1.453779969483675316e+01,4.731541335337561094e+01
1.498002455203510053e+01,4.456305434539087429e+01
1.359340436209354408e+01,5.411822301065161156e+01
1.677732798660102276e+01,3.552666251105006268e+01
1.441256943488489028e+01,4.814122917836260029e+01
1.039875879187053087e+01,9.247769384328083220e+01
1.755128251208096657e+01,3.246252419368508413e+01
1.632546595216972918e+01,3.752051829868219102e+01
4.735801846054537378e+01,4.458748282311324473e+00
3.998139107758571953e+01,6.255819348882458719e+00
4.288718236133876616e+01,5.436820202162358839e+00
1.063051248232141788e+01,8.848947051529196983e+01
1.161617169313393738e+01,7.410951225230944317e+01
3.013771245454618253e+01,1.100980000803768277e+01
1.742161615313413137e+01,3.294754944592633450e+01
4.042928240152810559e+01,6.117978327475132261e+00
7.125697917639595858e+01,1.969451025324651550e+00
1.305213259849273832e+01,5.869985731744101543e+01
2.833540332712849263e+01,1.245492745912587473e+01
4.459611356889390521e+01,5.028123942792096734e+00
1.062316599451436971e+01,8.861190324418664943e+01
3.979640678764393158e+01,6.314111940925024591e+00
1.289729033720301388e+01,6.011779551475571282e+01
2.044060630933559608e+01,2.393384381361665803e+01
1.104963477020642948e+01,8.190381918613907430e+01
2.552795001007195452e+01,1.534504331032092850e+01
1.788744826396496990e+01,3.125382806691823134e+01
8.174569828471916821e+01,1.496477474283845588e+00
1.617727462470640987e+01,3.821107744631032688e+01
1.103707722936464997e+01,8.209029892747507517e+01
1.459398476491075769e+01,4.695179744438796376e+01
1.326146517763911881e+01,5.686132578277273808e+01
2.623064665132821105e+01,1.453389457645321414e+01
9.862974889520788224e+01,1.027978768803798015e+00
1.938761860176193252e+01,2.660425273167306059e+01
1.198988010299912688e+01,6.956172121469847980e+01
9.404640329633642182e+01,1.130617277522502517e+00
1.475399271962506909e+01,4.593892945855467502e+01
1.011478711525640151e+01,9.774318952505778668e+01
1.508580673010765061e+01,4.394029021315008521e+01
4.215460093246170459e+01,5.627429143810404710e+00
1.135553755029103229e+01,7.755050040625037866e+01
1.351576790068339307e+01,5.474173393524133502e+01
1.217999505405790828e+01,6.740712062238650049e+01
1.221493510013416461e+01,6.702204457903056323e+01
1.627352995806744218e+01,3.776038942024744216e+01
1.236094567992650362e+01,6.544803383122861362e+01
1.150926412898174611e+01,7.549268747862048201e+01
3.914400855759386388e+01,6.526335631640783674e+00
3.069428739975558429e+01,1.061414190356145681e+01
2.305568560706556624e+01,1.881238756278433399e+01
2.602080848291804926e+01,1.476924951162398614e+01
4.380295387241466187e+01,5.211865545048599557e+00
1.357783520678514932e+01,5.424240452848590621e+01
1.385528087947669285e+01,5.209179601208503385e+01
2.162347754066837879e+01,2.138695329043221349e+01
1.914979294592541237e+01,2.726916468984448727e+01
1.042354062733735276e+01,9.203848748307132155e+01
1.140352667445627155e+01,7.689916683369884254e+01
1.229109987344889809e+01,6.619398157858873333e+01
3.485768993091009094e+01,8.230056092408801760e+00
1.245928451738420328e+01,6.441897246884261108e+01
2.437285318053586991e+01,1.683399738173983096e+01
3.053727531365419523e+01,1.072357098345493576e+01
1.013233267321744613e+01,9.740497047791677687e+01
4.137222322342288550e+01,5.842278845139951216e+00
3.828596194376223849e+01,6.822143862145801485e+00
1.615121915627089422e+01,3.833446263223235206e+01
1.850934892299135370e+01,2.918889908645762077e+01
2.217898454983359713e+01,2.032903123911841803e+01
1.156179734031388051e+01,7.480821544690570590e+01
1.420164275564028067e+01,4.958186203681923843e+01
1.038628194661459503e+01,9.270001072601372982e+01
2.908117869454471460e+01,1.182431497702699019e+01
2.711853544132268823e+01,1.359776518423160852e+01
1.721753336625821262e+01,3.373324600011461172e+01
3.125046674547615666e+01,1.023969412053762085e+01
4.536267877598599796e+01,4.859623398108177561e+00
1.922345811829145035e+01,2.706057174870678850e+01
1.231569335697896506e+01,6.592987705550443422e+01
1.204372963242467343e+01,6.894106766784287288e+01
1.037706780467008727e+01,9.286470662810637577e+01
1.463872455778773229e+01,4.666524192234308543e+01
1.128387735850145113e+01,7.853862351242412387e+01
1.357927346624878062e+01,5.423091488283653661e+01
1.385487783651419846e+01,5.209482679119594195e+01
1.007963089863129547e+01,9.842620528049478423e+01
1.144437122836258602e+01,7.635124555421208470e+01
1.078099948208630821e+01,8.603634445674275355e+01
5.370554033719940890e+01,3.467063685414272900e+00
9.443714551907653743e+01,1.121280571006856297e+00
3.637898221250457453e+01,7.556121124202464401e+00
4.530419329333300027e+01,4.872178565946859052e+00
2.552478805082402147e+01,1.534884537181605957e+01
1.357540215274747375e+01,5.426184948141793285e+01
1.362768930517939125e+01,5.384626110005660848e+01
1.117733909278826765e+01,8.004296117348700079e+01
7.755169797246708185e+01,1.662713327847321843e+00
4.140757951293254990e+01,5.832306124327829799e+00
1.630477270436494308e+01,3.761581727594346347e+01
1.323543779973135059e+01,5.708518031524122449e+01
1.245688990611716207e+01,6.444374160867417345e+01
2.219176183116606893e+01,2.030562841281888353e+01
1.135236380138847068e+01,7.759386762460603393e+01
1.315769960322887755e+01,5.776171321757083632e+01
1.512080533538147442e+01,4.373711728859169767e+01
4.204194046865000445e+01,5.657629378399600562e+00
2.429983292575595044e+01,1.693532068465861684e+01
1.234278290898359565e+01,6.564079299624683017e+01
5.582083772090162910e+01,3.209277714950685034e+00
3.490940185096346227e+01,8.205691493669124981e+00
6.799285323443845641e+01,2.163084412044677940e+00
1.355515982502353367e+01,5.442403218982165214e+01
3.759080811325951998e+01,7.076795987252033626e+00
1.829611227508938498e+01,2.987324265890516273e+01
2.042996799326627766e+01,2.395877601979921678e+01
6.421807068082559056e+01,2.424853427365206038e+00
8.213800605322842330e+01,1.482216652508918653e+00
2.350068915983949580e+01,1.810667905257944099e+01
1.567863888110403536e+01,4.068021928983716151e+01
4.547382559991805806e+01,4.835896711122171787e+00
1.409996354240229444e+01,5.029954083348480509e+01
1.941533319205618113e+01,2.652835398649090237e+01
2.527446530259266666e+01,1.565438630801774877e+01
1.230474482349800347e+01,6.604725561387269295e+01
1.538772695566211723e+01,4.223291487945324718e+01
2.585228114137814615e+01,1.496243440964780547e+01
2.528458274886043000e+01,1.564186083143780159e+01
6.936618648851123226e+01,2.078281451993318818e+00
1.282774640937538457e+01,6.077140377925205428e+01
2.121023475141961256e+01,2.222844331096044357e+01
6.714258266394755026e+01,2.218216415792896523e+00
2.511557944830836320e+01,1.585307795952727972e+01
2.429732861416384893e+01,1.693881189196252635e+01
2.962354542303249971e+01,1.139530438807733859e+01
1.135679966149350406e+01,7.753326457933567895e+01
1.081346072073154829e+01,8.552056982755122760e+01
1.705859945097082786e+01,3.436475535616235533e+01
1.247024365702128890e+01,6.430579644442856591e+01
2.668247726997502056e+01,1.404583957267860050e+01
1.790470196164518057e+01,3.119362217427428874e+01
1.382558919285245835e+01,5.231577982821242756e+01
7.545347085562214318e+01,1.756473313374459888e+00
4.336959450322204646e+01,5.316542339038067944e+00
1.799987545825941382e+01,3.086462463317267790e+01
1.778364280984157375e+01,3.161975833267393554e+01
4.881323078340844290e+01,4.196863978185726651e+00
6.513031200934734954e+01,2.357402189900250633e+00
2.009991748083882612e+01,2.475206581303364572e+01
2.443105798037099774e+01,1.675388195792724488e+01
1.186301569780259157e+01,7.105747809069697496e+01
1.753503206111332346e+01,3.252272084439762523e+01
5.489510062703154603e+01,3.318431283995972869e+00
4.337469734790796139e+01,5.315291476408582128e+00
2.849061078710916561e+01,1.231959640356917696e+01
2.347878344801506145e+01,1.814048188795861805e+01
1.016628196107460980e+01,9.675550826938476234e+01
1.364563358767081525e+01,5.370473638352538615e+01
2.349223353571328587e+01,1.811971577175306436e+01
4.466827604374128668e+01,5.011891000283892339e+00
1.199092431330519304e+01,6.954960640160129515e+01
2.246721404379814402e+01,1.981077905197673417e+01
3.817105726076667338e+01,6.863278491296880723e+00
1.397373528400217957e+01,5.121238201340341334e+01
1.453294569227536037e+01,4.734702531934730985e+01
6.773321051130552917e+01,2.179699764351306968e+00
1.288823649051962761e+01,6.020228938409423591e+01
3.063713048424509822e+01,1.065378252972327644e+01
2.866277548562408128e+01,1.217204407421659518e+01
1.232316197989973361e+01,6.584998584297456148e+01
2.388402318511780109e+01,1.753012576413390633e+01
2.942193080944606365e+01,1.155201277069817500e+01
1.361160284412514265e+01,5.397360945655348274e+01
1.197343336475518605e+01,6.975295277375740000e+01
4.638472183770900870e+01,4.647828417056399708e+00
1.907068855734677015e+01,2.749585649427740464e+01
1.687307676706263848e+01,3.512460388052345905e+01
3.285648523073780325e+01,9.263130718548648446e+00
2.710766465115012025e+01,1.360867339733791859e+01
1.275585436756136559e+01,6.145834986217479923e+01
1.460716621928762571e+01,4.686709741109772409e+01
1.138011630003766683e+01,7.721587536326107681e+01
8.323917157993335536e+01,1.443259754151426710e+00
1.113093406369397798e+01,8.071175295800723859e+01
4.822920778627999283e+01,4.299121741070925040e+00
3.547432342010332462e+01,7.946424430195304645e+00
1.524925333325944976e+01,4.300340470622678879e+01
1.710200393453161993e+01,3.419054282978232351e+01
1.403500126991548491e+01,5.076625038939305057e+01
8.362536802098854594e+01,1.429960088011699382e+00
1.380969150635475273e+01,5.243630078144848028e+01
1.501016776482560289e+01,4.438425223219349647e+01
2.258985918637364421e+01,1.959624914861745637e+01
1.692896898893733848e+01,3.489305388550350528e+01
2.792232402861865737e+01,1.282616654277602741e+01
3.245388144856950419e+01,9.494382173840692829e+00
1.086018327749207835e+01,8.478630147070579426e+01
3.557053732095317145e+01,7.903494379968198480e+00
1.138099701169747036e+01,7.720392521681532116e+01
7.773905840023951441e+01,1.654708310073928379e+00
1.080437724027273383e+01,8.566442836828262841e+01
1.464972231858301299e+01,4.659520366241653733e+01
6.088963340842112615e+01,2.697200809167348723e+00
1.423494016145527752e+01,4.935017627339874480e+01
2.570216985160990575e+01,1.513771838082962873e+01
1.129380291942833558e+01,7.840063680432399451e+01
3.848993791030066802e+01,6.750028071823084730e+00
1.554604219913611729e+01,4.137712539450492244e+01
2.515786172627209183e+01,1.579983488400886316e+01
2.581107742983215303e+01,1.501024333328707705e+01
4.537475669310619963e+01,4.857036659521722477e+00
1.157596323691517881e+01,7.462523680186500030e+01
2.489395058995264165e+01,1.613661188558568682e+01
1.186750621195587563e+01,7.100371376370596010e+01
6.992855699224639920e+01,2.044988485739057449e+00
3.506190722908463897e+01,8.134463736266798861e+00
1.459159716121255279e+01,4.696716402222740072e+01
1.227439752089382985e+01,6.637425070109134140e+01
3.139096575280731827e+01,1.014823804406215579e+01
6.023246526949760238e+01,2.756377665513618069e+00
1.051481794303308170e+01,9.044748282728265565e+01
1.173338643884370214e+01,7.263622265522026566e+01
7.049065915830369988e+01,2.012504483859699711e+00
1.416469343390527413e+01,4.984087302562217303e+01
3.708626903499550309e+01,7.270657906343661381e+00
2.544332332416605169e+01,1.544729094298128125e+01
6.781569146362008382e+01,2.174400861477360891e+00
4.727035491605337114e+01,4.475301240959702831e+00
1.435960196746312789e+01,4.849703595717387117e+01
2.901714623715741581e+01,1.187655824955619188e+01
3.772277597318169740e+01,7.027368233257552887e+00
1.422710204741387408e+01,4.940456807592340027e+01
1.181425840477446521e+01,7.164519494616703810e+01
9.245426478855901564e+01,1.169892889194941610e+00
2.211363185444373158e+01,2.044936607561344388e+01
1.536158743722051945e+01,4.237676554716912847e+01
5.754495864946587602e+01,3.019850443952534214e+00
2.873537876504557786e+01,1.211061360548959520e+01
2.691274174742108016e+01,1.380651636726753040e+01
6.807245963832747293e+01,2.158028191467121104e+00
1.268463970424337539e+01,6.215037136646174076e+01
1.158019069640970500e+01,7.457076143258942125e+01
1.341152926526464917e+01,5.559598086559433483e+01
1.524515638791019256e+01,4.302652106762922557e+01
1.102498895542998625e+01,8.227041231199974902e+01
2.566401272178815773e+01,1.518276521641263699e+01
1.264724231861174886e+01,6.251846706987817015e+01
1.282334221932212515e+01,6.081315494982806769e+01
4.243282417581734478e+01,5.553875299896463780e+00
2.271931574308867496e+01,1.937356327730266159e+01
7.243323952072682914e+01,1.906005641526617778e+00
1.540137785621410416e+01,4.215808237674755787e+01
1.306555022814090528e+01,5.857935592045387097e+01
1.409680233397224036e+01,5.032210271063156881e+01
2.060009378043480055e+01,2.356468317385218825e+01
5.653471460559752870e+01,3.128740844245400776e+00
1.225230613967766757e+01,6.661381715579753404e+01
2.308242340252308011e+01,1.876882970640514259e+01
7.225477556959802428e+01,1.915432655082973890e+00
1.576291573795763412e+01,4.024638635497237260e+01
2.419557602582211686e+01,1.708158114169663122e+01
4.537176705246638164e+01,4.857676761220752759e+00
1.579471676185302975e+01,4.008448565559621812e+01
6.041923098654682178e+01,2.739363175849772070e+00
1.098964808387212955e+01,8.280039891071980662e+01
9.984243278175563319e+01,1.003158808272200497e+00
1.673551050248092764e+01,3.570442724008717050e+01
1.546422964759567975e+01,4.181608973904712201e+01
1.298278538532221660e+01,5.932861965014213013e+01
1.617818746831504129e+01,3.820676549803643240e+01
6.935406156580721415e+01,2.079008192550955592e+00
3.314791704214222534e+01,9.100966451178180705e+00
1.300100469599946784e+01,5.916245262138720307e+01
1.682682208689126924e+01,3.531797495444462953e+01
1.091768325469262635e+01,8.389556811746754761e+01
1.152808934879934633e+01,7.524633163936594826e+01
1.437562747030039922e+01,4.838897024725682172e+01
2.792291641321531515e+01,1.282562233437131383e+01
1.665494210575835510e+01,3.605070359981870354e+01
4.023026853793382429e+01,6.178657716886567286e+00
1.383527219641390005e+01,5.224257612029367692e+01
2.915131130667318615e+01,1.176748922721787949e+01
2.339900188820859483e+01,1.826439685438328908e+01
3.085871062127801068e+01,1.050133343550088227e+01
6.534118432031011992e+01,2.342210892025149871e+00
9.197037576260923686e+01,1.182235723477381928e+00
2.226020240963249819e+01,2.018095815880997890e+01
2.583430957465251154e+01,1.498325880341048233e+01
1.646482471526139690e+01,3.688805670899385092e+01
3.294588475241804559e+01,9.212927429136806623e+00
2.922380445358992773e+01,1.170918030545441191e+01
1.430742201334563823e+01,4.885142372574549796e+01
1.279315900523344496e+01,6.110044939956319610e+01
1.421226256429022783e+01,4.950779175302056245e+01
4.138224082597859166e+01,5.839450649153993922e+00
3.625052258495028923e+01,7.609768700882518999e+00
1.429005440095912149e+01,4.897024037192964840e+01
1.124168748827268871e+01,7.912923807231439355e+01
4.618803925444630210e+01,4.687496403437219961e+00
1.210204734299354179e+01,6.827823796652491239e+01
1.022105522982903203e+01,9.572128716918791724e+01
3.466174054924410086e+01,8.323371243559080312e+00
7.283103395101002775e+01,1.885241750297094843e+00
1.137845176808790093e+01,7.723846854118548322e+01
4.478692010166843573e+01,4.985372388481056127e+00
1.049232960010559346e+01,9.083561279504947095e+01
5.807415713315980099e+01,2.965064665170783709e+00
4.592088423088113558e+01,4.742196175301754302e+00
3.287556542560263040e+01,9.252381637986253793e+00
2.656659681247174376e+01,1.416863950172658093e+01
5.766181719728443511e+01,3.007622673049512585e+00
2.822822496811532744e+01,1.254968601328873135e+01
1.111606277217381944e+01,8.092785301368917317e+01
2.680669490555141010e+01,1.391596913754961840e+01
1.626586429363831954e+01,3.779598871897260182e+01
1.042071533394803318e+01,9.208840171116806061e+01
5.047717462111603481e+01,3.924731256345652231e+00
2.471954035054721643e+01,1.636512089945113502e+01
2.890841507340088512e+01,1.196606717156297250e+01
1.088235530961266839e+01,8.444116119914478702e+01
3.397959621709868117e+01,8.660910932433532494e+00
1.265886598939816921e+01,6.240370790487294528e+01
3.919787864552819912e+01,6.508409524399527690e+00
2.034195355383720027e+01,2.416655155894957474e+01
6.298745872931696965e+01,2.520529741730296980e+00
3.142491702188734592e+01,1.012632171327734021e+01
1.724377727008166161e+01,3.363064453740174287e+01
7.841944833231728751e+01,1.626119412520042884e+00
2.376883544729233932e+01,1.770044528689448526e+01
1.724327843469522747e+01,3.363259038526221900e+01
1.533409921107704932e+01,4.252883267241781340e+01
2.890575273894667419e+01,1.196827151754966678e+01
3.426365727982278742e+01,8.517900549770695662e+00
2.177581033797340382e+01,2.108877481428167400e+01
2.853739675001062182e+01,1.227923450892890678e+01
1.199376220367978618e+01,6.951669749370705631e+01
1.608121855410486489e+01,3.866892433705950793e+01
2.836336090811584398e+01,1.243038607771035231e+01
1.371270561013366596e+01,5.318065658919491057e+01
2.326779671765774538e+01,1.847096044409688176e+01
1.142275183160204044e+01,7.664053310461977730e+01
6.355855921590408286e+01,2.475437196180774180e+00
1.236593813488426186e+01,6.539519830846333548e+01
3.367521019788694758e+01,8.818188324275530121e+00
1.136289766731316320e+01,7.745006899901174791e+01
2.479921509933257084e+01,1.626013432371988543e+01
5.698131628445015906e+01,3.079888862528758153e+00
1.426386609694569074e+01,4.915022310783886894e+01
5.536022575383765343e+01,3.262903990626618622e+00
2.987353100434964759e+01,1.120538758141069557e+01
3.868855465100950397e+01,6.680900275781549880e+00
1.118528709138090349e+01,7.992924834521413402e+01
1.536549092681338458e+01,4.235523727286108198e+01
1.322084814881220183e+01,5.721124066850363477e+01
1.094586627747713869e+01,8.346410171319352855e+01
1.083107950281122278e+01,8.524256563376168572e+01
1.841559640316600621e+01,2.948685290010055482e+01
2.686841857299834402e+01,1.385210545755417400e+01
3.622116796831589625e+01,7.622108024696563788e+00
6.604367315551570528e+01,2.292648951986033801e+00
2.492676292563514195e+01,1.609415699987199133e+01
4.726005395154584932e+01,4.477252357788288784e+00
2.731383538856699644e+01,1.340400633861173674e+01
1.296183055076312485e+01,5.952060277101917052e+01
1.257660128347017725e+01,6.322275469066505593e+01
4.517322495711646013e+01,4.900470817718265870e+00
1.266406316047080516e+01,6.235249903257550841e+01
1.156888229404263768e+01,7.471661620028815776e+01
1.652474681126756195e+01,3.662101455663167826e+01
5.608633960285584408e+01,3.178965431656817220e+00
1.279081984317352472e+01,6.112279932297080620e+01
4.699291233808480683e+01,4.528300909332372726e+00
1.123656318113451569e+01,7.920142651121786059e+01
5.010543356199745801e+01,3.983183838388495435e+00
1.288042013151858534e+01,6.027537791380514420e+01
7.291963565890608834e+01,1.880663171201592210e+00
4.823294624717772194e+01,4.298455330373992744e+00
1.133091281570386677e+01,7.788793757323978184e+01
2.300363369186688089e+01,1.889762006914393666e+01
1.362916091059873835e+01,5.383463365326340266e+01
1.320758299127422219e+01,5.732621965188126723e+01
5.079657209357281999e+01,3.875530762164479004e+00
3.406215440481241075e+01,8.618978024977892005e+00
2.011376997251816334e+01,2.471798371752937129e+01
1.451196305307733780e+01,4.748404107173481492e+01
1.719705174234490741e+01,3.381364618787927867e+01
1.438074747761033478e+01,4.835452033038509256e+01
1.427895160214706038e+01,4.904642497219628439e+01
1.587327620700472153e+01,3.968869811737024378e+01
8.925842869796971968e+01,1.255167037314738998e+00
1.675449186474858365e+01,3.562357312935458253e+01
1.480595730456396808e+01,4.561703089163700042e+01
1.495980544415792934e+01,4.468359523107602627e+01
2.018580033139028274e+01,2.454189274596426174e+01
1.444494529157646490e+01,4.792567047273579561e+01
1.034046807255470135e+01,9.352325290881188380e+01
6.663074237678871725e+01,2.252426851005768338e+00
1.281930681222947932e+01,6.085144788816321437e+01
1.282347080948387585e+01,6.081193532148572700e+01
1.207353223067257630e+01,6.860113614443133656e+01
5.898606388942120304e+01,2.874095311575997957e+00
2.849969331282419560e+01,1.231174542634008340e+01
1.372453452230268134e+01,5.308902532498058946e+01
4.470597542679982439e+01,5.003441770372887731e+00
3.413655307562845564e+01,8.581449822650576209e+00
2.809523216500859633e+01,1.266877868914278338e+01
8.358318504760647727e+01,1.431403803981910361e+00
3.628517529484162196e+01,7.595240828971683733e+00
6.384011929107432337e+01,2.453650040920729136e+00
2.864559402853574710e+01,1.218664989256557263e+01
1.251122649291774458e+01,6.388519539802889824e+01
1.170190453189616342e+01,7.302757823561520922e+01
3.109504417217346628e+01,1.034231220674818097e+01
9.278760956344399347e+01,1.161502174635156592e+00
5.144439281398591390e+01,3.778538995190925398e+00
1.071592876044019960e+01,8.708440010796250874e+01
1.310215765451642334e+01,5.825247179438877509e+01
1.921567642530438391e+01,2.708249340215285983e+01
1.112789999290255594e+01,8.075577178578951987e+01
1.403999355377925973e+01,5.073015429388231468e+01
1.512887732698338006e+01,4.369045798237764444e+01
3.413886226719110795e+01,8.580288943815475022e+00
7.194929908836043353e+01,1.931731959221037354e+00
1.358447757076845619e+01,5.418937198374071329e+01
1.643799789357280972e+01,3.700855761565444624e+01
1.876040773966916575e+01,2.841289286422485105e+01
1.220580009033048619e+01,6.712240279190315562e+01
1.249709344408143430e+01,6.402977351681059304e+01
2.971957940951173427e+01,1.132177922762532774e+01
6.529425979168318861e+01,2.345578619463012604e+00
2.721211429381184033e+01,1.350440416623554896e+01
1.470477433434400716e+01,4.624696871765082307e+01
2.233619430278873708e+01,2.004387299404395506e+01
1.485680026157687905e+01,4.530534383434469703e+01
5.059331911556946437e+01,3.906732330163956934e+00
2.831576205674824465e+01,1.247221220968206623e+01
1.821141853453111281e+01,3.015174483337580469e+01
2.693757262044069023e+01,1.378107459109984667e+01
3.074548384460640449e+01,1.057882264161721686e+01
1.281448897299035394e+01,6.089721289771852497e+01
3.044866376628047178e+01,1.078607716802969385e+01
1.441353400857654243e+01,4.813478603827651625e+01
1.290028962047734673e+01,6.008984430698486534e+01
1.057371839806403813e+01,8.944262159084314590e+01
1.242435064922181631e+01,6.478173873557639695e+01
1.129371241499137568e+01,7.840189336791647179e+01
6.881342157286111672e+01,2.111804421601044091e+00
2.808221328113081583e+01,1.268052787631970091e+01
6.963147255916211975e+01,2.062475701007078221e+00
3.199239603178873281e+01,9.770267748656207729e+00
3.750965046051086205e+01,7.107452496959274058e+00
1.233002392667748914e+01,6.577671212253784461e+01
1.454355358835825740e+01,4.727798178704727405e+01
7.448617233733345699e+01,1.802389650547554512e+00
1.704205316022314065e+01,3.443151788322310125e+01
2.877135759602485265e+01,1.208034369006226250e+01
1.078428792638713496e+01,8.598388246901286891e+01
1.660644306570134532e+01,3.626158291261273803e+01
4.317639753958201965e+01,5.364227551972152064e+00
4.461028243526941139e+01,5.024930441271568959e+00
5.824020192820663766e+01,2.948181766124980285e+00
1.610847536015378978e+01,3.853817333435794978e+01
4.326315632944812251e+01,5.342734564122031848e+00
2.778958190972481290e+01,1.294899234542800137e+01
1.619370738014956146e+01,3.813356651135825359e+01
7.230724719154291336e+01,1.912653697379439022e+00
1.098471635570062688e+01,8.287476418578869186e+01
3.203745177061802707e+01,9.742806320467096270e+00
2.268363445437260850e+01,1.943456032712520098e+01
2.454885513397734798e+01,1.659348143789618035e+01
1.972225219399896545e+01,2.570910654548040597e+01
1.316285665738072375e+01,5.771646134896764835e+01
2.355590138834201852e+01,1.802189872648786206e+01
1.344526204739852027e+01,5.531736160157350923e+01
1.371564229891111353e+01,5.315788575360802781e+01
2.946778149814688774e+01,1.151609179914173531e+01
2.565462666098247269e+01,1.519387685161632184e+01
1.357421784065929948e+01,5.427131828004821301e+01
1.380568500496162443e+01,5.246673992246143570e+01
1.553019068467589570e+01,4.146163495979725866e+01
1.392011347834397306e+01,5.160769337922393163e+01
1.929685117819279583e+01,2.685512047707188188e+01
3.132615242551263535e+01,1.019027458228431016e+01
1.304873708427036583e+01,5.873041079275453313e+01
1.454889314636459474e+01,4.724328537416454310e+01
1.383626892909219208e+01,5.223504952370678467e+01
1.228710198296381684e+01,6.623706404705579587e+01
1.264394823507626420e+01,6.255104674764334050e+01
1.456741621330429126e+01,4.712321820948906748e+01
5.030539340468648390e+01,3.951581109747049236e+00
2.476357268829513103e+01,1.630697469479070350e+01
1.672578363268975821e+01,3.574596709330828759e+01
2.441184116655476188e+01,1.678026939415728691e+01
1.247105038949152700e+01,6.429747703355987198e+01
4.483888640241563195e+01,4.973823429285848086e+00
2.089236350260694053e+01,2.290998754628842704e+01
5.538112543314369418e+01,3.260441751766405716e+00
1.060171097427570963e+01,8.897091961643731395e+01
1.128010892086201977e+01,7.859110835016312535e+01
6.856870508504712802e+01,2.126905058500668577e+00
3.753323679470847907e+01,7.098522487660718028e+00
1.302877094307874550e+01,5.891055336780160445e+01
1.534797226492927003e+01,4.245198367599324030e+01
1.181174176708109691e+01,7.167572798859399086e+01
2.332314139318315327e+01,1.838340307799164464e+01
2.216666402770465183e+01,2.035163580285353646e+01
2.854447916667831819e+01,1.227314185152767934e+01
2.438367366719719342e+01,1.681906020444964511e+01
1.222333433253499280e+01,6.692996817763878425e+01
1.181828688560555385e+01,7.159636010126428118e+01
1.801883990563947791e+01,3.079969009478714526e+01
1.210867236213855591e+01,6.820354424709664443e+01
3.510112920236072398e+01,8.116295006452316940e+00
8.083979349602985565e+01,1.530204973236851895e+00
5.927243198737951957e+01,2.846390662203804212e+00
1.621489871306498998e+01,3.803395774268425811e+01
5.373862904310771427e+01,3.462795421262902185e+00
2.480247947270429876e+01,1.625585445673604923e+01
2.225604677648423291e+01,2.018849521056992202e+01
1.992421399456702957e+01,2.519054739019233580e+01
1.374754147879768595e+01,5.291148160088950902e+01
1.343467373229748318e+01,5.540459088286384315e+01
1.088498704609174972e+01,8.440033432104577571e+01
2.654912838903490524e+01,1.418729060132210407e+01
4.019275733383909710e+01,6.190195967008039979e+00
4.272404856758173963e+01,5.478418431817643430e+00
1.501570163117416712e+01,4.435154363604848982e+01
1.060707931498419399e+01,8.888088439939922125e+01
2.818406650662701907e+01,1.258904221929640954e+01
1.724500654882731610e+01,3.362585011033776539e+01
1.390888053965426963e+01,5.169108472649152475e+01
3.388663601693622240e+01,8.708494548839283311e+00
2.466734336183836263e+01,1.643445254882168172e+01
1.032388333519113033e+01,9.382397394190169848e+01
1.442658238390268188e+01,4.804775271348196242e+01
7.951785336444460484e+01,1.581505494255312172e+00
2.622596069812211894e+01,1.453908876057130506e+01
5.426997298384557666e+01,3.395320606465296542e+00
2.380234099459211095e+01,1.765064802602731220e+01
4.089882681748498783e+01,5.978308180884748246e+00
3.049205261639887965e+01,1.075540278064137034e+01
2.897132012680374302e+01,1.191416005107744702e+01
2.611529923315700330e+01,1.466256624206910431e+01
1.280731440799790022e+01,6.096546036554316572e+01
1.104570077963320962e+01,8.196217061848307139e+01
1.103991278267497655e+01,8.204813527450231447e+01
4.909568326314366260e+01,4.148712912615312831e+00
7.079280122120538010e+01,1.995362496314178280e+00
1.403214856421990930e+01,5.078689382712216371e+01
1.100261236392516473e+01,8.260538792466446978e+01
3.043421365651401089e+01,1.079632201955175042e+01
1.284533708548122100e+01,6.060507445511373703e+01
1.423243310560581953e+01,4.936756396026798654e+01
1.261947139653933014e+01,6.279393119886791652e+01
1.011000451531407407e+01,9.783568743459854034e+01
2.428258411674804407e+01,1.695938878715129405e+01
1.496707747722451032e+01,4.464018506722344881e+01
1.295805881379855684e+01,5.955525745706223262e+01
1.646269433094697376e+01,3.689760445623208085e+01
2.897434196434510056e+01,1.191167504011584555e+01
1.716295207559901215e+01,3.394814280547290508e+01
1.827851212919734536e+01,2.993079948361902254e+01
7.656952699792874739e+01,1.705642745493312074e+00
4.038218802843736910e+01,6.132256422571441767e+00
1.298204622669517683e+01,5.933537582843872116e+01
1.758489171565129894e+01,3.233855448440328217e+01
2.892189294512976616e+01,1.195491717246553698e+01
4.496459077092875845e+01,4.946052360328411446e+00
9.681527975867973623e+01,1.066871688707619503e+00
1.010648058562252061e+01,9.790392606375866080e+01
1.259364945494138333e+01,6.305169977453046926e+01
2.129707185539714231e+01,2.204754347375731527e+01
1.502787768226178144e+01,4.427970276811058170e+01
3.035007420718278226e+01,1.085626623954487613e+01
5.130284696816013223e+01,3.799417926610503482e+00
1.312079510131307458e+01,5.808709976323998347e+01
3.443833899443714586e+01,8.431708943469050865e+00
2.626548698677478555e+01,1.449536264871232483e+01
1.999401937878437607e+01,2.501495826218213026e+01
1.703717211742100091e+01,3.445124953653795785e+01
1.108747541548696880e+01,8.134571115237709193e+01
1.483866630624785010e+01,4.541614450485639054e+01
3.737144161246374097e+01,7.160119945564977328e+00
3.942805819746634199e+01,6.432639632500811722e+00
1.387727510713313173e+01,5.192680527993342565e+01
4.654972632067097038e+01,4.614936567815464130e+00
2.235957248485945215e+01,2.000198092795699267e+01
1.001814580924469844e+01,9.963806924174355117e+01
2.788311138104400655e+01,1.286226736344928412e+01
1.402176051734561568e+01,5.086217282808342333e+01
3.011060870860604055e+01,1.102962963878550973e+01
1.194938992011029733e+01,7.003393590732241591e+01
1.069998590889917445e+01,8.734410287848935184e+01
2.541395236940529756e+01,1.548301650418703801e+01
3.062024186546572579e+01,1.066553797516481517e+01
2.116086873387520129e+01,2.233227739377208820e+01
1.778495013785969903e+01,3.161510992192563663e+01
6.976740101183341380e+01,2.054446850188898832e+00
1.595478186195310322e+01,3.928423120935274682e+01
2.117554421789056107e+01,2.230133382894592131e+01
1.255860884372330588e+01,6.340404013026924446e+01
3.089218808987264708e+01,1.047858544692960692e+01
1.362735243487180448e+01,5.384892330914350822e+01
7.414116641199051116e+01,1.819203033781584766e+00
1.197662208022147645e+01,6.971581497172492448e+01
1.976433850633028300e+01,2.559973283920171738e+01
2.465400501224854679e+01,1.645224014735308060e+01
2.779444982266923247e+01,1.294445697610581369e+01
3.515739290994342525e+01,8.090338164280254318e+00
1.153261631002078857e+01,7.518726952195363822e+01
4.182460149119363280e+01,5.716581199635833777e+00
6.494653734289020974e+01,2.370762216787790422e+00
2.949858165621690276e+01,1.149205591308123253e+01
2.048421800650847047e+01,2.383204013162277946e+01
3.291005419087767336e+01,9.232999353695788614e+00
2.043829008498281041e+01,2.393926885581853270e+01
2.372948657374259085e+01,1.775919666801513230e+01
8.529648831282626986e+01,1.374477696697004037e+00
6.893616015018119469e+01,2.104291118821260298e+00
3.011067136185691950e+01,1.102958373868414022e+01
3.056379751069413331e+01,1.070496797701877156e+01
1.382442566634131254e+01,5.232458646652524692e+01
2.770278349784115335e+01,1.303026307804946704e+01
2.276771529872179300e+01,1.929128227624028469e+01
1.749807342932675169e+01,3.266025194677919785e+01
1.156707488777712456e+01,7.473996762355143630e+01
2.515725960335986144e+01,1.580059121093732877e+01
1.249106886143184880e+01,6.409155296791844592e+01
3.246311295841532285e+01,9.488983121660622189e+00
5.098661429611906470e+01,3.846694103420183364e+00
1.373810075965433342e+01,5.298422732899545196e+01
1.431891296942029790e+01,4.877304845754660789e+01
1.124496467818132217e+01,7.908312254237452521e+01
7.308699738675730373e+01,1.872059981160067998e+00
1.449500634973862034e+01,4.759520263127670603e+01
1.355856800851458388e+01,5.439667476163374715e+01
5.319114359286102456e+01,3.534445950858791097e+00
1.318736503611144606e+01,5.750213157957843890e+01
1.722002437736990288e+01,3.372348715065096769e+01
3.775669818369511432e+01,7.014746537560315076e+00
2.359352982520014308e+01,1.796445966446032116e+01
2.501801673900074618e+01,1.597696347964753905e+01
1.786433376799202577e+01,3.133475846783636243e+01
1.947243149049325339e+01,2.637300583810931798e+01
1.956522032226109076e+01,2.612344896330476374e+01
1.004780055843304787e+01,9.905080008337451147e+01
1.055224543355270939e+01,8.980700893991141243e+01
3.090528160477478892e+01,1.046970848844379276e+01
1.685034584810061986e+01,3.521943315672930908e+01
1.318359837056893014e+01,5.753499396396482268e+01
3.069901460322705944e+01,1.061087330709514553e+01
4.563839495757255804e+01,4.801083675326490940e+00
1.862049112440080734e+01,2.884149291830846451e+01
1.287784867424473489e+01,6.029945197115728917e+01
3.103417429522977500e+01,1.038292244789588636e+01
3.247591923027904670e+01,9.481500990828205744e+00
5.286522988888661700e+01,3.578159944947905569e+00
5.056553535469769400e+01,3.911026699296149989e+00
2.947057812570461266e+01,1.151390625046118465e+01
2.475382340293780459e+01,1.631982221772907948e+01
2.053720301089084188e+01,2.370922770729346851e+01
2.900072831763383618e+01,1.189000919250657162e+01
5.689243602591116655e+01,3.089519497594432451e+00
2.609075728399161775e+01,1.469016353981707823e+01
1.028006973238206356e+01,9.462543277781855977e+01
1.075555223190774434e+01,8.644394386990259704e+01
5.462759946444222692e+01,3.351010333677289399e+00
1.085050073927232539e+01,8.493768856585280957e+01
1.194293705612559009e+01,7.010963613892226931e+01
8.939727184020803463e+01,1.251271258365978190e+00
1.766140090582338118e+01,3.205898011562781846e+01
1.556249056778656303e+01,4.128970666865311756e+01
1.592827497306937801e+01,3.941508896895291514e+01
1.492059551906806014e+01,4.491875240270977798e+01
1.162127416665583546e+01,7.404444902352886970e+01
1.638547375588146338e+01,3.724620202293971261e+01
3.016619649296731964e+01,1.098901810346658259e+01
2.705111411221559692e+01,1.366563091971192634e+01
1.076182182848638469e+01,8.634325259402744734e+01
1.265918625592576596e+01,6.240055042450669021e+01
4.722238000517296541e+01,4.484399098373887504e+00
1.369777771462934446e+01,5.329663275485729201e+01
2.320382520005215454e+01,1.857294743817724481e+01
1.344440184479369016e+01,5.532444048263651126e+01
1.098433445292105937e+01,8.288052705711035628e+01
1.841954108023460535e+01,2.947422460963577961e+01
8.550936035031837434e+01,1.367642803444345967e+00
1.325188037911502015e+01,5.694360866350736927e+01
6.298570908966223669e+01,2.520669776036565946e+00
4.136159661321467240e+01,5.845281224175221446e+00
1.746483462978881818e+01,3.278468720505363621e+01
4.115198240230512994e+01,5.904980633699546289e+00
1.813291539188150381e+01,3.041338290270983435e+01
3.410704348148585296e+01,8.596305677965776937e+00
3.002770405831028810e+01,1.109061797795171600e+01
3.136941683290784155e+01,1.016218530238622186e+01
1.279867678185945756e+01,6.104777739861633989e+01
1.229381292587678587e+01,6.616476884736992758e+01
7.925648757159430602e+01,1.591953421206690589e+00
2.407059487549891585e+01,1.725942619308500880e+01
2.039063370708156242e+01,2.405129990401706408e+01
9.117183029445216391e+01,1.203036082058947409e+00
1.254053302769602674e+01,6.358695193106538568e+01
1.197158216195334646e+01,6.977452667159437283e+01
1.026348243272632033e+01,9.493153721272629753e+01
1.806287536784678593e+01,3.064970009301768528e+01
3.017707969939115031e+01,1.098109326860421930e+01
2.886710753388951645e+01,1.200033748731797978e+01
2.212186486768452198e+01,2.043414777699984342e+01
1.654293143045489956e+01,3.654054838364191937e+01
1.435874183088767353e+01,4.850284639994459468e+01
1.031927608782772054e+01,9.390777182670348111e+01
1.459151748377095359e+01,4.696767695498986228e+01
3.174646428640205897e+01,9.922229616971035782e+00
3.875346176368866935e+01,6.658539702913263802e+00
2.594752407820521967e+01,1.485279383136225206e+01
1.103907774416928689e+01,8.206054862010410034e+01
2.399795459189741820e+01,1.736407070256538177e+01
4.903148192347986623e+01,4.159584593272906972e+00
1.265556667847831562e+01,6.243624948564307431e+01
3.277591233936622928e+01,9.308729730461253737e+00
1.905463762730662935e+01,2.754219901303433105e+01
1.935330660749614395e+01,2.669867113668445668e+01
4.483862717060920744e+01,4.973880941169729120e+00
1.111748970962589311e+01,8.090708005567553585e+01
1.123913600394757317e+01,7.916516964706178783e+01
1.416698842765894284e+01,4.982472630143347914e+01
2.844190603400603123e+01,1.236182540529957485e+01
2.653084586361545760e+01,1.420685039011866024e+01
3.971345251104795437e+01,6.340517584311613497e+00
7.213196899317425448e+01,1.921960356204301723e+00
2.319480449036485226e+01,1.858739668660531308e+01
2.965873967440522918e+01,1.136827618249903615e+01
1.189216399367560228e+01,7.070957402831203353e+01
2.419772170688854374e+01,1.707855193087404189e+01
4.571399305217499887e+01,4.785217519572729117e+00
1.096337147509169441e+01,8.319778050626041477e+01
1.083431722797594254e+01,8.519162550429076930e+01
1.502604688110715614e+01,4.429049366611484118e+01
3.160222097193955548e+01,1.001301320875886169e+01
2.543541827383941012e+01,1.545689413381366606e+01
1.193283324989529071e+01,7.022841330809802685e+01
2.364010940981423303e+01,1.789373641378285029e+01
7.022936986423071914e+01,2.027507440177629849e+00
1.807390397606189225e+01,3.061230690950553424e+01
2.607573936469625409e+01,1.470708955809712215e+01
1.331487122947063106e+01,5.640609814022759139e+01
1.123721936777316976e+01,7.919217699872865524e+01
1.997053676424247826e+01,2.507382117511397368e+01
2.201596083481408428e+01,2.063121058902748928e+01
2.665867532999416412e+01,1.407093215306722733e+01
1.658599964499400414e+01,3.635102794697121453e+01
4.715848750056035499e+01,4.496558673466991785e+00
8.237568089350436651e+01,1.473675845672945073e+00
1.047744988881617090e+01,9.109379917832929152e+01
1.647091338973099539e+01,3.686078950761253026e+01
1.864304024332481902e+01,2.877176642095049530e+01
2.287611382408268312e+01,1.910889184791848194e+01
2.326983498473943612e+01,1.846772474416280474e+01
2.085042537591363399e+01,2.300224160938769202e+01
1.652901612990693181e+01,3.660209914300742184e+01
1.082109300022054299e+01,8.539997448557363668e+01
2.546374161884989107e+01,1.542252781999844657e+01
9.448246139305597069e+01,1.120205247119867131e+00
1.894532075021258777e+01,2.786095989858216626e+01
5.508254119612491451e+01,3.295885108122463159e+00
4.145285832429487982e+01,5.819571867983957425e+00
2.160652779194486328e+01,2.142052144862189778e+01
1.274260604851641077e+01,6.158621116317456057e+01
1.163689628648824481e+01,7.384577838286926976e+01
1.581865984340016595e+01,3.996323394606587698e+01
2.253100831387474656e+01,1.969875343903527920e+01
3.155885379296163151e+01,1.004055124899105067e+01
1.129349003736539458e+01,7.840498098715809761e+01
2.813007050514278262e+01,1.263741823342123105e+01
2.895878623733731771e+01,1.192447561337188766e+01
1.202962279095367037e+01,6.910285344726030132e+01
2.815553248280172127e+01,1.261457169939459355e+01
3.318698203851151618e+01,9.079553237344887506e+00
1.822789047358634562e+01,3.009727519548870589e+01
2.083609678203975690e+01,2.303388890955337942e+01
2.855363062642835459e+01,1.226527601013868640e+01
1.061808736588903201e+01,8.869668961987576949e+01
7.903957262092700375e+01,1.600703274720977953e+00
1.204913928002668122e+01,6.887917724520174545e+01
1.248746469282160554e+01,6.412855489017452726e+01
2.581282632660379761e+01,1.500820942375152356e+01
1.938620033318649050e+01,2.660814553739924193e+01
1.521069422744540311e+01,4.322170829466921305e+01
5.282395480646440689e+01,3.583753867138937288e+00
3.304606204064692321e+01,9.157155144622601384e+00
7.548448997777690295e+01,1.755030021763816617e+00
2.336095371159015954e+01,1.832394004962924328e+01
1.602877091364422313e+01,3.892239503772922404e+01
3.222895273270040661e+01,9.627368891496809411e+00
2.140446863491585106e+01,2.182685171942872060e+01
1.293057754974231699e+01,5.980867118650746050e+01
2.256935974665391242e+01,1.963186332354069208e+01
1.166964950433158954e+01,7.343183405664565555e+01
1.422608924715745182e+01,4.941160286102716270e+01
2.048218780906868375e+01,2.383676483634799581e+01
1.246182262863578316e+01,6.439273459443955971e+01
1.845767236421420776e+01,2.935257014561261713e+01
3.795629215120257527e+01,6.941166122683154249e+00
4.125830814824102788e+01,5.874584697042967818e+00
2.311759341280711766e+01,1.871176513228204996e+01
8.179442050720416546e+01,1.494695201301139864e+00
8.046300233268171098e+01,1.544569778610459743e+00
2.415098188915967725e+01,1.714472073842311417e+01
2.340974023219644806e+01,1.824764447774902010e+01
2.659883966247301146e+01,1.413431015224115228e+01
1.256581806481701236e+01,6.333130907209327631e+01
1.723033367689004436e+01,3.368314416852066984e+01
1.157722819092086830e+01,7.460893025013774604e+01
5.459185836361495348e+01,3.355399559760055883e+00
2.898110802583467915e+01,1.190611378154416400e+01
2.144512138714781457e+01,2.174417738553337642e+01
2.757558870818551355e+01,1.315074674183803971e+01
3.832146293732493803e+01,6.809509652328918250e+00
2.531639708476808792e+01,1.560257224455845027e+01
1.224164350287423986e+01,6.672991076194264792e+01
1.362138653305949987e+01,5.389610319653870363e+01
1.104057852366117309e+01,8.203824065539097887e+01
1.233858948214854401e+01,6.568541829778693852e+01
2.503000877515145817e+01,1.596165781772471171e+01
1.345513517088212652e+01,5.523620972077948466e+01
2.107528108013718793e+01,2.251403044286580268e+01
1.048326564326426080e+01,9.099275581375636079e+01
2.034618490943859115e+01,2.415650086486225590e+01
1.352478879969314640e+01,5.466873390923396414e+01
1.183059026187290108e+01,7.144752240196382331e+01
2.671403348357813812e+01,1.401267560085839570e+01
2.240626804333696143e+01,1.991869794501790025e+01
2.915430314205340068e+01,1.176507417486815754e+01
1.030642864093310962e+01,9.414203863580129905e+01
3.179569735575032396e+01,9.891525864161073045e+00
2.410721526209843901e+01,1.720702969741284249e+01
1.854203190735239914e+01,2.908609055137340249e+01
2.143160027057984962e+01,2.177162268097517028e+01
1.254983775697409421e+01,6.349269731995892130e+01
2.037741131299578612e+01,2.408252260811525147e+01
4.075058387582477337e+01,6.021883212066311053e+00
1.853979325198875827e+01,2.909311518891206205e+01
1.252993112381505370e+01,6.369460263572432268e+01
5.405296495392945388e+01,3.422637919639794468e+00
2.646470439247320883e+01,1.427795159634572641e+01
2.230924276098431136e+01,2.009233179647533518e+01
2.530232419739395411e+01,1.561993304528159854e+01
3.387711457543842641e+01,8.713390424697150749e+00
2.028119974215791999e+01,2.431155374878523290e+01
4.691524574901742284e+01,4.543306214837663504e+00
8.414070879574578044e+01,1.412497434442939293e+00
1.890501667691547638e+01,2.797988147046893204e+01
1.029945431878689455e+01,9.426957921933730233e+01
9.739370334560479137e+01,1.054236965297290274e+00
2.328766005933232464e+01,1.843946406147708217e+01
1.688900294438444760e+01,3.505839074565579239e+01
1.284048498101235403e+01,6.065088545251354191e+01
2.474601055684412998e+01,1.633012888004011742e+01
1.396718248756728897e+01,5.126044654401056988e+01
1.762661967994997880e+01,3.218562388169366528e+01
1.802377369231631477e+01,3.078283032892839799e+01
1.546404935102228428e+01,4.181706481892073413e+01
1.184532887296316161e+01,7.126983512390856390e+01
1.307569246437424404e+01,5.848851633405929107e+01
8.343952894972683509e+01,1.436336883108894957e+00
2.916006184243348542e+01,1.176042776173620119e+01
2.944826909126259551e+01,1.153135796731363349e+01
1.111352407283110644e+01,8.096483047500395003e+01
2.327652774804541025e+01,1.845710612077427015e+01
2.390060154315009200e+01,1.750581508659648122e+01
7.660395162482285514e+01,1.704110111188482879e+00
3.122915383631616848e+01,1.025367542415622246e+01
3.553913616358060779e+01,7.917467061286585839e+00
1.585520514049057361e+01,3.977922054498422000e+01
1.598389132274402158e+01,3.914127459517897023e+01
2.062439290584353913e+01,2.350918928539434560e+01
8.099534397729951252e+01,1.524333140430860434e+00
2.900367850298606598e+01,1.188759046848559997e+01
2.355056167988892568e+01,1.803007200029481183e+01
1.196788801843045569e+01,6.981760810692888697e+01
2.573258918018321495e+01,1.510194995874543089e+01
1.225350638046200835e+01,6.660076804120829763e+01
1.258958263855693183e+01,6.309244157014590115e+01
3.331909249023050279e+01,9.007694986163409467e+00
2.730573471860818557e+01,1.341196053129524124e+01
1.387612653572317534e+01,5.193540193147968864e+01
1.188742854744690725e+01,7.076592062633626767e+01
2.353037286313615084e+01,1.806102450397057169e+01
1.177949665062892848e+01,7.206867440821889659e+01
1.250923106128469087e+01,6.390557853854910775e+01
1.538841200377407148e+01,4.222915478586882898e+01
1.287320503664512827e+01,6.034296239519905214e+01
2.534419445700398654e+01,1.556836538400015080e+01
1.823742593397022205e+01,3.006581062922449732e+01
1.981790098113769716e+01,2.546154140573541369e+01
1.136710406978796506e+01,7.739275873225493285e+01
3.242091142528758496e+01,9.513702368951832966e+00
1.115164712056496832e+01,8.041220356887245657e+01
2.654197101504382417e+01,1.419494319320880216e+01
1.188656693952707144e+01,7.077618005410835167e+01
2.327825929158772311e+01,1.845436037472221713e+01
2.601410013424776579e+01,1.477686769172754389e+01
2.193607173344431160e+01,2.078175807124900132e+01
1.959060402459686046e+01,2.605579609734246205e+01
4.843126459002512263e+01,4.263324420796562819e+00
1.676306793286353169e+01,3.558713206252605232e+01
1.070712363962672953e+01,8.722768862844306170e+01
1.544576426103540001e+01,4.191613164058299645e+01
5.782221032468748234e+01,2.990960116014730108e+00
3.311934030672467344e+01,9.116678606675904462e+00
2.537446885334032487e+01,1.553123816782703592e+01
1.486284284857498150e+01,4.526851294881133470e+01
1.388925275816415628e+01,5.183728383715481414e+01
2.229026227783511871e+01,2.012656419159531751e+01
2.541540042544966127e+01,1.548125224814110013e+01
2.889597898032193513e+01,1.197636916877124591e+01
1.281005786856060880e+01,6.093934987834235528e+01
2.433695629258588866e+01,1.688369412865077024e+01
5.139017804444900861e+01,3.786515643050248237e+00
1.694094355761883364e+01,3.484374357415968859e+01
2.394560801530694150e+01,1.744007154300253148e+01
1.230847949836706690e+01,6.600718119138491602e+01
2.016875721972552427e+01,2.458338731486106710e+01
1.382400305425294995e+01,5.232778573386909216e+01
2.122632866860865875e+01,2.219474863768591888e+01
1.882370633290418382e+01,2.822212573162604698e+01
3.308464403205449145e+01,9.135810180001618264e+00
1.630443985103205407e+01,3.761735313710359918e+01
4.197841535619691200e+01,5.674765493571204189e+00
3.098110674911357165e+01,1.041852273300344756e+01
2.816188880188237675e+01,1.260887796240644398e+01
2.138865370021237666e+01,2.185914153605015997e+01
3.027698220565986986e+01,1.090874597674259228e+01
7.954468509422291334e+01,1.580438738605136839e+00
3.056375603967948251e+01,1.070499702751796001e+01
1.282167254305899995e+01,6.082899452025427678e+01
2.228274336264181343e+01,2.014014918502468987e+01
2.950487709820877669e+01,1.148715232695589705e+01
1.253181566588775553e+01,6.367544720985613083e+01
2.651407937025265937e+01,1.422482381272554619e+01
1.426615505651865590e+01,4.913445237663837162e+01
2.310196446007178039e+01,1.873709148199328567e+01
1.389826835594882759e+01,5.177005351610858241e+01
2.510028445644239170e+01,1.587240416078025085e+01
1.436494429599126477e+01,4.846097053066210236e+01
3.375901335055244346e+01,8.774462239019996446e+00
3.400782456952765642e+01,8.646538841185462232e+00
1.103856878577797751e+01,8.206811597208074716e+01
8.358573595143725754e+01,1.431316436976324047e+00
1.856310068520524226e+01,2.902010366397776764e+01
2.762842454290030503e+01,1.310049658785880489e+01
1.477820457653328035e+01,4.578852476761748846e+01
1.055385750339705808e+01,8.977957553674265512e+01
2.639716406453801056e+01,1.435110878987161698e+01
8.384933754128073247e+01,1.422331172818050327e+00
5.432318220135690723e+01,3.388672473328396606e+00
1.213315824253250241e+01,6.792853939524032114e+01
2.064729900447179034e+01,2.345705606443828017e+01
1.174109280754147377e+01,7.254090311050821072e+01
1.138643865168643110e+01,7.713015051134715350e+01
1.267429616607242515e+01,6.225185503832169331e+01
1.712936369198970610e+01,3.408140884097795720e+01
7.146361114895307765e+01,1.958078434214715058e+00
1.665023882919161125e+01,3.607107332291076318e+01
1.154418100515110623e+01,7.503670322057308795e+01
2.168564458930086403e+01,2.126450749411323571e+01
1.613032174133357088e+01,3.843385433763865677e+01
3.156754664849139402e+01,1.003502221342886891e+01
2.049057820028735222e+01,2.381724768725662145e+01
1.484226865268436768e+01,4.539410140133735894e+01
3.786026133946484862e+01,6.976422676670135381e+00
2.945801793385601641e+01,1.152372685022718990e+01
2.482473693384234181e+01,1.622671804723753297e+01
2.035907925799687845e+01,2.412591169134888602e+01
2.332328718177062044e+01,1.838317325772914401e+01
2.016885474352334029e+01,2.458314957607734996e+01
2.152075017549380220e+01,2.159161799720568098e+01
9.134756164444385718e+01,1.198411814083500060e+00
1.403501975272557267e+01,5.076611668066109218e+01
2.210238901890523877e+01,2.047017534952468765e+01
2.195949112154244887e+01,2.073745499256638780e+01
1.339977659679056998e+01,5.569354781668940291e+01
2.511896311889231370e+01,1.584880724338463232e+01
2.092876110728324335e+01,2.283037045216779859e+01
1.336629756364100352e+01,5.597289237664669059e+01
5.383516695656204121e+01,3.450387497741163045e+00
2.238302131949886586e+01,1.996009404787682584e+01
1.265169471320210270e+01,6.247447171414147249e+01
1.247498130199943844e+01,6.425696267450686605e+01
2.468506229913971950e+01,1.641086771693279189e+01
3.275157679050929715e+01,9.322568283000371991e+00
1.582077405551549099e+01,3.995255367118032552e+01
2.078764318392340016e+01,2.314139272873978115e+01
2.311918393764139168e+01,1.870919060340006013e+01
1.983598589632090992e+01,2.541513484860133687e+01
1.831176553730167456e+01,2.982219200114497326e+01
4.734146920393298075e+01,4.461866135137499967e+00
7.502720460903805133e+01,1.776488779170206422e+00
9.963553840199202227e+01,1.007329276172207466e+00
5.590427416405449890e+01,3.199705248466815810e+00
1.283162085543296627e+01,6.073471005503621001e+01
2.445705223798461247e+01,1.671828704807465371e+01
1.143556908542928774e+01,7.646882837272035260e+01
4.505333320217789606e+01,4.926586877928676778e+00
2.230971863386185916e+01,2.009147465489217055e+01
1.214802610650482784e+01,6.776236684361913376e+01
3.895758201261875797e+01,6.588946978597071791e+00
9.371608706392574106e+01,1.138601379523832779e+00
1.384507050778374726e+01,5.216865697448584882e+01
7.819260641868612538e+01,1.635568057790176111e+00
3.456536490508921133e+01,8.369850635785356374e+00
2.075654777334441548e+01,2.321078096480965769e+01
1.267242389302542449e+01,6.227025105809738648e+01
1.804878251898199437e+01,3.069758257207202234e+01
2.604686147075473812e+01,1.473971884118028086e+01
1.342763967854635432e+01,5.546265335051337786e+01
2.187780174066093153e+01,2.089260700857126452e+01
2.696779609267740341e+01,1.375020232209520543e+01
1.377544431643451084e+01,5.269734909004748857e+01
1.390995309533033542e+01,5.168311353802278063e+01
1.733303010015199774e+01,3.328518825539750736e+01
2.123611472752468288e+01,2.217429771475902101e+01
7.646792021430272257e+01,1.710178504079739925e+00
1.779153844564305942e+01,3.159169974748709109e+01
3.032367877630177944e+01,1.087517427140988602e+01
2.670487930002330401e+01,1.402228407643113606e+01
2.334960043232438309e+01,1.834176368529429624e+01
2.313405882653155743e+01,1.868513882218180200e+01
1.696583706198945052e+01,3.474156806271215459e+01
2.368949655753765526e+01,1.781920554104599930e+01
4.834860175609640009e+01,4.277915111537832438e+00
1.154356620527679667e+01,7.504469620703451938e+01
1.232469434692438348e+01,6.583361219977635415e+01
2.160564738912210458e+01,2.142226720253914607e+01
1.237481363659858857e+01,6.530142605974060643e+01
1.215513098724126095e+01,6.768317348414295509e+01
2.027515506248039756e+01,2.432605203109419278e+01
1.323974481910176948e+01,5.704804561373964589e+01
1.113697260183405646e+01,8.062425182364080456e+01
2.037706903365657141e+01,2.408333165667281150e+01
1.412718322064507959e+01,5.010589737363583396e+01
2.286163863831823306e+01,1.913309766551824609e+01
1.375601415522862681e+01,5.284632263873511704e+01
5.688113985574437947e+01,3.090746730504349227e+00
2.999535728607257923e+01,1.111455095695517059e+01
1.378528950559590172e+01,5.262210509812474157e+01
1.056905504889010139e+01,8.952156794733133438e+01
1.411419293721679225e+01,5.019817177303224298e+01
1.779809874209534470e+01,3.156841493230365714e+01
1.381621249627732695e+01,5.238681458611429065e+01
2.098954217312854453e+01,2.269833850324809177e+01
2.502117415309141535e+01,1.597293147807697444e+01
1.098315590801411190e+01,8.289831496152440593e+01
2.704035505764471026e+01,1.367650788631590331e+01
1.665700574252000976e+01,3.604177150842743060e+01
1.634948744234184659e+01,3.741034522469689705e+01
5.042179348416659934e+01,3.933357504301969509e+00
1.490695182281795184e+01,4.500101446168646646e+01
4.777770069617500326e+01,4.380760484642713060e+00
1.143084891872956810e+01,7.653199430954092009e+01
1.611196844309039733e+01,3.852146495466655551e+01
1.204561458312900335e+01,6.891949295356869243e+01
1.156768733296362761e+01,7.473205369566782963e+01
2.151075048106229559e+01,2.161169723780185237e+01
2.971131970330007377e+01,1.132807498086743969e+01
1.474965621681769967e+01,4.596594616712589243e+01
1.405646770856606409e+01,5.061131267723600047e+01
1.148290889147807903e+01,7.583962238768424413e+01
2.339503972999037629e+01,1.827058385460916412e+01
2.305515903018998358e+01,1.881324691763675006e+01
3.042772741492617428e+01,1.080092538777363131e+01
1.616305934066393135e+01,3.827831968923873518e+01
1.099616692269863272e+01,8.270225517284534078e+01
5.482283449355560379e+01,3.327185601656346137e+00
2.119261769548097263e+01,2.226541491115657934e+01
2.282069156003468891e+01,1.920182015024397870e+01
2.778946830776925836e+01,1.294909821530959171e+01
2.341023531257351209e+01,1.824687268241576277e+01
2.557925403573853274e+01,1.528355027436863445e+01
2.045845646973883092e+01,2.389209710861790725e+01
1.388862350865336026e+01,5.184198110962354633e+01
2.125573409736273334e+01,2.213338216991720486e+01
1.091333161875995472e+01,8.396248732583838148e+01
1.137524650479784682e+01,7.728200245619848374e+01
1.275506838524844433e+01,6.146592436712057861e+01
1.022710667140221830e+01,9.560804294052955754e+01
1.801333933774760254e+01,3.081850300334440007e+01
1.210306720723129992e+01,6.826673152802432298e+01
8.182677865145507212e+01,1.493513289933582788e+00
2.264348547519723454e+01,1.950353994696083149e+01
1.504169083817657082e+01,4.419841382239287952e+01
1.437908325834026613e+01,4.836571397604158307e+01
5.223881652045003676e+01,3.664488315736837976e+00
1.529645732430183891e+01,4.273840214254409631e+01
1.359072487822384012e+01,5.413956450664288411e+01
1.378412250300831943e+01,5.263101574620952050e+01
1.816555671471199673e+01,3.030418271091118854e+01
8.617515659474705103e+01,1.346591402931412551e+00
8.678286647877006033e+01,1.327798024107689878e+00
2.566717159008026883e+01,1.517902834932456990e+01
2.406584788800537922e+01,1.726623570680234465e+01
2.298461494034517827e+01,1.892890689635053647e+01
2.490617946921013015e+01,1.612076969399926440e+01
4.216430574255441144e+01,5.624838950748623390e+00
1.127080747210681366e+01,7.872087949729613854e+01
7.273528652795589267e+01,1.890208413828853073e+00
2.221131972599139459e+01,2.026988443150476371e+01
1.212266120097602062e+01,6.804622929919308660e+01
2.071390883266744254e+01,2.330643666520563428e+01
1.339725667418148980e+01,5.571450085692819698e+01
1.224179182683654687e+01,6.672829374623977117e+01
1.163253846412233372e+01,7.390111747568224132e+01
1.259817633528323810e+01,6.300639540482546153e+01
1.958355444679283153e+01,2.607455831160802617e+01
5.541634142948418429e+01,3.256299175082189024e+00
7.733303986686625819e+01,1.672129218794388139e+00
2.062090981780003673e+01,2.351713185363386671e+01
3.246477276021074942e+01,9.488012874388379814e+00
1.575776502652597699e+01,4.027270117835129071e+01
1.773321901787745603e+01,3.179983335550093670e+01
1.310710891020605118e+01,5.820846996179364652e+01
1.470675861801195516e+01,4.623448997691074425e+01
1.332787172661688402e+01,5.629611063652866676e+01
1.845865181195057403e+01,2.934945523278640422e+01
7.908902969292438456e+01,1.598701951787085518e+00
2.027164951116095892e+01,2.433446610683119005e+01
2.764983843694554366e+01,1.308021263467477446e+01
3.122050641018217831e+01,1.025935631730014386e+01
1.661419431788597123e+01,3.622775555968642180e+01
6.480635363576428176e+01,2.381029780541102703e+00
1.891429027556848652e+01,2.795245135516746871e+01
1.150809639396741701e+01,7.550800885308173349e+01
1.829908022301204440e+01,2.986355309666487656e+01
1.525882615226920791e+01,4.294946416392280497e+01
1.187748582466968550e+01,7.088444746574775479e+01
1.945877785018094031e+01,2.641002911570145884e+01
5.871334294078150862e+01,2.900857419795511483e+00
2.261165198783412933e+01,1.955849415651318068e+01
1.432339060602492786e+01,4.874255932854729423e+01
1.498142585712752961e+01,4.455471822103476143e+01
2.134217289385778216e+01,2.195445862760283262e+01
2.123870284215065851e+01,2.216889379457062148e+01
1.734921644571063126e+01,3.322310888322665079e+01
3.973429122611376130e+01,6.333868738299980983e+00
1.967272533219739117e+01,2.583871686901266074e+01
1.237511842581479549e+01,6.529820945612009098e+01
1.987408363029579661e+01,2.531778887686859392e+01
2.147126693155009036e+01,2.169125389312755203e+01
3.972463761143442440e+01,6.336947540846544769e+00
2.663833430138842218e+01,1.409242948153503505e+01
2.229649641913399805e+01,2.011531091649828085e+01
1.535542049519762919e+01,4.241081053267164691e+01
7.775132894264744721e+01,1.654186066490746176e+00
2.144289506214215990e+01,2.174869283167837608e+01
4.102348162008859589e+01,5.942031757285627158e+00
1.699172451829522856e+01,3.463578883899679539e+01
1.233421051886843856e+01,6.573206661679847684e+01
2.131499894378049831e+01,2.201047267222914883e+01
1.363889911991122261e+01,5.375778496229597891e+01
2.265673114089625884e+01,1.948074214321913189e+01
1.143708375878906303e+01,7.644857537292524796e+01
9.836131147771479277e+01,1.033597329719001534e+00
1.750152068814540840e+01,3.264738709288029384e+01
8.851449892327545399e+01,1.276354076057081732e+00
1.398541715611972513e+01,5.112686341468672424e+01
6.940991461476200186e+01,2.075663649412700984e+00
1.142022322380812049e+01,7.667447557666518776e+01
1.922991588233175975e+01,2.704239991208171645e+01
1.138392252697764562e+01,7.716424957061875034e+01
1.361195858465371167e+01,5.397078835636585126e+01
8.306698280320823358e+01,1.449249395124273976e+00
6.279046336926509753e+01,2.536370095010020531e+00
2.203506540121192359e+01,2.059545126998302322e+01
5.001569824585462243e+01,3.997489463055905023e+00
1.346862859169623228e+01,5.512558939025639404e+01
3.164485726136356902e+01,9.986049577694945611e+00
6.277641205004099589e+01,2.537505659573529027e+00
4.377315529472174660e+01,5.218963915804293308e+00
5.150082827104247940e+01,3.770262361806912210e+00
1.253123676079743376e+01,6.368133057040212464e+01
2.185663014486718936e+01,2.093310218654292854e+01
1.133424222983084917e+01,7.784218539910366985e+01
6.840863299506690964e+01,2.136870364011719925e+00
1.790095318314046580e+01,3.120668854270090264e+01
1.372126958240610151e+01,5.311429311785001772e+01
2.605415070061513205e+01,1.473147246459258675e+01
2.345942941052295794e+01,1.817042604267532369e+01
3.086438544699131725e+01,1.049747217225924167e+01
2.496628252959444083e+01,1.604324583084121869e+01
4.757386103933637145e+01,4.418381386281122758e+00
1.136903255659604106e+01,7.736650526608295309e+01
2.178815263730144736e+01,2.106488933355895199e+01
1.509015878790125775e+01,4.391494878244100875e+01
2.179774476746919731e+01,2.104635414059894671e+01
9.184518819993661509e+01,1.185460760662772284e+00
2.197168519553509469e+01,2.071444320380164328e+01
1.636567244609101124e+01,3.733638710552327211e+01
1.494756573566184166e+01,4.475680288351465919e+01
1.684285620852882914e+01,3.525076270151789970e+01
2.047539382438154831e+01,2.385258611769735637e+01
2.074696479378937752e+01,2.323222793898333549e+01
2.269585527793593016e+01,1.941363647244062562e+01
2.339676249258520713e+01,1.826789333538572180e+01
1.852070161754718924e+01,2.915312602544680587e+01
1.247938040306190466e+01,6.421166827026608814e+01
2.704501005655047408e+01,1.367180027850481139e+01
1.884876448901719215e+01,2.814713680073040081e+01
1.377451475339243636e+01,5.270446181407182706e+01
1.211261056210197751e+01,6.815920111743753296e+01
1.500397113793540171e+01,4.442092111704752710e+01
2.583287111655017299e+01,1.498492748282227538e+01
1.497474919373672009e+01,4.459445754072765311e+01
2.327577532746826705e+01,1.845829944135848422e+01
3.154800400347704681e+01,1.004745860198612384e+01
2.118734219494390558e+01,2.227650415781640092e+01
1.254702364137791193e+01,6.352118149789222201e+01
2.921464771335271493e+01,1.171652146706239250e+01
1.112413214333971467e+01,8.081048654933623254e+01
1.281857122522373693e+01,6.085843194557011060e+01
1.289519185216925656e+01,6.013736351506936728e+01
2.117344123556805613e+01,2.230576406202410311e+01
8.754612412247138309e+01,1.304746536966605364e+00
2.119164647974347915e+01,2.226745581127365270e+01
1.350628591578462689e+01,5.481862294809091196e+01
1.523891836067463679e+01,4.306175395471489509e+01
2.153739568535214488e+01,2.155825606151006824e+01
9.025018673267713609e+01,1.227732582644484260e+00
2.319691373914060151e+01,1.858401661098746871e+01
1.184271020801083374e+01,7.130135703910721645e+01
2.053626255269530532e+01,2.371139928530167040e+01
1.113841752860537859e+01,8.060333528260235880e+01
2.201311008870190733e+01,2.063655450921254442e+01
3.485645031655921855e+01,8.230641480591399883e+00
1.436895810346670288e+01,4.843390025362907636e+01
1.072228468340085072e+01,8.698118746196966811e+01
1.127219977526317862e+01,7.870143403638012103e+01
2.294674437720344073e+01,1.899143776205253076e+01
1.121527512163052975e+01,7.950238120537653685e+01
3.032071066174026797e+01,1.087730353172761788e+01
1.558790263414741162e+01,4.115519190822186602e+01
2.144551531678210310e+01,2.174337856143910130e+01
6.461211661115548566e+01,2.395367007815693672e+00
7.615178736849637176e+01,1.724407081422162591e+00
1.402523651018989881e+01,5.083696474832297696e+01
3.311850797616590114e+01,9.117136851084488569e+00
1.580092343728465565e+01,4.005300109963422983e+01
3.436552325199381386e+01,8.467478024662646874e+00
3.945990037649175264e+01,6.422262180083978755e+00
4.090339856041894961e+01,5.976971873304164795e+00
1.417918992099896691e+01,4.973901273125230915e+01
1.323006076514052864e+01,5.713159149514171276e+01
1.327423500558317926e+01,5.675197709523832401e+01
2.438989868047356779e+01,1.681047587096488982e+01
1.268687525890258705e+01,6.212847025872867590e+01
1.842770482665337184e+01,2.944811535742763908e+01
2.918626295012989047e+01,1.173932208440065494e+01
2.614124941434872085e+01,1.463346989804202281e+01
3.067480586423680577e+01,1.062762824451614563e+01
1.256119947743604115e+01,6.337788980824673502e+01
1.228944359539468678e+01,6.621182502708801110e+01
2.096272801541050512e+01,2.275644411740580964e+01
2.060269341020314471e+01,2.355873680695647820e+01
1.217691788789053398e+01,6.744119313914596603e+01
2.661839479294553001e+01,1.411355031651869041e+01
3.461875553744860667e+01,8.344053808700454766e+00
1.524461556106095017e+01,4.302957398956062463e+01
1.299165871104301218e+01,5.924760422355748801e+01
1.095812420898221617e+01,8.327747761658109482e+01
1.401881535074417506e+01,5.088354600465795130e+01
3.598719583019062895e+01,7.721541068315117329e+00
2.401846976860024796e+01,1.733442061677601131e+01
1.494107841336973941e+01,4.479567756598383710e+01
1.914646289884916186e+01,2.727865108944525474e+01
1.163896735358550849e+01,7.381950011435802139e+01
2.878509077609424338e+01,1.206881953255914297e+01
1.426195406057769155e+01,4.916340269223763926e+01
2.755532739117249008e+01,1.317009323010352162e+01
2.058529559030532496e+01,2.359857532769563448e+01
1.520858809919423571e+01,4.323368005212454790e+01
2.075848904841711828e+01,2.320643995487125011e+01
3.365368652781599224e+01,8.829471514333439686e+00
1.092787967566976270e+01,8.373908113773309481e+01
2.238255947652148237e+01,1.996091777175704962e+01
1.136805476788433111e+01,7.737981472849828890e+01
5.037651558091040727e+01,3.940431205732975783e+00
1.311758229661388064e+01,5.811555704400774403e+01
4.944400237538769716e+01,4.090465770305222293e+00
2.804942189024772858e+01,1.271019374266139401e+01
3.025627479392409569e+01,1.092368299038827040e+01
4.506413265230411724e+01,4.924225884782737594e+00
2.965785529953331690e+01,1.136895417944722197e+01
1.153746238049132877e+01,7.512412109761596923e+01
2.701811745968381118e+01,1.369903039140420020e+01
1.203388486338762142e+01,6.905391343920355496e+01
7.954960159936123887e+01,1.580243388913721736e+00
1.111364293800760628e+01,8.096309857711007396e+01
3.285023676639526258e+01,9.266654945611911387e+00
3.042987359069721620e+01,1.079940189364194580e+01
2.397194133440316577e+01,1.740177654507538563e+01
2.332397496323960695e+01,1.838208910123271878e+01
2.868391860103947621e+01,1.215410649133418630e+01
4.125421685338395861e+01,5.875749952465736392e+00
1.255054771800989855e+01,6.348551419660884676e+01
1.235371288163987380e+01,6.552469272811460144e+01
2.086204676210843445e+01,2.297662154629070486e+01
1.773381035468541000e+01,3.179771264956626453e+01
4.028569955827101978e+01,6.161666393334497727e+00
3.136785612521117272e+01,1.016319656661258541e+01
3.644280910738926593e+01,7.529676323798303095e+00
1.395957903141763623e+01,5.131630248383100934e+01
1.871148684365742199e+01,2.856165722859769929e+01
4.022348877216219165e+01,6.180740747657892165e+00
1.271395588756592332e+01,6.186408579574968059e+01
1.229441608195976166e+01,6.615827700528154764e+01
7.639510952260303611e+01,1.713439933222030698e+00
1.840543055643513526e+01,2.951943476325598681e+01
8.430385454155198488e+01,1.407035763187661104e+00
3.267609462310212365e+01,9.365688517003981417e+00
2.285186442750497804e+01,1.914946840190964750e+01
4.634618273396513644e+01,4.655561421406586575e+00
2.060342637268555421e+01,2.355706064273473643e+01
9.939438110004978455e+01,1.012223305551670727e+00
1.256925391001122527e+01,6.329669017822393329e+01
3.451774072928775894e+01,8.392962357999419254e+00
1.162016532562861038e+01,7.405858091200587978e+01
2.670843971210369361e+01,1.401854579875677764e+01
2.740892755293665672e+01,1.331116031946320000e+01
1.106925876983245516e+01,8.161367224374738782e+01
1.866029175573858012e+01,2.871859179213772961e+01
2.892160415358699765e+01,1.195515592106278824e+01
1.584895376166825187e+01,3.981060735116150084e+01
2.046491876783317565e+01,2.387701046420764683e+01
3.368838515821231994e+01,8.811292382965913106e+00
1.115692446373910052e+01,8.033614991610154732e+01
1.057070087508499334e+01,8.949369364205713850e+01
5.053265854198449603e+01,3.916117423754831961e+00
1.762380979137472892e+01,3.219588786292011662e+01
3.583035073031159357e+01,7.789290145918819519e+00
4.579763402228643798e+01,4.767754837868096729e+00
3.794260485726283605e+01,6.946174894084276907e+00
1.475221364310607619e+01,4.595001034455912503e+01
2.219916529696248730e+01,2.029208673632757609e+01
1.224788254151527589e+01,6.666194400090851957e+01
1.176040292445845026e+01,7.230288009002238425e+01
1.558352797700769976e+01,4.117830158211101121e+01
1.397677679927654815e+01,5.119009557406382527e+01
2.582211606826355776e+01,1.499741268589192167e+01
1.242448096558142545e+01,6.478037979332179930e+01
2.802520387250468659e+01,1.273217029624176533e+01
1.343828959221731445e+01,5.537477930812023175e+01
2.116986596667899789e+01,2.231329890788751413e+01
1.492194536030687324e+01,4.491062605718549605e+01
1.842714473223950833e+01,2.944990553988011683e+01
3.875284267342500044e+01,6.658752449630307879e+00
2.347978670651015776e+01,1.813893168616461438e+01
3.161598395359947844e+01,1.000429743245666891e+01
1.323984245029774875e+01,5.704720426711382686e+01
4.885920017023167361e+01,4.188970418538148444e+00
2.169263705064952319e+01,2.125080078970093922e+01
1.206999343008863690e+01,6.864136836664239638e+01
2.167345220873554723e+01,2.128843888169643606e+01
2.461247301199942683e+01,1.650781123521272775e+01
1.187641666491541415e+01,7.089721061003260161e+01
1.248762203747315880e+01,6.412693885446741149e+01
1.275440440409094300e+01,6.147232423913906274e+01
1.231171723294279730e+01,6.597246862813558721e+01
2.008250755873023508e+01,2.479500052405993671e+01
3.452908299486619370e+01,8.387449348980478447e+00
2.821824263823571144e+01,1.255856659919848006e+01
4.510954948284802413e+01,4.914315338033716785e+00
3.808738370796446304e+01,6.893467264945755346e+00
1.305241535546016252e+01,5.869731409254189458e+01
7.547478043330760045e+01,1.755481606731510880e+00
1.056297453539804465e+01,8.962466272846845072e+01
5.276776125821483987e+01,3.591390767779938376e+00
7.543862268065755927e+01,1.757164815652334955e+00
1.440779090759619585e+01,4.817316777704935049e+01
1.659756576064465605e+01,3.630038272511757214e+01
6.578682007499156725e+01,2.310586390598662554e+00
4.189903486710231562e+01,5.696288298584780918e+00
1.066276603244925170e+01,8.795494074786570593e+01
2.857565515863904437e+01,1.224637650552514856e+01
3.427883466822814995e+01,8.510359402807676332e+00
1.211726167931078102e+01,6.810688639493824326e+01
1.257889478755313917e+01,6.319970204106009248e+01
2.314943507150734803e+01,1.866032509745090096e+01
1.455143356603607963e+01,4.722679115117423265e+01
2.785648541034994352e+01,1.288686730992307083e+01
2.277871276947651680e+01,1.927265926615753955e+01
9.791522483024876067e+01,1.043036602505264865e+00
2.247391655436854663e+01,1.979896427500511180e+01
2.438238658449062513e+01,1.682083592011332485e+01
1.461428175173175426e+01,4.682147037681303914e+01
3.582813003552022479e+01,7.790255765509256136e+00
1.100698252716067671e+01,8.253980639698403365e+01
1.207186151028167664e+01,6.862012596601262260e+01
2.591587817053309806e+01,1.488908950433388512e+01
2.849777942379464335e+01,1.231339917664832839e+01
1.501280633559701627e+01,4.436865212430804917e+01
5.718732644308989421e+01,3.057739005202164684e+00
1.605535909337380573e+01,3.879358835885619783e+01
1.972512989764699753e+01,2.570160567797125850e+01
2.615459737733637979e+01,1.461853736673019100e+01
1.327959834520100557e+01,5.670614458539987623e+01
4.762860208377478699e+01,4.408230854513039532e+00
2.658125427787851081e+01,1.415301803536351244e+01
2.148310173879806939e+01,2.166736152394922499e+01
1.122190479948642228e+01,7.940847210655157085e+01
5.438288822149714719e+01,3.381235829579368968e+00
1.099074381294211555e+01,8.278389005870684514e+01
1.210398798036506740e+01,6.825634556571944245e+01
3.034031422948706336e+01,1.086325192583999311e+01
2.230002252657361339e+01,2.010895010321056020e+01
1.021632811435359400e+01,9.580988852494544972e+01
3.209571344688560401e+01,9.707467206905031176e+00
1.113915441754409130e+01,8.059267132385585342e+01
1.129637255545319086e+01,7.836497257917747561e+01
1.200708451253244746e+01,6.936252032780549825e+01
3.970863713762572900e+01,6.342055476988333496e+00
1.204044316251834879e+01,6.897870808737694404e+01
4.541765112525377646e+01,4.847866592747656078e+00
2.138855616563705908e+01,2.185934089751534160e+01
3.565572243365866001e+01,7.865775003072995375e+00
1.114446033234594324e+01,8.051594871193823622e+01
1.614372059860269459e+01,3.837008266618752117e+01
3.067849243845941487e+01,1.062507419552902199e+01
1.116062458030695481e+01,8.028289055905783300e+01
2.353337091432616646e+01,1.805642300195032846e+01
3.539683867259055461e+01,7.981252433817509484e+00
1.189119191367034034e+01,7.072113521966753069e+01
2.841091931129971115e+01,1.238880526767168355e+01
3.026287642945502654e+01,1.091891765961583793e+01
1.773954546523227194e+01,3.177715587499374905e+01
1.588043843843366609e+01,3.965290621650965619e+01
1.213752776450319359e+01,6.787963951641957294e+01
1.186290481006800590e+01,7.105880650725650582e+01
2.318895586500846306e+01,1.859677394615025747e+01
3.598988336067080951e+01,7.720387905247155125e+00
2.320767710834904918e+01,1.856678263737047985e+01
2.925811078967401357e+01,1.168173741460027415e+01
4.964034355584178115e+01,4.058171933198560843e+00
4.522443070553045175e+01,4.889379900186211714e+00
3.219971739869534844e+01,9.644858928158109634e+00
1.211576537182135205e+01,6.812370995234167026e+01
1.232888671486073129e+01,6.578884711994349743e+01
2.442180601363184422e+01,1.676657845710304784e+01
2.815937409917449230e+01,1.261113007179118917e+01
3.319265351514327733e+01,9.076450739096200593e+00
1.750711138221481988e+01,3.262653928922594559e+01
1.486312003175827812e+01,4.526682453433384268e+01
1.179491657096403046e+01,7.188036162203280810e+01
3.709822946919311448e+01,7.265970555558523003e+00
2.786953751888036379e+01,1.287479955286103639e+01
1.618225866833398641e+01,3.818754348200297954e+01
1.922250243257433766e+01,2.706326255807293890e+01
2.522558552121101627e+01,1.571511229828493050e+01
3.241152683204958862e+01,9.519212455100552361e+00
1.326838619786157203e+01,5.680202154764882039e+01
3.973234916970963582e+01,6.334487933048017716e+00
1.292975353336118616e+01,5.981629467214985141e+01
1.856278435100431068e+01,2.902109275369081232e+01
2.626176924477290697e+01,1.449946700531632970e+01
2.358748882981412720e+01,1.797366260383867953e+01
4.978907380080936207e+01,4.033962950733767094e+00
2.336063491495270839e+01,1.832444017733154595e+01
3.103424322489030374e+01,1.038287632526163229e+01
2.771847936119209876e+01,1.301551022527205781e+01
1.019939681426120082e+01,9.612824704012551535e+01
2.963532788474856616e+01,1.138624506215245447e+01
1.693185107666709044e+01,3.488117611938304208e+01
2.564387113445909350e+01,1.520662472536363907e+01
3.200544394994469855e+01,9.762303124362460949e+00
1.103726641748938597e+01,8.208748475664279454e+01
2.195083947975170702e+01,2.075380501772924546e+01
1.784031257220566502e+01,3.141919702266999082e+01
1.121250555889501932e+01,7.954166127975653922e+01
1.597996514368094978e+01,3.916051049838859655e+01
2.799981236926343797e+01,1.275527298890540706e+01
1.220727505286552628e+01,6.710618343945051834e+01
1.648013000225823887e+01,3.681957179685274184e+01
1.554608065290683072e+01,4.137692069924309379e+01
2.975443234522001035e+01,1.129527116773912709e+01
2.466112123960880353e+01,1.644274658148426127e+01
1.175102273482294457e+01,7.241835691826902632e+01
1.205529633384600174e+01,6.880883729001368465e+01
1.684819865797053140e+01,3.522841069072065778e+01
3.621203327496336755e+01,7.625953950756993116e+00
5.985580110354440109e+01,2.791177814840842597e+00
2.400204502567022047e+01,1.735815282940279403e+01
1.208955389597593033e+01,6.841942949771258498e+01
1.279022868190894435e+01,6.112844961543708422e+01
1.071562207903779296e+01,8.708938489520785708e+01
2.433499687622196461e+01,1.688641313606143513e+01
1.831802948766241101e+01,2.980179976506741824e+01
2.360237658636797065e+01,1.795099513061405716e+01
1.026786140887094767e+01,9.485058281004674541e+01
1.189184930405615326e+01,7.071331640055220191e+01
8.837203504797535913e+01,1.280472594199285385e+00
2.117123673032456921e+01,2.231040958506064698e+01
3.272380646772620594e+01,9.338397772857627288e+00
3.466336959599707512e+01,8.322588928253809470e+00
1.285752222875832551e+01,6.049025737434785555e+01
1.551299933078901283e+01,4.155358063360672816e+01
1.201949009597286810e+01,6.921941301375090916e+01
1.286928807827749921e+01,6.037970053331653730e+01
2.587035809125913843e+01,1.494153167003300453e+01
1.162151655694178665e+01,7.404136036157728995e+01
2.268225520751916235e+01,1.943692392553334969e+01
1.176994125491255438e+01,7.218573943428754092e+01
1.201114369079691180e+01,6.931564598073944694e+01
5.027332491287930338e+01,3.956624009269528841e+00
1.608056292143585608e+01,3.867207760066474975e+01
2.315023163247566274e+01,1.865904097803988293e+01
1.380080094376433841e+01,5.250388213077657440e+01
2.132844963890599033e+01,2.198271980606015674e+01
1.006494265881964090e+01,9.871369079338126085e+01
3.583594049884307253e+01,7.786860354342196366e+00
2.439029087681814900e+01,1.680993524976338804e+01
1.285627196469916989e+01,6.050202322254356346e+01
2.854950773821445509e+01,1.226881876917343916e+01
2.526914265961384842e+01,1.566098182144368067e+01
1.023162767206397383e+01,9.552356986499393088e+01
3.012416706785119302e+01,1.101970338740382793e+01
2.340111727577067313e+01,1.826109491531942197e+01
4.338398581504944929e+01,5.313015723078506447e+00
5.438976651459910272e+01,3.380380681194309567e+00
3.062824748859068080e+01,1.065996317898372681e+01
1.072318469790951845e+01,8.696658712678269865e+01
1.591692040770279704e+01,3.947134367434254898e+01
3.808297777764192205e+01,6.895062407717825970e+00
2.971302398806410849e+01,1.132677550277208134e+01
3.188778418201537690e+01,9.834478062926576669e+00
2.341265624339411389e+01,1.824309932734478323e+01
1.853651582406621756e+01,2.910340396361094051e+01
1.349203174452812881e+01,5.493451458266620335e+01
6.350557310510459530e+01,2.479569699885112666e+00
2.075336886334743625e+01,2.321789216060275862e+01
1.278127549510979932e+01,6.121411964362199853e+01
1.127596140541413838e+01,7.864893362483496730e+01
1.177849624931568329e+01,7.208091716939726723e+01
3.928091539447362379e+01,6.480922082135427864e+00
1.178987542843162117e+01,7.194184431022645754e+01
1.097714047843674123e+01,8.298919575348055844e+01
1.491096198829348651e+01,4.497681250235328321e+01
1.229311616898804616e+01,6.617226931581360816e+01
1.217039884061172650e+01,6.751346194179933491e+01
3.087217705762430242e+01,1.049217407525982892e+01
1.266857064672339206e+01,6.230813680093824303e+01
2.516036692961679222e+01,1.579668867960419121e+01
3.162614084665974090e+01,9.997872604150016329e+00
1.364826989695720982e+01,5.368399109899439736e+01
2.821762345047909193e+01,1.255911775801660824e+01
1.182573253562263105e+01,7.150623230235405003e+01
2.558489556671989718e+01,1.527681089831720662e+01
1.291133608992728199e+01,5.998706692260140727e+01
3.298245593718614543e+01,9.192508035384399534e+00
2.415742995382606750e+01,1.713556947404899233e+01
2.943816242564875196e+01,1.153927718340781894e+01
1.642111545227352565e+01,3.708469324444982362e+01
1.124713320021519891e+01,7.905262997895491139e+01
3.664608247644581240e+01,7.446374778245591131e+00
2.139967232725067348e+01,2.183663691861301004e+01
1.333667544219870571e+01,5.622181155538682873e+01
2.271594346913962426e+01,1.937931587237323683e+01
1.747096769801807170e+01,3.276167354780224628e+01
2.535893114439648954e+01,1.555027633521206631e+01
1.261436589263956343e+01,6.284477157271611247e+01
2.103359378391088441e+01,2.260336174206081594e+01
2.346163858999385710e+01,1.816700430023075796e+01
2.048671222266176883e+01,2.382623747863206631e+01
2.263123418471161230e+01,1.952466192438388148e+01
2.958771979621951687e+01,1.142291659217680966e+01
2.608541094179824782e+01,1.469618580949031106e+01
1.486613765107723495e+01,4.524844932704380795e+01
1.679537281319305109e+01,3.545036434372368461e+01
2.626852043391493297e+01,1.449201503896499688e+01
1.239647456753402466e+01,6.507341706078123877e+01
3.683014542958657245e+01,7.372132504976403489e+00
2.552954500424479534e+01,1.534312596396047113e+01
1.796326096869075073e+01,3.099057550719233234e+01
2.933101218420920020e+01,1.162374032875545460e+01
1.706880310704961445e+01,3.432368143488982071e+01
2.268074525631651994e+01,1.943951200482803543e+01
1.717809550098845151e+01,3.388831491966404030e+01
1.133811843737469971e+01,7.778897006347239085e+01
2.243411866150533029e+01,1.986927289597008439e+01
1.743722974539883097e+01,3.288857226937169287e+01
1.198458647718460135e+01,6.962318600512172395e+01
2.343685694889394711e+01,1.820544343067866677e+01
1.477949117842041638e+01,4.578055304011449778e+01
1.027890807264862261e+01,9.464682196928326618e+01
2.916987978483096811e+01,1.175251248940775639e+01
1.205373932606492637e+01,6.882661481309719420e+01
2.424327307766234085e+01,1.701443347695805031e+01
9.705435282034316913e+01,1.061622132560166909e+00
1.606201794953102180e+01,3.876142958786508785e+01
1.057221329786509401e+01,8.946809018219117604e+01
5.211109260265016019e+01,3.682473599322636737e+00
1.217208487029586195e+01,6.749475983472358109e+01
1.269679515473025688e+01,6.203142731405408483e+01
3.196040584616635982e+01,9.789836279939452268e+00
4.998719069953566674e+01,4.002050275918656475e+00
1.180883141041759821e+01,7.171106216026682034e+01
1.355234216638126199e+01,5.444666507261657529e+01
1.691485119252299185e+01,3.495132440795423179e+01
2.599082400331025511e+01,1.480334644584240245e+01
1.893860161417070387e+01,2.788073271938571907e+01
3.847031451598148521e+01,6.756916096897883861e+00
1.639896328190213026e+01,3.718495096020084389e+01
3.632267564431639073e+01,7.579565928875505065e+00
1.214790176739463412e+01,6.776375400589269304e+01
3.048748984337679957e+01,1.075862233949357716e+01
2.928727756369561774e+01,1.165848165542208470e+01
7.079941643256050554e+01,1.994989636518352816e+00
1.826604374712750811e+01,2.997167489351855707e+01
1.727984986407840040e+01,3.349037962257153822e+01
3.342622893855013899e+01,8.950045295804518020e+00
1.285346868593690850e+01,6.052841649206860097e+01
1.230003913240206259e+01,6.609780137736534300e+01
2.160023489161638466e+01,2.143300435380287894e+01
2.252927799410377574e+01,1.970177940830702923e+01
3.331343853932310850e+01,9.010752814433905300e+00
1.497114839491901961e+01,4.461591147014590319e+01
3.406487329013720000e+01,8.617602233706033843e+00
1.757830017308695858e+01,3.236281177003311171e+01
1.077285271245940912e+01,8.616652043236494762e+01
2.626749228474195519e+01,1.449314953971739683e+01
1.551451505039609557e+01,4.154546172043966834e+01
1.186282431622115929e+01,7.105977083344748735e+01
5.108328904841992824e+01,3.832148199342564343e+00
3.583123060829123574e+01,7.788907600267406472e+00
3.938113330138082091e+01,6.447978489329650564e+00
1.182036065266530755e+01,7.157124053793361895e+01
2.908308255415219890e+01,1.182276692249836358e+01
1.952831974744088583e+01,2.622226760732781514e+01
1.407144199714130295e+01,5.050365275807207865e+01
2.239216002358067925e+01,1.994380511726612326e+01
1.767688111509683679e+01,3.200285455659354028e+01
2.621433855866885310e+01,1.455198344218717388e+01
1.937842823150707616e+01,2.662949326292199359e+01
3.950628056022827650e+01,6.407191621719888985e+00
2.400412162412060013e+01,1.735514964897703294e+01
3.713491763544639213e+01,7.251620533065043617e+00
1.946687981725512984e+01,2.638805038451011953e+01
2.946311704493220063e+01,1.151973842779795199e+01
1.033765388842714117e+01,9.357417886950204888e+01
2.302715710281597339e+01,1.885903003194908933e+01
2.677066781023112441e+01,1.395344965927083791e+01
3.301503680385988559e+01,9.174373747069015650e+00
1.458032097585692632e+01,4.703983941039121675e+01
1.268972273666117800e+01,6.210059106982306787e+01
6.070997259983204231e+01,2.713188241720478899e+00
4.358331434501383228e+01,5.264528641404683462e+00
1.985680825610976186e+01,2.536186086749648894e+01
2.968278847996504055e+01,1.134986263534668360e+01
3.335483515642408747e+01,8.988400240456249080e+00
1.763130523452691634e+01,3.216851936712846793e+01
1.207875977535594636e+01,6.854176946955510630e+01
1.775699555343977210e+01,3.171473070782086623e+01
1.198319608730887964e+01,6.963934346231377503e+01
2.540068668463344181e+01,1.549919295269995523e+01
2.408753068433896161e+01,1.723516471203503642e+01
4.927092276639376678e+01,4.119254340554976856e+00
3.365905802212481746e+01,8.826653629674087398e+00
2.831439882776973960e+01,1.247341321631587441e+01
2.650492949111946217e+01,1.423464673146775006e+01
3.962581446239734362e+01,6.368594486594019166e+00
3.566294028163133589e+01,7.862591405621459195e+00
8.995856412612738495e+01,1.235705473442419322e+00
2.017645247517196339e+01,2.456463878909262277e+01
4.307816200971126364e+01,5.388720638448430300e+00
6.010948929469149249e+01,2.767667562538566717e+00
4.961016368819194611e+01,4.063110935048602101e+00
1.891923524556506919e+01,2.793784125412482311e+01
1.931726739872725318e+01,2.679838467536049862e+01
1.169862937206435838e+01,7.306847370522223173e+01
1.265897868141268390e+01,6.240259685659135158e+01
1.513125520978069893e+01,4.367672711553762355e+01
2.274215500503050436e+01,1.933467024339925899e+01
1.580291904121472868e+01,4.004288589504538010e+01
3.283001137012497139e+01,9.278076172256449539e+00
2.416555108862079493e+01,1.712405416569116312e+01
1.084595043478359422e+01,8.500897294471265297e+01
1.269801455717292704e+01,6.201951401190804347e+01
1.642756015927693980e+01,3.705560151094412191e+01
3.038466024163768964e+01,1.083156551894360753e+01
1.745806722443070313e+01,3.281010929411581856e+01
1.243513355046112423e+01,6.466943881904950331e+01
1.551917377979114754e+01,4.152052224678355685e+01
1.099143842257830883e+01,8.277342724781787808e+01
1.202776696073112106e+01,6.912417960996057786e+01
9.019607868960243025e+01,1.229206042110945196e+00
1.263702978402261401e+01,6.261955569700917579e+01
2.764794500940752542e+01,1.308200425302782222e+01
3.645204354097214861e+01,7.525861805773236490e+00
2.566103768872263657e+01,1.518628587270551478e+01
1.284723028857749405e+01,6.058721391116783650e+01
2.041029584084168036e+01,2.400498287883518955e+01
1.249307162709896879e+01,6.407100556741744413e+01
1.339851806668264089e+01,5.570401095870048636e+01
1.186873080281813486e+01,7.098906248972889443e+01
1.102535648569889482e+01,8.226492743487557391e+01
4.010370985703929847e+01,6.217716279113383315e+00
2.023789673491991437e+01,2.441570386874430554e+01
1.820453992529085241e+01,3.017453489069602668e+01
3.783187639685480264e+01,6.986895307930238275e+00
3.666439772470498326e+01,7.438937146803040967e+00
3.686014093356123311e+01,7.360139015534564955e+00
2.552034280362523333e+01,1.535419289827136780e+01
2.910304244274883345e+01,1.180655554603664115e+01
6.476774680970774511e+01,2.383869199979935072e+00
1.335030570325599264e+01,5.610706859865970131e+01
1.298982736195332954e+01,5.926431125000171107e+01
3.210483669729406841e+01,9.701950837430702634e+00
2.327730080738360030e+01,1.845588018814341424e+01
2.696247728539028898e+01,1.375562777978333528e+01
1.166592416490502870e+01,7.347874027361211802e+01
3.175331461402415556e+01,9.917948917925567542e+00
2.691068596571158622e+01,1.380862588376151656e+01
1.451945430590197361e+01,4.743505532000121860e+01
2.918300470804927116e+01,1.174194358885853262e+01
4.757093485160288537e+01,4.418924970766064497e+00
1.849819404015248026e+01,2.922411300204026219e+01
1.635864893398489883e+01,3.736845440668943752e+01
1.980376467017203268e+01,2.549790426262517329e+01
3.402673187376202435e+01,8.636932434045558438e+00
1.514745758246066920e+01,4.358334007273095523e+01
3.428118030517144632e+01,8.509194826191796679e+00
1.053658432877457152e+01,9.007417753932504922e+01
1.484230715100919262e+01,4.539386591307038543e+01
1.160157569652390386e+01,7.429610460238488656e+01
2.241654387939787441e+01,1.990044050423122002e+01
1.727855125990493335e+01,3.349541388504086115e+01
1.944965597270156366e+01,2.643480750183449857e+01
3.834159724062559604e+01,6.802359781501183811e+00
1.255193208609731848e+01,6.347151117736623860e+01
1.250656563492433548e+01,6.393282083187416731e+01
1.700586983020273379e+01,3.457819339929604041e+01
1.344974707671865310e+01,5.528047486744203098e+01
3.003003966566815564e+01,1.108889288388482441e+01
1.098699336668670057e+01,8.284041681014956282e+01
1.849308791782025807e+01,2.924025335648125790e+01
5.414864922026213634e+01,3.410552549002916489e+00
1.175338735540735513e+01,7.238922068604694005e+01
1.553194654024695254e+01,4.145226117943342103e+01
1.229050098207712161e+01,6.620043273470525946e+01
1.402141710598832347e+01,5.086466428263035056e+01
2.910561341730051765e+01,1.180446983062654631e+01
1.349253997562304086e+01,5.493037616206980545e+01
4.418657532957691103e+01,5.121761061455321951e+00
4.221475913856746587e+01,5.611401819076894171e+00
7.433500582717114469e+01,1.809727727314128343e+00
2.320221485415713047e+01,1.857552563235083198e+01
2.780794955657728451e+01,1.293189191388421833e+01
1.502612246192154899e+01,4.429004810829767536e+01
2.775744041965391418e+01,1.297899805706136256e+01
2.098990431200097717e+01,2.269755528102086473e+01
1.328632851635885181e+01,5.664871029899553889e+01
3.064530700721510215e+01,1.064809818291919186e+01
3.199535848702979024e+01,9.768458571181518835e+00
1.159376300417270578e+01,7.439627021433045684e+01
2.415197618928342749e+01,1.714330912333051771e+01
2.625067895422425934e+01,1.451172095653523009e+01
3.351292123994845440e+01,8.903800657373365013e+00
2.278252670900461041e+01,1.926620707537606236e+01
1.914488110073788718e+01,2.728315893685332227e+01
2.096291624373211349e+01,2.275603545403077277e+01
2.537654239689268110e+01,1.552870012442303960e+01
1.327013583831922183e+01,5.678704407274488375e+01
1.716878530723010599e+01,3.392507842017173658e+01
1.206396626237517644e+01,6.870997207058498191e+01
2.005141352627869367e+01,2.487196011919888505e+01
3.042954002589909734e+01,1.079963865831557257e+01
2.353498801749855929e+01,1.805394175184278893e+01
1.536397642774432093e+01,4.236358799239712170e+01
9.498753560491405779e+01,1.108324055368674399e+00
3.075328030809130198e+01,1.057345950968972126e+01
1.096329254097636152e+01,8.319897853446563829e+01
1.326188541270236065e+01,5.685772226132684892e+01
1.748400271403891537e+01,3.271284150909760058e+01
1.392756166133260187e+01,5.155251060237951322e+01
1.324523826575773455e+01,5.700073421020360342e+01
2.236342197273807741e+01,1.999509550976645400e+01
2.327859258222074956e+01,1.845383193887295192e+01
2.501842024754910554e+01,1.597644811622424577e+01
2.801412260423261102e+01,1.274224496473944868e+01
1.222569367387762185e+01,6.690413808435782528e+01
2.440039502271665484e+01,1.679601622337875000e+01
1.114740467013586134e+01,8.047342135249712669e+01
3.331077780059627003e+01,9.012192361516310868e+00
1.279743092148344275e+01,6.105966427021374443e+01
2.545388368351021313e+01,1.543447599453218366e+01
1.724375632904880362e+01,3.363072622040010629e+01
2.200658494088601103e+01,2.064879416678587987e+01
1.151382341785930841e+01,7.543291153618510236e+01
1.880293015987545502e+01,2.828452788948014884e+01
1.697747929407473677e+01,3.469393664348555717e+01
2.613015046689231013e+01,1.464590385683972329e+01
3.403458650522335915e+01,8.632946365753658924e+00
1.270212261891956551e+01,6.197940437026522886e+01
1.242250262706573771e+01,6.480101456057921894e+01
1.216634959412456674e+01,6.755840954747208116e+01
2.573837769033657352e+01,1.509515792533296263e+01
1.647852123921003198e+01,3.682676138105643560e+01
3.885773061267263273e+01,6.622853276331725603e+00
2.886492809258495740e+01,1.200214972246246781e+01
4.891654322179979175e+01,4.179155025329936102e+00
2.848077869618978397e+01,1.232810377627333587e+01
1.842031867357566810e+01,2.947173621869680105e+01
1.064177282410736325e+01,8.830230348422888653e+01
2.478426023334302997e+01,1.627976303093410593e+01
2.505144679719474610e+01,1.593435081543972309e+01
2.292652170625682828e+01,1.902495588428443796e+01
1.154415507106270056e+01,7.503704036273185807e+01
4.964458043540392396e+01,4.057479279464005550e+00
1.078392848570349827e+01,8.598961444704023904e+01
4.594111450226508708e+01,4.738020621712116132e+00
2.446446713399291895e+01,1.670815434637791341e+01
3.148920306001328129e+01,1.008501761263344498e+01
6.996844362797835970e+01,2.042657593208473177e+00
2.175661522069222542e+01,2.112600303871165863e+01
1.798503602014081793e+01,3.091557839719504841e+01
1.633912959753567051e+01,3.745779124908621327e+01
1.068266474380031283e+01,8.762757674811695097e+01
7.098670594338716455e+01,1.984476464334351542e+00
1.812684414475172190e+01,3.043375910104153093e+01
1.078772342301341070e+01,8.592912572564570439e+01
4.156213828017175871e+01,5.789009124570149822e+00
1.182049381024240198e+01,7.156962805042613240e+01
1.284483575395247179e+01,6.060980535679819781e+01
1.360839336998812144e+01,5.399907129121513094e+01
1.406106756122071388e+01,5.057820473563505459e+01
3.979064055994973614e+01,6.315942082118390033e+00
1.331511880874992926e+01,5.640400054703375332e+01
2.910090405606663921e+01,1.180829074358860353e+01
2.067910366059118843e+01,2.338495720532941391e+01
1.265857686210359390e+01,6.240655859203707223e+01
1.228737893038607609e+01,6.623407822273664181e+01
6.435101562939570385e+01,2.414844602752404867e+00
2.744020988568732378e+01,1.328082769489240533e+01
1.558150913397198600e+01,4.118897293778726265e+01
2.101304964531184538e+01,2.264758127290946277e+01
5.586755272550117013e+01,3.203912928569561558e+00
1.149474509719084736e+01,7.568351780167887455e+01
3.679969558495390913e+01,7.384337669107917890e+00
3.030172604834829286e+01,1.089093748053402422e+01
1.180228786198477486e+01,7.179060180473611297e+01
1.472844239930688914e+01,4.609845378872510224e+01
2.598931745197699072e+01,1.480506273929784378e+01
1.336524515204697039e+01,5.598170760441681892e+01
1.410704390713860690e+01,5.024906254421163965e+01
1.243213358152982906e+01,6.470065304524679561e+01
2.153056571388637153e+01,2.157193574182699436e+01
2.160366842233259277e+01,2.142619208198403413e+01
1.010431293979499223e+01,9.794593659958518117e+01
1.265875009677316321e+01,6.240485053942524019e+01
1.980650527232744906e+01,2.549084852251944255e+01
2.262123162045044467e+01,1.954193241315311269e+01
2.947780011122879884e+01,1.150826518648859853e+01
3.102887704161149429e+01,1.038646789804660209e+01
6.695383646561157320e+01,2.230740569074115776e+00
1.997589876247635488e+01,2.506036218212847189e+01
1.657243110895514704e+01,3.641057650004930224e+01
2.965120223039856029e+01,1.137405663184345705e+01
2.007382644624657786e+01,2.481645081727595681e+01
2.264564280728856360e+01,1.949982412323101499e+01
3.468011132996829815e+01,8.314555451269736608e+00
6.441539648581760957e+01,2.410019915521441902e+00
3.512613617084446815e+01,8.104742828581667169e+00
1.147074167676684908e+01,7.600059652299110269e+01
1.088523167410633974e+01,8.439654084106605580e+01
1.533562383867239021e+01,4.252037688223554568e+01
1.115963819366711718e+01,8.029708339739767098e+01
7.491441449010608267e+01,1.781842120566585530e+00
1.735088600924448343e+01,3.321671550108175097e+01
1.989413475428499112e+01,2.526677944096050155e+01
2.489958963740152598e+01,1.612930374778010290e+01
3.328783595451848498e+01,9.024618977538452214e+00
2.649704883967897473e+01,1.424311521954489024e+01
3.543298949185103197e+01,7.964974855701051126e+00
1.579562743552344806e+01,4.007986376469142442e+01
1.305835389002301561e+01,5.864393879414917166e+01
5.234870677379475978e+01,3.649119497299072368e+00
2.250402581865542118e+01,1.974601966365836248e+01
1.133512025012391433e+01,7.783012652900026751e+01
2.584423492554102708e+01,1.497175252009063762e+01
2.057826349767027097e+01,2.361470649657703547e+01
2.572960525626302086e+01,1.510545298044441864e+01
2.068634691744032139e+01,2.336858373952380674e+01
5.171449376758064176e+01,3.739172013647175774e+00
1.241294686732041264e+01,6.490082345829469546e+01
1.627721080565099143e+01,3.774331345747596345e+01
1.170900644178275307e+01,7.293901769079160147e+01
1.313435168863310665e+01,5.796725274377632786e+01
2.429632657500606996e+01,1.694020911575770327e+01
2.031267273431316056e+01,2.423627418583341964e+01
1.189136850246000954e+01,7.071903479414606863e+01
5.063355811201309820e+01,3.900525358787529040e+00
2.399514266886927416e+01,1.736814063387276974e+01
1.423962607674098280e+01,4.931770172742369596e+01
4.981350596300578815e+01,4.030006824173591795e+00
5.370048123418716557e+01,3.467716977830313407e+00
1.063750838148085620e+01,8.837311622957925294e+01
1.136214789829628735e+01,7.746029093566839663e+01
1.770735606061554890e+01,3.189279340498714177e+01
3.115048908805205485e+01,1.030552830236784168e+01
1.039935716176842462e+01,9.246705197852459435e+01
1.060539328264145276e+01,8.890914699253828246e+01
3.298246166783935962e+01,9.192504841015729511e+00
1.227633427915760400e+01,6.635330947624331088e+01
4.099193748302268858e+01,5.951180306670745601e+00
4.303106797841457620e+01,5.400522132546425880e+00
7.577288339688178098e+01,1.741696071750495234e+00
2.238061711214902871e+01,1.996438265011747504e+01
2.972685816972601103e+01,1.131623552524876608e+01
1.097711982534367614e+01,8.298950803670656740e+01
1.286433804768089928e+01,6.042617612604176713e+01
1.892487439161024909e+01,2.792119415872943478e+01
2.723717183412961518e+01,1.347956814435201167e+01
2.819864146800935245e+01,1.257603184886926151e+01
1.182168142409803480e+01,7.155524890934886173e+01
1.780265713536254069e+01,3.155225073547177317e+01
7.808239136476791487e+01,1.640188598786105789e+00
1.575610929113283909e+01,4.028116576044818231e+01
1.118473024619570388e+01,7.993720728996565583e+01
2.150770113698979102e+01,2.161782584933306595e+01
1.045557093744743327e+01,9.147543727206638664e+01
1.921418674330603338e+01,2.708669299356767723e+01
2.857902896835353346e+01,1.224348525926939146e+01
3.133917618995892340e+01,1.018180670435692470e+01
1.523535274897098191e+01,4.308191226197335766e+01
1.769337686311502011e+01,3.194320908136152326e+01
1.438087557027350805e+01,4.835365893197155884e+01
3.742292490445382924e+01,7.140432923014787825e+00
1.145351316994720214e+01,7.622941043639936254e+01
3.728302496939646460e+01,7.194120643569411833e+00
4.889226957860675782e+01,4.183305722390701753e+00
2.043392169668388902e+01,2.394950548114191591e+01
2.655465822999266123e+01,1.418138238806272966e+01
6.429659858169219433e+01,2.418933911528925673e+00
3.909988646301673043e+01,6.541073171575416012e+00
1.731913539996295626e+01,3.333861739281132230e+01
2.299489602451310333e+01,1.891198434279554164e+01
5.411820278051426669e+01,3.414391124080182305e+00
4.186614671976922608e+01,5.705241305563017562e+00
1.280179671605546687e+01,6.101802503754704077e+01
1.567504713061702581e+01,4.069886420187835796e+01
2.780985794183020587e+01,1.293011713422856168e+01
1.062764615641182253e+01,8.853720900079156308e+01
2.225717443987266009e+01,2.018644955556005627e+01
2.000713109334136774e+01,2.498218179695797758e+01
1.251674540873489327e+01,6.382887096635479907e+01
1.973074294305314424e+01,2.568698445871084957e+01
5.121174072225017682e+01,3.812948363263942486e+00
1.146677393778305110e+01,7.605320115313152485e+01
1.341867684394901339e+01,5.553676924297731432e+01
1.225875634713444740e+01,6.654373502231442217e+01
1.242765592181050138e+01,6.474728447764201178e+01
3.586790765890489752e+01,7.772986509934547428e+00
3.452268274264599768e+01,8.390559580466431910e+00
1.334902808851209244e+01,5.611780895338037567e+01
1.183969555303205112e+01,7.133767154659985010e+01
1.854785251326623197e+01,2.906783807645550866e+01
1.316274375485817139e+01,5.771745147111044361e+01
2.686058790593135726e+01,1.386018324331990925e+01
1.699318732951806155e+01,3.462982604473830150e+01
1.206936914537997829e+01,6.864846946105485870e+01
2.863386539645730267e+01,1.219663541174045029e+01
2.408278209079546528e+01,1.724196217093001948e+01
2.726865340850505959e+01,1.344846187293261330e+01
1.870758407413314472e+01,2.857357551717235822e+01
1.443059538639749384e+01,4.802103324192963640e+01
2.109378474265034242e+01,2.247454873704349509e+01
3.166374691911297390e+01,9.974138366250977938e+00
3.449781174353930879e+01,8.402662192961527055e+00
2.586660477538872271e+01,1.494586809973723796e+01
1.333011030963803378e+01,5.627720412598019806e+01
3.148815003226970077e+01,1.008569215089013049e+01
4.260749578777487301e+01,5.508431847419426930e+00
1.342195334594809886e+01,5.550965782031188667e+01
3.140934026015220937e+01,1.013636805057231882e+01
3.212881834007114179e+01,9.687472752224596917e+00
1.187791699778323284e+01,7.087930129185403416e+01
2.443224674430690513e+01,1.675225165954783790e+01
5.755394577798286804e+01,3.018907409909686645e+00
1.193732223112876412e+01,7.017560502357672192e+01
3.006282236258323337e+01,1.106472179284774171e+01
2.418758454409790559e+01,1.709287037927835229e+01
7.996696199085661760e+01,1.563791347118428376e+00
3.069327998529693602e+01,1.061483866946624488e+01
2.963837798172111704e+01,1.138390165694863754e+01
3.327571700340880057e+01,9.031193671759703889e+00
5.933576847973787238e+01,2.840317287336529439e+00
3.175839628053801178e+01,9.914775226393787833e+00
1.498648135806961612e+01,4.452466334390422986e+01
1.978349388964313604e+01,2.555018291681649245e+01
2.669108347872775155e+01,1.403678321951797869e+01
2.328655832811371695e+01,1.844120891475279223e+01
1.164829451507350022e+01,7.370132818196074709e+01
3.133322141020414975e+01,1.018567711250588914e+01
2.124584943388918390e+01,2.215398213971977626e+01
2.252151862105536750e+01,1.971535751496860200e+01
1.680112949949874590e+01,3.542607530233893698e+01
1.583198327234776848e+01,3.989600001107094585e+01
3.027193035908091190e+01,1.091238723177795578e+01
5.377641915541408224e+01,3.457930335385963172e+00
4.484941255112653380e+01,4.971488992412662178e+00
3.704155615874059748e+01,7.288221328097206353e+00
1.206636307539838349e+01,6.868267824581261038e+01
8.118437836449967904e+01,1.517242714594165598e+00
2.940166445083514191e+01,1.156794370015654927e+01
1.420546986787112864e+01,4.955514982085048814e+01
1.039604578252484934e+01,9.252596711758194203e+01
1.554048817614381051e+01,4.140670626340165938e+01
2.829023667050319091e+01,1.249472892878110564e+01
2.253663941373283564e+01,1.968891064149269710e+01
2.573061441797709747e+01,1.510426812370993233e+01
5.196179724930721733e+01,3.703664783155077966e+00
1.184637291987891849e+01,7.125727334265549473e+01
2.095045137524543222e+01,2.278312177937043259e+01
1.084193916138599256e+01,8.507188739327173721e+01
1.692694826166278688e+01,3.490138539963907505e+01
2.194525533928855054e+01,2.076436829488431002e+01
1.777638754777105845e+01,3.164557420199653848e+01
2.090024205563582171e+01,2.289271850881747383e+01
1.276911450383819258e+01,6.133077281643420520e+01
4.383497919172545920e+01,5.204252871812921732e+00
1.673829558280625562e+01,3.569254652923823556e+01
1.022090486807575438e+01,9.572410353948357908e+01
3.231256082338485669e+01,9.577612106757323218e+00
8.492703423353997039e+01,1.386462359523091381e+00
1.882867010268525121e+01,2.820724739252894153e+01
1.899557885120913525e+01,2.771372705181217100e+01
2.239471129600946497e+01,1.993926126035911395e+01
8.592652976811153565e+01,1.354395351611424436e+00
3.126309340242909940e+01,1.023142449772046092e+01
2.588551194476093542e+01,1.492404269730022648e+01
1.482915539093172441e+01,4.547441992401592614e+01
5.380195848638555134e+01,3.454648214473355683e+00
1.198622409444920400e+01,6.960416277615549063e+01
1.007844362444334152e+01,9.844939651526989621e+01
3.109110092564737826e+01,1.034493577887336357e+01
2.696180949479812128e+01,1.375630918750417031e+01
1.183056661856007352e+01,7.144780797709564979e+01
1.579909425360451003e+01,4.006227612970420182e+01
1.184866756293670242e+01,7.122967628605107393e+01
1.270125878354895299e+01,6.198783531767488597e+01
2.803785232284679196e+01,1.272068540095378175e+01
1.828061638423812241e+01,2.992390929901264585e+01
2.389828424454894318e+01,1.750921015606247977e+01
3.485220481044041207e+01,8.232646826724037581e+00
5.741081982515874671e+01,3.033978527043548201e+00
3.212233047897822757e+01,9.691386373916300201e+00
6.719045348271006901e+01,2.215056740482553632e+00
4.589449500146462668e+01,4.747651247037275368e+00
8.448248871867275511e+01,1.401091834418427995e+00
2.214892139788296888e+01,2.038425465249792623e+01
2.096120329134225813e+01,2.275975485863731862e+01
2.912791329809819274e+01,1.178640210968604229e+01
2.535903944207855076e+01,1.555014351825025365e+01
2.601088754337188647e+01,1.478051808326946848e+01
1.300912332372040403e+01,5.908863242005742222e+01
1.955007195907856854e+01,2.616394812954073501e+01
2.365953622945750467e+01,1.786436342251687037e+01
1.289245870067444777e+01,6.016286399579597344e+01
1.028523840392845479e+01,9.453035187227423819e+01
1.745667866233665677e+01,3.281532915144383367e+01
5.141555520889773589e+01,3.782778746075914356e+00
1.439999750756580355e+01,4.822532533620302786e+01
1.994890317839060856e+01,2.512823326793557754e+01
1.412885587003914267e+01,5.009403446856581610e+01
2.515020751503062613e+01,1.580945338726962568e+01
1.459722112952484174e+01,4.693098029163991214e+01
1.179126116610636643e+01,7.192493574300992520e+01
4.545162037498246832e+01,4.840622985078359086e+00
3.003992588608988612e+01,1.108159531594880676e+01
2.705641903432992379e+01,1.366027263482119380e+01
9.317465873011205701e+01,1.151872416543219257e+00
2.286851278600430959e+01,1.912159678895286063e+01
1.704116166905574303e+01,3.443512047764340878e+01
2.231979168992157625e+01,2.007334394067209615e+01
3.105152326424458309e+01,1.037132348853116603e+01
6.305330796638843083e+01,2.515267899060257939e+00
1.977801930474027259e+01,2.556432953104890515e+01
1.380190427360072647e+01,5.249548810295332402e+01
1.195280893593162297e+01,6.999387622091616379e+01
2.099527920957894267e+01,2.268593539087705580e+01
7.574774565240811341e+01,1.742852266571934372e+00
2.007605241017251885e+01,2.481094799623121006e+01
3.160653326461150314e+01,1.001028110919459735e+01
6.912418914005723991e+01,2.092858663750645221e+00
9.512350109682192567e+01,1.105157937091514553e+00
2.886798713462773947e+01,1.199960620357092189e+01
1.245750272994440699e+01,6.443740138305325615e+01
4.440379317132333625e+01,5.071773589400988769e+00
2.344504253236656055e+01,1.819273318185655341e+01
2.648482652803417281e+01,1.425626417947670888e+01
7.323556761579803265e+01,1.864472130860034937e+00
1.159018120215051795e+01,7.444225981216243326e+01
1.604182900124105871e+01,3.885905498035229044e+01
3.316118694216119422e+01,9.093684157487565756e+00
1.061810199233833885e+01,8.869644526043342125e+01
2.487264422794761742e+01,1.616426956035902052e+01
1.111783893476572871e+01,8.090199735160814498e+01
1.473046294312714011e+01,4.608580821769114522e+01
3.651245936816054893e+01,7.500976875969040947e+00
6.892119472734293595e+01,2.105205061927081456e+00
1.053509536049644346e+01,9.009964044519156801e+01
2.421068969864471754e+01,1.706026123291272256e+01
9.248582244970003785e+01,1.169094652585349614e+00
1.122536322124284247e+01,7.935954973725230843e+01
1.864398138187207721e+01,2.876886172645959050e+01
1.778406892157116914e+01,3.161824311266925491e+01
3.673922223041890334e+01,7.408667154691360501e+00
2.945752315875761340e+01,1.152411396362696117e+01
8.686553657534376782e+01,1.325271890926800866e+00
1.933599513447540730e+01,2.674649905784180248e+01
1.410880644581014209e+01,5.023650862843617659e+01
1.359587055881658024e+01,5.409859144991447977e+01
3.546510515007133080e+01,7.950555916958378155e+00
1.177903208363479415e+01,7.207435932145219226e+01
2.581336475449382561e+01,1.500758333301651604e+01
1.311634367511688204e+01,5.812653366658756227e+01
3.272245940559117372e+01,9.339166642997208001e+00
1.126032577809670521e+01,7.886750264539475097e+01
2.323031874169900135e+01,1.853060772087448882e+01
2.248065438314086606e+01,1.978709789091600868e+01
1.883457904241978653e+01,2.818955134748041758e+01
2.401931095816722461e+01,1.733320648715630341e+01
1.085438080237692482e+01,8.487697488833579484e+01
1.448771430619413358e+01,4.764312649649184550e+01
1.872992289111835618e+01,2.850545786032573403e+01
1.150328051295265830e+01,7.557124537154126642e+01
2.786866703369948794e+01,1.287560386095627507e+01
2.473428726884733919e+01,1.634561250168574986e+01
7.497597256485938999e+01,1.778917403801004715e+00
2.119560635101595736e+01,2.225913634917863959e+01
8.517105644149901877e+01,1.378529079090078824e+00
1.613263097574098026e+01,3.842285223551204609e+01
1.288189653258446832e+01,6.026156231882013969e+01
1.174052553356919937e+01,7.254791328399500117e+01
1.990700422882610354e+01,2.523412107980751884e+01
5.535189041692559186e+01,3.263886773750072301e+00
2.513503050255505755e+01,1.582855125242082472e+01
1.028796953784171286e+01,9.448016883466247862e+01
1.174627873679837009e+01,7.247686428482505505e+01
1.721531758188965355e+01,3.374193017443634801e+01
7.797537833310046551e+01,1.644693661811972962e+00
2.753447911574584239e+01,1.319004477372028106e+01
6.188757036710570958e+01,2.610917407158208636e+00
2.195146744148255280e+01,2.075261763388397185e+01
3.987234386134699804e+01,6.290084329000428021e+00
1.195201505132490993e+01,7.000317488831463208e+01
1.418605357681440182e+01,4.969089379892035652e+01
3.140726536641018285e+01,1.013770739553701539e+01
1.583161026366793678e+01,3.989788001308703969e+01
2.504493553207043277e+01,1.594263722285378471e+01
9.822246311480600411e+01,1.036521604443501943e+00
1.137544350879019817e+01,7.727932568475230823e+01
4.840140164326331274e+01,4.268586859558606506e+00
9.837382140511006412e+01,1.033334466993626632e+00
1.769093204884223169e+01,3.195203853245932635e+01
4.840861726321261216e+01,4.267314433005954477e+00
1.485083977955238765e+01,4.534171832670327973e+01
3.175643907808571953e+01,9.915997392413563816e+00
5.410468376352049091e+01,3.416097629885905373e+00
5.766599349775869143e+01,3.007187051276759782e+00
2.184046959296822621e+01,2.096409196352754734e+01
6.612449858131580527e+01,2.287047667108133897e+00
1.984717634588228208e+01,2.538648325595061905e+01
3.026830896204808141e+01,1.091499857361583636e+01
3.424338039588316462e+01,8.527991119980175228e+00
3.182123686075125235e+01,9.875654495114678966e+00
1.872131187812744102e+01,2.853168650502361814e+01
1.495825674019397233e+01,4.469284834721906208e+01
1.092934495985302945e+01,8.371662904635191182e+01
1.183554561234287839e+01,7.138770709503349110e+01
3.852397012307665847e+01,6.738107341751553570e+00
2.354279735763529047e+01,1.804196645543782296e+01
1.266777152204442203e+01,6.231599825316796881e+01
2.657801639885399325e+01,1.415646664122744980e+01
4.781743919229325712e+01,4.373482282372045837e+00
3.200745487258090094e+01,9.761076496395348912e+00
1.557256435692057828e+01,4.123630386957574245e+01
1.139382535954840137e+01,7.703017474580838098e+01
1.871816374589728937e+01,2.854128456992418350e+01
1.283963792114952085e+01,6.065888826780906129e+01
2.170026025481793397e+01,2.123587279008573248e+01
1.073767752799905928e+01,8.673198492701823170e+01
1.868574319012242668e+01,2.864041116470754389e+01
1.238936791622796285e+01,6.514809184989957203e+01
8.374319061305560297e+01,1.425939150185416615e+00
1.859806188712046904e+01,2.891110046859650495e+01
2.006739707718988086e+01,2.483235518993013358e+01
2.611495326016263974e+01,1.466295474634862650e+01
2.852581517098603570e+01,1.228920735587067981e+01
3.372602957127708834e+01,8.791633335181625597e+00
1.314874491397392120e+01,5.784041492232454118e+01
3.623770056748969637e+01,7.615154795900837215e+00
1.132540242893999682e+01,7.796374893182736798e+01
1.245031195800036095e+01,6.451185549578099199e+01
2.527407712406052198e+01,1.565486717569367414e+01
1.596136439226799375e+01,3.925183594353723748e+01
2.686524084373910881e+01,1.385538261739042731e+01
2.504558836606739902e+01,1.594180611760818067e+01
3.420808790176877778e+01,8.545596858996907130e+00
2.369523900934166249e+01,1.781056975308763768e+01
1.951765116171961978e+01,2.625094226352147331e+01
1.546263048405034901e+01,4.182473952529336003e+01
2.379682813419849197e+01,1.765882700088536339e+01
1.389150893658800712e+01,5.182044698172470731e+01
8.759728085616876569e+01,1.303223040334904992e+00
8.008965502102228129e+01,1.559003729180364450e+00
1.001522169876428769e+01,9.969625971698567923e+01
2.778201453335545423e+01,1.295604750292960006e+01
2.817235062027555159e+01,1.259951507321038378e+01
1.273458814527776894e+01,6.166378693180102033e+01
1.240703812811349316e+01,6.496265503341969350e+01
2.741203878318244591e+01,1.330813889265886552e+01
8.218008738680009628e+01,1.480699066296468080e+00
2.151883792039732057e+01,2.159545561299634286e+01
3.587113091343854876e+01,7.771589665858343210e+00
1.002374267539739350e+01,9.952683229816334176e+01
1.189286416090900111e+01,7.070124852004127547e+01
1.675104324859414717e+01,3.563824262474207671e+01
1.978436750224611629e+01,2.554792654253595430e+01
2.398974163898125411e+01,1.737596201083953673e+01
4.902497682271420132e+01,4.160688533095714625e+00
6.782896468638317344e+01,2.173549942308600436e+00
1.193414743028426805e+01,7.021294714724379560e+01
1.534175399725256028e+01,4.248640363804511111e+01
1.826764478228674804e+01,2.996642149571639280e+01
1.922614675026839492e+01,2.705300384315826889e+01
2.395169802830204020e+01,1.743120396630079227e+01
2.606086269754905160e+01,1.472388523571548546e+01
2.330351412269880029e+01,1.841438278092379477e+01
1.289269527617432587e+01,6.016065608988744629e+01
4.613246139442517091e+01,4.698797684218688708e+00
8.060931323601049314e+01,1.538967887217879804e+00
1.606952165709083857e+01,3.872523852620285822e+01
1.262308506989370827e+01,6.275798368295726704e+01
2.402807389148916783e+01,1.732056610352605119e+01
3.648338072948700983e+01,7.512938767446799559e+00
2.290370900783076635e+01,1.906287347431348778e+01
1.801743029228862625e+01,3.080450957814197466e+01
1.054985833463370604e+01,8.984765450322798586e+01
1.259224435758205374e+01,6.306577172503871509e+01
4.409433765166264863e+01,5.143211137897846008e+00
1.887632584972720906e+01,2.806500142731508163e+01
1.292111250962324931e+01,5.989632599331334717e+01
9.415533334762295681e+01,1.128002726617141072e+00
2.194846513973822510e+01,2.075829546885574572e+01
1.368867891933448888e+01,5.336750830408524848e+01
2.641034764315919148e+01,1.433678472634944079e+01
1.406789562283989703e+01,5.052911888837795829e+01
1.800943802634024493e+01,3.083185662380676106e+01
3.271641100651387291e+01,9.342620091993907749e+00
1.964555204944420908e+01,2.591024535931356709e+01
3.343372284498058633e+01,8.946033580710201605e+00
2.569746989330124265e+01,1.514325613624162337e+01
1.272744083948658300e+01,6.173306302533990930e+01
2.385892087744468526e+01,1.756703255487843762e+01
7.391564525391191864e+01,1.830320968316813124e+00
1.044251587502881584e+01,9.170430243315793462e+01
1.098573616756642934e+01,8.285937828105932113e+01
2.709122631852637042e+01,1.362519326738228997e+01
7.526947202416458538e+01,1.765071329325500038e+00
1.737678797515147977e+01,3.311776315261884918e+01
1.262441562740783851e+01,6.274475555283283512e+01
2.213957497069852209e+01,2.040146909016933208e+01
2.304391858351797495e+01,1.883160498235316282e+01
7.239031299581417045e+01,1.908266785423849976e+00
1.033696151920050177e+01,9.358671447805232901e+01
1.042457154805519259e+01,9.202028439598412035e+01
3.494530102467486898e+01,8.188840802644612893e+00
2.554530940973724640e+01,1.532419484648150920e+01
2.436375920658572625e+01,1.684656658364620441e+01
1.254281683354963306e+01,6.356379811576986327e+01
1.609914071623125764e+01,3.858287689022494504e+01
3.316889552330756885e+01,9.089457833068019355e+00
6.044004426530296570e+01,2.737476833337856519e+00
2.950961973206882405e+01,1.148346031192789596e+01
2.264213516081514044e+01,1.950586629079771583e+01
2.494376257443692424e+01,1.607222752665498433e+01
1.864478159651023503e+01,2.876639232019348924e+01
3.054257055713775415e+01,1.071985295999140320e+01
1.941263373776510903e+01,2.653573238336753093e+01
2.187597160454703271e+01,2.089610289115050890e+01
1.931592231213673116e+01,2.680211707833350587e+01
4.664929721011208841e+01,4.595256831543407472e+00
6.445666799646329537e+01,2.406934639102690454e+00
7.248203140630830887e+01,1.903440417944549212e+00
1.232980383933392510e+01,6.577906037579994347e+01
2.715271979375807021e+01,1.356354848713290728e+01
4.916910198142229405e+01,4.136332545074534295e+00
1.538287145748898865e+01,4.225958014865135937e+01
9.777689181811295782e+01,1.045990029623344419e+00
3.136697032574950583e+01,1.016377058960999591e+01
2.466579946951707214e+01,1.643650995784308932e+01
1.190397359637381491e+01,7.056934559895582026e+01
2.903313140009898774e+01,1.186348377595545145e+01
1.673405972904089722e+01,3.571061835939124762e+01
2.260304097239296439e+01,1.957339928156675768e+01
1.407336100078038577e+01,5.048988062705355873e+01
1.222944324844445241e+01,6.686311845786319452e+01
2.337591958241818091e+01,1.830048463577040607e+01
1.440869870549499332e+01,4.816709781559588777e+01
1.122143730016699870e+01,7.941508875983353732e+01
1.253484037534466999e+01,6.364472061358172539e+01
1.294555572289732126e+01,5.967035245966393830e+01
2.626924665452849794e+01,1.449121377848601533e+01
3.207514158635618173e+01,9.719923251808495479e+00
1.732115670369337934e+01,3.333083690321200265e+01
1.105985416026761392e+01,8.175252960073189001e+01
5.714042063056343324e+01,3.062761180366054159e+00
2.748219022837195880e+01,1.324028450211055308e+01
7.687631344646692355e+01,1.692056662417518842e+00
1.353751023704681167e+01,5.456603583681904013e+01
1.341787707056254497e+01,5.554338998536618988e+01
2.330981887763271843e+01,1.840442281766563681e+01
1.232941794245589051e+01,6.578317806106323928e+01
2.337528075488269508e+01,1.830148492435487029e+01
2.780528971471516897e+01,1.293436615047823857e+01
2.317897053504870541e+01,1.861280010415084263e+01
1.297646336118166843e+01,5.938644254415996215e+01
1.149336813694683812e+01,7.570165337978207276e+01
2.103176347912224387e+01,2.260729606182907503e+01
1.493605242742960115e+01,4.482583015509244007e+01
2.462650212835719543e+01,1.648900839932141693e+01
3.247719559370818132e+01,9.480755753864622548e+00
7.335932909781747924e+01,1.858186490227917487e+00
8.213943557241653082e+01,1.482165061243575721e+00
2.289419827064353541e+01,1.907871501074593468e+01
2.190690410013282374e+01,2.083713405903883142e+01
1.689165378869995493e+01,3.504738802859957048e+01
3.194668754225158835e+01,9.798245839410588687e+00
1.947980337227473413e+01,2.635304856339584845e+01
2.881476241685879813e+01,1.204397689828124562e+01
1.139648173305206846e+01,7.699426944227407432e+01
1.687909907482557870e+01,3.509954407875434157e+01
2.122180460310848815e+01,2.220421260187109525e+01
2.356701222163054510e+01,1.800490963100716257e+01
2.572604927113689399e+01,1.510962917383653448e+01
3.044933266954780748e+01,1.078560328158424397e+01
3.725287955190680123e+01,7.205768468892857825e+00
1.101499732265508591e+01,8.241973392262818265e+01
1.738394480230108385e+01,3.309050014414098229e+01
1.984537108600967414e+01,2.539110209464970325e+01
2.306236969449455998e+01,1.880148448361605773e+01
2.160100543694846209e+01,2.143147527619172266e+01
4.555395327612865941e+01,4.818899355299451237e+00
1.889517233468385982e+01,2.800904397575275340e+01
2.663504541628640609e+01,1.409590995188443330e+01
2.436703394327041750e+01,1.684203879723979469e+01
1.079629728729883453e+01,8.579269893038966188e+01
6.430738869757560394e+01,2.418122235357816674e+00
2.987976605916988504e+01,1.120071157985354304e+01
1.127244773569283964e+01,7.869797167803136517e+01
1.702592635074029914e+01,3.449677524324846445e+01
6.312334222645731785e+01,2.509689702483559604e+00
9.226545480678589684e+01,1.174685874069825386e+00
1.634148401980936072e+01,3.744699845881341815e+01
3.093733341118044677e+01,1.044802599665732323e+01
1.815119908867260179e+01,3.035214298080996898e+01
1.067470998922426872e+01,8.775822490428446088e+01
1.102639331111035226e+01,8.224945721634402673e+01
1.864814818820429565e+01,2.875600673609350011e+01
1.583539160259688217e+01,3.987882782949474603e+01
3.148145095489714151e+01,1.008998496578493054e+01
1.412427016732911689e+01,5.012656763845063068e+01
2.252618023482884269e+01,1.970719848652800366e+01
5.175945548699004206e+01,3.732678646150816348e+00
6.301406489672678646e+01,2.518401725427859450e+00
1.427267823173255579e+01,4.908954988626501859e+01
6.518041611254326995e+01,2.353779318737016624e+00
1.025323620257906398e+01,9.512136535520842529e+01
2.853643097716701504e+01,1.228006566766159757e+01
2.100294366967399284e+01,2.266938116651025226e+01
3.932897137233526053e+01,6.465093711393329556e+00
1.245884624143823416e+01,6.442350479585650191e+01
2.349139892600128121e+01,1.812100332039628370e+01
1.022320841026056293e+01,9.568097037439621033e+01
1.623223562221905425e+01,3.795275646485048071e+01
5.649601320386772585e+01,3.133028868245038456e+00
1.393116190891560180e+01,5.152586848591365509e+01
4.819209612738037407e+01,4.305745606162929562e+00
2.268018260239533390e+01,1.944047653439285739e+01
8.314594656843809162e+01,1.446497995863053720e+00
1.710069858742325621e+01,3.419576276034579365e+01
1.268580462243860474e+01,6.213895754189102405e+01
6.567292117961834208e+01,2.318608005845868014e+00
1.248659221946423337e+01,6.413751688866265965e+01
6.728564543570213630e+01,2.208793698122328841e+00
2.358412234214771530e+01,1.797879422851207210e+01
4.558724233140674897e+01,4.811864139808758267e+00
2.357715852489413066e+01,1.798941633356208669e+01
3.219090955223200723e+01,9.650137564863134898e+00
3.897776802944558483e+01,6.582124106958448628e+00
1.392090114764199882e+01,5.160185343464466001e+01
1.247614781728281486e+01,6.424494723097295434e+01
1.347232482575220835e+01,5.509534529618234444e+01
1.883931458706509687e+01,2.817538139447066570e+01
2.108870687484172635e+01,2.248537315864637165e+01
3.339103171718286234e+01,8.968923583633870322e+00
2.813421777969358217e+01,1.263369273584475039e+01
2.347291219544712604e+01,1.814955793870698741e+01
1.694067198500700400e+01,3.484486072964246262e+01
3.830949356722246080e+01,6.813765426362925481e+00
1.721979842350665635e+01,3.372437217868787940e+01
3.679861722143645153e+01,7.384770463469225277e+00
2.213839860489411038e+01,2.040363728929318654e+01
1.086141566504782396e+01,8.476706205328335386e+01
1.351902269323265315e+01,5.471537825204791261e+01
1.811495607490791571e+01,3.047371695341355746e+01
3.789706823673243719e+01,6.962877788486680153e+00
7.614954834512423076e+01,1.724508488314378418e+00
1.908107379822113359e+01,2.746593434341465567e+01
4.368215650734496336e+01,5.240730884397167166e+00
4.991267333837718212e+01,4.014008955827516267e+00
3.200554323580210081e+01,9.762242556283649009e+00
1.153023027983865845e+01,7.521839078357352548e+01
1.261487915492255496e+01,6.283965773938682986e+01
9.698386746560379379e+01,1.063165812068668892e+00
3.590634937983110575e+01,7.756351734728153424e+00
2.238133779204549256e+01,1.996309696311261206e+01
1.028873861326356298e+01,9.446604472038464451e+01
1.315613546353422691e+01,5.777544867346495749e+01
1.058379714507690039e+01,8.927235371500479744e+01
1.701657122830211932e+01,3.453471593792401961e+01
3.390763667425285632e+01,8.697710696400100971e+00
2.907060452151925034e+01,1.183291851962503927e+01
1.687719746471627857e+01,3.510745408966922554e+01
3.099824742582045189e+01,1.040700394267564377e+01
8.334858024353151507e+01,1.439473211362142013e+00
1.883109908888975781e+01,2.819997106780120788e+01
1.030388648471413227e+01,9.418849747288257390e+01
2.333307644440869666e+01,1.836775137699766702e+01
1.624845526588299549e+01,3.787702336511470236e+01
1.155766529704557755e+01,7.486171518600301056e+01
1.251056251731377955e+01,6.389197676166067197e+01
2.464207439166091262e+01,1.646817492202579558e+01
3.216294148516830376e+01,9.666927884983035568e+00
2.635725319339137585e+01,1.439460337543385826e+01
3.714343258890858124e+01,7.248296115829724329e+00
1.975056307084073381e+01,2.563545541051447074e+01
1.520750274518402811e+01,4.323985141678263489e+01
2.348765342034444714e+01,1.812678318532590893e+01
2.123250087021770227e+01,2.218184666699429286e+01
1.408444804067126910e+01,5.041042234896000451e+01
2.345468303233685958e+01,1.817778085876760841e+01
1.199180688393434657e+01,6.953936938199831275e+01
2.601538252900454040e+01,1.477541091433241505e+01
2.152600935513244096e+01,2.158106886808219471e+01
2.732255014794278480e+01,1.339545705898150629e+01
5.286485927705109589e+01,3.578210114875207015e+00
1.079337698119806355e+01,8.583913015136594993e+01
2.282657550407044766e+01,1.919192222459659192e+01
2.042534689225557543e+01,2.396961827859079008e+01
2.120811966371508461e+01,2.223287722139605194e+01
2.275789759295188830e+01,1.930793029788387472e+01
2.776735857373739691e+01,1.296972784057514971e+01
2.844777987210288472e+01,1.235672104460656406e+01
2.931605647995179353e+01,1.163560314978259669e+01
1.868451970718095012e+01,2.864416209888294418e+01
1.928314117932869465e+01,2.689332115756301889e+01
5.854740323986163020e+01,2.917324403841110581e+00
2.487798355602223666e+01,1.615733193404252788e+01
2.011204140775575766e+01,2.472223276126327107e+01
3.690152789816246326e+01,7.343638723530708567e+00
2.260954184393845523e+01,1.956214510736003120e+01
2.990989764391456873e+01,1.117815548849800678e+01
1.892713232938999468e+01,2.791453276305987430e+01
1.340744006514147912e+01,5.562989901252385039e+01
1.695033725251962053e+01,3.480513421846325173e+01
2.971028802245832168e+01,1.132886172253994950e+01
1.565096847280408987e+01,4.082418908002021851e+01
2.580848608681497325e+01,1.501325774039795391e+01
1.854348001304507676e+01,2.908154792090069307e+01
7.078014045665216258e+01,1.996076399226442977e+00
2.278918020216124063e+01,1.925495885467907087e+01
3.047520056433669566e+01,1.076730102694410540e+01
2.236185004372318375e+01,1.999790672399465663e+01
6.877650267557683605e+01,2.114072243116901895e+00
1.404781867998845790e+01,5.067365309523277261e+01
2.232138216647693341e+01,2.007048345064858097e+01
1.506230126319175966e+01,4.407753921866222413e+01
1.935273010659424386e+01,2.670026182049592123e+01
5.168534362320266240e+01,3.743390932716538000e+00
1.395689034396243144e+01,5.133607576929806982e+01
1.930637991494323558e+01,2.682861812650277145e+01
3.314328444231865234e+01,9.103510802640034427e+00
4.882146428001154703e+01,4.195448537167529857e+00
1.091330358884635210e+01,8.396291862773863102e+01
6.027302260282471735e+01,2.752669415583775869e+00
2.237754200901556700e+01,1.996987000470501528e+01
2.170399614638475683e+01,2.122856279153915438e+01
1.861853000028452243e+01,2.884756909362279131e+01
1.210272997471760270e+01,6.827053597251979511e+01
2.130949864369924640e+01,2.202183660254888409e+01
3.265039903440450786e+01,9.380435753459911652e+00
1.072592060708962869e+01,8.692222686205323612e+01
2.884241208813024571e+01,1.202089613924752776e+01
1.388857600369959400e+01,5.184233575435125374e+01
7.503213969294775154e+01,1.776255097099933788e+00
1.291570158640949373e+01,5.994652261745585520e+01
5.097125086427290341e+01,3.849013345276130593e+00
2.949748207445392723e+01,1.149291271100009659e+01
2.738566779957351116e+01,1.333378133365502904e+01
1.811328843080603335e+01,3.047932848595620214e+01
2.000534328865938249e+01,2.498664712970781565e+01
8.436739584351548160e+01,1.404917143411254177e+00
4.296597974610342163e+01,5.416896794035338303e+00
2.720003962256557273e+01,1.351639660713704316e+01
2.078643292852196112e+01,2.314408754520717437e+01
1.849847973781179888e+01,2.922321031205447284e+01
2.350760515432022402e+01,1.809602656197321124e+01
2.149487852048661196e+01,2.164362546203690840e+01
2.862566098857556440e+01,1.220362777511246399e+01
2.881256620025955328e+01,1.204581305476324715e+01
1.140666581784351052e+01,7.685684696594769605e+01
1.016850287224445637e+01,9.671324798286849500e+01
1.137547017624136991e+01,7.727896335419421803e+01
9.768302655375272536e+01,1.048001214299847828e+00
3.647712383012180482e+01,7.515516368335805275e+00
1.816216752173115978e+01,3.031549372939209519e+01
9.994587116507489100e+01,1.001083456312537701e+00
1.311153417885672923e+01,5.816918475770059871e+01
1.257614745123348676e+01,6.322731777995645785e+01
2.548828768872323636e+01,1.539283730755655810e+01
1.929791153539742865e+01,2.685216935584876552e+01
1.249081135047835645e+01,6.409419562203895282e+01
1.380695692832764898e+01,5.245707369420043165e+01
2.369263706756106558e+01,1.781448190605764736e+01
2.424225984294604785e+01,1.701585578453696002e+01
4.662581493920998099e+01,4.599886637528388889e+00
1.733058328784958135e+01,3.329458763405449417e+01
4.957641344967861841e+01,4.068644923132242575e+00
2.255714748629879907e+01,1.965312614726657259e+01
2.399091582526737909e+01,1.737426119064844343e+01
1.937920356605675565e+01,2.662736248875752665e+01
1.889188515343229824e+01,2.801879195099470721e+01
3.028866908200827623e+01,1.090032932633329565e+01
1.805145678026437395e+01,3.068848776309232917e+01
1.042698835004890157e+01,9.197763180529902627e+01
2.223056069265603440e+01,2.023481168686165432e+01
4.240575901555499883e+01,5.560967001484242722e+00
2.407543018839470861e+01,1.725249411794759524e+01
1.175613738364228844e+01,7.235535767296499898e+01
1.019344537295411612e+01,9.624052872899322608e+01
2.545218005436248276e+01,1.543654226179391742e+01
1.903298387906454892e+01,2.760490395762303351e+01
2.568968282450703100e+01,1.515243798954273657e+01
2.130777047795618984e+01,2.202540890749521552e+01
3.516041866698743235e+01,8.088945783568066261e+00
2.579552691775007389e+01,1.502834626464491841e+01
1.842592909917181743e+01,2.945379152682455626e+01
1.707772566022532956e+01,3.428782480212702666e+01
8.509853278579288371e+01,1.380879732300575924e+00
3.423721291506559794e+01,8.531063856017937042e+00
1.051041297093046012e+01,9.052331279313349910e+01
3.054914325062269498e+01,1.071524067168420125e+01
1.253612876417733446e+01,6.363163923333326011e+01
2.933587215533853865e+01,1.161988931912621581e+01
2.919016250779471022e+01,1.173618574655978541e+01
1.741392744942163873e+01,3.297665027582780795e+01
2.124326061823652978e+01,2.215938207068199617e+01
1.563935862975692714e+01,4.088482306910477604e+01
2.562046573531224070e+01,1.523442122975693458e+01
2.244910851651953010e+01,1.984274729182052965e+01
1.702593575147484728e+01,3.449673714902068156e+01
6.812597682116998499e+01,2.154638993050207230e+00
2.885251045861476626e+01,1.201248299132022090e+01
1.683232245923133164e+01,3.529489670447775751e+01
2.265612561781351886e+01,1.948178346836625963e+01
1.531334134035987482e+01,4.264421001981814641e+01
2.411129852091237780e+01,1.720120215508714878e+01
3.497918960126916943e+01,8.172981445464392536e+00
1.219506474022543507e+01,6.724063089066719101e+01
2.224452267497003888e+01,2.020941852158947327e+01
2.541119696858283206e+01,1.548637441207565679e+01
3.039605101909430118e+01,1.082344888338285926e+01
1.011932866401304487e+01,9.765547504056215189e+01
3.808915603116527393e+01,6.892825761221542891e+00
2.270025779615668071e+01,1.940610698963973846e+01
1.737810616443821843e+01,3.311273915006459134e+01
1.779343563460915689e+01,3.158496330488371839e+01
1.085800278413199926e+01,8.482035829208679445e+01
2.529362648223115073e+01,1.563067733987871399e+01
1.329368366283098446e+01,5.658604229706303101e+01
1.017829148525592231e+01,9.652731631903590426e+01
2.538966082166532701e+01,1.551265741645073248e+01
1.780322442486261281e+01,3.155023997888702425e+01
2.238313515506906271e+01,1.995989102333236076e+01
1.556356840942343922e+01,4.128398789994711393e+01
2.262014116912511952e+01,1.954381657820541562e+01
1.294821082678178215e+01,5.964588348195925249e+01
2.406830945034032965e+01,1.726270411334752097e+01
1.112705883710111898e+01,8.076798179644281106e+01
2.900924363506776515e+01,1.188302987626615170e+01
1.851988606115947533e+01,2.915569370233026092e+01
2.744429858591777815e+01,1.327687078718473934e+01
1.693849652245876314e+01,3.485381176697502781e+01
2.998404732011754348e+01,1.112293734319253957e+01
1.893589521534678610e+01,2.788870295513716968e+01
1.238076027017080527e+01,6.523871094601545906e+01
1.028951904659119876e+01,9.445171525495645426e+01
3.023517439996722089e+01,1.093893505671305455e+01
1.603337052801224516e+01,3.890006631681796279e+01
6.770382256179584601e+01,2.181592443572944795e+00
2.878308796973811567e+01,1.207049915424922304e+01
1.736130721958046408e+01,3.317685047445756652e+01
2.993408441599155978e+01,1.116009886326182254e+01
2.569230078779498783e+01,1.514935017692063823e+01
1.987670746142625688e+01,2.531110515239280545e+01
2.188564783298342320e+01,2.087762952736940036e+01
1.072170647706078839e+01,8.699056925772786997e+01
1.491868637896094008e+01,4.493024961857626209e+01
1.807968269738072564e+01,3.059274111040673105e+01
2.645636431101808839e+01,1.428695495350775424e+01
1.374696157268411234e+01,5.291594576392388660e+01
5.712188700986384760e+01,3.064748974038209006e+00
2.470957561380620859e+01,1.637832282617362623e+01
4.270839937945601150e+01,5.482433965483133775e+00
4.779993613897019600e+01,4.376685772373425820e+00
2.087454176979407805e+01,2.294912325268380116e+01
2.051790573958362884e+01,2.375384615498087371e+01
1.067537230984123120e+01,8.774733586418162190e+01
1.274992901111288646e+01,6.151548700374959822e+01
2.346449629553937655e+01,1.816257950569028523e+01
2.493317642090824648e+01,1.608587834956106022e+01
1.174597767543327542e+01,7.248057964406316955e+01
1.283242232234476177e+01,6.072712374916297051e+01
1.641470465134790757e+01,3.711366592672310105e+01
2.375375820816250538e+01,1.772292244949458606e+01
1.853840988472677509e+01,2.909745730508934614e+01
1.911489683617588398e+01,2.736882061580901748e+01
3.435294663650217473e+01,8.473679047813867271e+00
2.328929200262109234e+01,1.843687994639956429e+01
9.221358763927150903e+01,1.176007691504328490e+00
1.111728125884429197e+01,8.091011412520997226e+01
1.326172610647934391e+01,5.685908827406353794e+01
1.007170634215512273e+01,9.858115238618431420e+01
1.051997776455760736e+01,9.035877951862640600e+01
1.422509698631871800e+01,4.941849643912262735e+01
1.688813306578753526e+01,3.506200243311054976e+01
4.145514930432827327e+01,5.818928659370722123e+00
2.490192499046829866e+01,1.612627861195515777e+01
5.265154858223688450e+01,3.607262123807317700e+00
2.615690753538782687e+01,1.461595528469834271e+01
1.036807521506487895e+01,9.302586602002799054e+01
1.748028099540335489e+01,3.272677274424802363e+01
3.439991636151825816e+01,8.450554883722292132e+00
3.672947288500537866e+01,7.412600739121891102e+00
1.961089280339545127e+01,2.600191106192959722e+01
2.600548250694951946e+01,1.478666275224358451e+01
4.581978264411685586e+01,4.763146624112938099e+00
1.074659496147048721e+01,8.658810571379044063e+01
3.802054467072776589e+01,6.917725608128179715e+00
6.501236950891544097e+01,2.365963333350403985e+00
2.290986677004526229e+01,1.905262733297078270e+01
3.279344785049408273e+01,9.298777151399729490e+00
1.840142330216579225e+01,2.953229298179444839e+01
1.170004658621282978e+01,7.305077336491909534e+01
1.012808934549336115e+01,9.748660636824349979e+01
2.327596392906933076e+01,1.845800031297573440e+01
4.555252167889693027e+01,4.819202250995550330e+00
1.421532882843911771e+01,4.948643627167751191e+01
1.675585659795553184e+01,3.561777041875640037e+01
1.589826067647952890e+01,3.956405279607002967e+01
2.850654442814217049e+01,1.230582825515362799e+01
2.502159790038498954e+01,1.597239047112784327e+01
1.136338072015456646e+01,7.744348439507679416e+01
2.271527808053571817e+01,1.938045122847565693e+01
2.017577419225839108e+01,2.456629047835950175e+01
2.448469785087880979e+01,1.668055520694482752e+01
1.341144094147398569e+01,5.559671314543905396e+01
1.435789708022018729e+01,4.850855392340232441e+01
2.112326397821585289e+01,2.241186238250258711e+01
1.121607857353227367e+01,7.949099147569572210e+01
1.008227750441985471e+01,9.837453814984741030e+01
2.748561199881834938e+01,1.323698805783864429e+01
1.492056421520214649e+01,4.491894088513671335e+01
1.034861774729289863e+01,9.337600928745260376e+01
2.482665929394716997e+01,1.622420523330175968e+01
9.957341365732615657e+01,1.008586631803831235e+00
1.612516343401056318e+01,3.845844761918235832e+01
2.102488914602295722e+01,2.262208191768731425e+01
1.618392982072077046e+01,3.817965739867706532e+01
1.334727168382516815e+01,5.613257932297507580e+01
1.240102256975949402e+01,6.502569522586925643e+01
1.626934454562281473e+01,3.777982021319746053e+01
4.069264322854203186e+01,6.039044063971651610e+00
8.909197713056634882e+01,1.259861504661720977e+00
2.779977116405858339e+01,1.293950187905185523e+01
1.483283809922305174e+01,4.545184188028494532e+01
2.812412847454776355e+01,1.264275883329204930e+01
1.051490945599061178e+01,9.044590847599205574e+01
1.738475374326174361e+01,3.308742070584864337e+01
2.581792159226012018e+01,1.500228615313792524e+01
1.910677343743744316e+01,2.739209771236625457e+01
1.469785641432098977e+01,4.629051358761522295e+01
1.526174664834250372e+01,4.293302807141038357e+01
2.876197936216583528e+01,1.208822289455234866e+01
1.445095684808126713e+01,4.788580488416868519e+01
3.217092462040373135e+01,9.662130831839032652e+00
2.772318451688370899e+01,1.301109263715714448e+01
1.037441302866934834e+01,9.291224021627408547e+01
2.369699552227345407e+01,1.780792947435689655e+01
2.478909003016343959e+01,1.627341989466995642e+01
6.751745714629686290e+01,2.193652569133358821e+00
2.783586172724971419e+01,1.290597023023716261e+01
3.069014398329341020e+01,1.061700808620730463e+01
2.097047702950992232e+01,2.273962929478863515e+01
3.247783808269132066e+01,9.480380653720445139e+00
1.957546135380977148e+01,2.609612280431009168e+01
1.219945043449605748e+01,6.719229365717896485e+01
2.544341610803013154e+01,1.544717828069381049e+01
2.251763937497373291e+01,1.972215106113088723e+01
1.698720014744746010e+01,3.465424108779322410e+01
1.118247173639788627e+01,7.996950018580213282e+01
2.114065000904898284e+01,2.237501459351218003e+01
9.890170125294260117e+01,1.022333226042951182e+00
1.135741479161606726e+01,7.752486623237653873e+01
3.522806584501258698e+01,8.057909792031209051e+00
1.435698227346258093e+01,4.851473591427926380e+01
1.378462579864054760e+01,5.262717255493866020e+01
2.810037246506600184e+01,1.266414420483484271e+01
1.094532267824916083e+01,8.347239240489159329e+01
1.976023128336170487e+01,2.561037590672718522e+01
5.032333090893808958e+01,3.948764568433318800e+00
1.056244217518586481e+01,8.963369734490709106e+01
1.395238258049030655e+01,5.136925265047437250e+01
1.017373004541041936e+01,9.661389267814060133e+01
3.800984312441741508e+01,6.921621482268866643e+00
3.251945639923900444e+01,9.456130247971168856e+00
1.298399902431678221e+01,5.931752905147321542e+01
3.884903058402422005e+01,6.625819912260808131e+00
2.634630949547053547e+01,1.440656428467676342e+01
1.259946431824735846e+01,6.299351437845565727e+01
1.952405406553917189e+01,2.623372711991704875e+01
2.865522598754273886e+01,1.217845860596403007e+01
1.312422767116780165e+01,5.805671901121896639e+01
2.860626909793250405e+01,1.222017880637157994e+01
1.883080662032629959e+01,2.820084704398666631e+01
1.000180275227797466e+01,9.996395470184482690e+01
3.136871225313382539e+01,1.016264181781969533e+01
2.274001409306174892e+01,1.933831103054442835e+01
1.010931475709443639e+01,9.784903854164859638e+01
3.492984795204314707e+01,8.196087942301145901e+00
2.460630238682416859e+01,1.651609173883040782e+01
2.307288801399176847e+01,1.878434619178899112e+01
1.758296182875940161e+01,3.234565376358317934e+01
1.435884816656501251e+01,4.850212801865558276e+01
1.416247002279883027e+01,4.985652360764611046e+01
6.495912502008920342e+01,2.369843500654049695e+00
1.850752500971934822e+01,2.919465249148716168e+01
1.574759792973281947e+01,4.032472036644472979e+01
3.035836872912060613e+01,1.085033474580202117e+01
3.473849961703063371e+01,8.286628818519567119e+00
1.074644819044324606e+01,8.659047090678856762e+01
2.296892484387667466e+01,1.895477644109701387e+01
1.186392858069299017e+01,7.104654332150889218e+01
3.074095127399626293e+01,1.058194244068164380e+01
2.846264033433703489e+01,1.234382142263440585e+01
1.450395464749277252e+01,4.753649248281558926e+01
1.184432320397242400e+01,7.128193829008198179e+01
1.049870325481352573e+01,9.072535554168560168e+01
2.790191755833505738e+01,1.284493460761237316e+01
1.238242077624994586e+01,6.522121484981619233e+01
1.024897396131148142e+01,9.520049805932424647e+01
1.511593307303377287e+01,4.376531707650934777e+01
2.318214643105070039e+01,1.860770063948368502e+01
1.873859313361112910e+01,2.847908533033169576e+01
1.044418140474756740e+01,9.167505666334113812e+01
3.384287199938877677e+01,8.731031946415287237e+00
3.659052248476366032e+01,7.469005481202111163e+00
1.499187892465473304e+01,4.449260844619766431e+01
2.039446758253005143e+01,2.404225813611942542e+01
1.561591405063456683e+01,4.100767812547661606e+01
2.110614351545352463e+01,2.244823634885414521e+01
2.100401777943668336e+01,2.266706267856311641e+01
2.781492428804177663e+01,1.292540725378702149e+01
1.961659979986361790e+01,2.598678395219810611e+01
9.334591372579369306e+01,1.147649779580437457e+00
1.516111587498394542e+01,4.350484903307552997e+01
1.874978382524965070e+01,2.844510034599307957e+01
1.723605236422960019e+01,3.366079665980600311e+01
1.907806662347818971e+01,2.747459364576167218e+01
4.532710255707873159e+01,4.867254809057544485e+00
1.846939146465065207e+01,2.931533268857299035e+01
1.835258233152730867e+01,2.968968828555293271e+01
8.568482250234559672e+01,1.362047323587034064e+00
1.676035197127138687e+01,3.559866655955813286e+01
4.177319551804269082e+01,5.730659473112334368e+00
2.429101585508807304e+01,1.694761716661474793e+01
1.551249945052726353e+01,4.155625875127682178e+01
1.243716437834929422e+01,6.464832117946174606e+01
3.838403765743347407e+01,6.787325647519930172e+00
1.147249451576331758e+01,7.597737461038762774e+01
1.926960607359363209e+01,2.693111453885988738e+01
1.080316056026040350e+01,8.568372495584966941e+01
1.219810443635556751e+01,6.720712312394128674e+01
1.858057387858081455e+01,2.896554824927681082e+01
2.547132331715421216e+01,1.541334796316499300e+01
2.075029070694699129e+01,2.322478108618677339e+01
2.856502907721376872e+01,1.225548941051650509e+01
1.144767339614063317e+01,7.630720372133751539e+01
2.760540290947206188e+01,1.312235611943351721e+01
7.873270173106594427e+01,1.613205487988671250e+00
1.043997840224723817e+01,9.174888594498835914e+01
3.065681621022991621e+01,1.064010465099108060e+01
1.110146853338747341e+01,8.114077200637085241e+01
1.443281888969604232e+01,4.800623825256288058e+01
1.033666951052013872e+01,9.359200216166713915e+01
2.200635672805265486e+01,2.064922243797266077e+01
2.920192035237812078e+01,1.172673674691967882e+01
5.741196523331757362e+01,3.033857468338147179e+00
5.943797689982255861e+01,2.830557374342169030e+00
1.919578207176733287e+01,2.713865864663418037e+01
2.358538475291599212e+01,1.797686964544907440e+01
1.773094688803092112e+01,3.180798384857796179e+01
2.319511851710950978e+01,1.858689339966093357e+01
2.816472892726510935e+01,1.260633513738123312e+01
2.562570516608021975e+01,1.522819220816785268e+01
1.179862577794088629e+01,7.183517377821259231e+01
1.060122895334861148e+01,8.897901053124020621e+01
9.559208219200689882e+01,1.094349784995379160e+00
1.161820918106926115e+01,7.408352132814133029e+01
5.870826873872359641e+01,2.901358888263789737e+00
1.160356946328889727e+01,7.427057515154525902e+01
1.974404188385568659e+01,2.565239228764822954e+01
1.275922506297464842e+01,6.142588237079571201e+01
2.675663820136896476e+01,1.396808623374795388e+01
3.232399010777745474e+01,9.570840300457495786e+00
2.987679222533768808e+01,1.120294145195790847e+01
2.742472624480031484e+01,1.329582829066472982e+01
1.452941182686140387e+01,4.737005974976934652e+01
1.231207090985352437e+01,6.596867842843043661e+01
4.246817123933131199e+01,5.544633956101484351e+00
1.090819152859357821e+01,8.404163453118448501e+01
1.978549888744969820e+01,2.554500483509566422e+01
2.214586675068344945e+01,2.038987836561859623e+01
2.169374622130149177e+01,2.124862779829997095e+01
1.148512340648747987e+01,7.581037902919059945e+01
2.755231539812799824e+01,1.317297287175089515e+01
1.719797360308414724e+01,3.381002126808927954e+01
1.958008210212955547e+01,2.608380729035355827e+01
1.050857622949047965e+01,9.055495979208536994e+01
1.457651093688011912e+01,4.706443336779507547e+01
1.433906839538479794e+01,4.863603109438749783e+01
3.837136596841759228e+01,6.791809255494806408e+00
3.092952251983929557e+01,1.045330371799058256e+01
5.358815297572040492e+01,3.482269853204364107e+00
1.779562526939838207e+01,3.157719113856658666e+01
3.182129029363757056e+01,9.875621329628549105e+00
2.893013441666115781e+01,1.194810682901490573e+01
3.684056088469462509e+01,7.367964638949239031e+00
2.959653499345409600e+01,1.141611307501124806e+01
1.389414557441033971e+01,5.180078131956314991e+01
1.528989841959802831e+01,4.277507697489924965e+01
4.373002064245491738e+01,5.229264812855699773e+00
1.198893037847417631e+01,6.957274256310194005e+01
6.005464379192599722e+01,2.772725070938028225e+00
1.561774126098078064e+01,4.099808323345412475e+01
3.036083211616054811e+01,1.084857408986536420e+01
1.272170841426743237e+01,6.178870962331917838e+01
3.131193368622587414e+01,1.019953148458226089e+01
5.176892118357071837e+01,3.731313766508341789e+00
2.781113132976892643e+01,1.292893309909765698e+01
3.336830055823848795e+01,8.981147368823773292e+00
1.139765023804117661e+01,7.697848310486992318e+01
7.446499914345451998e+01,1.803414770307146142e+00
1.949075985948189782e+01,2.632342881674341228e+01
1.028160789234138406e+01,9.459712238783585292e+01
1.465533049334209537e+01,4.655954918891333705e+01
3.096804679378440639e+01,1.042731205920133419e+01
1.452656375532931143e+01,4.738863627570371051e+01
2.056964873174435482e+01,2.363449076920410619e+01
4.316260110695979080e+01,5.367657328207672940e+00
2.420727183421906759e+01,1.706507910555676943e+01
5.036816748188370951e+01,3.941737500466399258e+00
8.303936190222876235e+01,1.450213666296946702e+00
7.308847701055105972e+01,1.871984184904159854e+00
1.512666720014070521e+01,4.370322596449526031e+01
1.149636442002573666e+01,7.566219846753206468e+01
3.030707055956836982e+01,1.088709668667019770e+01
1.133494362489107488e+01,7.783255210283257952e+01
4.196626078286149664e+01,5.678053103212505448e+00
3.922745359645020358e+01,6.498599388196621973e+00
2.042484878377707957e+01,2.397078740506055894e+01
2.478110566721208841e+01,1.628390803224913697e+01
1.757952381137721076e+01,3.235830664260447520e+01
1.101823845729194851e+01,8.237125173279214607e+01
1.124278129025602446e+01,7.911384196968955962e+01
1.713572569379367039e+01,3.405610664627926099e+01
1.977014493709778975e+01,2.558469792176806479e+01
9.113460920703612089e+01,1.204018967830152054e+00
2.001359258612017555e+01,2.496605314553391608e+01
1.990089500627265906e+01,2.524961631496117320e+01
1.152752902687759651e+01,7.525364685735321757e+01
3.303123464015916255e+01,9.165378105864128599e+00
2.267631938247455281e+01,1.944710099864968456e+01
1.153369713315931655e+01,7.517317857920539836e+01
1.410857973365378015e+01,5.023812315221130120e+01
2.273668358034941761e+01,1.934397687074379846e+01
1.541323574288847098e+01,4.209324025339844866e+01
2.297739794062103869e+01,1.894079957194349717e+01
4.009086639298791965e+01,6.221700718171425670e+00
3.027355997391218523e+01,1.091121244364818921e+01
1.215319237203033786e+01,6.770476815502902923e+01
4.183949752535978206e+01,5.712511397882751751e+00
3.289346049958564322e+01,9.242317204921315366e+00
1.462336704180048663e+01,4.676330942177906991e+01
1.447447522753250659e+01,4.773031992460547457e+01
3.303928131272436985e+01,9.160914218474902171e+00
3.167293192125271162e+01,9.968354298083996312e+00
1.081149836736955905e+01,8.555161766242868282e+01
1.125010791750235839e+01,7.901082982260159326e+01
5.698649040913896613e+01,3.079329606977463385e+00
2.667122125931795651e+01,1.405769755846364255e+01
2.879399956842929598e+01,1.206135256197079997e+01
5.171301543995102179e+01,3.739385801230961093e+00
1.110661274632699325e+01,8.106562600917612826e+01
2.710681939557727205e+01,1.360952211265216150e+01
1.761754682275488548e+01,3.221878295482391508e+01
1.044502141274615425e+01,9.166031190001879736e+01
1.232679472425303047e+01,6.581117917494509584e+01
1.683791402058372100e+01,3.527145902551561107e+01
3.988722252475346153e+01,6.285392571260474348e+00
1.454659257402995465e+01,4.725822979352268050e+01
2.067441971803384959e+01,2.339555447534667110e+01
4.037626087804413544e+01,6.134056959475722159e+00
3.106026990768680562e+01,1.036548313388039588e+01
2.263411331585898978e+01,1.951969504220913976e+01
5.688042239612732232e+01,3.090824701090971516e+00
5.607846835555948672e+01,3.179857901793145647e+00
3.307972810423981969e+01,9.138525699325610319e+00
2.558425331774664002e+01,1.527757790442388419e+01
9.791783641935386129e+01,1.042980965109649327e+00
1.149855510936278336e+01,7.563337109220290699e+01
3.107843371032114277e+01,1.035337045327076311e+01
2.211879430920049927e+01,2.043982155831543679e+01
1.371263536158781626e+01,5.318120146963013894e+01
1.870484856627842873e+01,2.858193366618545284e+01
1.614302051430872709e+01,3.837341077627519326e+01
2.268905115903951852e+01,1.942528195696879223e+01
1.114806946322587144e+01,8.046382389179019867e+01
1.972650890798094281e+01,2.569801238722177317e+01
1.549006748814054824e+01,4.167670540639072385e+01
1.122400603412389941e+01,7.937874293264738412e+01
1.248660744537703238e+01,6.413736047281500419e+01
8.697962936395104805e+01,1.321797403893815837e+00
2.446290863288301765e+01,1.671028332514830694e+01
1.973842798083152061e+01,2.566698620790180740e+01
5.374514183134523648e+01,3.461956235205258636e+00
8.497349044976085963e+01,1.384946776535041835e+00
1.064807402236258760e+01,8.819782530604605597e+01
1.118132990776617675e+01,7.998583386490048497e+01
2.186304974460234618e+01,2.092081090882504313e+01
3.185240789979916798e+01,9.856335152717489834e+00
2.670912664918310142e+01,1.401782471676866848e+01
7.335317993919335322e+01,1.858498044885009914e+00
3.196218246584532707e+01,9.788747973005653691e+00
4.485702231368968995e+01,4.969802360537552310e+00
1.691415657789842086e+01,3.495419516293121376e+01
3.515149961028476611e+01,8.093051151461299497e+00
1.577336202867556914e+01,4.019309572067623293e+01
2.398065065938660467e+01,1.738913883912629288e+01
4.324508029677117094e+01,5.347201922152660991e+00
1.013579171499481113e+01,9.733849903099080336e+01
1.366376711979568626e+01,5.356228513431192084e+01
3.206237699464185908e+01,9.727664134476684765e+00
1.171826521589913028e+01,7.282380283873607141e+01
1.052020795799674246e+01,9.035482526777255430e+01
1.517667830081677494e+01,4.341567354311364113e+01
3.167729482069382740e+01,9.965608613349914435e+00
7.043537372312685818e+01,2.015664993862217980e+00
3.159239001759879883e+01,1.001924589907157959e+01
2.419472408159586152e+01,1.708278411558400123e+01
7.097095998354065216e+01,1.985357133078021974e+00
2.893666683589420074e+01,1.194271289519127599e+01
1.614096174261017325e+01,3.838320041975270414e+01
4.053790108318089125e+01,6.085236796986994712e+00
1.303866263812873072e+01,5.882120307092083777e+01
1.084808819490557319e+01,8.497547194747357935e+01
1.495526789467078110e+01,4.471071407437058554e+01
9.487439512369819283e+01,1.110969049019178811e+00
3.081718241217250309e+01,1.052965499994106047e+01
5.027579534670925909e+01,3.956235180506595395e+00
1.330029407075810788e+01,5.652980837243245560e+01
4.362851697792969929e+01,5.253625347235471033e+00
2.658869792312984970e+01,1.414509472154445469e+01
1.268650503117209105e+01,6.213209647699969906e+01
6.682008645276134473e+01,2.239679802841671563e+00
2.177620017808875730e+01,2.108801975355022051e+01
6.349939364027237332e+01,2.480052323684616145e+00
2.481938622230163105e+01,1.623371530702601362e+01
4.988128197774798878e+01,4.019062749418698566e+00
1.447037866606569345e+01,4.775734863908414241e+01
1.777130227826381770e+01,3.166368759578012160e+01
3.697200330187978778e+01,7.315668768482581186e+00
6.556689925609586567e+01,2.326112464103066824e+00
1.009104451206002118e+01,9.820367859570923486e+01
1.538266548151846003e+01,4.226071187921166228e+01
2.018792740896602211e+01,2.453672136224167488e+01
2.786842904071201588e+01,1.287582377407073864e+01
1.238957700532748341e+01,6.514589296273614138e+01
1.250663756451721831e+01,6.393208543860377802e+01
2.151864569797327675e+01,2.159584143182762261e+01
1.245184671499011841e+01,6.449595361043786568e+01
1.167610970596027720e+01,7.335059925647482260e+01
2.040939078043775012e+01,2.400711194201560517e+01
4.115171204315292641e+01,5.905058223220025049e+00
2.842044426001732305e+01,1.238050258529289316e+01
1.266975996178856079e+01,6.229643957416863742e+01
4.260112689430025767e+01,5.510078998123738359e+00
2.570014078506639521e+01,1.514010876854653631e+01
2.265892508771261049e+01,1.947696988633519410e+01
1.914825434523324788e+01,2.727354713020158883e+01
2.708275003166628991e+01,1.363372335532115720e+01
4.798721386547787660e+01,4.342591009340799779e+00
7.543026788405913408e+01,1.757554090888135301e+00
3.793362860383351887e+01,6.949462636677781191e+00
3.150206948290326281e+01,1.007678122658207620e+01
3.031534619702440381e+01,1.088115346788703697e+01
1.061913068073270594e+01,8.867926182286412029e+01
2.638862928762362259e+01,1.436039334329464090e+01
4.439218054016169646e+01,5.074427405399721813e+00
2.115816005157318003e+01,2.233799574701695079e+01
1.650431892514146170e+01,3.671172449566555684e+01
1.175230218412034056e+01,7.240258969737703865e+01
1.780163203250252124e+01,3.155588469820951403e+01
2.985376065666780221e+01,1.122023380232008627e+01
6.753310563109455700e+01,2.192636079177327613e+00
6.050418706996746465e+01,2.731675702019548346e+00
1.575748615954298870e+01,4.027412663745538879e+01
2.068975453365827377e+01,2.336088673111713732e+01
1.480229395678730597e+01,4.563961276008701873e+01
4.289890692892133472e+01,5.433848767243870448e+00
1.293767803399105354e+01,5.974304055444402195e+01
4.129064994607102079e+01,5.865385509229468219e+00
2.096593063581785543e+01,2.274949239298811676e+01
1.091004318768606396e+01,8.401310975847901830e+01
1.147359044781577353e+01,7.596286092109717458e+01
1.813383392360557522e+01,3.041030192715455627e+01
7.943310466335844922e+01,1.584881971527365652e+00
5.811484980210108375e+01,2.960913775931965031e+00
1.718166049559498632e+01,3.387425351664221296e+01
4.789242419203927881e+01,4.359797911962682626e+00
1.095558616451739908e+01,8.331606732245275282e+01
1.027097585254102263e+01,9.479306889633016908e+01
2.098311085713279311e+01,2.271225470089149212e+01
1.548724319155327045e+01,4.169190735138686676e+01
3.762160515666061400e+01,7.065214600034754433e+00
2.440583667442098914e+01,1.678852720489242145e+01
3.130681546306662355e+01,1.020286671652790744e+01
1.267296885739678913e+01,6.226489566916450258e+01
5.180906284889392310e+01,3.725533962166160062e+00
5.206990596491515078e+01,3.688301483483648724e+00
2.893771251389440380e+01,1.194184979956841630e+01
4.451534816090531166e+01,5.046385818581666349e+00
1.936233600744938599e+01,2.667377571404209036e+01
1.122963586982186612e+01,7.929917182906734752e+01
