1.169989765602132969e+01,7.305263313074435416e+01
1.383253411199877903e+01,5.226326050680164315e+01
3.395816983827565139e+01,8.671843824522653676e+00
4.697687195695123563e+01,4.531393838694039999e+00
2.285388531709373794e+01,1.914608190987299707e+01
1.284522066317631683e+01,6.060617304494989810e+01
1.312905977323400997e+01,5.801399175250936224e+01
2.120438649445141266e+01,2.224070639392797233e+01
1.469641111011598511e+01,4.629961882606246348e+01
1.187952117936735164e+01,7.086015984818730828e+01
6.263529455397301149e+01,2.548952554886390054e+00
1.710959082017528843e+01,3.416022740861178164e+01
1.281582434721779151e+01,6.088452290919627075e+01
1.186531562002108231e+01,7.102993380297317572e+01
3.364719619239760817e+01,8.832878143425245909e+00
1.867282568768007778e+01,2.868005064443779162e+01
2.328255991689512072e+01,1.844754343022945520e+01
2.951470200414365053e+01,1.147950587289333768e+01
1.221751337297781070e+01,6.699376011900970695e+01
1.655241147560561998e+01,3.649870471021292673e+01
1.650271147453298681e+01,3.671887667281205836e+01
2.947186244161715862e+01,1.151290277327409584e+01
1.373325410242958711e+01,5.302163167610538608e+01
6.476133035499594826e+01,2.384341603694571710e+00
1.026202335595060156e+01,9.495853427625317522e+01
1.816339071176547648e+01,3.031141075151676034e+01
3.686810064086969874e+01,7.356961296737856593e+00
1.938642621338657079e+01,2.660752549344089957e+01
1.346587047158906358e+01,5.514817368108104745e+01
1.187385982123734784e+01,7.092774703282751148e+01
1.133069880603080115e+01,7.789087983298166762e+01
1.268095477173200969e+01,6.218649691116696943e+01
2.269673061434617622e+01,1.941213906424928126e+01
2.723223992058192877e+01,1.348445103939853951e+01
1.373587056626250735e+01,5.300143405293651000e+01
1.947947164247396401e+01,2.635394614071701014e+01
1.711317972624131656e+01,3.414590102462410215e+01
1.140372045041944915e+01,7.689655346140823156e+01
4.994627692009876085e+01,4.008609566270496138e+00
7.049128880664015639e+01,2.012468531489911783e+00
3.059050043936280261e+01,1.068628706438487441e+01
2.178957290842239658e+01,2.106214335234390589e+01
2.727738280847501784e+01,1.343985560607764995e+01
1.105338964716949413e+01,8.184818258277272207e+01
1.959621433850169581e+01,2.604087890292006691e+01
2.397674676411602590e+01,1.739480190126661796e+01
2.281550808938202834e+01,1.921054609026825233e+01
1.540745725267631272e+01,4.212481989498651558e+01
1.897649468771498249e+01,2.776949701922323754e+01
4.782822135882098280e+01,4.371510630587118307e+00
1.826856856231832538e+01,2.996339097016659281e+01
1.298963193715794340e+01,5.926609448806069480e+01
1.272214243364405917e+01,6.178449381769837601e+01
1.016448107001125400e+01,9.678979660442008992e+01
2.157498785520788687e+01,2.148319547826018194e+01
1.166527285254614732e+01,7.348694564493739279e+01
1.462021947493655460e+01,4.678344680585477988e+01
6.015950494895291456e+01,2.763067486086560276e+00
1.384810725152447830e+01,5.214577941159237895e+01
1.012368971887023150e+01,9.757135765536168037e+01
2.842913664052378309e+01,1.237293291558637875e+01
2.172739039076379086e+01,2.118287310548145186e+01
2.743212213188550308e+01,1.328865996526497462e+01
1.327805085073873848e+01,5.671936302525624285e+01
1.095609074155225926e+01,8.330839334326680046e+01
2.984899995316182952e+01,1.122381318295174246e+01
2.203686087652099346e+01,2.059209533666690106e+01
1.229528722221124326e+01,6.614890250343745493e+01
1.112602008951130550e+01,8.078306382257109419e+01
1.022800353989942046e+01,9.559127640697307982e+01
1.244989689305756286e+01,6.451615706649944570e+01
1.336013854099164533e+01,5.602451126862226261e+01
2.761508684398852509e+01,1.311315435542289798e+01
2.925506026646961644e+01,1.168417372945576993e+01
2.337507024140023759e+01,1.830181456842732146e+01
1.310603043889988228e+01,5.821805009328966207e+01
1.681900254534629013e+01,3.535082286806836294e+01
2.023916216316594330e+01,2.441265084162824195e+01
2.115606060628503116e+01,2.234242943887938182e+01
1.514061669153812240e+01,4.362273295043625154e+01
1.421272703059183939e+01,4.950455601576084064e+01
1.655076169736631542e+01,3.650598144719891280e+01
1.014554232312586279e+01,9.715149010666647200e+01
1.083277540975785769e+01,8.521587770979117238e+01
1.865160845321177518e+01,2.874533803970433965e+01
2.577314650448365185e+01,1.505445767736687479e+01
1.987648013042080208e+01,2.531168413135190320e+01
5.812359387942961320e+01,2.960022966888006923e+00
1.812940010098455801e+01,3.042517835678728488e+01
4.587068632251295952e+01,4.752580959158458462e+00
1.155169182426024932e+01,7.493915839457572758e+01
2.150912551930768046e+01,2.161496278274262650e+01
3.095709728873886846e+01,1.043468963059030585e+01
2.008648192052434212e+01,2.478518949253675885e+01
2.933059364205093544e+01,1.162407206838099150e+01
4.956918584777794479e+01,4.069831494553047158e+00
1.774593479139953089e+01,3.175427761411973648e+01
1.982946503523212911e+01,2.543185298126709881e+01
3.054440266576791174e+01,1.071856700614136493e+01
2.397064174306450468e+01,1.740366350424569220e+01
1.173540388713972682e+01,7.261125082994517754e+01
1.513595229204357118e+01,4.364962325790441611e+01
1.721048856790942594e+01,3.376086782530285291e+01
2.771372812445954281e+01,1.301997336144033390e+01
2.025788658817589649e+01,2.436754232622570981e+01
1.164075421548975520e+01,7.379683918941442755e+01
1.311935053272974017e+01,5.809989238112221699e+01
1.000000000000000000e+02,1.000000000000000000e+00
1.502239415447376025e+01,4.431203493748068212e+01
1.806436606854565952e+01,3.064464177610928530e+01
1.456623748310364874e+01,4.713084513551584820e+01
2.183052757267518729e+01,2.098319117103891429e+01
3.738668468339872675e+01,7.154282574973917619e+00
5.093035160985477461e+01,3.855197672668527531e+00
3.500090249487495697e+01,8.162844333542089714e+00
1.190037821986606659e+01,7.061199326787222219e+01
2.105315240689549583e+01,2.256138367927064436e+01
1.814892007532831641e+01,3.035976627538823536e+01
1.706161604288335454e+01,3.435260465735541402e+01
1.121566845618688113e+01,7.949680499106112563e+01
1.387901758532895080e+01,5.191376752051519361e+01
1.473423724743946828e+01,4.606220067243392435e+01
1.262702192878307983e+01,6.271885635560507666e+01
1.188646500365480563e+01,7.077739398315837605e+01
2.803926529801765355e+01,1.271940337308628877e+01
1.021161844630519333e+01,9.589828525243680701e+01
1.359443989747957993e+01,5.410997858117181636e+01
1.027442825819464289e+01,9.472937500792367871e+01
1.336235488501625746e+01,5.600592782368764944e+01
2.495659566774173044e+01,1.605570256724225686e+01
1.474816727773346514e+01,4.597522785579892712e+01
1.216305941865992146e+01,6.759496434470354131e+01
1.149215327392953334e+01,7.571765943154292700e+01
1.367675771679045127e+01,5.346058330908279288e+01
1.725847050711657715e+01,3.357340508690969472e+01
1.238385104552537008e+01,6.520615030931676870e+01
2.559528506388022606e+01,1.526441125752361216e+01
3.363018395877892885e+01,8.841816839322243382e+00
1.161501715160951775e+01,7.412424606813118544e+01
1.151199211469936223e+01,7.545691285853385466e+01
2.508613185125421907e+01,1.589031838017058007e+01
3.572958320006004129e+01,7.833288104508707050e+00
1.858388452695722393e+01,2.895522896393018542e+01
1.121440237280306462e+01,7.951475606185150014e+01
1.074710805123325841e+01,8.657983811103127891e+01
7.305255634524242225e+01,1.873825583829484609e+00
1.916338874553968452e+01,2.723048524879601473e+01
2.496644601500243610e+01,1.604303572260224797e+01
1.255678374006055442e+01,6.342247277321835952e+01
3.484166479039455311e+01,8.237628528254635540e+00
1.344302193191662909e+01,5.533579906353994460e+01
3.049703146638331219e+01,1.075189128045742493e+01
1.967700590947039530e+01,2.582747607413557844e+01
1.193189469273371195e+01,7.023946200980245180e+01
1.857674015324468186e+01,2.897750485885297778e+01
3.107948134631792314e+01,1.035267247632291898e+01
1.315281830925892415e+01,5.780459440318477249e+01
1.263049108108844720e+01,6.268440775297300860e+01
1.881894651491534276e+01,2.823640380715446341e+01
1.541585817899729349e+01,4.207892026643634154e+01
1.123366599290396373e+01,7.924228423837341495e+01
2.371128687140213742e+01,1.778646942940911657e+01
4.825842126845640223e+01,4.293918325829346294e+00
2.883015660583897954e+01,1.203111829617055051e+01
1.321481677624133511e+01,5.726347613396271186e+01
1.019194443905050917e+01,9.626887686407586386e+01
1.397450678229310306e+01,5.120672754914496494e+01
1.823827823902666978e+01,3.006300064427585284e+01
2.310349995639566600e+01,1.873460096938089592e+01
1.298612472541091911e+01,5.929811124683704548e+01
1.145302377476198430e+01,7.623592524056542175e+01
1.537628906759029590e+01,4.229576944927493543e+01
1.016030115598022476e+01,9.686945098526429376e+01
1.070846249753583912e+01,8.720587818084398180e+01
1.274452188674488440e+01,6.156769648678357498e+01
2.072349505486760890e+01,2.328487958660598522e+01
1.235750007742473500e+01,6.548453625429455371e+01
1.894410826323686692e+01,2.786452640396626634e+01
1.979449121890179697e+01,2.552180070509561460e+01
1.226955962667556577e+01,6.642660382878673886e+01
1.508242713785080902e+01,4.395998424525723891e+01
4.388772755848609819e+01,5.191750476037034545e+00
4.291739270790177585e+01,5.429168739505032981e+00
2.004476659355470147e+01,2.488845815679350082e+01
1.084682105434126598e+01,8.499532701032707394e+01
1.222676454592860829e+01,6.689241909953889831e+01
2.615803513977666839e+01,1.461469520075003992e+01
9.178882793658549133e+01,1.186917003092706979e+00
1.389188899084036777e+01,5.181761161328122256e+01
4.875947501003678752e+01,4.206122897826707785e+00
2.271585029415440715e+01,1.937947485133723546e+01
2.085951087603672249e+01,2.298220841135178460e+01
4.555592809298821066e+01,4.818481572682603797e+00
1.908644854618874831e+01,2.745046769552847366e+01
4.930749278691182980e+01,4.113146329621767627e+00
1.216739796764829507e+01,6.754676804502909704e+01
1.816445466593707536e+01,3.030785996972734253e+01
2.230916106174928615e+01,2.009247895854376509e+01
1.554928605312196943e+01,4.135986320610469136e+01
1.346704677723898058e+01,5.513854005075222631e+01
1.245539706701264038e+01,6.445919031773759400e+01
3.751681344503824533e+01,7.104738742379345773e+00
2.108287989160283971e+01,2.249780409781650903e+01
1.668961008257307910e+01,3.590108873272316714e+01
1.209612962327646990e+01,6.834506104523431702e+01
1.684769394208920446e+01,3.523052143712173034e+01
1.466352306969575992e+01,4.650753766302782566e+01
1.868679661672862835e+01,2.863718217673781652e+01
1.876947476494927614e+01,2.838544849549524329e+01
5.689576781612669265e+01,3.089157666483518749e+00
1.094410889831549305e+01,8.349090880202435017e+01
1.326784559864627866e+01,5.680665044593217772e+01
2.184452668289646127e+01,2.095630554550976754e+01
1.217765387520817910e+01,6.743304142726263706e+01
2.349647331655967974e+01,1.811317719962926276e+01
1.193592854538384174e+01,7.019199393708373691e+01
2.471916268822721818e+01,1.636562095981458498e+01
2.029918100404733039e+01,2.426850188404840125e+01
1.621167235536958273e+01,3.804909786644304859e+01
1.743018878801406402e+01,3.291514843668464607e+01
2.311604121047982119e+01,1.871427814220999153e+01
3.308095052396069491e+01,9.137850331329346432e+00
1.145747232359388690e+01,7.617673707262467531e+01
6.518512621896958592e+01,2.353439175173728248e+00
1.455200495267834704e+01,4.722308249000645475e+01
1.000000000000000000e+01,1.000000000000000000e+02
3.418102764117024606e+01,8.559132883498998368e+00
1.484869353576866047e+01,4.535482674109982781e+01
2.194862262008628306e+01,2.075799759031233194e+01
1.461846729602874717e+01,4.679466246611985270e+01
2.105140821005915441e+01,2.256512244333447370e+01
1.183168845373305089e+01,7.143425980695060673e+01
1.594606009868312135e+01,3.932721630580466865e+01
1.724574678785475612e+01,3.362296352819237200e+01
1.906743500073182318e+01,2.750524076208139235e+01
1.094743161050038260e+01,8.344023496913946758e+01
1.758792763896775924e+01,3.232739127061274331e+01
3.423227202573196593e+01,8.533526683159447401e+00
1.076614033823289240e+01,8.627399854706301596e+01
1.590866958106177975e+01,3.951229689986226390e+01
1.423147352148119182e+01,4.937422158818836948e+01
1.148472799836586233e+01,7.581559927569506385e+01
1.796919805345892129e+01,3.097010010509788813e+01
2.056013334433163919e+01,2.365637227871784631e+01
1.145173340944417184e+01,7.625310652353893204e+01
1.508675597187344408e+01,4.393476103953884149e+01
1.135338421763006167e+01,7.757992033222456030e+01
1.075817435380303522e+01,8.640181052507560366e+01
2.470018982582500300e+01,1.639077233957353386e+01
1.345146358953005183e+01,5.526636731871837327e+01
9.021058919562273104e+01,1.228810634713043415e+00
1.695813849039361187e+01,3.477311883220469468e+01
3.755339554766266019e+01,7.090903525296407217e+00
1.321907086812935539e+01,5.722662560278129718e+01
1.731684440795000768e+01,3.334743927245059325e+01
2.957142226991941669e+01,1.143551095317717881e+01
1.154933955203491891e+01,7.496968745667923884e+01
5.110582475895532184e+01,3.828769283448315353e+00
2.432066968219707803e+01,1.690631441196522289e+01
1.182028112193193081e+01,7.157220365079686530e+01
1.295139646689256807e+01,5.961654503169420138e+01
1.418752410075971859e+01,4.968059350102880956e+01
1.149843312914590854e+01,7.563497580196478509e+01
1.739858416729701318e+01,3.303483813107362721e+01
1.836915595390990674e+01,2.963613724600422117e+01
1.251919946965666419e+01,6.380384946466504203e+01
2.744131585959767961e+01,1.327975719572089019e+01
1.207453061400495464e+01,6.858979203482763864e+01
2.285045728392056574e+01,1.915182694388087015e+01
2.734283368240276602e+01,1.337559032251013669e+01
3.959935454709312097e+01,6.377108199601321914e+00
1.397142577754653203e+01,5.122931444454310679e+01
1.700038452010492662e+01,3.460051086073996629e+01
1.682910960980712645e+01,3.530837430555425982e+01
1.010108775580316554e+01,9.800849305001663936e+01
2.297094549567216859e+01,1.895144185319580998e+01
1.126049693926426798e+01,7.886510506892641104e+01
4.846492370847311548e+01,4.257404679257280833e+00
1.587149712392417733e+01,3.969759626329454250e+01
3.154308960540758378e+01,1.005058962423202118e+01
2.520544348645915278e+01,1.574023868114721658e+01
1.583766222634161558e+01,3.986739390432484953e+01
1.210730987955926885e+01,6.821889552999537898e+01
2.631109052276753602e+01,1.444515819822573377e+01
1.741818133748590824e+01,3.296054505258499034e+01
1.510943855501547972e+01,4.380294861733015210e+01
1.149948222448373869e+01,7.562117610568674309e+01
1.940224672822161622e+01,2.656415184302315424e+01
1.365083900180468213e+01,5.366378621292007978e+01
2.213772264868077500e+01,2.040488332314970066e+01
1.284849393381716709e+01,6.057529703126331810e+01
1.129865535587211411e+01,7.833330978129380640e+01
2.962358006138973110e+01,1.139527773941485123e+01
1.930631198000600435e+01,2.682880693560281671e+01
1.048781870111923986e+01,9.091376792032005483e+01
2.367504243658076746e+01,1.784097019690057806e+01
1.123994453535326343e+01,7.915378076101448812e+01
1.901876038368159527e+01,2.764620896768341751e+01
2.513795833624174136e+01,1.582486434466737535e+01
1.133520540539478283e+01,7.782895714205503168e+01
1.143416933125990909e+01,7.648755192139826420e+01
3.040532820315426932e+01,1.081684505340868441e+01
1.373711258191679008e+01,5.299185043272307638e+01
4.574773757637251492e+01,4.778160762529000571e+00
3.335018367210538770e+01,8.990907712009784447e+00
1.151834776832692953e+01,7.537366381977241758e+01
1.581296208244418011e+01,3.999203841365612533e+01
1.450856699343470879e+01,4.750627311005380449e+01
2.281673130069680866e+01,1.920848638003640474e+01
7.237216128214254240e+01,1.909224132987176192e+00
2.408967477633945364e+01,1.723209683049648788e+01
2.724880355773984775e+01,1.346806252752542754e+01
2.039081386532294715e+01,2.405087490668439187e+01
1.617864054780596206e+01,3.820462558282920895e+01
1.884724665956663614e+01,2.815167054236906807e+01
1.271506561390773982e+01,6.185328770601227433e+01
4.409090465378206858e+01,5.144012088591109588e+00
2.242782186022495594e+01,1.988043139607234622e+01
1.340556490836498682e+01,5.564546300830392767e+01
2.016955921395484452e+01,2.458143235465792031e+01
1.178464513855379714e+01,7.200571728996969512e+01
2.405309322311034137e+01,1.728455214019468045e+01
2.439362046575540788e+01,1.680534664392533628e+01
1.461907937734758356e+01,4.679074408817368891e+01
1.426638886772157733e+01,4.913284186519333474e+01
1.655089139884487182e+01,3.650540928934913154e+01
2.086179977015412845e+01,2.297716561001638880e+01
3.019368642690565352e+01,1.096901724240887610e+01
2.137885705440931616e+01,2.187917958876990809e+01
2.652616799170814943e+01,1.421186156898539998e+01
1.051148036408616449e+01,9.050492926287938644e+01
1.109069937487482882e+01,8.129842519813210799e+01
1.163875575981009369e+01,7.382218423094832360e+01
1.306279469684695549e+01,5.860407257217286769e+01
3.405813003831478625e+01,8.621015011485518187e+00
3.405204440216080997e+01,8.624096708908531639e+00
2.993138128971256506e+01,1.116211470866709377e+01
1.786039047935739887e+01,3.134859642253666578e+01
1.334056398489128270e+01,5.618904096898059208e+01
3.557055571099584057e+01,7.903486207728073865e+00
1.248604626137070461e+01,6.414312589591206404e+01
2.682468625633755366e+01,1.389730848153055653e+01
2.542908134055611313e+01,1.546459881728819674e+01
2.463820867684815497e+01,1.647334301381125599e+01
1.325132872363436753e+01,5.694834990996387347e+01
1.706898897450801300e+01,3.432293392480518435e+01
1.085503839650383284e+01,8.486669156965116656e+01
1.157652464665870440e+01,7.461799899596661589e+01
1.258509349279654188e+01,6.313746017592914939e+01
1.903185013867582498e+01,2.760819294177342798e+01
1.101531544852437960e+01,8.241497337427989578e+01
2.239373654310410089e+01,1.994099712751179609e+01
1.263183694170883342e+01,6.267105102869221156e+01
4.242280133817729393e+01,5.556499934029123011e+00
1.140869221252656374e+01,7.682954699645242158e+01
1.004240303596549566e+01,9.915730299733264985e+01
1.198936254714627303e+01,6.956772701406856640e+01
1.299262554031986561e+01,5.923878688531057435e+01
1.936584425102746465e+01,2.666411234744569114e+01
2.104631809563066724e+01,2.257603864675865424e+01
1.332531693916731186e+01,5.631769937395349501e+01
3.496108441844794612e+01,8.181448667860836466e+00
2.274744124648657717e+01,1.932568498142392244e+01
1.983165791268582012e+01,2.542622905875491668e+01
1.111310307136651865e+01,8.097096502763841386e+01
1.409413582580221203e+01,5.034114566481011366e+01
2.735804981710682426e+01,1.336071585691436958e+01
1.195249563542306426e+01,6.999754564780231192e+01
1.008119863486626322e+01,9.839559496600357136e+01
1.041879970276943190e+01,9.212226811342775079e+01
1.176258978827783963e+01,7.227599793956308361e+01
1.250507535704796780e+01,6.394805997966686562e+01
1.722342843023092129e+01,3.371015819130445124e+01
1.074733865911997022e+01,8.657612262761263366e+01
2.349723358351614522e+01,1.811200509336658371e+01
1.725010712965509185e+01,3.360596779789560884e+01
2.613581632336564553e+01,1.463955451664226892e+01
1.475525041308200969e+01,4.593109839815133455e+01
1.434591947428769743e+01,4.858958865855031917e+01
1.554734081853512428e+01,4.137021348664087839e+01
2.163862717011440395e+01,2.135701691842086447e+01
7.500655236284148941e+01,1.777467187945608318e+00
1.589501024936317108e+01,3.958023563797654276e+01
2.082006973343608536e+01,2.306936500078491292e+01
1.199803573790945066e+01,6.946718454266813580e+01
2.121854629009384752e+01,2.221103246868007020e+01
1.284600880767677822e+01,6.059873650066883499e+01
2.751435425632262266e+01,1.320934705301744572e+01
2.321936364243155282e+01,1.854809765211300743e+01
2.228852539087866802e+01,2.012970113567624963e+01
3.471622154506452773e+01,8.297267611504501872e+00
1.918108159742036278e+01,2.718027298754327603e+01
4.671959665131515038e+01,4.581438178694038577e+00
1.863669802082193172e+01,2.879135229323814826e+01
2.009462769520489900e+01,2.476509918272813948e+01
1.693739857548889560e+01,3.485833062825997786e+01
1.427737540858239562e+01,4.905725482354479539e+01
1.312677395608594466e+01,5.803419792403594357e+01
1.039181915297599623e+01,9.260124797280001019e+01
1.408276830848107686e+01,5.042244854397810627e+01
1.816882689628734582e+01,3.029327487827324461e+01
7.496645996663609424e+01,1.779368891044190493e+00
2.642557687820809420e+01,1.432026471995148142e+01
1.414480076540726650e+01,4.998115992837539068e+01
1.110712187613559898e+01,8.105819438446225433e+01
3.154665836615241048e+01,1.004831577826841738e+01
1.688046240980076362e+01,3.509387474310285882e+01
1.961712679523224523e+01,2.598538775070735340e+01
1.458840513231545621e+01,4.698771965461661182e+01
1.915077987029039264e+01,2.726635416100288367e+01
2.675457309356956159e+01,1.397024262899128999e+01
1.255358180067186602e+01,6.345483020160074261e+01
3.673778274282322087e+01,7.409247750068075788e+00
2.739604883941985847e+01,1.332367824973657733e+01
1.111533287864293662e+01,8.093848169326453501e+01
1.002984010588358998e+01,9.940585858935450858e+01
2.285405661160787361e+01,1.914579490555131258e+01
3.665970254551036334e+01,7.440842747620150632e+00
1.124894706711535619e+01,7.902713792404468052e+01
1.600231857602707919e+01,3.905118128836096503e+01
1.061292905184681779e+01,8.878293095160910298e+01
1.755570747332593484e+01,3.244616173052700958e+01
2.764892715143472302e+01,1.308107487461779961e+01
1.187958117808403635e+01,7.085944408087952695e+01
1.984826869783319125e+01,2.538368903627890205e+01
1.155100743851013689e+01,7.494803879946928760e+01
2.872977142922649563e+01,1.211534144710369176e+01
1.282775550855275704e+01,6.077131756470178914e+01
1.024870012744025694e+01,9.520558543018508146e+01
4.179787918954455250e+01,5.723893007873853911e+00
2.939501906328487024e+01,1.157317466519501359e+01
1.061043619851716180e+01,8.882465380259860410e+01
1.422447888734700960e+01,4.942279131498057865e+01
1.450489125244382471e+01,4.753035366026519881e+01
1.167302762740177613e+01,7.338933850422608884e+01
1.342043677985256700e+01,5.552220418120662515e+01
2.212324445952254948e+01,2.043159933483424595e+01
1.236166727293548284e+01,6.544039320084684164e+01
2.690550033328122126e+01,1.381394920857250419e+01
1.235785405952323934e+01,6.548078479041437561e+01
9.551431498865098035e+01,1.096132536996217599e+00
1.541979462739022111e+01,4.205743874101614921e+01
1.273418223125147364e+01,6.166771817677711454e+01
2.352065782814728223e+01,1.807594753233356499e+01
2.558467566126243042e+01,1.527707351399944713e+01
2.223091326708394178e+01,2.023416985802673196e+01
2.518386158715182788e+01,1.576722817232306006e+01
1.047252516841697734e+01,9.117949330919934425e+01
2.295285956571954955e+01,1.898131956731984715e+01
1.451096669581997389e+01,4.749056202849359209e+01
1.537093058629055875e+01,4.232526416245585921e+01
6.940515726556913023e+01,2.075948210261015614e+00
3.346187631921235806e+01,8.930986249218554107e+00
2.115936041181144134e+01,2.233546137160929135e+01
2.214862393205672575e+01,2.038480219530597282e+01
3.967379959773420950e+01,6.353198277388781179e+00
1.387311722898701305e+01,5.195793565669544734e+01
2.410977183423074166e+01,1.720338066410562661e+01
1.177281084349777096e+01,7.215055359271576663e+01
2.327257714726371773e+01,1.846337296834641251e+01
2.959300841666266990e+01,1.141883413653476076e+01
3.560822661862821548e+01,7.886772429028406250e+00
1.430885416918088815e+01,4.884164525578928107e+01
1.054508799886196257e+01,8.992896258242319618e+01
1.355551481920848289e+01,5.442118169506348124e+01
1.973336153251430147e+01,2.568016765724654604e+01
3.245172891419304761e+01,9.495641746904583513e+00
2.455078158004044298e+01,1.659087743176983309e+01
1.726100442881319452e+01,3.356354863439538150e+01
3.105958077575742138e+01,1.036594310561581800e+01
2.608915546191179047e+01,1.469196748864384716e+01
1.024158785235776747e+01,9.533786246354313221e+01
1.134710507272714430e+01,7.766580485365025766e+01
2.402433037533323201e+01,1.732596437017960156e+01
1.321944597071229666e+01,5.722337803089715180e+01
1.146759235749688166e+01,7.604234600305521496e+01
2.256364725607270572e+01,1.964180507004033061e+01
1.136600919806100407e+01,7.740766972223208597e+01
1.889889946289211053e+01,2.799799751199634201e+01
1.145582595799916525e+01,7.619863401334971797e+01
1.125454851763487518e+01,7.894849302002401714e+01
3.859665708976699250e+01,6.712752223465021650e+00
2.602477328291597658e+01,1.476474974831835496e+01
2.228282831199928893e+01,2.013999562377586727e+01
2.185478230414956968e+01,2.093664215992592403e+01
3.491607179729149379e+01,8.202556759925929697e+00
1.049823567433978511e+01,9.073343734718952192e+01
3.423669943683449901e+01,8.531319753841001940e+00
1.506915621792898818e+01,4.403744662050529257e+01
4.277246090317184724e+01,5.466023870987006816e+00
1.217691620244676542e+01,6.744121180862592269e+01
2.439368011278065751e+01,1.680526445971160143e+01
1.318114054802946278e+01,5.755645249990055135e+01
1.971494227813184708e+01,2.572817494992850484e+01
1.784768034718037910e+01,3.139326179882448997e+01
3.887863856334802648e+01,6.615731984957662348e+00
1.108801373622641329e+01,8.133781270971275035e+01
3.906897729011166120e+01,6.551427122564303041e+00
1.159564197919028494e+01,7.437216160394082465e+01
1.342269319461251520e+01,5.550353868851530592e+01
1.325616505048463978e+01,5.690680386840879379e+01
1.091490599538352413e+01,8.393826741155709215e+01
3.620554074465449190e+01,7.628689232455194258e+00
2.318656404613782129e+01,1.860061085867861408e+01
1.338717446983280368e+01,5.579845232979726433e+01
3.591386149308942777e+01,7.753107277214529525e+00
3.089626399698033410e+01,1.047582091049752862e+01
1.232786911156966880e+01,6.579970864188287294e+01
1.244989419187402468e+01,6.451618506191813651e+01
2.955483354120228512e+01,1.144835175140858752e+01
1.628396349900214801e+01,3.771201687825642068e+01
1.010306236328206886e+01,9.797018597356667158e+01
3.607655836960676510e+01,7.683335543447468829e+00
2.839206661400933385e+01,1.240526338203820877e+01
1.307377523271461506e+01,5.850567193838296021e+01
3.900884280432180162e+01,6.571641532148712272e+00
1.415103581275440980e+01,4.993712552008737049e+01
1.179805466454111063e+01,7.184212865754967936e+01
1.967147550116928656e+01,2.584200030913601509e+01
2.309977341082448277e+01,1.874064613480052444e+01
2.197357021057129245e+01,2.071088935600217340e+01
1.085561754019876268e+01,8.485763658994474667e+01
1.941529147862325289e+01,2.652846797807373846e+01
4.544062747911922173e+01,4.842965333934936112e+00
1.775063084644979483e+01,3.173747819874199294e+01
3.327716033269172868e+01,9.030410269361608400e+00
1.259519310103815748e+01,6.303624569689959145e+01
3.442207319087739137e+01,8.439679464283539545e+00
1.670986453499899227e+01,3.581410823212640793e+01
2.304126869086003282e+01,1.883593674046579736e+01
1.252378142809250150e+01,6.375717137324032535e+01
1.094362589176679457e+01,8.349827885396747718e+01
1.032306865505515603e+01,9.383878340341500746e+01
1.256017879807253479e+01,6.338819079737513817e+01
1.567249783530959206e+01,4.071210546857452073e+01
2.242715704688032474e+01,1.988161005388933589e+01
2.061080554055052261e+01,2.354019566512865680e+01
1.014273994655622424e+01,9.720518223960355897e+01
2.035417737136214456e+01,2.413753355377651744e+01
9.534421992586891292e+01,1.100047048946313222e+00
2.310221490972536529e+01,1.873668522894330479e+01
1.177322128533403323e+01,7.214552300868326995e+01
3.101316051195771450e+01,1.039699765962969913e+01
1.074748277556848031e+01,8.657380078910864540e+01
3.763054158220870704e+01,7.061859332494861974e+00
1.165400848536703826e+01,7.362907425133384720e+01
2.171145379824131538e+01,2.121398172825410811e+01
1.189120360770048634e+01,7.072099612278417169e+01
1.126710575759349986e+01,7.877261418361268852e+01
1.196040816734214829e+01,6.990496108024207444e+01
3.555191528917462307e+01,7.911776221798275444e+00
1.010314177621352982e+01,9.796864584490977279e+01
3.600113539076420466e+01,7.715562698451021717e+00
2.929545077850252355e+01,1.165197730200633686e+01
1.187064281780200226e+01,7.096619578874141610e+01
1.311750327598777588e+01,5.811625722931582061e+01
2.155588610016802775e+01,2.152128702865121213e+01
1.524995290719687802e+01,4.299945933389673058e+01
1.393517927697978642e+01,5.149616401829612045e+01
1.351554840183107409e+01,5.474351201260618893e+01
1.039988682118268315e+01,9.245763364575380194e+01
2.727076268486616328e+01,1.344638159186125392e+01
1.168343929691543082e+01,7.325859531234686983e+01
1.017734164236573591e+01,9.654533478924467715e+01
3.639882279580921676e+01,7.547885858341809140e+00
1.262499880729901314e+01,6.273895901611260228e+01
1.183981979658485528e+01,7.133617436177613058e+01
2.153818563749809201e+01,2.155667471397946855e+01
3.831648478083878473e+01,6.811279178262123146e+00
1.163543386433028992e+01,7.386434245027530210e+01
2.289810440201560482e+01,1.907220638369945931e+01
1.179191433915565845e+01,7.191696788857757383e+01
1.503411275100330435e+01,4.424298231181615648e+01
1.370174110746228990e+01,5.326580383473314839e+01
1.514575317800116316e+01,4.359314979536483747e+01
1.577674717567279394e+01,4.017584946085778341e+01
2.208204010743004275e+01,2.050791984328077433e+01
1.212498732322442585e+01,6.802012310037159182e+01
3.104329867842251645e+01,1.037681975622088970e+01
1.961050436853611956e+01,2.600294113729167478e+01
1.182222992607127487e+01,7.154860933542887835e+01
2.841363813382363901e+01,1.238643448001451475e+01
3.129900371062673159e+01,1.020796031093986400e+01
1.045206424614402430e+01,9.153682800280829213e+01
1.899876107320206486e+01,2.770444393639864700e+01
1.364481075614340888e+01,5.371121375920530738e+01
2.292731316542741737e+01,1.902364241019340341e+01
4.528529121122728895e+01,4.876246709792665612e+00
8.790666688082818325e+01,1.294065840228057374e+00
4.062938994866159703e+01,6.057862298366655907e+00
1.284991512587892970e+01,6.056189859715132684e+01
2.269329031020545528e+01,1.941802527322943561e+01
1.981331791784191054e+01,2.547332190130743257e+01
2.441273152129004487e+01,1.677904543281101013e+01
2.921975915994048734e+01,1.171242265603701682e+01
1.155363638133208859e+01,7.491393495799356117e+01
2.501828222092405341e+01,1.597662440181230714e+01
1.326073635793733452e+01,5.686757623406189310e+01
1.164648826664629055e+01,7.372419056383048996e+01
2.213452731891209879e+01,2.041077502675950939e+01
1.287880467836421161e+01,6.029050014894207976e+01
4.063245429540658904e+01,6.056948610481099671e+00
1.012578674177606786e+01,9.753094831430961165e+01
1.046429864024874412e+01,9.132291152354325448e+01
4.575506921146319428e+01,4.776629613083179571e+00
4.079943315341316890e+01,6.007471808778327649e+00
1.289050218561926719e+01,6.018112837067116061e+01
1.143743106591574765e+01,7.644393259400484908e+01
1.021774460570597753e+01,9.578332601496667564e+01
1.757718673192660219e+01,3.236691199705389721e+01
1.065901536127658211e+01,8.801685042527448388e+01
3.396885138812589133e+01,8.666390936673501244e+00
1.593301614651867837e+01,3.939163503309144687e+01
2.645999729309372128e+01,1.428303199860826744e+01
2.772113182735843750e+01,1.301301959472581160e+01
2.195695953306924153e+01,2.074223723287934362e+01
1.210485188991784256e+01,6.824660315742018213e+01
2.911917728189250099e+01,1.179347522471501897e+01
3.345469904973132458e+01,8.934818713582771466e+00
3.698143033631012599e+01,7.311939530824596467e+00
3.300879479186867371e+01,9.177843850470065235e+00
2.232722873551493592e+01,2.005997358354122895e+01
4.137604569102496299e+01,5.841199433626194093e+00
1.123700966815709812e+01,7.919513271818691180e+01
1.987233926392209327e+01,2.532223379271792751e+01
1.403603435005937783e+01,5.075877766969193061e+01
2.437201147757801678e+01,1.683516014748638057e+01
1.273369234240179360e+01,6.167246321189047364e+01
2.350149441215297585e+01,1.810543826378962606e+01
5.752439074313829792e+01,3.022010331414446416e+00
1.610106335343116513e+01,3.857366303350381287e+01
2.338566068623478245e+01,1.828524197957046127e+01
2.104804051875429494e+01,2.257234387052394098e+01
1.183574205118589084e+01,7.138533745869750646e+01
1.375418634430823950e+01,5.286036919901733455e+01
1.122086918050193383e+01,7.942313063521049799e+01
1.133879767877789746e+01,7.777965057333194920e+01
1.421170536454792455e+01,4.951167394293054969e+01
2.801722184175370600e+01,1.273942605145250972e+01
1.533145185094070051e+01,4.254352128221522378e+01
2.202625747078585050e+01,2.061192611344539216e+01
1.229089681829961656e+01,6.619616874849793930e+01
3.449081525235356338e+01,8.406071513051781352e+00
1.324431584666913686e+01,5.700867428002111836e+01
3.431702809626607831e+01,8.491426590758026194e+00
1.425141878324125777e+01,4.923611707047870567e+01
1.513217021383475469e+01,4.367144523282796342e+01
1.013587799027867398e+01,9.733684197258860138e+01
1.070444413145222740e+01,8.727136330315815371e+01
1.264968694554439566e+01,6.249430527662983792e+01
1.260816429583233500e+01,6.290660988257354092e+01
1.948340426151602855e+01,2.634330841340327112e+01
1.245504860649996992e+01,6.446279717587545122e+01
1.127045498484188180e+01,7.872580361818744166e+01
2.329748450431941009e+01,1.842391566151346893e+01
1.036281706872570929e+01,9.312029357010477781e+01
1.368340381715110254e+01,5.340866375453914117e+01
1.956049124328097477e+01,2.613608205986316335e+01
1.177550878804767542e+01,7.211749584603236940e+01
1.042242406166071333e+01,9.205820890684314861e+01
6.077979875834224543e+01,2.706957793725283334e+00
2.679956257821923415e+01,1.392337720282477775e+01
2.827557941110946160e+01,1.250768611329718105e+01
1.163957139673618002e+01,7.381183849093693539e+01
1.266689779725335541e+01,6.232459529266765230e+01
2.429932244449526024e+01,1.693603224809270102e+01
2.418893798579150811e+01,1.709095764079970081e+01
1.197153259127433955e+01,6.977510450535106656e+01
2.307967911201490452e+01,1.877329338921384760e+01
1.160350859124452505e+01,7.427135440095403851e+01
1.254497889214619022e+01,6.354189025689048975e+01
6.108647862513085869e+01,2.679845883726402089e+00
1.678156323591871413e+01,3.550873268123338278e+01
1.364234925781905794e+01,5.373059780920197426e+01
2.480868272345721337e+01,1.624772613042108915e+01
1.734216104709588180e+01,3.325014703115807890e+01
1.855117474497444263e+01,2.905742779812428012e+01
3.652799300001879601e+01,7.494598609378296139e+00
2.350852319810781665e+01,1.809461323453916748e+01
3.228007161321406926e+01,9.596901137397660264e+00
1.686459440124924924e+01,3.515994593017848757e+01
1.106845826095830354e+01,8.162547783218202824e+01
1.227378399158336819e+01,6.638088656271175125e+01
2.137347913145323375e+01,2.189019130517088385e+01
1.280575227114816883e+01,6.098033527472271231e+01
2.201692326260971200e+01,2.062940692043066804e+01
1.530670799900907575e+01,4.268117876515654530e+01
1.524881527423457150e+01,4.300587549491131512e+01
8.224354835033601319e+01,1.478414866794483862e+00
1.132085339440520677e+01,7.802641753640855882e+01
2.898971556285031070e+01,1.189904457795034354e+01
1.263241585509152287e+01,6.266530703178366224e+01
2.345106979859050966e+01,1.818338278922774975e+01
1.063061246636868695e+01,8.848780598395403274e+01
1.633811544528458981e+01,3.746244161190808342e+01
2.891725251083324721e+01,1.195875435989094981e+01
1.296057331416860059e+01,5.953215088816192235e+01
1.544645025264776095e+01,4.191240865235477031e+01
1.276423996041159370e+01,6.137762505382935529e+01
1.348487162986027066e+01,5.499286765570749935e+01
1.223920686962899929e+01,6.675648315440717795e+01
1.396450669191913008e+01,5.128009286936104161e+01
1.039240317190963303e+01,9.259084049310240516e+01
2.281895691931453385e+01,1.920473961104643834e+01
3.056631879412034536e+01,1.070320203684353721e+01
4.849781907727927432e+01,4.251631166007617146e+00
1.262471299743434727e+01,6.274179973278684486e+01
3.032076040548647455e+01,1.087726784150249237e+01
1.093385133448335722e+01,8.364763583647572887e+01
4.065313984353658583e+01,6.050786261079228900e+00
3.455825973158189868e+01,8.373292669897802298e+00
2.081128656543329569e+01,2.308884143873279982e+01
1.257728650925799307e+01,6.321586597397005391e+01
1.085523164802280860e+01,8.486366989833152275e+01
2.332667381541905982e+01,1.837783580119489812e+01
2.567090528905486124e+01,1.517461324978038206e+01
2.361480412011421137e+01,1.793210631020964030e+01
2.128353222285348423e+01,2.207560372100910939e+01
1.166763275499284624e+01,7.345722162323605176e+01
1.180143979309866964e+01,7.180092013272954432e+01
1.257880109933808299e+01,6.320064348043575109e+01
1.128964845156122365e+01,7.845834858466329820e+01
1.426557391929523533e+01,4.913845564226088669e+01
1.400807509888106139e+01,5.096160264021769137e+01
4.237800896621389768e+01,5.568252272196768438e+00
1.975383828759353477e+01,2.562695531941149696e+01
1.116704431022843735e+01,8.019061075520757242e+01
1.230010127765170580e+01,6.609713347164685615e+01
1.456310435737633746e+01,4.715112690298013121e+01
1.078013282837396680e+01,8.605017855614204336e+01
1.041728744519048888e+01,9.214901647968872567e+01
4.251602929776174733e+01,5.532158375859958177e+00
2.090150056322360683e+01,2.288996178879186161e+01
2.369912082439805445e+01,1.780473563998766551e+01
2.052632589901070048e+01,2.373436189373955685e+01
2.533335991358416450e+01,1.558168475426251476e+01
1.196622433748705028e+01,6.983702313632960568e+01
1.637327056728679509e+01,3.730174276616178020e+01
1.362560113901749759e+01,5.386276658192318934e+01
6.022710767353233763e+01,2.756868083043713558e+00
1.268921334343811402e+01,6.210557707712390396e+01
3.202346501342650953e+01,9.751318829991797443e+00
2.393198263360461908e+01,1.745993577911883321e+01
1.365309367855213551e+01,5.364606356290882161e+01
1.860333333719764326e+01,2.889471826144273692e+01
2.658774542947929120e+01,1.414610822261611034e+01
1.766730518786975423e+01,3.203755595049953797e+01
1.278011584469420470e+01,6.122522912037148046e+01
2.545477000861846051e+01,1.543340116844367493e+01
1.859451656037045097e+01,2.892212619965590292e+01
1.051519317501026585e+01,9.044102775190756915e+01
4.621623727386690916e+01,4.681778162431739609e+00
1.249948771440278783e+01,6.400524612701508431e+01
1.190212922653055116e+01,7.059121833365324505e+01
1.863777818082757776e+01,2.878801516090739199e+01
1.254529796910762585e+01,6.353865805061161609e+01
1.345169077861044649e+01,5.526450051857488432e+01
3.319436973689261805e+01,9.075512218521716079e+00
1.272862598129890799e+01,6.172156782887742565e+01
1.960673290501058474e+01,2.601294571853448190e+01
1.693637773277665204e+01,3.486253293713453161e+01
3.516521730674774915e+01,8.086738301776650317e+00
1.312474320402998273e+01,5.805215822732622399e+01
2.259810281187151304e+01,1.958195461465429688e+01
1.347052105863830107e+01,5.511010134388307335e+01
3.113063891258839533e+01,1.031867494967198340e+01
2.297233638416067691e+01,1.894914704574619080e+01
1.308118512018257817e+01,5.843940918670411833e+01
1.253506311864977540e+01,6.364245874870990605e+01
1.019956316269158592e+01,9.612511148375786263e+01
1.154810686912136219e+01,7.498569333298247841e+01
2.400766872705435873e+01,1.735002162466179243e+01
5.256704452131212690e+01,3.618869141632268693e+00
1.221577875938506885e+01,6.701278740165463432e+01
1.078659408369043149e+01,8.594711995441706165e+01
3.157166067954237221e+01,1.003240710213872688e+01
2.100961390860180700e+01,2.265498907097773085e+01
2.194261325357276959e+01,2.076936902502758997e+01
4.887055456553564170e+01,4.187024146344445086e+00
1.838168365392990111e+01,2.959575507785009663e+01
1.952935174137641283e+01,2.621949634215692626e+01
2.441837897877960373e+01,1.677128504969926581e+01
1.032903479424616400e+01,9.373041053685957991e+01
2.757496641324215503e+01,1.315134030452224323e+01
8.027858361663031417e+01,1.551674407102552333e+00
1.202668447380417938e+01,6.913662350309883209e+01
4.863366013550415090e+01,4.227913457365181316e+00
1.370090069406985300e+01,5.327233868508395176e+01
1.842005232424476446e+01,2.947258853266825085e+01
1.101271310141326154e+01,8.245392793638048090e+01
2.375258486805536506e+01,1.772467346139174893e+01
1.167433382824431298e+01,7.337291686434365090e+01
1.203732106662535983e+01,6.901449446684399902e+01
1.313806275845300320e+01,5.793450969117799332e+01
2.306144848606073694e+01,1.880298659498757274e+01
3.322542530966074281e+01,9.058554511699213663e+00
1.253327972363301690e+01,6.366057176004910190e+01
1.123507445201425803e+01,7.922241743254166124e+01
1.819320875136197913e+01,3.021213346757041762e+01
2.016257229494791048e+01,2.459847167209721164e+01
1.171909718700642955e+01,7.281346327958937081e+01
2.771085767902033936e+01,1.302267086429248266e+01
2.429521126406384113e+01,1.694176448681875513e+01
2.006221555083694952e+01,2.484518389455828569e+01
1.136294517411920602e+01,7.744942138562313971e+01
1.005980506306204703e+01,9.881454374991832879e+01
1.495124829184545412e+01,4.473475801607146707e+01
1.427662199012593902e+01,4.906243274539387045e+01
1.324970168643267776e+01,5.696233705852386464e+01
1.168914642599045450e+01,7.318707696908226978e+01
1.887318308643963860e+01,2.807434897610102098e+01
1.040385050821910085e+01,9.238719754833959996e+01
1.306854955313333377e+01,5.855247024909331799e+01
1.996480383274743176e+01,2.508822323374284480e+01
1.167556297748382299e+01,7.335746895524631839e+01
2.529963485050382133e+01,1.562325401424406657e+01
3.910114669777164664e+01,6.540651539188629293e+00
1.257171327287204754e+01,6.327192755453053508e+01
1.275112843777606741e+01,6.150391471891521888e+01
1.794990660309228758e+01,3.103670537695740350e+01
3.073398562938950462e+01,1.058673963191584555e+01
4.144563120180099247e+01,5.821601632017020300e+00
1.100237549970361961e+01,8.260894469684015462e+01
4.570199286380349690e+01,4.787730803874625352e+00
1.097150632190625608e+01,8.307445189995392809e+01
1.918239293531552647e+01,2.717655694400263755e+01
2.693517802934027827e+01,1.378352503010705554e+01
2.437028937049594290e+01,1.683753951790940206e+01
2.043576969128505993e+01,2.394517419767564448e+01
3.140557699039192485e+01,1.013879743901180497e+01
1.190195464743881537e+01,7.059328922730547617e+01
1.559824825008485938e+01,4.110061724015326945e+01
1.678745227138859164e+01,3.548382413589725104e+01
1.749788652410375533e+01,3.266094967724704645e+01
1.274498604702174731e+01,6.156321209448011444e+01
1.192155801692657136e+01,7.036131811400214531e+01
1.406124035598959665e+01,5.057696165959383450e+01
1.174410567625752932e+01,7.250368815534679356e+01
1.249204607371237863e+01,6.408152601115622815e+01
4.808119590080583805e+01,4.325631087184654611e+00
1.816166545615765671e+01,3.031716985057821034e+01
2.208800381919826705e+01,2.049684715304584159e+01
2.013845787831098733e+01,2.465741689450711505e+01
2.039675467536475040e+01,2.403686671043993073e+01
2.115933601461208369e+01,2.233551287823668119e+01
1.309365327360705855e+01,5.832816680192311054e+01
1.890418912428900100e+01,2.798233122708760234e+01
1.248579904964234899e+01,6.414566591596698686e+01
8.458978425809678470e+01,1.397539737342768262e+00
2.060002605164961409e+01,2.356483812608228234e+01
1.555676723242109105e+01,4.132009322711930821e+01
1.312760926486090085e+01,5.802681273583932153e+01
3.246865755727412051e+01,9.485742574210997091e+00
6.151331052786436260e+01,2.642784791571859415e+00
2.292188036193786260e+01,1.903266121293840385e+01
1.609676063330607931e+01,3.859428753832403913e+01
2.691541387485353454e+01,1.380377511721877504e+01
2.047925988424116994e+01,2.384358121985740198e+01
1.634578544358713259e+01,3.742729255768235674e+01
1.355876796078090862e+01,5.439507038899008506e+01
2.237592175804020300e+01,1.997276216469437671e+01
1.137213520033788683e+01,7.732429543403655714e+01
1.847431706302418419e+01,2.929970274076595160e+01
3.016893691020630541e+01,1.098702180329837041e+01
2.843591864940790970e+01,1.236703169359581445e+01
3.956974911767874659e+01,6.386654262352949196e+00
2.239925617372490407e+01,1.993117060683282205e+01
2.103963926336120593e+01,2.259037401683106339e+01
1.112799131658343121e+01,8.075444632032859715e+01
3.369017317726493133e+01,8.810357134547663449e+00
1.316309306663874246e+01,5.771438819135880038e+01
1.388964795714464806e+01,5.183433405032871377e+01
1.257124161843755772e+01,6.327667538230102906e+01
1.098569612483017544e+01,8.285998232512532979e+01
1.303948460279682919e+01,5.881378752831995627e+01
2.144981120474277958e+01,2.173467006851291217e+01
1.205179249815952502e+01,6.884885289874796399e+01
2.352951945372856457e+01,1.806233466483241656e+01
9.994901605278548118e+01,1.001020459283593400e+00
1.972052691593383145e+01,2.571360513702733996e+01
6.810615375886948186e+01,2.155893439424704461e+00
1.340077042952656505e+01,5.568528739332806055e+01
1.555427132648453714e+01,4.133335509432595245e+01
1.827485991434367918e+01,2.994276396751585878e+01
2.208391825890539906e+01,2.050443175374893912e+01
2.214816894705855788e+01,2.038563972498858234e+01
1.845674714560294660e+01,2.935551305041197168e+01
1.293816746367379622e+01,5.973852067720240910e+01
1.000496932730736077e+01,9.990068748743948390e+01
1.927777374035356317e+01,2.690829885750611439e+01
2.061394564629145165e+01,2.353302449325980916e+01
1.175923672816869825e+01,7.231722175752021542e+01
1.280088386354074714e+01,6.102672794341496143e+01
2.333889328930516172e+01,1.835859678297643072e+01
1.425365838545192254e+01,4.922064586292823662e+01
3.990999236411762041e+01,6.278222609837322388e+00
2.295781261746828861e+01,1.897313017071465779e+01
1.272651100255129464e+01,6.174208415911132164e+01
1.162299824691031702e+01,7.402248410504898857e+01
1.912716763882416160e+01,2.733371560950322987e+01
1.459307646635719991e+01,4.695764234994882713e+01
2.822146272288815183e+01,1.255570088377709226e+01
1.169529502942645394e+01,7.311014346337896086e+01
1.135457175739606228e+01,7.756369348991840695e+01
1.809167187813340050e+01,3.055220750202558122e+01
1.026706191172606353e+01,9.486535543406556314e+01
2.068550020059588235e+01,2.337049686497415379e+01
1.073685236414341837e+01,8.674531673913394059e+01
1.135781201872703328e+01,7.751944363160092166e+01
2.315706126515067709e+01,1.864803650708439520e+01
1.366366432639392059e+01,5.356309104846121727e+01
2.382243987188146050e+01,1.762087705741390664e+01
1.281361978070830787e+01,6.090547491635409472e+01
1.381074332208888045e+01,5.242831406781584747e+01
1.827523321689253066e+01,2.994154071681211349e+01
1.138811796929712372e+01,7.710740461596419948e+01
1.187332942277154579e+01,7.093408406048641268e+01
1.396450788661258358e+01,5.128008409511863164e+01
1.090629912976255333e+01,8.407080191178425821e+01
3.821927771019534248e+01,6.845970911630386624e+00
2.283874671775652132e+01,1.917147217562814276e+01
2.155568069501388351e+01,2.152169718543576948e+01
1.912854269966628351e+01,2.732978596659510373e+01
1.191234972211682930e+01,7.047013932781523238e+01
2.646884200816559485e+01,1.427348807964772348e+01
4.630107877453151843e+01,4.664636222106543606e+00
1.173099345207420363e+01,7.266585957367747994e+01
1.877360127799538603e+01,2.837297139548035574e+01
2.284892380211135077e+01,1.915439774012671137e+01
1.294670191274971138e+01,5.965978752576035049e+01
2.077274979712266045e+01,2.317458787807170140e+01
1.983413438617159841e+01,2.541988005961495034e+01
2.048266659103285292e+01,2.383565048147117338e+01
2.678385873007196238e+01,1.393970903184493437e+01
1.215435810801769634e+01,6.769178152107855340e+01
1.454443659741210304e+01,4.727224136273646593e+01
2.082265660209995772e+01,2.306363338722636414e+01
2.157965857547988975e+01,2.147389680124712186e+01
3.987926378546852391e+01,6.287901584099524932e+00
2.716456944929785422e+01,1.355171775868278061e+01
1.995293111871259484e+01,2.511808891298814927e+01
3.601215022411116706e+01,7.710843588943046889e+00
1.879113733914078566e+01,2.832004027235429433e+01
1.479191543211106641e+01,4.570367992187929218e+01
2.415004179135681994e+01,1.714605556244919526e+01
1.930641799454405927e+01,2.682851229412499094e+01
1.622831488498291819e+01,3.797109734149830018e+01
3.587418042948883823e+01,7.770268460476840389e+00
2.413433648219169569e+01,1.716837825787272820e+01
1.386766464697799606e+01,5.199880203301307091e+01
2.962574237239864772e+01,1.139361437280725120e+01
2.410704596072573480e+01,1.720727138475870177e+01
1.016885156798360690e+01,9.670661539135771534e+01
3.094118481598351522e+01,1.044542512191162942e+01
3.817679744561828414e+01,6.861214749543958824e+00
1.157381682709894655e+01,7.465291845535395510e+01
1.055349340179249396e+01,8.978577053780213646e+01
1.347464014202412308e+01,5.507641311117613725e+01
1.585238756276518046e+01,3.979336239028659605e+01
7.695858495637818919e+01,1.688440856660993639e+00
1.305235659855897801e+01,5.869784256110169451e+01
1.112913733508923642e+01,8.073781586242800756e+01
1.666387899967759978e+01,3.601204574346543552e+01
1.077521922284944189e+01,8.612867589865668094e+01
1.164616226255244946e+01,7.372831805643917846e+01
3.347003146108597349e+01,8.926634619797559012e+00
3.987468965644433894e+01,6.289344269825630107e+00
1.174718167849035488e+01,7.246572291165848867e+01
1.137394683736811452e+01,7.729966503920086041e+01
3.430464388702314693e+01,8.497558622659166616e+00
1.222414973924862736e+01,6.692103940527366035e+01
1.951399997108671514e+01,2.626076661131713763e+01
1.645053217410754343e+01,3.695218267090931619e+01
1.106693078310736666e+01,8.164801158002246950e+01
4.295255095503978282e+01,5.420284427357234591e+00
1.978541918862620363e+01,2.554521063421597304e+01
1.264456234152077130e+01,6.254497108174335551e+01
1.546461245542930207e+01,4.181401955091325107e+01
1.025000924812812286e+01,9.518126786338015677e+01
5.327558249870227058e+01,3.523251019691557406e+00
1.626455892966844985e+01,3.780205583729565433e+01
1.829445512153310105e+01,2.987865487720833002e+01
1.016707357497875641e+01,9.674044198245424298e+01
1.254283501893215558e+01,6.356361379840562620e+01
2.715316524752090288e+01,1.356310346467631689e+01
2.185723715399564782e+01,2.093193951373264028e+01
2.441147419760357451e+01,1.678077390151269199e+01
2.988981294580087678e+01,1.119318303714563889e+01
2.178968835047612629e+01,2.106192017791345705e+01
1.179836328862513639e+01,7.183837018349419168e+01
1.129120546822238147e+01,7.843671182789387331e+01
2.112160598791754751e+01,2.241538106463749713e+01
3.822822244886104670e+01,6.842767610363208242e+00
1.162752408287700590e+01,7.396487107942908779e+01
3.102512223489013010e+01,1.038898208890856978e+01
2.235138754051689958e+01,2.001663282158858692e+01
3.388318103617561405e+01,8.710270604934468253e+00
1.064406591632735122e+01,8.826426097009554894e+01
2.579153649964628059e+01,1.503299693942582493e+01
1.344870462539300782e+01,5.528904512596816545e+01
1.527539334233319401e+01,4.285635152753052779e+01
1.305030843952817321e+01,5.871626847815172567e+01
1.168713013159520564e+01,7.321233200102467720e+01
2.499127197019983981e+01,1.601117773137789868e+01
1.155577818823261360e+01,7.488616766949000692e+01
2.173339844182682157e+01,2.117116300018329511e+01
2.003784757848785603e+01,2.490564896004983098e+01
1.318647452609355852e+01,5.750989831861873114e+01
2.009782892447211466e+01,2.475721052502746389e+01
1.562797783917268468e+01,4.094439200859649475e+01
1.227751831396280480e+01,6.634051196497209446e+01
2.793076269167197623e+01,1.281841742769441517e+01
1.126097076372312067e+01,7.885846844223583219e+01
1.935304894063046888e+01,2.669938207465879287e+01
2.101602822717462260e+01,2.264116208715944012e+01
8.252835739280936878e+01,1.468228322987502388e+00
1.799579070557775395e+01,3.087863776198920363e+01
1.627595575308863474e+01,3.774913451884395243e+01
2.473706495623835266e+01,1.634194185986081038e+01
1.824729206591698727e+01,3.003330684068023970e+01
3.425166909933326309e+01,8.523864171514350829e+00
2.467934560063839911e+01,1.641847139088108065e+01
2.566347576431993716e+01,1.518340056172077190e+01
1.328232872004155141e+01,5.668283344470012253e+01
2.038976683888417440e+01,2.405334502305742816e+01
1.109835400648919368e+01,8.118631940492873866e+01
1.109215663590196677e+01,8.127706501577154086e+01
5.562993453606072336e+01,3.231341827214852191e+00
2.299098208798890752e+01,1.891842396390539349e+01
1.195626511580365836e+01,6.995341601711028545e+01
2.192129230367452308e+01,2.080978981938325134e+01
1.146089241945862369e+01,7.613127937863374939e+01
2.162254218531864680e+01,2.138880365878222278e+01
2.244289414264985894e+01,1.985373761433585571e+01
4.682856911106872388e+01,4.560140509076331838e+00
1.793315435194403307e+01,3.109471832007944059e+01
2.124154367076334182e+01,2.216296448759920779e+01
1.176242483611867939e+01,7.227802510074408815e+01
1.007441009799342524e+01,9.852824534805691314e+01
1.563654743770825029e+01,4.089952521760569226e+01
2.401041472301600166e+01,1.734605331628646496e+01
2.086593749828557876e+01,2.296805374164333458e+01
1.333557039158980828e+01,5.623112957019699820e+01
1.389812415335589257e+01,5.177112782147529657e+01
1.616705456307601452e+01,3.825940325595173164e+01
2.044523330795075822e+01,2.392301201439819280e+01
2.291547662885105652e+01,1.904330005881679710e+01
1.323612436278526516e+01,5.707925840665392769e+01
3.539748270329241109e+01,7.980962010631830417e+00
1.277670734129721097e+01,6.125790017277936528e+01
1.146191244044644364e+01,7.611772979904455383e+01
1.361650512810001956e+01,5.393475274141560050e+01
5.173777923828770042e+01,3.735807014670853743e+00
2.334050475023618532e+01,1.835606186434335996e+01
2.795043549954253947e+01,1.280037938908745687e+01
2.092090008045198957e+01,2.284753069593849517e+01
3.063401849091535922e+01,1.065594719409458868e+01
2.983154717053321292e+01,1.123694988497161695e+01
5.424928859968389361e+01,3.397910262713260909e+00
1.377381135698082382e+01,5.270984493933013937e+01
2.794854478520061747e+01,1.280211133468282902e+01
1.094494988165297045e+01,8.347807881808869013e+01
1.216554480358886536e+01,6.756734826215809164e+01
2.824793928522440467e+01,1.253217520277303443e+01
1.398092992345756969e+01,5.115968740407733151e+01
1.778100855151195958e+01,3.162912796787543002e+01
1.474353787101125590e+01,4.600410443153813844e+01
1.080943721807413382e+01,8.558424682983176979e+01
3.170386432924018649e+01,9.948912202456630993e+00
1.281429027714516167e+01,6.089910143258627784e+01
1.115160444047659993e+01,8.041281908685287760e+01
5.436851486340958672e+01,3.383023854785193851e+00
1.117156305470883737e+01,8.012575186429936025e+01
2.016334379528330345e+01,2.459658930910523722e+01
1.805283410975371439e+01,3.068380522443814939e+01
1.097771322941334482e+01,8.298053622631829285e+01
3.311585887763698111e+01,9.118595557617519276e+00
2.446082477751759399e+01,1.671313059601047613e+01
1.259434962613359588e+01,6.304468936780725130e+01
1.073298681583507452e+01,8.680781166278292460e+01
3.252096177656159881e+01,9.455254830161173629e+00
1.134374164860640910e+01,7.771186756838132226e+01
3.380864890428696867e+01,8.748717016907416877e+00
2.567442108798045552e+01,1.517045757780630311e+01
1.925689795305138929e+01,2.696667133294748453e+01
1.111854385093496767e+01,8.089173929641729899e+01
1.096998588297511645e+01,8.309748171702942443e+01
1.872776798502580320e+01,2.851201818496035401e+01
1.026736872687840219e+01,9.485968588145269109e+01
1.115693435878137052e+01,8.033600741651858357e+01
5.156215085892959848e+01,3.761299789167918295e+00
1.118572380183404391e+01,7.992300730842696055e+01
1.454876207774926833e+01,4.724413659983673597e+01
1.873050122248502092e+01,2.850369759286705573e+01
1.032597262196142296e+01,9.378601037886116387e+01
1.282449045332933757e+01,6.080226568964909006e+01
1.019785878010609359e+01,9.615724522094248528e+01
1.761983759980202890e+01,3.221040589115876429e+01
1.868148560440855377e+01,2.865346718211339549e+01
1.863843083025900427e+01,2.878599909496859510e+01
1.224100713050221145e+01,6.673684910859311969e+01
3.358679989032793145e+01,8.864673540908144744e+00
1.632260097731768056e+01,3.753369080414344694e+01
2.775293055007163900e+01,1.298321659133930162e+01
1.155376053340028086e+01,7.491232497655703071e+01
1.145592847968479688e+01,7.619727018195709434e+01
1.327840549298745643e+01,5.671633332205264821e+01
1.106409631737589905e+01,8.168985108115974469e+01
2.613960913446280188e+01,1.463530647787105643e+01
2.397229513147357949e+01,1.740126289779248481e+01
1.063679809699483947e+01,8.838491905758029077e+01
1.078118323978898907e+01,8.603341162350562854e+01
1.504282998904179358e+01,4.419172003472085208e+01
3.193841590849307721e+01,9.803321732743263794e+00
1.258525434141315458e+01,6.313584630179479262e+01
4.091029955759857017e+01,5.974955579726073829e+00
1.978553257704247059e+01,2.554491784223112560e+01
1.054350857404535802e+01,8.995590744101258451e+01
2.354009062350822035e+01,1.804611576944994766e+01
1.260516688937062924e+01,6.293653080297478652e+01
1.106695619937222297e+01,8.164763655638145678e+01
8.774500324037990140e+01,1.298838673046414982e+00
4.621929708677375004e+01,4.681158296186819001e+00
2.204983140948442966e+01,2.056787638550025576e+01
1.996218626553965336e+01,2.509480311583623546e+01
1.743724966966962597e+01,3.288849711067889814e+01
1.383402068947962604e+01,5.225202888968942005e+01
2.901740529280827019e+01,1.187634619229176991e+01
2.759610763303587078e+01,1.313119769028097750e+01
1.189926516597743245e+01,7.062520393734965296e+01
1.992158447992622783e+01,2.519719779340536547e+01
1.168830409738531984e+01,7.319762593996607336e+01
1.267000949731136394e+01,6.229398574466829785e+01
1.810749389625638983e+01,3.049883883695265396e+01
3.186160155463386445e+01,9.850647888717148248e+00
1.836321942265347928e+01,2.965530210916204013e+01
2.344293724678867363e+01,1.819600091389771634e+01
1.421232160087334861e+01,4.950738045290020040e+01
1.144781507469782689e+01,7.630531497181510758e+01
1.036887744743622086e+01,9.301147189211951627e+01
1.018256036378094009e+01,9.644639816143278210e+01
1.722699153037611097e+01,3.369621492701043763e+01
2.771346444582624358e+01,1.302022111863577258e+01
4.585027753861554345e+01,4.756812819462683528e+00
1.304383051252724357e+01,5.877460320569618801e+01
1.784972223915155709e+01,3.138607984025374265e+01
1.084103949926607591e+01,8.508600764996778310e+01
1.194981095759585976e+01,7.002900086811304448e+01
2.246299013592616589e+01,1.981823013239932152e+01
1.160033758153589289e+01,7.431196483558045429e+01
2.858587334636026966e+01,1.223762299239893103e+01
1.168061308327070691e+01,7.329405055569439753e+01
5.452798412836418862e+01,3.363265213108281859e+00
1.956920527492764350e+01,2.611281080943705035e+01
1.756791080178254916e+01,3.240110074951812891e+01
4.210931961963029835e+01,5.639538310516429398e+00
2.124793442486463135e+01,2.214963455603200870e+01
3.802261308782244242e+01,6.916972984805012992e+00
1.110727905260871040e+01,8.105590033010270190e+01
2.837160573286056575e+01,1.242316255540765191e+01
2.613005296563945379e+01,1.464601315601652054e+01
1.166212252757113710e+01,7.352665351605710953e+01
1.058063706347570943e+01,8.932568699708728843e+01
1.194284452749902670e+01,7.011072250883285051e+01
1.327898569618820801e+01,5.671137717856804983e+01
1.216819415593152343e+01,6.753792890503251556e+01
1.642772510911168737e+01,3.705485736839019495e+01
2.402230516052564724e+01,1.732888584490526185e+01
1.065575286417146827e+01,8.807075533144022472e+01
1.956973868842804620e+01,2.611138731204546559e+01
7.233503272712366083e+01,1.911184591790426213e+00
1.292077867646637834e+01,5.989942110675835352e+01
1.876873410524018482e+01,2.838768885680415011e+01
1.896503924428022003e+01,2.780305434253859787e+01
5.377366431026199933e+01,3.458284646618227320e+00
1.596844883253437253e+01,3.921701532881395025e+01
1.137353297474433234e+01,7.730529073603885593e+01
1.363366903543434461e+01,5.379903749440966010e+01
1.117124300201363596e+01,8.013034308663469574e+01
1.195912823924625101e+01,6.991992506589210166e+01
1.098900753708563904e+01,8.281005202544127997e+01
1.188763393206982499e+01,7.076347537836662127e+01
3.146697212535087829e+01,1.009927246775167831e+01
3.125482982153718226e+01,1.023683546181571380e+01
4.170904746373526706e+01,5.748300410416500306e+00
2.472142516263722101e+01,1.636262557390472949e+01
1.025675975795553363e+01,9.505602155546863230e+01
4.544157599490676347e+01,4.842763158678683233e+00
2.926210449783300049e+01,1.167854897226640176e+01
2.204800404496776167e+01,2.057128590637645615e+01
1.814421432196382256e+01,3.037551610021454351e+01
1.904153706035327787e+01,2.758011008528717767e+01
2.324349129369754863e+01,1.850961033938730438e+01
1.091659685851861994e+01,8.391226716033200717e+01
1.050718133304947877e+01,9.057900490402903415e+01
1.155449634573733064e+01,7.490278416125063643e+01
1.791168870608473540e+01,3.116929176478884855e+01
1.383700959464380986e+01,5.222945761224023897e+01
2.022567215856363276e+01,2.444522692571393918e+01
1.693600809816512864e+01,3.486405472897229174e+01
4.101110740160940082e+01,5.945618058489346325e+00
4.067366382960352666e+01,6.044681331798180679e+00
1.010884105420504575e+01,9.785820921869283495e+01
2.424823613040988945e+01,1.700746926821779326e+01
2.584387872058221802e+01,1.497216523284940770e+01
1.919247679825047115e+01,2.714800693603415027e+01
2.867297794316922221e+01,1.216338346914402457e+01
2.703880247520159585e+01,1.367807855614700863e+01
1.484963904062146334e+01,4.534905126825007926e+01
1.110497467607238953e+01,8.108954339546068013e+01
3.409551097393812569e+01,8.602121911445491875e+00
1.779632573286624719e+01,3.157470543069104352e+01
2.057973124952913579e+01,2.361133820250773141e+01
1.995976367585278055e+01,2.510089518201798597e+01
1.054033804660280360e+01,9.001003294762348617e+01
1.119408858788169070e+01,7.980360695381251901e+01
2.561139881802311535e+01,1.524520968285116673e+01
1.012947924795400567e+01,9.745985522442917670e+01
3.554663886638194015e+01,7.914125190703748203e+00
1.228823867452975982e+01,6.622481043907421849e+01
3.342156247711844941e+01,8.952544757457166824e+00
3.636524087255483551e+01,7.561832668740029462e+00
1.008730427169748189e+01,9.827651737375107643e+01
1.690904015988144593e+01,3.497535157741491219e+01
1.093836181616694425e+01,8.357866511730853176e+01
1.124343872290942592e+01,7.910459026232662438e+01
1.108866586647734920e+01,8.132824595224836628e+01
1.130614800404210918e+01,7.822952032956010271e+01
2.366136970653305127e+01,1.786159497485807890e+01
1.482407278784791771e+01,4.550560812077698358e+01
1.945386606004490915e+01,2.642336701946630129e+01
3.781192831644237629e+01,6.994269272710978314e+00
1.068380632507742156e+01,8.760885146360010367e+01
2.400844947881895663e+01,1.734889320195768647e+01
1.256809770346846733e+01,6.330833671620316494e+01
2.322828809122553295e+01,1.853384780744420723e+01
1.141942376763983802e+01,7.668521167498008140e+01
1.052959736084331688e+01,9.019375555755223672e+01
1.219049111503394656e+01,6.729109499922329007e+01
1.456978471115499474e+01,4.710789853643014879e+01
1.138829207575715863e+01,7.710504696750388121e+01
1.484251740279066212e+01,4.539257986794499544e+01
1.889214358976578012e+01,2.801802538638560591e+01
1.969226437664052654e+01,2.578746696094841795e+01
3.657631189540148142e+01,7.474810308580005724e+00
1.488917767370806544e+01,4.510851968154035774e+01
1.132402020649742447e+01,7.798278277641009026e+01
1.392730279642898772e+01,5.155442701934916272e+01
1.140127221809703428e+01,7.692958150195910605e+01
1.192320468738238226e+01,7.034188476429882542e+01
2.498086668962008261e+01,1.602451878122162654e+01
3.245037958350098251e+01,9.496431446587630276e+00
1.208780720719650681e+01,6.843920414867548629e+01
4.065757158503588897e+01,6.049467241862703126e+00
1.897916525425376832e+01,2.776168265320852768e+01
1.118394899987717395e+01,7.994837558662561605e+01
2.323477358925675418e+01,1.852350258439460617e+01
1.130101925576519939e+01,7.830054234117818623e+01
1.073277506618582500e+01,8.681123700336543436e+01
2.359587218316798740e+01,1.796089318416161262e+01
1.118259896426532585e+01,7.996768052095980295e+01
2.613823034282335200e+01,1.463685054341565817e+01
2.907968062345650750e+01,1.182553329306722212e+01
2.516041535992954437e+01,1.579662786678962050e+01
1.711378293299586772e+01,3.414349399688176590e+01
2.933319958635722813e+01,1.162200680858649982e+01
1.081398708138987530e+01,8.551224476343325875e+01
3.589503333606494095e+01,7.761242943491015289e+00
1.171589240743032612e+01,7.285330369591289923e+01
4.540351524371943981e+01,4.850885721787925320e+00
1.083173158685925763e+01,8.523230252048857380e+01
2.000233329070979238e+01,2.499416779386278975e+01
1.211924706859711698e+01,6.808457352253499550e+01
3.995418485097088990e+01,6.264341869673771157e+00
2.233887474861237976e+01,2.003906314637403696e+01
3.999244063817467065e+01,6.252362970394872654e+00
1.654553404239582193e+01,3.652905363374435410e+01
1.918134726902029286e+01,2.717952007102470802e+01
2.073399623096210220e+01,2.326129930837009852e+01
1.776915651543426122e+01,3.167133532696390219e+01
1.193492967340712063e+01,7.020374360828149918e+01
1.152901200170426144e+01,7.523428837522295964e+01
1.125975485883752825e+01,7.887550070899048649e+01
4.086525831776651785e+01,5.988133899333846877e+00
1.112461042884833340e+01,8.080353805364747188e+01
1.337837693450849663e+01,5.587186187125460890e+01
1.064958216160781390e+01,8.817284682684447716e+01
1.175348473934260340e+01,7.238802112385211274e+01
1.527790248752678970e+01,4.284227577619136440e+01
2.707182904487012109e+01,1.364472547453085127e+01
7.511664640845071972e+01,1.772260748137312270e+00
1.310147577769293825e+01,5.825853554548938718e+01
3.119384980181144584e+01,1.027689801194946106e+01
3.023650423585382896e+01,1.093797286423275494e+01
4.015690870084674202e+01,6.201253048922968247e+00
1.213330958251756719e+01,6.792684484686436974e+01
2.831287827744332475e+01,1.247475302794864227e+01
3.150753710725915724e+01,1.007328420466249064e+01
1.630576712984235144e+01,3.761122933032549298e+01
2.186992554172045544e+01,2.090765817644407676e+01
1.906207045913928511e+01,2.752072426068075472e+01
4.049298613344930686e+01,6.098743812083299076e+00
1.408516301366592138e+01,5.040530474033420916e+01
1.050514816911959493e+01,9.061406957592940614e+01
1.201863770484169081e+01,6.922923178148329271e+01
1.267740166032826821e+01,6.222135997238421368e+01
1.964858040539878559e+01,2.590225909288421491e+01
1.091972802479745930e+01,8.386415138479391373e+01
1.501598379769977676e+01,4.434987682506078954e+01
1.660426818729664689e+01,3.627108284331338695e+01
1.082831094096419555e+01,8.528616051872020876e+01
2.134663005861445484e+01,2.194529142669285804e+01
2.464223538479063080e+01,1.646795974232968618e+01
3.077159300130890074e+01,1.056087836678660530e+01
1.101854765169917094e+01,8.236662891428386502e+01
1.114858263777258074e+01,8.045641648632013698e+01
8.885956610572392833e+01,1.266460425431593650e+00
2.137214979715280094e+01,2.189291450217286084e+01
2.587540750786209642e+01,1.493570075458428903e+01
1.054449790970137357e+01,8.993902803861369932e+01
1.803632210705828243e+01,3.074001213708682201e+01
1.921866447899568797e+01,2.707407266578209359e+01
2.831020565877883044e+01,1.247710849169335212e+01
1.250367819226406674e+01,6.396235192925190916e+01
1.273477343010566543e+01,6.166199258797620786e+01
1.148347324567185446e+01,7.583216830888380855e+01
4.609700668431580795e+01,4.706028460721431550e+00
1.897218161209445242e+01,2.778212451323776833e+01
3.073344812659808412e+01,1.058710994193384280e+01
1.211829092499555038e+01,6.809531780948287860e+01
1.851798538504910852e+01,2.916167905908036673e+01
1.168907767906303619e+01,7.318793784136015290e+01
1.267965965319859478e+01,6.219920119504509870e+01
1.261848868539046542e+01,6.280371219573511610e+01
1.230010921400439017e+01,6.609704817647030950e+01
1.067998246457475631e+01,8.767159763389042837e+01
2.802075110321390028e+01,1.273621714860902721e+01
1.161050260851351190e+01,7.418190113674336317e+01
1.207768986555255175e+01,6.855391363951832773e+01
2.554671471776715208e+01,1.532250894502697491e+01
2.000995624637408099e+01,2.497512795801868180e+01
1.246816055090418018e+01,6.432728589953480025e+01
1.089709427664933017e+01,8.421289230860365649e+01
3.225203857085824666e+01,9.613591385009167212e+00
1.469170170398308706e+01,4.632930615024856991e+01
1.674799285570674101e+01,3.565122573773432180e+01
3.465395704133432986e+01,8.327110631901112114e+00
1.894490823357827836e+01,2.786217323088158082e+01
1.041412529080244198e+01,9.220498539643402580e+01
1.096440603056168150e+01,8.318208085815493291e+01
1.240721317250262246e+01,6.496082202420264196e+01
1.003194207746721212e+01,9.936420635529242418e+01
1.302779295422852357e+01,5.891939846183651497e+01
1.319225638612501861e+01,5.745949885606372476e+01
1.235348175737935961e+01,6.552714458551308496e+01
2.168046263815022812e+01,2.127467377235477031e+01
1.293128717445034148e+01,5.980210717695022282e+01
1.007187354442381100e+01,9.857787933962750060e+01
1.350101299877681349e+01,5.486145091890693237e+01
1.238215767845347948e+01,6.522398653802429180e+01
1.070855415494389540e+01,8.720438534989065715e+01
1.124083175323493400e+01,7.914128633359035803e+01
1.267419783919789822e+01,6.225282094624908069e+01
1.076847655529956072e+01,8.623656838260818347e+01
1.291653379027253834e+01,5.993879823545192664e+01
3.244284449704230866e+01,9.500843189322221605e+00
8.237568510874179140e+01,1.473675694854328810e+00
1.497202905385215033e+01,4.461066298374649364e+01
1.070301722302733971e+01,8.729463459982201812e+01
1.185910657150169989e+01,7.110433127242869489e+01
1.328898269460965942e+01,5.662608392297284610e+01
2.308783233166043658e+01,1.876003655712706575e+01
1.180795491675728037e+01,7.172170864809801571e+01
1.125744578429603315e+01,7.890786117385802356e+01
2.828823780869582549e+01,1.249649475944186960e+01
1.080454164359687219e+01,8.566182142573930491e+01
1.615704413792051852e+01,3.830682672462998539e+01
1.351003359721898356e+01,5.478821380971115929e+01
1.166563497206633393e+01,7.348238341672842466e+01
3.949680578433603984e+01,6.410265996211077066e+00
2.209634788496493130e+01,2.048136995746918032e+01
1.222658893347223774e+01,6.689434068641116937e+01
1.079530063307749366e+01,8.580854093526264137e+01
2.234511330415098840e+01,2.002787525440218630e+01
1.697778342509394633e+01,3.469269367701101459e+01
2.254120863970166155e+01,1.968092935129348220e+01
2.741287653145565884e+01,1.330732550118517032e+01
1.168509853336274240e+01,7.323779194453018704e+01
3.217500577306871890e+01,9.659679852938914735e+00
1.821879703677744544e+01,3.012732723148038971e+01
1.089652186607752427e+01,8.422174019906917408e+01
2.643180320083479984e+01,1.431351890046124176e+01
1.251006505959371040e+01,6.389705814035364284e+01
3.235751163793688789e+01,9.551020295133071158e+00
2.430415898243603934e+01,1.692929236358522971e+01
1.063929978238539142e+01,8.834335894185205973e+01
1.041987299864023875e+01,9.210329103804075146e+01
1.438475593871285163e+01,4.832757511021988250e+01
2.570340828872423700e+01,1.513625969018257678e+01
1.998892834184074729e+01,2.502770214642735169e+01
1.372248359900130588e+01,5.310489557978709740e+01
1.389629109251591466e+01,5.178478698931048285e+01
3.010654736772085727e+01,1.103260560986965721e+01
1.173415447358251029e+01,7.262671445985692742e+01
3.019009328379412693e+01,1.097162840321605337e+01
4.420869528037034968e+01,5.116636967262169655e+00
1.252043842965513321e+01,6.379122266945142172e+01
1.233562256591435080e+01,6.571701890312725425e+01
2.298674772594224081e+01,1.892539448758463294e+01
2.714119954361003906e+01,1.357506519500844888e+01
1.075846400328228114e+01,8.639715820620800457e+01
2.307468663493206407e+01,1.878141790919292120e+01
7.241783910969883209e+01,1.906816391800365329e+00
8.964107334505897029e+01,1.244474218613362160e+00
3.484032984957987367e+01,8.238259805700140603e+00
1.638891795536110152e+01,3.723054877843208033e+01
5.900226475115286462e+01,2.872517188148862033e+00
1.200769925060747489e+01,6.935541843595149203e+01
1.709758294513542154e+01,3.420822668255738108e+01
1.218134741241655838e+01,6.739215454026724217e+01
1.130742359207186354e+01,7.821187121429953493e+01
1.115461433635984889e+01,8.036942869229784492e+01
1.853679162613128639e+01,2.910253793249165355e+01
4.047354059070615762e+01,6.104605511894377834e+00
3.379476196610392691e+01,8.755908536968224354e+00
1.192912110745360899e+01,7.027212791770045897e+01
1.166056744221901553e+01,7.354626625734148604e+01
1.508617764208234924e+01,4.393812958905488841e+01
2.914084614748826851e+01,1.177594270589352377e+01
1.715919781281495915e+01,3.396299946636577261e+01
1.223823076810007926e+01,6.676713235772412247e+01
3.245754266205728555e+01,9.492240360462190552e+00
1.986711264957713041e+01,2.533555902642416413e+01
1.022417889983284844e+01,9.566280696433368291e+01
1.025925868647185091e+01,9.500972010608624885e+01
1.277758740534322079e+01,6.124946211366946613e+01
3.651714011729148268e+01,7.499054056127341106e+00
4.463934029575124640e+01,5.018390640140932391e+00
1.085186611673653445e+01,8.491631625830561347e+01
9.417069154076584425e+01,1.127634827204384793e+00
1.879966187889690588e+01,2.829436315359150100e+01
1.325372981848819975e+01,5.692771783042723399e+01
3.756170561010672770e+01,7.087766323094567333e+00
2.629291725331152207e+01,1.446513365193544765e+01
1.107536557790636955e+01,8.152369568742999206e+01
1.163303328573468143e+01,7.389483070739376558e+01
1.063366159904898822e+01,8.843706666424832008e+01
7.402005046801750154e+01,1.825161277620241052e+00
1.921699441995378521e+01,2.707877863213599667e+01
1.559856869810086977e+01,4.109892856265707195e+01
1.006140029864649676e+01,9.878321213096798203e+01
1.724178553173439354e+01,3.363841488266504598e+01
2.193205003776372308e+01,2.078938030167401507e+01
1.226683460348961674e+01,6.645611986078417033e+01
1.649888273105967329e+01,3.673592067198250533e+01
3.734366374114025433e+01,7.170775936072982581e+00
2.747853754741869992e+01,1.324380475855163120e+01
1.223622558200844956e+01,6.678901680141650843e+01
7.520370946023530223e+01,1.768159644214597259e+00
1.205985659586537118e+01,6.875680897642730827e+01
1.289815491683016191e+01,6.010973624123374037e+01
2.861532548244115048e+01,1.221244496981730876e+01
3.693641080317064507e+01,7.329774545413846987e+00
1.185415834717670691e+01,7.116370514019487814e+01
1.177648215193113579e+01,7.210557485571771963e+01
2.397758811932962431e+01,1.739358118211611881e+01
2.410797729556523095e+01,1.720594191430290110e+01
1.169892373486618631e+01,7.306479672252922342e+01
2.916100426240369359e+01,1.175966763133824067e+01
1.237439595116943813e+01,6.530583450353105945e+01
3.993896764042834491e+01,6.269116353086558568e+00
1.113065532914880329e+01,8.071579538583799263e+01
1.203924760229075375e+01,6.899240866027423635e+01
3.421560986301946627e+01,8.541839943187181206e+00
1.161040615258786346e+01,7.418313370579711830e+01
1.388606321080012762e+01,5.186110001284626492e+01
1.183997147975384578e+01,7.133434658242750004e+01
1.307496181840310179e+01,5.849505334631801645e+01
2.828227458252838034e+01,1.250176500603559759e+01
7.356696643261776103e+01,1.847712104174284109e+00
1.299873339499009717e+01,5.918312963262754778e+01
2.171148188339417828e+01,2.121392684507869930e+01
1.378968536281980839e+01,5.258856083878492882e+01
1.564038840241427231e+01,4.087943948324989663e+01
1.252354336663086265e+01,6.375959533093728027e+01
2.697153097862323179e+01,1.374639446397097409e+01
1.503812602661016484e+01,4.421937091390005037e+01
2.729612145351907415e+01,1.342140915836211690e+01
1.222385365582345962e+01,6.692428133716985883e+01
4.786326583568478554e+01,4.365111517757788384e+00
1.366565499008497220e+01,5.354748721029262271e+01
1.095976701891029137e+01,8.325251379877236957e+01
3.031703011253615898e+01,1.087994474564863090e+01
1.278425702763684590e+01,6.118557037309167868e+01
1.141038771550637776e+01,7.680671603734586483e+01
3.317181867089129810e+01,9.087855951888071715e+00
1.326386278882752912e+01,5.684077083113523088e+01
1.168338454975155294e+01,7.325928187876139930e+01
2.518179823542643803e+01,1.576981215540573622e+01
1.272081899097970137e+01,6.179735029944770019e+01
1.250428221603593393e+01,6.395617263046945311e+01
1.372697982372942249e+01,5.307011262776721594e+01
1.302259401705144626e+01,5.896645197445801756e+01
2.489522588047662666e+01,1.613495868980944081e+01
1.170348817452391366e+01,7.300781630486731899e+01
2.840593014618495005e+01,1.239315754360956312e+01
6.422771010416293791e+01,2.424125628268618549e+00
1.069018176852061330e+01,8.750438575174491973e+01
2.767214733971102092e+01,1.305913096265406814e+01
1.103214825949521405e+01,8.216366831830522699e+01
1.260360115156541205e+01,6.295216890915343555e+01
1.227719047155100718e+01,6.634405504331429881e+01
1.060832037137809714e+01,8.886008945095971967e+01
1.250213931991320848e+01,6.397809898664197448e+01
1.253514593864235493e+01,6.364161777716083890e+01
1.237723494724476936e+01,6.527587922749799532e+01
1.222726562273881257e+01,6.688693667129534504e+01
4.026212686073218094e+01,6.168883578775944621e+00
1.777071957645912548e+01,3.166576413413542923e+01
3.323690011221326301e+01,9.052300788823375299e+00
1.512257007742746495e+01,4.372690999897315578e+01
2.907053712630556319e+01,1.183297338500252849e+01
5.159027380997044077e+01,3.757200178490743170e+00
1.351691143462720746e+01,5.473247199944270136e+01
4.258401510729498085e+01,5.514508183205149017e+00
1.309577680327117832e+01,5.830925207055503279e+01
2.836537141865945344e+01,1.242862403227703716e+01
1.222904018596609887e+01,6.686752607415280636e+01
1.121037891625052474e+01,7.957184272766691890e+01
1.215552523275779961e+01,6.767878315884532014e+01
2.842451542752271365e+01,1.237695638656149200e+01
3.037768533715093966e+01,1.083654007887945525e+01
1.324847786770457958e+01,5.697286125539586266e+01
1.505645237373681589e+01,4.411179094301888881e+01
3.921503340849022123e+01,6.502716513732702097e+00
1.024849958488923818e+01,9.520931143078036030e+01
1.076038593532079268e+01,8.636629785636688439e+01
1.068133826970511180e+01,8.764934235933124285e+01
2.385867995609734038e+01,1.756738733515364359e+01
3.298181378905450600e+01,9.192865990793540831e+00
2.070851494967014972e+01,2.331857935768695711e+01
3.492969762791009458e+01,8.196158488143176157e+00
1.283002214102180361e+01,6.074984697447115423e+01
1.519195915407513020e+01,4.332837803704472179e+01
1.129923650459607565e+01,7.832525222230486861e+01
3.856495722065650256e+01,6.723792340650180499e+00
1.624014761309105026e+01,3.791578528415185190e+01
1.117943894202507416e+01,8.001289484070780134e+01
1.600718639475158867e+01,3.902743380859769218e+01
1.541026205908974056e+01,4.210948709763467690e+01
2.938839484543671787e+01,1.157839249833100581e+01
3.347049446562075303e+01,8.926387653399933342e+00
1.402812216642451482e+01,5.081605205391225155e+01
1.097841222577839737e+01,8.296996980824823709e+01
1.393700629784365397e+01,5.148266350072096031e+01
1.466816619614854211e+01,4.647809891818041450e+01
1.233038728781009929e+01,6.577283546434431116e+01
1.346923428318974025e+01,5.512063166970047234e+01
3.687422977291561210e+01,7.354515792655128337e+00
2.964793470523459007e+01,1.137656385972460171e+01
1.510710237484588347e+01,4.381649714433798692e+01
1.213309990560544449e+01,6.792919260864913156e+01
1.481138911458342911e+01,4.558357857888556453e+01
1.360594322085062480e+01,5.401852127547126514e+01
1.114164038935027001e+01,8.055671095355403111e+01
3.857836448528542661e+01,6.719119669853060195e+00
1.384520175608493453e+01,5.216766789317524911e+01
4.477896461909646320e+01,4.987143959869635879e+00
3.439447952239827799e+01,8.453226704275651926e+00
1.596490243242115525e+01,3.923444038675364709e+01
1.334807659196525265e+01,5.612580977719775888e+01
5.841246917185197418e+01,2.930818136292779652e+00
4.864703393912459717e+01,4.225589142502622408e+00
1.280947356111246727e+01,6.094490953354089413e+01
1.227781034617468414e+01,6.633735613579793267e+01
2.191379021032667396e+01,2.082404054527504655e+01
1.683742175649794959e+01,3.527352147030023133e+01
1.112205977653523803e+01,8.084060409506793121e+01
3.456847113496272073e+01,8.368346518817356028e+00
1.298593476121675039e+01,5.929984613932143844e+01
9.826313750009873615e+01,1.035663680414477872e+00
4.796021732567346874e+01,4.347481225983782949e+00
1.198893779634090961e+01,6.957265647020835786e+01
1.130187247699774389e+01,7.828872037741096790e+01
3.413192523303651882e+01,8.583777045099409975e+00
1.721506276898585241e+01,3.374292906046479601e+01
6.958370131618941912e+01,2.065308572694405598e+00
4.192701412767054592e+01,5.688688198322344292e+00
3.155036226935343890e+01,1.004595664184856396e+01
1.686567656092405798e+01,3.515543410939859115e+01
6.746613152878865094e+01,2.196991530399657222e+00
1.522092990507933941e+01,4.316359690157266726e+01
1.280347930955824332e+01,6.100198849250980260e+01
1.005150055138765630e+01,9.897789160409743658e+01
4.559997489069116483e+01,4.809177349215070230e+00
1.229781943032458180e+01,6.612166425302217476e+01
1.970848199009119384e+01,2.574504470807932321e+01
2.889723007505359931e+01,1.197533216640260889e+01
1.207635420611758015e+01,6.856907877024842435e+01
1.529908712712102314e+01,4.272371055870177514e+01
2.164442876732109156e+01,2.134556933481992047e+01
1.362523408153383997e+01,5.386566869688916626e+01
3.158835666208717186e+01,1.002180467482873993e+01
3.599745006798627855e+01,7.717142576715691149e+00
6.350356588232467203e+01,2.479726451002131959e+00
1.142998019228839013e+01,7.654362825684751215e+01
1.257622454961820502e+01,6.322654255379706001e+01
8.471596893630821512e+01,1.393379559072827290e+00
4.180838012266110582e+01,5.721018049835192798e+00
2.144925237914516103e+01,2.173580260665420383e+01
4.311644077514522166e+01,5.379156676081039201e+00
1.107800221105504157e+01,8.148489401635789875e+01
3.695974023014554888e+01,7.320524184318416339e+00
1.414559743463152941e+01,4.997553028553852528e+01
1.205211329014581523e+01,6.884518783755761717e+01
1.178923907129484050e+01,7.194961104416982778e+01
1.477819201810281058e+01,4.578860258934943772e+01
2.849446604831120666e+01,1.231626298093631178e+01
1.168722440716176258e+01,7.321115086408407535e+01
1.274642881013634366e+01,6.154927625313428052e+01
2.044641275620841370e+01,2.392025210327265228e+01
2.430173330852384694e+01,1.693267212187345194e+01
1.272876545312153418e+01,6.172021524328223308e+01
1.141919483709651573e+01,7.668828645624094520e+01
1.791905421096811679e+01,3.114367318192657663e+01
1.155141904518870888e+01,7.494269771304890071e+01
1.282480944844107462e+01,6.079924102337250957e+01
4.181042129844423982e+01,5.720459465726901449e+00
1.458422127589016348e+01,4.701468277695009590e+01
4.385838720961788795e+01,5.198699145696518364e+00
1.542512334814309227e+01,4.202838566559410793e+01
1.000301665419142516e+01,9.993969420580231144e+01
1.419179495163934490e+01,4.965069643995925475e+01
2.624308385311122294e+01,1.452012194613610596e+01
1.232456387005351317e+01,6.583500613294546611e+01
1.908663333970376641e+01,2.744993615664806796e+01
1.062848358736919963e+01,8.852325764486234050e+01
2.020635985022569514e+01,2.449197650020633787e+01
9.439717555066282273e+01,1.122230324792241607e+00
1.046468066427710752e+01,9.131624396992009451e+01
1.447596932408822390e+01,4.772046773097558514e+01
1.104888793369474875e+01,8.191489194392183038e+01
1.151425331922485462e+01,7.542727884678858175e+01
1.807915001566635382e+01,3.059454389802034768e+01
1.278993296987886374e+01,6.113127631154935671e+01
1.214838578928798896e+01,6.775835436059266215e+01
3.671278485125524327e+01,7.419341161921357397e+00
2.505503638257700416e+01,1.592978537681188733e+01
7.926108531846514893e+01,1.591768735707090432e+00
1.941892010045017258e+01,2.651855467870403160e+01
2.203232425295120578e+01,2.060057634863662912e+01
1.236889682771657561e+01,6.536391643004481011e+01
1.730702434750674712e+01,3.338529289391221511e+01
1.700050630758608605e+01,3.460001512327254147e+01
1.242081835801976020e+01,6.481858985066135403e+01
1.270595496005130087e+01,6.194202183579583476e+01
8.172660285004079128e+01,1.497176860413740984e+00
1.181924642294869621e+01,7.158473557123318187e+01
1.437977263985133902e+01,4.836107668022552275e+01
1.321157324729505689e+01,5.729159671258071285e+01
1.253469062119743249e+01,6.364624137194494580e+01
1.183528979099286538e+01,7.139079323779787956e+01
2.589030783799671909e+01,1.491851418163222931e+01
1.547409499232767871e+01,4.176278792867023526e+01
4.083469268030360411e+01,5.997101745994529942e+00
1.964039405363763535e+01,2.592385633734009076e+01
1.198173151757742261e+01,6.965636903291795079e+01
1.144565847006757942e+01,7.633407275789515722e+01
1.649221576672491096e+01,3.676562760525938955e+01
7.236432345213670203e+01,1.909637734161720335e+00
4.002636492123963308e+01,6.241769100769157141e+00
1.312301054134138489e+01,5.806748877186300462e+01
1.268727967741988749e+01,6.212450951946736666e+01
2.028172220693438987e+01,2.431030121541926192e+01
1.393603631100727291e+01,5.148983042288988088e+01
1.219659774537442587e+01,6.722372884021199013e+01
1.537088103504621905e+01,4.232553705154816015e+01
2.112755287146691074e+01,2.240276408990723311e+01
1.189606929176268935e+01,7.066315589963059551e+01
1.119053149640345346e+01,7.985434875217185891e+01
1.703727277016457720e+01,3.445084247578482461e+01
2.003903437014794520e+01,2.490269902337495012e+01
1.623361579957232337e+01,3.794630327427578464e+01
1.244716355084094594e+01,6.454449510468886331e+01
1.508806672523858516e+01,4.392712783702088331e+01
1.278879798937790291e+01,6.114212735250934116e+01
1.194112441728822560e+01,7.013092275991448332e+01
3.163947627073433466e+01,9.989446562407206187e+00
1.492200803793837061e+01,4.491024877743180355e+01
7.056159875529753833e+01,2.008459947057168460e+00
1.347682210635737832e+01,5.505858026607090494e+01
5.731121300392129569e+01,3.044533793870362715e+00
1.919968830129454318e+01,2.712761690011466342e+01
1.390968638362926058e+01,5.168509555586329185e+01
1.327284993751944064e+01,5.676382224571761981e+01
3.721220927223875208e+01,7.221527853875453928e+00
3.922121768800793262e+01,6.500666019206629009e+00
1.261207996617757487e+01,6.286755473706342912e+01
1.217688202924290231e+01,6.744159034321438639e+01
4.152877524227240968e+01,5.798314311677633448e+00
2.028996215887645960e+01,2.429055992294572164e+01
1.121471469812813737e+01,7.951032721512852675e+01
1.710440130617785570e+01,3.418095913349744563e+01
1.175395349146857882e+01,7.238224751547254243e+01
1.240912207242364751e+01,6.494083766599591456e+01
1.128966576359610308e+01,7.845810796237131512e+01
1.428957731819081545e+01,4.897351034238799627e+01
1.156328274945256673e+01,7.478899708616152964e+01
5.437812821760350346e+01,3.381827810240286336e+00
2.126902798624632140e+01,2.210572253557836575e+01
1.390887528524057437e+01,5.169112378161126031e+01
1.074706187792903656e+01,8.658058206986166283e+01
1.009216376315945318e+01,9.818189764112140949e+01
1.686002987622010707e+01,3.517898624967529742e+01
1.018835760880650554e+01,9.633667206996230448e+01
1.109243316456082695e+01,8.127301267535158047e+01
1.701150060121178242e+01,3.455530656872851125e+01
1.307728941775802234e+01,5.847423237535257101e+01
3.127689376902599605e+01,1.022239762570999488e+01
2.034038664798165641e+01,2.417027500534395301e+01
6.010492949620269343e+01,2.768087510958000319e+00
1.226790872870009252e+01,6.644448314741228501e+01
1.961219732400975602e+01,2.599845210214833102e+01
1.710328235412138653e+01,3.418543173762559917e+01
1.237440068635031487e+01,6.530578452375631571e+01
2.669851575671093613e+01,1.402896924552033653e+01
3.056893943328003616e+01,1.070136696970689094e+01
1.484303231187613648e+01,4.538943055911280311e+01
6.040513033907875240e+01,2.740642249419450227e+00
2.541039430871656535e+01,1.548735279024536560e+01
1.181437081904367936e+01,7.164383153815502681e+01
1.155563971853595540e+01,7.488796238225393154e+01
4.203096018655310218e+01,5.660585793423506651e+00
1.279349363173431442e+01,6.109725315578769056e+01
1.259970842276471892e+01,6.299107355173926237e+01
1.505177077810545505e+01,4.413923564531608434e+01
1.117355903107014292e+01,8.009712807096211407e+01
4.757270915933635536e+01,4.418595353778737689e+00
1.275612438512965596e+01,6.145574802825678518e+01
1.312603401706037332e+01,5.804074110046832402e+01
1.737326173901915993e+01,3.313120828529228845e+01
1.222076322775554047e+01,6.695813369563188644e+01
1.560309912944918054e+01,4.107506550296810133e+01
1.118000752828993072e+01,8.000475654991629426e+01
1.101464037718058009e+01,8.242507587238137035e+01
1.387089439682194758e+01,5.197458966923868218e+01
1.755761885142628032e+01,3.243909773081048087e+01
1.307948878639550294e+01,5.845456867411069624e+01
3.341424206003365072e+01,8.956467847518863934e+00
1.589925349146782629e+01,3.955911186494532217e+01
1.351279816897989328e+01,5.476579795583826638e+01
1.936509878054525302e+01,2.666616528727406887e+01
1.445790637863749950e+01,4.783978108578892829e+01
1.275489044527632387e+01,6.146763936752868318e+01
1.186226080231091373e+01,7.106652234921864419e+01
1.214850539329588486e+01,6.775702018316191300e+01
1.055034371870037013e+01,8.983938754664335136e+01
1.443641306008827208e+01,4.798233742333824381e+01
1.848261680926174932e+01,2.927339418291989048e+01
3.232314368984518183e+01,9.571341553491604870e+00
3.166487036676728195e+01,9.973430627773527846e+00
1.988791039795653504e+01,2.528259749784229626e+01
1.958671574252473491e+01,2.606614212392920038e+01
5.690500889637846171e+01,3.088154421373655811e+00
1.396103661095206583e+01,5.130558785141420231e+01
1.724887664758935202e+01,3.361076266268223378e+01
2.650635993286304881e+01,1.423311039954451829e+01
1.246146447308954563e+01,6.439643607695857952e+01
1.926865079050333307e+01,2.693378493611106705e+01
3.828581282892633197e+01,6.822197003754582489e+00
1.141971707776697365e+01,7.668127247750656750e+01
1.455857190562012526e+01,4.718049015042247873e+01
1.190294732401266486e+01,7.058151510439564902e+01
1.050080217455797005e+01,9.068909046295570420e+01
1.327721875888536651e+01,5.672647252607141866e+01
1.758861994832596665e+01,3.232484643024368864e+01
1.150527329026110657e+01,7.554506891887318432e+01
1.249470744957645785e+01,6.405423015580618085e+01
1.237440419268879133e+01,6.530574751443464265e+01
1.004019198068821161e+01,9.920098073164457730e+01
1.182224452063744913e+01,7.154843268195715211e+01
3.773681921674019435e+01,7.022138927597833202e+00
1.244232689989706486e+01,6.459468505255055959e+01
1.272405497084228365e+01,6.176592170961785655e+01
1.260983528307522938e+01,6.288993889908545754e+01
3.344969243537148884e+01,8.937493568635730412e+00
4.255914293509611213e+01,5.520955581632496667e+00
1.202720224188225195e+01,6.913067100218708561e+01
1.219164842818223526e+01,6.727832016025604389e+01
1.805309504194221049e+01,3.068291824804219914e+01
1.430947788860190961e+01,4.883738754366044788e+01
1.936761837147756893e+01,2.665922757747032890e+01
1.103329638494352949e+01,8.214656929603282265e+01
7.741181592341422402e+01,1.668727755548560232e+00
1.227063956694604308e+01,6.641491191862438370e+01
1.920117624157663627e+01,2.712341270871742438e+01
4.529494278655874950e+01,4.874168842138971058e+00
1.112450507707052871e+01,8.080506851934225665e+01
1.531499060897158770e+01,4.263502581959949822e+01
1.122058201409171652e+01,7.942719601205820368e+01
1.277253135862511613e+01,6.129796329595475868e+01
3.435237689567843233e+01,8.473960125360873619e+00
1.176344485242092652e+01,7.226549109077343758e+01
4.218974521207002937e+01,5.618057692535786352e+00
1.833083223962058028e+01,2.976018552687119723e+01
1.364931622514830423e+01,5.367576080827623741e+01
1.159316483805057629e+01,7.440394757890378230e+01
1.284584481316284510e+01,6.060028375955558744e+01
1.284770368140043573e+01,6.058274914072613626e+01
1.270890110800757355e+01,6.191330665306803382e+01
5.727899686160894532e+01,3.047959507392433043e+00
4.015856687258297342e+01,6.200740952449145915e+00
2.640775270078084702e+01,1.433960245632056640e+01
1.795742010163879243e+01,3.101073890132300903e+01
1.011571043114329349e+01,9.772534723476434237e+01
1.083562183635900489e+01,8.517111260346243284e+01
2.087917256256051601e+01,2.293894460709526228e+01
1.808147403708561995e+01,3.058667973763465042e+01
1.708988598153795024e+01,3.423904710679695285e+01
1.362344623451421377e+01,5.387980754145025486e+01
3.668844454528393584e+01,7.429188891392668026e+00
1.442206723676638624e+01,4.807784224625957137e+01
2.240373884704364116e+01,1.992319551044661807e+01
1.637677807308630307e+01,3.728576623310328841e+01
1.577621032894851716e+01,4.017858378547699516e+01
1.225935828442685249e+01,6.653720055755731266e+01
3.538312385674996818e+01,7.987440842837663979e+00
1.142222096240699614e+01,7.664765729591887577e+01
1.410869735375229794e+01,5.023728551451655022e+01
1.577617464979283213e+01,4.017876552022561754e+01
1.216343049570710022e+01,6.759084008762458495e+01
1.763423397114672397e+01,3.215783500201715839e+01
3.442698087171806520e+01,8.437273426929504438e+00
1.655656885289235447e+01,3.648037726128510627e+01
2.917701516008054341e+01,1.174676492871501310e+01
1.037001689302804408e+01,9.299103302684744676e+01
1.471393263408125485e+01,4.618941621959245225e+01
1.748157931769051743e+01,3.272191181951711059e+01
1.200991470928364002e+01,6.932983292680921750e+01
1.426081494498962954e+01,4.917125708699158082e+01
1.449286063439089745e+01,4.760929692492464227e+01
1.087897096631877680e+01,8.449370703824907025e+01
3.519862449042099684e+01,8.071395261933606236e+00
1.369919944379152099e+01,5.328557087560059813e+01
1.953539658993168260e+01,2.620327262613622565e+01
1.824017117158634704e+01,3.005676119845485772e+01
2.534671886027176058e+01,1.556526447965153004e+01
1.796946860296154469e+01,3.096916753638506492e+01
1.155037863357691030e+01,7.495619939417332489e+01
4.296514506835024605e+01,5.417107262644533350e+00
1.257499789024541670e+01,6.323887833539727410e+01
1.338074936161902784e+01,5.585205129631454923e+01
1.600963768628535888e+01,3.901548347018869123e+01
1.167748387813415079e+01,7.333333690393776294e+01
3.154251718490585077e+01,1.005095441539467238e+01
1.284658893208741048e+01,6.059326360623352059e+01
4.545135899619371855e+01,4.840678659532922978e+00
2.876022904084525322e+01,1.208969429577567389e+01
4.053472532077690715e+01,6.086190350914979064e+00
1.193607718821490060e+01,7.019024571250938038e+01
1.373802723835314410e+01,5.298479443804127698e+01
1.972322643639878947e+01,2.570656677004007307e+01
5.569260225572956813e+01,3.224073828082058668e+00
1.169907265438846267e+01,7.306293662546119094e+01
3.516911485018255945e+01,8.084946009452531612e+00
1.169757938995368818e+01,7.308159163858793761e+01
1.381462033263059652e+01,5.239889066004727880e+01
1.521505920930664857e+01,4.319691247785131338e+01
1.165735059081541714e+01,7.358686211163956159e+01
1.297684910839172190e+01,5.938291197770988816e+01
2.130406667026606726e+01,2.203306800577844626e+01
1.255350918841105035e+01,6.345556427713885483e+01
1.140130850635531878e+01,7.692909179745210224e+01
1.746593779039656269e+01,3.278054592919011156e+01
1.195513406325792438e+01,6.996665296311080340e+01
2.341588256636246967e+01,1.823807247641430962e+01
4.978099715114230150e+01,4.035272026502026321e+00
2.031340615746971068e+01,2.423452409786845863e+01
1.430345407234693056e+01,4.887853136739868631e+01
1.233255268193194176e+01,6.574974022829796638e+01
1.991466710887913649e+01,2.521470535573112670e+01
4.019987914782118565e+01,6.188002850011899092e+00
3.146299198354834914e+01,1.010182779237069894e+01
1.270231132819874631e+01,6.197756281536387490e+01
1.167192867808783419e+01,7.340315883541667574e+01
1.134980384205850612e+01,7.762887431715139996e+01
3.727321783970813840e+01,7.197906898692385091e+00
1.710122061179304609e+01,3.419367510245826480e+01
1.612108994377169324e+01,3.847788549888255716e+01
1.018427854006844058e+01,9.641385821564006164e+01
1.244032071954763907e+01,6.461552037340146626e+01
1.285279315872299399e+01,6.053477925953524874e+01
1.374476051786995789e+01,5.293289480028003879e+01
1.025808108944197272e+01,9.503153502159669586e+01
3.008246324397983784e+01,1.105027816553536724e+01
1.911783151416442550e+01,2.736041877266850264e+01
2.485115395357761869e+01,1.619223806325024384e+01
2.107730456704860700e+01,2.250970781622443795e+01
3.010318677176000079e+01,1.103506901679362784e+01
2.013985359127481090e+01,2.465399944325588777e+01
6.058796774112850869e+01,2.724126236407496293e+00
9.657101032581765310e+01,1.072275665142884638e+00
1.141481179259661083e+01,7.674719109896227565e+01
1.401095846426975733e+01,5.094062965655916742e+01
1.995340237948026285e+01,2.511690244565262375e+01
1.067399267472196733e+01,8.777002037099165932e+01
2.007998190852513432e+01,2.480123832216360569e+01
3.645430438972937282e+01,7.524928346310688632e+00
1.223211788044199544e+01,6.683388154464878994e+01
4.259254733368457835e+01,5.512299049330238176e+00
1.199253339461807144e+01,6.953094421229600641e+01
1.554034686214722427e+01,4.140745931914792521e+01
1.235089364123965971e+01,6.555460974460368107e+01
1.099770816383092509e+01,8.267907667347674305e+01
1.416533452015019279e+01,4.983636179081201334e+01
2.135349957428716294e+01,2.193117390241217990e+01
4.056398493662300098e+01,6.077413335258273541e+00
2.110418843290696245e+01,2.245239573059164329e+01
2.039519934856746630e+01,2.404053292696132260e+01
3.451044595428379580e+01,8.396510920826303348e+00
3.806300175415946541e+01,6.902301567276526661e+00
3.167526131169576331e+01,9.966888211651239615e+00
1.059458742904878825e+01,8.909060364302658286e+01
6.007156015189738696e+01,2.771163672796879585e+00
1.628228935306067271e+01,3.771977238049890957e+01
1.169981354674714247e+01,7.305368347671978313e+01
1.182492097090417715e+01,7.151604783124336961e+01
1.690671207492394501e+01,3.498498457947417251e+01
1.345751897021219179e+01,5.521664290788515927e+01
1.180992135522673081e+01,7.169782625617560257e+01
1.264272641100767736e+01,6.256313750480489233e+01
5.490326627599934284e+01,3.317444270589463784e+00
2.282059297313649182e+01,1.920198605758737287e+01
1.494817720946812223e+01,4.475314129287661302e+01
2.707092866761656680e+01,1.364563313491479235e+01
1.141116384040471132e+01,7.679626844790064411e+01
3.910424361454362696e+01,6.539615587614914460e+00
1.208478599303179735e+01,6.847342822834929166e+01
2.911461467899950151e+01,1.179717186717583388e+01
1.329517280501152143e+01,5.657336702844239795e+01
1.192821835860035407e+01,7.028276496030647991e+01
1.071560671837067957e+01,8.708963457813192122e+01
1.354450141775589778e+01,5.450972035468892329e+01
1.052410113002033754e+01,9.028798786110587571e+01
1.679688155856285192e+01,3.544399611748369239e+01
3.164672845181022609e+01,9.984868713254174466e+00
5.566666084245930080e+01,3.227079451854468761e+00
2.626244298140711919e+01,1.449872307629188128e+01
1.964064435344349135e+01,2.592319559579359378e+01
2.334648660482459803e+01,1.834665666108472237e+01
1.254868466535507565e+01,6.350436647299720505e+01
2.471297497566550661e+01,1.637381733731368172e+01
2.364717819772985408e+01,1.788304015891010224e+01
2.220810641429204324e+01,2.027575059295801196e+01
5.261746111165705031e+01,3.611937464222875871e+00
1.272204252443157557e+01,6.178546423802949050e+01
2.188855300699581363e+01,2.087208789822584265e+01
1.254009572274707018e+01,6.359138688502932268e+01
2.223129847736511522e+01,2.023346865357482827e+01
1.377572894021883521e+01,5.269517152629914136e+01
1.334447302615559749e+01,5.615612650190420396e+01
1.125915750343681410e+01,7.888387042159256168e+01
3.550996670800647337e+01,7.930479918275885609e+00
1.481981416627926862e+01,4.553176486012282709e+01
4.126069431204469851e+01,5.873905245750780324e+00
2.666320675795216388e+01,1.406614983278693032e+01
1.247393235549559698e+01,6.426777000428587883e+01
1.356200967601565743e+01,5.436906948526164740e+01
1.172932688044192062e+01,7.268651062466072688e+01
4.934789740018624116e+01,4.106413639486902412e+00
3.513588053994326543e+01,8.100248012851729129e+00
1.379732354889126000e+01,5.253035099448982947e+01
1.247168058323090634e+01,6.429097929759235797e+01
1.081451247932673354e+01,8.550393613820385497e+01
1.806287134616864520e+01,3.064971374126222159e+01
1.205376903265824851e+01,6.882627556622246345e+01
1.214349900086210354e+01,6.781289998482313308e+01
1.746241744121130779e+01,3.279376409906991086e+01
2.457581434201157933e+01,1.655709592926811879e+01
4.456549991073946160e+01,5.035034316854967607e+00
2.315276728940528983e+01,1.865495418054014110e+01
3.721812129511783951e+01,7.219233786066876490e+00
1.165774008991924759e+01,7.358194494282143694e+01
1.278933295758873712e+01,6.113701240077786281e+01
1.291844170551312665e+01,5.992109490798766558e+01
1.065187469812059717e+01,8.813489712805315435e+01
1.691214834519207599e+01,3.496249692616530780e+01
1.341276270678224769e+01,5.558575609095991865e+01
1.504208632925515232e+01,4.419608969684595934e+01
2.077785858271059993e+01,2.316319310945876353e+01
1.552988342842724556e+01,4.146327559960016629e+01
1.050679673794091329e+01,9.058563620768393321e+01
3.361978229568308052e+01,8.847288845440484550e+00
1.027469468358919791e+01,9.472446235899897715e+01
1.173067305865784604e+01,7.266982899313441635e+01
2.185249645468958590e+01,2.094102248464847804e+01
1.190775386433569238e+01,7.052454643794399658e+01
1.373112047775068945e+01,5.303811060094187724e+01
1.211086671276007998e+01,6.817883108086472532e+01
1.535712662803531003e+01,4.240138761667113698e+01
1.176453641578109810e+01,7.225208151814389623e+01
1.225802473843103257e+01,6.655167846011416088e+01
3.517685103570067184e+01,8.081390275344404017e+00
1.431440942044566533e+01,4.880374289403463450e+01
1.666744285498637979e+01,3.599664710068397966e+01
2.433153068527882112e+01,1.689122464604308504e+01
2.631309754551583779e+01,1.444295468300764895e+01
1.146111554310563996e+01,7.612831517793345881e+01
1.389863742657797729e+01,5.176730410234224422e+01
1.316573258471512631e+01,5.769124889405965462e+01
1.395665197547096703e+01,5.133782934278526966e+01
2.695345556647608021e+01,1.376483774367550694e+01
1.375533361970227375e+01,5.285155183791401612e+01
1.116559187375293227e+01,8.021147473533143568e+01
1.372421954450362058e+01,5.309146219305670655e+01
1.588591814649117318e+01,3.962555509053947134e+01
1.353954107039036181e+01,5.454966804211497333e+01
1.373359844644606831e+01,5.301897287509347478e+01
1.426238143677436021e+01,4.916045634651735696e+01
1.655485331168311802e+01,3.648793840749865325e+01
1.958750334537350923e+01,2.606404595529699364e+01
1.216092754580309609e+01,6.761866590863026261e+01
1.103492262542813407e+01,8.212235884391364493e+01
1.080929448158081918e+01,8.558650712090854995e+01
2.265500221357135757e+01,1.948371562097613818e+01
1.126388894506340854e+01,7.881761336939825924e+01
2.873918233747275153e+01,1.210740818737898650e+01
3.744078357663833856e+01,7.133622796385958864e+00
3.221605346068292874e+01,9.635080010568167097e+00
1.896397892065302315e+01,2.780616350646542045e+01
2.293495840341850567e+01,1.901096167798701941e+01
2.236882116290471956e+01,1.998544419257144966e+01
1.169267776729253683e+01,7.314287673960447478e+01
1.257748036950050441e+01,6.321391726114315190e+01
4.116884335664243366e+01,5.900144781522726589e+00
4.467170663832470723e+01,5.011121246575850563e+00
2.932415122186556289e+01,1.162918017072262167e+01
1.337712384653676700e+01,5.588232983702051371e+01
1.191563222672214550e+01,7.043131861049270981e+01
1.473027133381241605e+01,4.608700718101826510e+01
1.209022306805470315e+01,6.841185592283866868e+01
1.179029167894798391e+01,7.193676465621176419e+01
1.132911401788559758e+01,7.791267309529786189e+01
1.203266396348624312e+01,6.906792732566040627e+01
1.178376916628692861e+01,7.201642309299779754e+01
1.363309314025143060e+01,5.380358279614130623e+01
1.266375471619694615e+01,6.235553644224325609e+01
8.402637743861166086e+01,1.416343907941893354e+00
1.637572378437942078e+01,3.729056739220878569e+01
1.281000824965269658e+01,6.093982197012981317e+01
1.304296020775147369e+01,5.878244705764814881e+01
1.586133357019302359e+01,3.974848705595639586e+01
2.746877830856708158e+01,1.325321707479464983e+01
2.509655470721155623e+01,1.587712229734843916e+01
1.001076442908412822e+01,9.978505853886602495e+01
1.046984450520091592e+01,9.122618985833649674e+01
3.144232718587134912e+01,1.011511057676723802e+01
1.055889687961071921e+01,8.969389895561968729e+01
1.129064758008292912e+01,7.844446337482921194e+01
2.599535272104266426e+01,1.479818903646649630e+01
1.277940861027444797e+01,6.123200592654092134e+01
1.256647284808412834e+01,6.332470941575341783e+01
1.600855046459762576e+01,3.902078312805675608e+01
1.160868781448233733e+01,7.420509676342477690e+01
1.480526068823956898e+01,4.562132373276382680e+01
1.395013842256353698e+01,5.138578151701840113e+01
1.333646469576345694e+01,5.622358843408080986e+01
3.070973500846880455e+01,1.060346633944138794e+01
1.087197865156462484e+01,8.460242626994988768e+01
2.805416536312174358e+01,1.270589595932505667e+01
1.389586746293683106e+01,5.178794446069082369e+01
1.243291467679436302e+01,6.469252369062326125e+01
1.453776887024137388e+01,4.731561400039800702e+01
3.195367312905449708e+01,9.793962199479830488e+00
1.323795241293160174e+01,5.706349516186642745e+01
1.522204820362024513e+01,4.315725504616627717e+01
2.216680977342965164e+01,2.035136818164920669e+01
1.530145147166898312e+01,4.271050844279474035e+01
1.224808558673923464e+01,6.665973381433521183e+01
1.166549925911128227e+01,7.348409317113926420e+01
2.447403337976927773e+01,1.669509535679608803e+01
2.173667259732473056e+01,2.116478553290298592e+01
2.796023369416202087e+01,1.279140960478196654e+01
1.456807956611167931e+01,4.711892682609030913e+01
2.804993341386809291e+01,1.270973017613943412e+01
1.743473396276103671e+01,3.289798894333982560e+01
2.298617332046851658e+01,1.892634035933642878e+01
1.022940189913486009e+01,9.556514353838505826e+01
1.174383476506341673e+01,7.250703327858531111e+01
1.393535659040502139e+01,5.149485355263589526e+01
1.323994027508281945e+01,5.704636127088214437e+01
1.167115869791013161e+01,7.341284439331327860e+01
1.133201308801032958e+01,7.787281337956491711e+01
1.028172607122282223e+01,9.459494778839886919e+01
1.545563278063730372e+01,4.186262129733506043e+01
4.919477354125733370e+01,4.132016704387925010e+00
1.402685763912474926e+01,5.082521464516368326e+01
1.092444441402067312e+01,8.379175400094041493e+01
1.561795382840124091e+01,4.099696723611081950e+01
1.228806486002506482e+01,6.622668395034982325e+01
1.367511286780416491e+01,5.347344461056074039e+01
1.325550370633082586e+01,5.691248240341244724e+01
1.893741219141756815e+01,2.788423510069902989e+01
2.809199766240518414e+01,1.267169621442486083e+01
1.056320923195565520e+01,8.962068015732349124e+01
1.096642341074942451e+01,8.315147936841042053e+01
1.038778388126785934e+01,9.267320629983258584e+01
1.540310090905789941e+01,4.214865095885034663e+01
2.561160376475563183e+01,1.524496569630205300e+01
1.439887090323682273e+01,4.823287217597232512e+01
1.860897846637314856e+01,2.887719019814013066e+01
1.385486353675651472e+01,5.209493432654366529e+01
2.429157178802055128e+01,1.694684145471104841e+01
1.145074024501239407e+01,7.626633451681132669e+01
1.255186059091895068e+01,6.347223424466035624e+01
1.120387681854999862e+01,7.966422753949808566e+01
2.346342057405997394e+01,1.816424493419914299e+01
1.323926487648990147e+01,5.705218183800102594e+01
1.184600104682237998e+01,7.126174727033126999e+01
2.147781341669399779e+01,2.167803282379169261e+01
1.881909982751780674e+01,2.823594374488175163e+01
1.260265575554038975e+01,6.296161405526785870e+01
1.306981892628122743e+01,5.854109727987535905e+01
1.860303508083105939e+01,2.889564478797237612e+01
2.601618284223028965e+01,1.477450188206108450e+01
1.113485488807805091e+01,8.065492224101366503e+01
1.260280044366023411e+01,6.296016838526654880e+01
1.236241066577257719e+01,6.543252314084045906e+01
1.867179906594423144e+01,2.868320453150702676e+01
2.493281485662850017e+01,1.608634489304795423e+01
1.349478599234148746e+01,5.491209291159001538e+01
1.180330798764878786e+01,7.177819303413561158e+01
1.182809847931323866e+01,7.147762875307488173e+01
1.421175502517313838e+01,4.951132792283900130e+01
1.985565880269686900e+01,2.536479737256446043e+01
1.974411333710018113e+01,2.565220661779210332e+01
1.089322675591375678e+01,8.427270065221826201e+01
1.035582888064510065e+01,9.324601246635805296e+01
2.041485298830689743e+01,2.399426695185164959e+01
1.235365201000598034e+01,6.552533846508862325e+01
2.392724693529583746e+01,1.746684782972799965e+01
1.122481560292634128e+01,7.936729325922372880e+01
1.932296753250689036e+01,2.678257635329403641e+01
2.487270883424291057e+01,1.616418558782325121e+01
1.486358056788649940e+01,4.526401946525258069e+01
1.827223479152305430e+01,2.995136817825116538e+01
2.085959240897108913e+01,2.298202875269007350e+01
2.527880496431719237e+01,1.564901193134661561e+01
1.149731650833132512e+01,7.564966787196189557e+01
2.148244330316159889e+01,2.166868975104229378e+01
1.647493028437309803e+01,3.684281700579197860e+01
1.317799793875152936e+01,5.758390720276987906e+01
1.352434174025647984e+01,5.467234821857340421e+01
1.020270543729782808e+01,9.606591052277516951e+01
3.484370243253277977e+01,8.236665091705857478e+00
2.261146208571567584e+01,1.955882268149372649e+01
1.172863497400303601e+01,7.269508685680990823e+01
1.431909992040663759e+01,4.877177489844822134e+01
1.046282266858720966e+01,9.134867886014474436e+01
1.252143749725724398e+01,6.378104345458895352e+01
3.340408188515828414e+01,8.961917068908345385e+00
1.448302693234333915e+01,4.767397050235495470e+01
1.300586388440389207e+01,5.911825289692745145e+01
2.994242164750240320e+01,1.115388484521933243e+01
1.555810239378636517e+01,4.131300153644256312e+01
1.191698962425116903e+01,7.041527465039138178e+01
2.260800172202321434e+01,1.956481045699732491e+01
3.492158787461440284e+01,8.199965677065653935e+00
1.336382437855859706e+01,5.599361161508711149e+01
2.348268339609231603e+01,1.813445693233282441e+01
1.055065255934377078e+01,8.983412803345159148e+01
1.267669678708903369e+01,6.222827966000183153e+01
1.322098506667499684e+01,5.721005570381307592e+01
2.261169238617642918e+01,1.955842426965796932e+01
2.679642204569522335e+01,1.392664102523061409e+01
1.402593071297364169e+01,5.083193259896864191e+01
1.209388086184310396e+01,6.837047985464322153e+01
2.162973713378070073e+01,2.137457641748805059e+01
1.472991662767230103e+01,4.608922681900634188e+01
1.074673267334627802e+01,8.658588659577173985e+01
1.125187555589183219e+01,7.898600700884338721e+01
2.545531684862283583e+01,1.543273808414097736e+01
1.631812602320525940e+01,3.755427951316601565e+01
1.389424232318492436e+01,5.180005992079235710e+01
1.474088923802565176e+01,4.602063788936213484e+01
1.326477086441312281e+01,5.683298872166055560e+01
1.014373935627873813e+01,9.718602894414438254e+01
1.102464196147844255e+01,8.227559121664229735e+01
2.315628191895769206e+01,1.864929176221341933e+01
1.166058899436126772e+01,7.354599438803396083e+01
2.770154824403095972e+01,1.303142518211950396e+01
1.611799543142494784e+01,3.849266174354403347e+01
3.178717640650804199e+01,9.896829668788925005e+00
2.097987380565106363e+01,2.271926393367223795e+01
1.372594368292641853e+01,5.307812521850029697e+01
3.541055413146819575e+01,7.975070924232766423e+00
2.545004439043927746e+01,1.543913311382867271e+01
1.186311748080280992e+01,7.105625878012479291e+01
1.249208688149821356e+01,6.408110734277151721e+01
1.261838814547365750e+01,6.280471300583570837e+01
1.622159037853396057e+01,3.800258498318203948e+01
1.097343295145667952e+01,8.304528333545169971e+01
1.511593293584113873e+01,4.376531787093986736e+01
1.542389840185147776e+01,4.203506161199366176e+01
2.565509214206997868e+01,1.519332550702395324e+01
1.844127731799311221e+01,2.940478460510704650e+01
1.121257258963941794e+01,7.954071025432743625e+01
1.551547781532002190e+01,4.154030593048889131e+01
1.435894356168888741e+01,4.850148356300728381e+01
1.286129268567717432e+01,6.045479554585384108e+01
3.476579522148544044e+01,8.273621795521368227e+00
1.290401922919335043e+01,6.005511416346155329e+01
1.226220275066928345e+01,6.650633483578974392e+01
1.563105440051023720e+01,4.092827594457662599e+01
1.252360378383001915e+01,6.375898014589250806e+01
1.448307897317278758e+01,4.767362789723414096e+01
2.215952381905489332e+01,2.036475326320712398e+01
1.907991552631342103e+01,2.746926915752860765e+01
2.601873758952977056e+01,1.477160064478302814e+01
1.044214982427121896e+01,9.171073195549155344e+01
2.480551603745279365e+01,1.625187478276304631e+01
1.002442418932072599e+01,9.951330002638610495e+01
1.346694164786008230e+01,5.513940092967281004e+01
1.124771702696522269e+01,7.904442354166363316e+01
1.668278498690771627e+01,3.593046973680276324e+01
2.962936079463286987e+01,1.139083170122101230e+01
1.187860239143700447e+01,7.087112207679955134e+01
1.358112127621033416e+01,5.421615886885719249e+01
1.194669790163600709e+01,7.006550176634351601e+01
1.040270512828980642e+01,9.240754307693239866e+01
1.485007089253925372e+01,4.534641373336668835e+01
3.110716368029530088e+01,1.033425494246014331e+01
1.181403801452379909e+01,7.164786804570059076e+01
1.475469684588995811e+01,4.593454495166572116e+01
1.574474299102554120e+01,4.033934557089160222e+01
1.473956492293106990e+01,4.602890795210240071e+01
1.202145758424249067e+01,6.919675731870481172e+01
1.059768198355181212e+01,8.903858179954720242e+01
2.916397883676027902e+01,1.175726890364168931e+01
1.195682382905467733e+01,6.994687866439957702e+01
1.716124430081482899e+01,3.395489973590546384e+01
1.074912651743006364e+01,8.654732531694813247e+01
1.518644573220769978e+01,4.335984438474763181e+01
1.278343540347245444e+01,6.119343573276760395e+01
3.169543213354983990e+01,9.954206487978416007e+00
1.843946169139877966e+01,2.941057552658095275e+01
1.726777864915680283e+01,3.353721956450130648e+01
1.039547032610484756e+01,9.253621122080043904e+01
2.092745818981926220e+01,2.283321332148128491e+01
1.221531945122250029e+01,6.701782699133433141e+01
1.153263405657057561e+01,7.518703812406330655e+01
2.025645458968453028e+01,2.437098769886912919e+01
1.966688609087961481e+01,2.585406255219852412e+01
1.052269351195016789e+01,9.031214507970280181e+01
2.398683731620198856e+01,1.738017002349132767e+01
1.231659794906440020e+01,6.592019297632788266e+01
1.130537758259367109e+01,7.824018282243234523e+01
4.244430770166655265e+01,5.550870447360040316e+00
1.455664757126809228e+01,4.719296514352998884e+01
1.297809425992284105e+01,5.937151782765062791e+01
1.354981367489064326e+01,5.446698723756126981e+01
2.316640977552998493e+01,1.863298918728598252e+01
1.681279711052773251e+01,3.537692295228035988e+01
1.009146711648884853e+01,9.819545373800735888e+01
1.126039007550113347e+01,7.886660197300204800e+01
1.767669379036820487e+01,3.200353284608380022e+01
1.081620159175171203e+01,8.547723277426152322e+01
1.568602474750059805e+01,4.064191921916426509e+01
1.565280797394115275e+01,4.081459441435403335e+01
1.127850380857704948e+01,7.861347949655898049e+01
1.017229376485277292e+01,9.664117746863567504e+01
1.354755021869978826e+01,5.448518889561358236e+01
2.298049680886397539e+01,1.893569166802563331e+01
1.423137227831469254e+01,4.937492409532826088e+01
1.364235758913419794e+01,5.373053218324202618e+01
2.332866317045221294e+01,1.837470158976999102e+01
2.686539663264628786e+01,1.385522192676764952e+01
1.350116977136931951e+01,5.486017684827457686e+01
1.756951257773709685e+01,3.239519313676268553e+01
2.584059855270506390e+01,1.497596656372036783e+01
1.542979204452132969e+01,4.200295588845831674e+01
1.821035614258003577e+01,3.015526304083672926e+01
4.065320639473853248e+01,6.050766450254720930e+00
1.227840202441415407e+01,6.633096288946140362e+01
1.259493426182236320e+01,6.303883664651817043e+01
1.961007241988661676e+01,2.600408667707032606e+01
1.442837217191383736e+01,4.803583314874650512e+01
1.930595139342246114e+01,2.682980913414567681e+01
1.165821517862657331e+01,7.357594792899436698e+01
1.596989302700618651e+01,3.920992267819497812e+01
1.722059556869595909e+01,3.372125003361199447e+01
2.144342836982902867e+01,2.174761104562873726e+01
1.610533262211374961e+01,3.855321520939259727e+01
1.349264241146137344e+01,5.492954210487017264e+01
2.250270528909797463e+01,1.974833724879847807e+01
1.872354925042369800e+01,2.852486811925142263e+01
1.204235235746664223e+01,6.895683804774655812e+01
2.736960618969451886e+01,1.334943554745982652e+01
1.073750021086926587e+01,8.673484950318774622e+01
1.671509698019174195e+01,3.579168945372197896e+01
1.772054392051193261e+01,3.184534100331462980e+01
1.346435088829625926e+01,5.516062240185487298e+01
1.149089888534111026e+01,7.573419156763230831e+01
2.814217748075995473e+01,1.262654714830702929e+01
1.322475472657889384e+01,5.717744538767284013e+01
3.601282001888024809e+01,7.710556766935219741e+00
1.125763278444251547e+01,7.890523972415778076e+01
1.381297586940399391e+01,5.241136779442611981e+01
2.945808234821437921e+01,1.152367645369080762e+01
1.967147912960052736e+01,2.584199077595226512e+01
1.495746441753575695e+01,4.469758338697074151e+01
1.672950528762800815e+01,3.573006472736945227e+01
1.244433555272835257e+01,6.457383414812659339e+01
1.322695709991529789e+01,5.715840614887231652e+01
1.389219578534038568e+01,5.181532296389067227e+01
3.595543973747462019e+01,7.735186528344087264e+00
1.104663371383620074e+01,8.194832711006318959e+01
1.378871580360130800e+01,5.259595667133184804e+01
2.645602666146223569e+01,1.428731963523715542e+01
2.285158553613305088e+01,1.914993582278908946e+01
1.869111639112849943e+01,2.862394681200477464e+01
1.319205629321366757e+01,5.746124192406593778e+01
1.583145736365804446e+01,3.989865068322401243e+01
1.235450624492044902e+01,6.551627746407945097e+01
1.732072373607543270e+01,3.333250327162093640e+01
1.524737397198278721e+01,4.301400638944244292e+01
2.459675384039525170e+01,1.652891743774741329e+01
1.249091475308583554e+01,6.409313445403795129e+01
1.022594994181671879e+01,9.562967396893654382e+01
1.803033452317188789e+01,3.076043205359134092e+01
2.049259128322233892e+01,2.381256855817718332e+01
2.577771238917846119e+01,1.504912509941449983e+01
1.084008607825000325e+01,8.510097549335736744e+01
1.083721556475271797e+01,8.514606380034724964e+01
2.841413517899348662e+01,1.238600113488240595e+01
1.024095688446595709e+01,9.534961077650100947e+01
3.056546451099213257e+01,1.070380033906745787e+01
1.243199322030273990e+01,6.470211403612096035e+01
1.905147304208172088e+01,2.755134968340857426e+01
1.063175283244085456e+01,8.846882452688059573e+01
1.159114433506576169e+01,7.442988919371845213e+01
1.128574405807258074e+01,7.851264456245911560e+01
1.050958844054376051e+01,9.053751737410968303e+01
1.945532169687743007e+01,2.641941320282035122e+01
1.699046145940372909e+01,3.464093863051056132e+01
2.162572220503677300e+01,2.138251375864683013e+01
1.265906723097532094e+01,6.240172385335467453e+01
1.421756488033459931e+01,4.947087164594234565e+01
1.721455088832767544e+01,3.374493580576393725e+01
1.498562541842209939e+01,4.452974975330898388e+01
1.030142119186540484e+01,9.423358445840777620e+01
1.735340219364341863e+01,3.320708357749330020e+01
1.359987484196935092e+01,5.406673907043794003e+01
1.326430035648563432e+01,5.683702072414565265e+01
2.182760702366679695e+01,2.098880667785259746e+01
1.067112861339922603e+01,8.781714049557334079e+01
2.733699719454495281e+01,1.338130234739744395e+01
1.326740444587204948e+01,5.681042825012610820e+01
3.196589464692500115e+01,9.786474581599730271e+00
1.703669072965985976e+01,3.445319646912600575e+01
1.208160901267384091e+01,6.850944451364577503e+01
3.198887900878802171e+01,9.772416254414592274e+00
1.150691360434944777e+01,7.552353250817891706e+01
1.320630294899395629e+01,5.733733306362753979e+01
1.846127578005777181e+01,2.934111273658929164e+01
1.320915608246167317e+01,5.731256639491208205e+01
2.399514471613620259e+01,1.736813767017166654e+01
1.133537353181861107e+01,7.782664843874523797e+01
1.475853080261256522e+01,4.591068238908504640e+01
1.917595936741350826e+01,2.719479556779483786e+01
3.738846453112500257e+01,7.153601443472578758e+00
1.295806313030596435e+01,5.955521777973320496e+01
1.650181451335353344e+01,3.672286851286201426e+01
1.141249656499955556e+01,7.677833331877721434e+01
1.050896941467797241e+01,9.054818382740708671e+01
1.467323260847793165e+01,4.644600829894304184e+01
2.548101267855135532e+01,1.540162809113940945e+01
1.408807528607567150e+01,5.038446742895279584e+01
1.187795258839410906e+01,7.087887653281694611e+01
2.011595514773478754e+01,2.471261383165191106e+01
1.379038628905631469e+01,5.258321511974604334e+01
1.255071511238137028e+01,6.348382073981659346e+01
1.693441558737195152e+01,3.487061226191768526e+01
1.705016856619404209e+01,3.439874879413276432e+01
2.098356602786403258e+01,2.271126937347456831e+01
2.086617119032602830e+01,2.296753928010283019e+01
1.678703108220465268e+01,3.548560474741203308e+01
1.074947442887592430e+01,8.654172312346213403e+01
1.678780054157745738e+01,3.548235189658664979e+01
1.040266686151196218e+01,9.240822293056474734e+01
1.318578801741647233e+01,5.751588689843484303e+01
1.203814404463947163e+01,6.900505854882607082e+01
1.064786939128237364e+01,8.820121531563863471e+01
1.039615296367731112e+01,9.252405929866043266e+01
1.470097220626408507e+01,4.627089361654148547e+01
1.121064259476925606e+01,7.956809965251295580e+01
2.998364287796809435e+01,1.112323741447112013e+01
1.160513063998351058e+01,7.425059404222666615e+01
1.500493815119736141e+01,4.441519577046765477e+01
1.358175234110553120e+01,5.421112076789720646e+01
1.121096085582414759e+01,7.956358209720056607e+01
2.039968138745106074e+01,2.402997013783668478e+01
1.274354571961023197e+01,6.157712913057991244e+01
1.408158178644240266e+01,5.043094614998455683e+01
1.691852773152346856e+01,3.493613562234765624e+01
1.251895407858640041e+01,6.380635079956227429e+01
4.142957852377551831e+01,5.826113886539348918e+00
1.442091633529388339e+01,4.808551652522300657e+01
1.436886807183399384e+01,4.843450720426119460e+01
1.118861531826438949e+01,7.988170303254199212e+01
1.236885175999377395e+01,6.536439275691665785e+01
1.044481962869237357e+01,9.166385351559900130e+01
2.029665349474132441e+01,2.427454649466218584e+01
2.935435987186309958e+01,1.160525724600263864e+01
1.013382715151225710e+01,9.737624315148291032e+01
1.100809656689623850e+01,8.252310088015916278e+01
2.426938894477337527e+01,1.697783530732160528e+01
1.058941107384608493e+01,8.917772412981484820e+01
1.713071458541375236e+01,3.407603387129627492e+01
2.832087673205161948e+01,1.246770771950688861e+01
1.702061850853192126e+01,3.451829408403540356e+01
1.637555913758342641e+01,3.729131726624439835e+01
1.129686312219844879e+01,7.835816672264458305e+01
1.587586142971057690e+01,3.967577336743163841e+01
1.754693194572289627e+01,3.247862363196182400e+01
1.568177541434083899e+01,4.066394790521375313e+01
3.474966434651506120e+01,8.281304847294293836e+00
2.115716012008897096e+01,2.234010727738763080e+01
3.446556330368948551e+01,8.418393809742941158e+00
1.228013893720259553e+01,6.631220040631262691e+01
1.661856006946317521e+01,3.620872375361550155e+01
1.853206394038652860e+01,2.911738843204179616e+01
1.728967898894999067e+01,3.345231210791936860e+01
1.309532069526092002e+01,5.831331394589445694e+01
1.050797430760917450e+01,9.056533449824848958e+01
1.172848947581244161e+01,7.269689051093456555e+01
1.392227377214395467e+01,5.159167887869258351e+01
1.217261654513932889e+01,6.748886389903225336e+01
2.014173387867184317e+01,2.464939661800169901e+01
1.394319009067931781e+01,5.143700859278828119e+01
1.186106727692732932e+01,7.108082527219804092e+01
3.297887586477209254e+01,9.194503957310768527e+00
1.400934025316799669e+01,5.095239858383601472e+01
1.080204561025973220e+01,8.570141382755815584e+01
2.511498301151933177e+01,1.585383093405123134e+01
1.399664628814318235e+01,5.104486091340094589e+01
1.039529122312150022e+01,9.253939990573788066e+01
1.178443760316010014e+01,7.200825349355891092e+01
1.337477581714548158e+01,5.590195257647965121e+01
1.399427031696929369e+01,5.106219535257012154e+01
1.870863074054240016e+01,2.857037847239472583e+01
1.156471117337242660e+01,7.477052298972090227e+01
1.061565981153426819e+01,8.873725999568775080e+01
1.224363555729309461e+01,6.670819845286973759e+01
1.144393843577165981e+01,7.635702064264189914e+01
1.547251019041248021e+01,4.177134363619030211e+01
1.798284555011576202e+01,3.092311043899836775e+01
1.179616506734480907e+01,7.186514691086308915e+01
1.917726387639590513e+01,2.719109591087596556e+01
1.317733249745914392e+01,5.758972320189778316e+01
1.546839172043451072e+01,4.179358989551753467e+01
3.113672164529552333e+01,1.031464372175362953e+01
1.130219119175084153e+01,7.828430505334681300e+01
1.336553401515570272e+01,5.597928781702580636e+01
1.741364747996764706e+01,3.297771065436144511e+01
3.138896365156373847e+01,1.014953266775250462e+01
1.679301877992082481e+01,3.546030385339082613e+01
2.161268525841738608e+01,2.140831774950505562e+01
1.381288638801975566e+01,5.241204684973707373e+01
1.584916280645511399e+01,3.980955718275238553e+01
1.290413024199851577e+01,6.005408087289713137e+01
1.042310652930048853e+01,9.204615401868807112e+01
1.042792658429896591e+01,9.196108150040159046e+01
1.615235565549723518e+01,3.832906830395769759e+01
1.096575081208731106e+01,8.316168009062813837e+01
2.250055679469634740e+01,1.975210881926319928e+01
1.097730797570800299e+01,8.298666319125064206e+01
1.206698039653645971e+01,6.867565110510646775e+01
1.079416735271887795e+01,8.582655997012695082e+01
2.035014832458636036e+01,2.414709229284687808e+01
1.968161428389366208e+01,2.581538268137936853e+01
1.265847081894085413e+01,6.240760418698497602e+01
1.924047350328243056e+01,2.701273067580318354e+01
1.148978653420224738e+01,7.574885625994224370e+01
1.798197659523109238e+01,3.092609914682703476e+01
1.324330296180967359e+01,5.701739497928842582e+01
1.290782088877061362e+01,6.001974406022473829e+01
1.898722210689618350e+01,2.773812740856754644e+01
1.154698739424318177e+01,7.500023369164698295e+01
1.910640558276364231e+01,2.739315247990213820e+01
1.402418619926626064e+01,5.084457968127924232e+01
3.518239568060673861e+01,8.078843268086004059e+00
1.569850235155699814e+01,4.057733825077296785e+01
1.298329465435450203e+01,5.932396541761568898e+01
1.679448614549718855e+01,3.545410765832644984e+01
2.011961479645995254e+01,2.470362446864535855e+01
2.243639601202171008e+01,1.986523953852651303e+01
1.445861620923260027e+01,4.783508391336018661e+01
1.359473669780889082e+01,5.410761594855753742e+01
1.675172399618011099e+01,3.563534618796999354e+01
1.282311552642945074e+01,6.081530513428779017e+01
1.763063500131554306e+01,3.217096520301029727e+01
3.829645683440067216e+01,6.818405247702655991e+00
1.917581060733320442e+01,2.719521750726297427e+01
3.800442663510899877e+01,6.923594597704330944e+00
1.270939628386406639e+01,6.190848228899490380e+01
1.973218849054062929e+01,2.568322102458820666e+01
1.803613159099795737e+01,3.074066155538454126e+01
1.220539952043385057e+01,6.712680865426102628e+01
2.539202639206800427e+01,1.550976717261306170e+01
1.680816681619694108e+01,3.539641682452259630e+01
1.259051136732798426e+01,6.308313398876524758e+01
1.035732389498599026e+01,9.321909546226926579e+01
1.170151883101569190e+01,7.303239252781820312e+01
1.200493834389685510e+01,6.938732294949521417e+01
1.541042241636283983e+01,4.210861073912777641e+01
1.159419458764707400e+01,7.439073164881182265e+01
3.032584393878357432e+01,1.087362142567262246e+01
6.789604968940798813e+01,2.169256892279473270e+00
1.695130881153432867e+01,3.480114464182006628e+01
2.170982759164833809e+01,2.121715997634269968e+01
1.558267661522940983e+01,4.118280126988827305e+01
5.251762559792304330e+01,3.625683035408396648e+00
1.177689857930709927e+01,7.210047568563328468e+01
1.495707471433915181e+01,4.469991258815218771e+01
1.491716134232066260e+01,4.493943685975352054e+01
1.782115385257648654e+01,3.148678806163743360e+01
1.987959054829544669e+01,2.530376407329900701e+01
2.268593398618394730e+01,1.943062060617338460e+01
1.256720518949539844e+01,6.331732926159423869e+01
1.043737368982843172e+01,9.179468468500689937e+01
1.060600237764231757e+01,8.889893531050761055e+01
1.807796207920951304e+01,3.059856487870897013e+01
1.087474091584586589e+01,8.455945244979758968e+01
1.223462561917855673e+01,6.680648638894122371e+01
1.310336142558225170e+01,5.824176928580472890e+01
1.040105976261866161e+01,9.243678167928653977e+01
1.479417853569539787e+01,4.568969817217189444e+01
1.904635628698650862e+01,2.756615487163829314e+01
1.048244493419927359e+01,9.100700468478660810e+01
1.044370308203977160e+01,9.168345431026183689e+01
1.940029591520270813e+01,2.656949447274025644e+01
2.355170221330522651e+01,1.802832576543615417e+01
1.982353352333301544e+01,2.544707447612727691e+01
1.721321798051886987e+01,3.375016209523138855e+01
1.537462871473334403e+01,4.230490523979051432e+01
2.058525425802689668e+01,2.359867009299247442e+01
3.264968584990022293e+01,9.380845561659599596e+00
1.472255423354910420e+01,4.613533456524743315e+01
1.123810498946924064e+01,7.917969597159839168e+01
1.491380581108045789e+01,4.495966142890046058e+01
1.153063364185180539e+01,7.521312833021721644e+01
1.159088207508607482e+01,7.443325739329722524e+01
1.650234160708895104e+01,3.672052265367746315e+01
1.298100906079058880e+01,5.934485784743515779e+01
1.031230724137548371e+01,9.403473661780728321e+01
1.748758398740745079e+01,3.269944438891516114e+01
1.963624982023523557e+01,2.593479995940342775e+01
1.299297666273099416e+01,5.923558518870589040e+01
1.417661576860744255e+01,4.975707732789017967e+01
1.681355848027934385e+01,3.537371907259903026e+01
1.516789490902005966e+01,4.346597021051552900e+01
1.303418922599496987e+01,5.886158558081547909e+01
1.208112395727236255e+01,6.851494591290941116e+01
1.750918867021099601e+01,3.261879813121952054e+01
2.004644868275090985e+01,2.488428157162198673e+01
1.177001902692262902e+01,7.218478548315221133e+01
1.101649461959389065e+01,8.239733143740990329e+01
1.332211426049654435e+01,5.634478053712388856e+01
1.130130874506338756e+01,7.829653096882381647e+01
1.403051647686158887e+01,5.079870999490107408e+01
2.316383815748315911e+01,1.863712663555954663e+01
2.071438194616352391e+01,2.330537204605960966e+01
1.972718403557053790e+01,2.569625348029899214e+01
1.233150822190919627e+01,6.576087850630693765e+01
2.037378930068128113e+01,2.409108605654432722e+01
1.583102604713260675e+01,3.990082479142900951e+01
4.360692597011696847e+01,5.258829068655345829e+00
2.321643903374356910e+01,1.855277100827925096e+01
5.017011791008072663e+01,3.972919419378837524e+00
1.243355161159568034e+01,6.468589583953026079e+01
1.058218078731858292e+01,8.929962731475947635e+01
2.897187045498425206e+01,1.191370743026649137e+01
1.352071551625801327e+01,5.470167814073263912e+01
1.082306918706137822e+01,8.536879092842750083e+01
1.352649210793568635e+01,5.465496657895158705e+01
1.221423403701693644e+01,6.702973855833467098e+01
1.861604906633553824e+01,2.885525855363633241e+01
3.288992031441838293e+01,9.244306949796870398e+00
1.993693955828276643e+01,2.515839986740697398e+01
1.456328957514669398e+01,4.714992756254064687e+01
1.303447484446767746e+01,5.885900599518905807e+01
1.754417361413403142e+01,3.248883714876921402e+01
1.403813133439403593e+01,5.074361433930641141e+01
1.073239420831577107e+01,8.681739841130945479e+01
2.212831170305410566e+01,2.042224299198407422e+01
1.884540009132825844e+01,2.815718770064179211e+01
1.563344540012590045e+01,4.091575765367281292e+01
1.663840657092043429e+01,3.612239482562958415e+01
4.476471350790979642e+01,4.990319838844657241e+00
1.014943358315751176e+01,9.707700925265912417e+01
1.194575673071792821e+01,7.007654270947688246e+01
2.695577531726478782e+01,1.376246870632574648e+01
1.050754740912632457e+01,9.057269358743853616e+01
1.879232698472265639e+01,2.831645479361930029e+01
1.250543271386017885e+01,6.394440525633667960e+01
1.446786842481557400e+01,4.777392231298102132e+01
1.170817693250108782e+01,7.294935332815337858e+01
2.214442827461550678e+01,2.039252745678735934e+01
1.751293401221547796e+01,3.260484781414331934e+01
1.204360687552906128e+01,6.894247306651868712e+01
7.251801277480126373e+01,1.901552020911318364e+00
1.067284888460604719e+01,8.778883369107030887e+01
1.668856942683326139e+01,3.590556626916826133e+01
2.829344545821716750e+01,1.249189501028604354e+01
1.177690448152528901e+01,7.210040341662012509e+01
1.146003572921505764e+01,7.614266212884442098e+01
2.441252436655377167e+01,1.677933019430693662e+01
1.770486008338793127e+01,3.190178633651346729e+01
1.152252831087523610e+01,7.531898039645483323e+01
2.078831210478546865e+01,2.313990347735239084e+01
1.105033652830024415e+01,8.189341681643091420e+01
1.492467631422005248e+01,4.489419184767925941e+01
1.498626138411192521e+01,4.452597045286777444e+01
1.741035329794786080e+01,3.299019114305803413e+01
1.055733261850454419e+01,8.972048049416065396e+01
1.470151261080935079e+01,4.626749198810861685e+01
1.675209889214553627e+01,3.563375123582560633e+01
1.136166542998181228e+01,7.746686971229806318e+01
2.174557086091386537e+01,2.114746786306555748e+01
1.828842959487109709e+01,2.989834648482770163e+01
1.613458415434812920e+01,3.841355021075697351e+01
2.247929385943864133e+01,1.978949312899750979e+01
1.318352655034908771e+01,5.753562083525829252e+01
3.107138513944371994e+01,1.035806832834263425e+01
3.639866333756276617e+01,7.547951991280185347e+00
2.038608120706464177e+01,2.406204309372924754e+01
3.703429041536617916e+01,7.291081355373465023e+00
1.152079066669402430e+01,7.534170235395448856e+01
1.102399861476725995e+01,8.228519449715498979e+01
1.851759919930768916e+01,2.916289540920872980e+01
1.181870666339823295e+01,7.159127426080425494e+01
1.309319373737597481e+01,5.833226120040963281e+01
2.808441862563449476e+01,1.267853646358314812e+01
1.734897246606213628e+01,3.322404332697414020e+01
1.424615952084054982e+01,4.927247682855119848e+01
1.537571693646171944e+01,4.229891716285822412e+01
1.711117591063056764e+01,3.415389884969243184e+01
1.553323377799500093e+01,4.144539117346166535e+01
2.129413280262954800e+01,2.205362997336668229e+01
1.859674287478080856e+01,2.891520177288380467e+01
1.086667938435008018e+01,8.468496117595337580e+01
1.305342971942253527e+01,5.868819187286774053e+01
2.351007760403583546e+01,1.809222060574900937e+01
1.362459417210857637e+01,5.387072865803326494e+01
1.808841318600640946e+01,3.056321667182849922e+01
1.153667747405265054e+01,7.513434369634246934e+01
1.271823807931785488e+01,6.182243391308506375e+01
1.351871589025128095e+01,5.471786177663662443e+01
1.087968638053971659e+01,8.448259531865625149e+01
1.209044357604130759e+01,6.840936052671037260e+01
1.579568956721253592e+01,4.007954846035147511e+01
1.064011299249467690e+01,8.832985551999070140e+01
3.901217901029377089e+01,6.570517605578668707e+00
1.962532423994742459e+01,2.596368423241170120e+01
1.408448344671898944e+01,5.041016890245163751e+01
5.788858202109214091e+01,2.984105524421925004e+00
1.267670889913063093e+01,6.222816074725285063e+01
4.390920002516597975e+01,5.186673980397970674e+00
1.169669446469560548e+01,7.309265018045894635e+01
2.184488040927656272e+01,2.095562687499789689e+01
1.083917807647184794e+01,8.511523396813655040e+01
4.407702218301695041e+01,5.147252908400318461e+00
1.278659662375109107e+01,6.116318186257736045e+01
1.098082200050927071e+01,8.293355778043235205e+01
1.711648099249016752e+01,3.413273081282689247e+01
1.933480316662868859e+01,2.674979693983485873e+01
1.359852792361678908e+01,5.407745009593521957e+01
4.939830715876753686e+01,4.098036927360483084e+00
1.680981611146185273e+01,3.538947132573291299e+01
1.065510077588967874e+01,8.808153545751743252e+01
1.228029182798143637e+01,6.631054923042917437e+01
1.118325518682744857e+01,7.995829594452227695e+01
2.492414230996045532e+01,1.609754157510682759e+01
1.209417809381656639e+01,6.836711928846401065e+01
1.674090398440412741e+01,3.568142487864065515e+01
1.874764899057975853e+01,2.845157892300435876e+01
1.010638161351139885e+01,9.790584362556589326e+01
3.449484091388851681e+01,8.404109595081788342e+00
1.386844243720625514e+01,5.199296965116322156e+01
1.034812327375701280e+01,9.338493323769858989e+01
1.104512883380566279e+01,8.197065927188643286e+01
1.293999873355581443e+01,5.972161347110403540e+01
1.028675038867128322e+01,9.450256507075029333e+01
2.011444692599325279e+01,2.471631997370760203e+01
1.100485530804790457e+01,8.257171907888550777e+01
2.891582445931590328e+01,1.195993559122935501e+01
1.604953288927355715e+01,3.882175869742101781e+01
1.451515626121084601e+01,4.746315121768346046e+01
5.653704464198344226e+01,3.128482962715373183e+00
2.608370971121851056e+01,1.469810289998917519e+01
1.586209670654203130e+01,3.974466249402508566e+01
1.016070443191481232e+01,9.686176168706685985e+01
2.249085625071647243e+01,1.976915108026470236e+01
1.710931367514007206e+01,3.416133410573431206e+01
3.562298101927977001e+01,7.880240662237974369e+00
1.132026934463123879e+01,7.803446902100223781e+01
1.193355826716303447e+01,7.021988018419949640e+01
4.869722442324659539e+01,4.216883304607501159e+00
1.464929788412293554e+01,4.659790370944394056e+01
3.519686372699502641e+01,8.072202843720734933e+00
1.655288519932311786e+01,3.649661564181704421e+01
1.034331000210080553e+01,9.347186704067783580e+01
1.822182906695914184e+01,3.011730196285752115e+01
1.460785789527780487e+01,4.686265924106910319e+01
2.219468835426252085e+01,2.030027389089018541e+01
1.712710525440676079e+01,3.409039761149959702e+01
1.563563256441232951e+01,4.090431158975689385e+01
5.299414476647887540e+01,3.560772477140075498e+00
2.996064264256355258e+01,1.114032218015932685e+01
1.065582380502053716e+01,8.806958267816098385e+01
1.640222484668379366e+01,3.717016405546294067e+01
1.236657438248368734e+01,6.538846944947324857e+01
1.926332426741493009e+01,2.694868197671983268e+01
1.631216227162826371e+01,3.758174433736313347e+01
1.669469473472567600e+01,3.587922349319791238e+01
1.839428910408253159e+01,2.955520553737590106e+01
1.143404500463517692e+01,7.648921528565131212e+01
7.014767771062805934e+01,2.032232554384472589e+00
1.000105997951139258e+01,9.997880377996553136e+01
2.009918370101726381e+01,2.475387313996241190e+01
3.473562452017837643e+01,8.288000657763163304e+00
1.043090074181688287e+01,9.190864734226920518e+01
1.112682531302045774e+01,8.077137206565089400e+01
1.678461016881100321e+01,3.549584195522945862e+01
1.197548766921911501e+01,6.972902364189599211e+01
2.191046157017171225e+01,2.083036820775294018e+01
1.010522601664438191e+01,9.792823721777084245e+01
1.171596945188543870e+01,7.285234552942841901e+01
1.084325606317983670e+01,8.505122486950223504e+01
3.881021657385520029e+01,6.639079474513070345e+00
3.443923425689803963e+01,8.431270577486374762e+00
1.172444195996496852e+01,7.274709206535224837e+01
1.552289556410152827e+01,4.150061463322820998e+01
1.130689580845805331e+01,7.821917293674246707e+01
1.774877806251149792e+01,3.174410465593580710e+01
1.044029949688457393e+01,9.174324250109280854e+01
2.275655562428917378e+01,1.931020756706405095e+01
1.589520091063232954e+01,3.957928612211405550e+01
1.758636350152960759e+01,3.233314194573910783e+01
7.294481528694568340e+01,1.879365032989508855e+00
1.270667465360165416e+01,6.193500536415974267e+01
1.617990878495004381e+01,3.819863659649488596e+01
1.212760540528698172e+01,6.799075818681808414e+01
1.119261026994561270e+01,7.982468923788087523e+01
1.280584739067589339e+01,6.097942937619485093e+01
1.074031513564855622e+01,8.668939085897618213e+01
1.080294829546016899e+01,8.568709215097939591e+01
1.640604144472801451e+01,3.715287200182630301e+01
2.645228662432770861e+01,1.429136003327837123e+01
1.544519195800124223e+01,4.191923800194386729e+01
2.302595005029731468e+01,1.886100731725596802e+01
1.187028629696646931e+01,7.097045875371757973e+01
5.515097225664350589e+01,3.287711145668696489e+00
2.015335991279969718e+01,2.462096542159629209e+01
1.079564049710177009e+01,8.580313824016647573e+01
1.397563379478563306e+01,5.119846913373874031e+01
1.148538729339100328e+01,7.580689544855974304e+01
1.028200954898417407e+01,9.458973184413227386e+01
1.134353666936962668e+01,7.771467612160239469e+01
1.806108019949002852e+01,3.065579320655779938e+01
1.311798175241288966e+01,5.811201774303020073e+01
1.132826650427994153e+01,7.792433145812667306e+01
4.415112649579556603e+01,5.129988862563886975e+00
2.234351566933518285e+01,2.003073947462788240e+01
2.349109571477015734e+01,1.812147111698208590e+01
1.040683266905189974e+01,9.233425655938566479e+01
1.904983316743694388e+01,2.755609331596799194e+01
1.498781202002966317e+01,4.451675763416582754e+01
1.138697841715135084e+01,7.712283843903077241e+01
1.203493122525907033e+01,6.904190635089230454e+01
1.474189327516642400e+01,4.601436937889166501e+01
1.399718164790198394e+01,5.104095629281232505e+01
1.137182895409497085e+01,7.732846021595797481e+01
1.099458997612250322e+01,8.272598073082065184e+01
1.483508239815578911e+01,4.543809071915585918e+01
1.878803344746645010e+01,2.832939831383862739e+01
1.107228623683932867e+01,8.156904750859391129e+01
1.540996979715658988e+01,4.211108439042253337e+01
1.468477025780777723e+01,4.637305281775671517e+01
2.240341316627472068e+01,1.992377476582594653e+01
1.036822187135609141e+01,9.302323437649660320e+01
4.162660707013660044e+01,5.771091670486661940e+00
1.487050369252801829e+01,4.522188296349471415e+01
1.297992432667934892e+01,5.935477717822019628e+01
1.872246392394638903e+01,2.852817534335245853e+01
2.290819220283346169e+01,1.905541289290123430e+01
1.126175959863470233e+01,7.884742147683013513e+01
1.623057750744835559e+01,3.796051136334597942e+01
1.070846923047050225e+01,8.720576851973692101e+01
1.357452197241279457e+01,5.426888645278748413e+01
1.687139706750513568e+01,3.513159817012373054e+01
1.107074665676146097e+01,8.159173627866445599e+01
1.109991178406995793e+01,8.116353339433929648e+01
1.142153518253889999e+01,7.665686183760179517e+01
1.039061784715195813e+01,9.262266129985258090e+01
2.077711046388479588e+01,2.316486120790193937e+01
1.725039271875242264e+01,3.360485507904692071e+01
2.955958136518248480e+01,1.144467440610994835e+01
3.368597978966543849e+01,8.812550779627528641e+00
1.019638034748048305e+01,9.618513204158422525e+01
1.759640136039794811e+01,3.229626361616416119e+01
3.625547932090223924e+01,7.607688075478679757e+00
1.798813592969345265e+01,3.090492390364773456e+01
1.332131819250735738e+01,5.635151494819603357e+01
2.594961994934033456e+01,1.485039469913534482e+01
1.543506969116377370e+01,4.197423702096185139e+01
4.122564923528737069e+01,5.883896062587847808e+00
1.751515894363345893e+01,3.259656482419730850e+01
1.279795531698522559e+01,6.105466054008751797e+01
1.130070561644017779e+01,7.830488870164006698e+01
3.447307164675669355e+01,8.414727103974730227e+00
4.494950075942148260e+01,4.949373799445975664e+00
1.023052689586286945e+01,9.554412711103800859e+01
2.141259659673528049e+01,2.181028444831937563e+01
1.283022471778521378e+01,6.074792862767762358e+01
1.256616389735517991e+01,6.332782324679946839e+01
1.964475783895448302e+01,2.591234043269633958e+01
1.659991766798689738e+01,3.629009724174223805e+01
1.459054417672926895e+01,4.697394341015472463e+01
1.262503133895850205e+01,6.273863569021074937e+01
1.619778334151702026e+01,3.811437729459445478e+01
1.172937446439980747e+01,7.268592087371445132e+01
1.146047588741012824e+01,7.613681347588024551e+01
1.273741550747772777e+01,6.163641457982915028e+01
2.713585912660287747e+01,1.358040894642355845e+01
1.076387716573657194e+01,8.631028165662078777e+01
2.174653575051114274e+01,2.114559128655685427e+01
1.388005345883211916e+01,5.190601912246778227e+01
1.709130965912421729e+01,3.423334323334201912e+01
1.821996130615705667e+01,3.012347703626933537e+01
3.250709897991259822e+01,9.463321020508436376e+00
3.527509680094512845e+01,8.036437501340047973e+00
1.090044948408951697e+01,8.416105807224496971e+01
8.285967436091290494e+01,1.456510284759399143e+00
1.692093116886809057e+01,3.492621171817244630e+01
1.784897705214847718e+01,3.138870060523494843e+01
1.042356903928700262e+01,9.203798573759462442e+01
1.038372259450328627e+01,9.274571325795737664e+01
4.760711576105725840e+01,4.412210849657909328e+00
1.696584208045960196e+01,3.474154750970974703e+01
1.938652383142060742e+01,2.660725753743058419e+01
2.555932637868626855e+01,1.530739159733912835e+01
5.112172630293261477e+01,3.826387756900522685e+00
1.840426045767341634e+01,2.952318843237500445e+01
2.140182607287557914e+01,2.183224213522999335e+01
4.231778401287115798e+01,5.584112571490132737e+00
1.212308870819779472e+01,6.804143023482554042e+01
2.182434667509782145e+01,2.099507820004666314e+01
1.632533766311176393e+01,3.752110799440047373e+01
2.966441520803707022e+01,1.136392653588537449e+01
3.487881839073477863e+01,8.220088109000109000e+00
1.143290906840076815e+01,7.650441547434544987e+01
1.638487499350197751e+01,3.724892429357648638e+01
1.740218617498911158e+01,3.302116405299506141e+01
1.842683414793933494e+01,2.945089830459623670e+01
3.338182179441479036e+01,8.973873252886358287e+00
2.018452591223571702e+01,2.454499191665770752e+01
1.317771349545528103e+01,5.758639314741526505e+01
1.740351053607803422e+01,3.301613859784342253e+01
1.673193543218059531e+01,3.571968661935210321e+01
1.038744639283515703e+01,9.267922830794624645e+01
1.302610163979803914e+01,5.893469969331591329e+01
1.042780378578716061e+01,9.196324739279387472e+01
1.047088212027725440e+01,9.120811058310407304e+01
1.033819020136208522e+01,9.356447045056110312e+01
3.690921957464173886e+01,7.340578295359977190e+00
1.010260386467393445e+01,9.797907877265494392e+01
1.911446946403218661e+01,2.737004448470262830e+01
1.419148445177367535e+01,4.965286910953147981e+01
1.315619405085879912e+01,5.777493410193861223e+01
2.098872563336569641e+01,2.270010463777049736e+01
2.003601620028979013e+01,2.491020213535268724e+01
1.449917400621390406e+01,4.756784494236365646e+01
1.472612924070100959e+01,4.611293708005519676e+01
1.025107688028666075e+01,9.516144296265079561e+01
1.501782665071381473e+01,4.433899305452926143e+01
2.062256299776906587e+01,2.351336156639941422e+01
1.152204478606907578e+01,7.532530207984160597e+01
1.054661917170119878e+01,8.990285245419728710e+01
1.089044876695246522e+01,8.431569952140137048e+01
1.877866486033824955e+01,2.835767217072625357e+01
3.606876243041678975e+01,7.686657270389676277e+00
4.161280406154099154e+01,5.774920859176081223e+00
1.440411212144838160e+01,4.819777761228397139e+01
4.313408866256090590e+01,5.374755918612279970e+00
1.239717280571831459e+01,6.506608708874108515e+01
1.547046589492998336e+01,4.178238384812242856e+01
2.151600830640476758e+01,2.160113611103741249e+01
1.744570129660316127e+01,3.285663894990587863e+01
3.616933283317253967e+01,7.643970529596513686e+00
1.020876716832139230e+01,9.595186093878109546e+01
2.140858789888682878e+01,2.181845304181508283e+01
4.029645211806198546e+01,6.158378518428538229e+00
3.377419047136640273e+01,8.766578044014700311e+00
1.541809880550339429e+01,4.206669096443690847e+01
2.928705868243920918e+01,1.165865591892023545e+01
1.671064301160160070e+01,3.581077146095991282e+01
1.299698840710972547e+01,5.919902266469281926e+01
2.667399300334261980e+01,1.405477618746568425e+01
1.023728861586165451e+01,9.541795517157339646e+01
3.110185602883194633e+01,1.033778240420083172e+01
1.016558885703904380e+01,9.676870257034771328e+01
1.022487168747115049e+01,9.564984410926159342e+01
2.173754804569502852e+01,2.116308080485769949e+01
1.086481639121063481e+01,8.471400557435330825e+01
1.016585040350677360e+01,9.676372331415987560e+01
1.573543231546037369e+01,4.038709737956329349e+01
1.753653889773950425e+01,3.251713201962608224e+01
3.812515899429110533e+01,6.879813619946818726e+00
1.047785097507636465e+01,9.108682527270143225e+01
2.049879667381993187e+01,2.379815367075726584e+01
1.110474440293816301e+01,8.109290645114869278e+01
1.152692908323820475e+01,7.526148053471129629e+01
2.105024059114515111e+01,2.256762580612225477e+01
1.736274018731491253e+01,3.317137445005991481e+01
1.110190354504893051e+01,8.113441336879752441e+01
1.166414021172971616e+01,7.350121816804079344e+01
1.646153936474930291e+01,3.690278221998318031e+01
1.071448118194106236e+01,8.710793274922191642e+01
3.079605582463850411e+01,1.054410697933772667e+01
1.561139953416413562e+01,4.103139881828197844e+01
1.278901246806514003e+01,6.114007659631835878e+01
1.643344889681774390e+01,3.702904937128870699e+01
1.108530636340512210e+01,8.137754795337666280e+01
1.498077869141579832e+01,4.455856780847467036e+01
1.155562356817795688e+01,7.488817171206467549e+01
1.843856393261084392e+01,2.941343955064690974e+01
2.267648907278381287e+01,1.944680995075201579e+01
1.140735809731160444e+01,7.684751881087242964e+01
1.522479747990280607e+01,4.314166987927971064e+01
2.747822485398473447e+01,1.324410618081407875e+01
2.767557103614199221e+01,1.305590011805966100e+01
2.134052492305584536e+01,2.195784951924112605e+01
1.000054484190966697e+01,9.998910405230007825e+01
2.100888730836211238e+01,2.265655616064837119e+01
1.122702143615241255e+01,7.933610888588680154e+01
1.875264491361864216e+01,2.843642127829237864e+01
5.381522225209278076e+01,3.452945499300931420e+00
1.538382598155373238e+01,4.225433613005131406e+01
2.075940234792290795e+01,2.320439808838900575e+01
1.234276900630893081e+01,6.564094086956494323e+01
1.116027362546091162e+01,8.028793991778483985e+01
3.109824276700873469e+01,1.034018480904286719e+01
1.214385892237668685e+01,6.780888034656267394e+01
1.094179156177534118e+01,8.352627723700449280e+01
4.650490384181556891e+01,4.623836815504852815e+00
1.200798359044881103e+01,6.935213390861315474e+01
1.659968974848962731e+01,3.629109379982589445e+01
1.316088065877894664e+01,5.773379395938223979e+01
1.183522048343762911e+01,7.139162937529785324e+01
1.116281348489266989e+01,8.025140846755390100e+01
1.108314140534166015e+01,8.140934330442419764e+01
1.028151377696489455e+01,9.459885425042534735e+01
2.042588415468300411e+01,2.396835734850437305e+01
1.019619645900798943e+01,9.618860147189081999e+01
2.158250966354382072e+01,2.146822369576378975e+01
3.452768106411252802e+01,8.388130475632662453e+00
2.221513817027320314e+01,2.026291686084952204e+01
1.741659715899420391e+01,3.296654137445815280e+01
1.655573408479013509e+01,3.648405615862374418e+01
1.374701431787315364e+01,5.291553970393971440e+01
2.228783628767769898e+01,2.013094590935002870e+01
1.934579643790537773e+01,2.671940437128669643e+01
1.020144638623071032e+01,9.608962467985661249e+01
2.829313447415502125e+01,1.249216962118909180e+01
2.134325868947590266e+01,2.195222490603611121e+01
1.229789547796014482e+01,6.612084649022891369e+01
2.611209632757422483e+01,1.466616347876056814e+01
1.049540009747680713e+01,9.078247147424789887e+01
1.478872466235076288e+01,4.572340382033122097e+01
2.616476306152188513e+01,1.460718021705010550e+01
1.145646824324782820e+01,7.619009038792235344e+01
2.123792675426736665e+01,2.217051403974958035e+01
1.879819644864844008e+01,2.829877475040596835e+01
1.685244459756403401e+01,3.521066147220212628e+01
1.319849777436049543e+01,5.740516809033467638e+01
2.670678554780795366e+01,1.402028241329889013e+01
1.131499347666648880e+01,7.810725660822468797e+01
1.216460918168179006e+01,6.757774233588955326e+01
1.157124390741648590e+01,7.468612099075532740e+01
1.914489821054982954e+01,2.728311017091005297e+01
4.694174390989097390e+01,4.538178357639904625e+00
1.660881625345431800e+01,3.625122101865964908e+01
2.193919386593011822e+01,2.077584365291120960e+01
1.982933432933280216e+01,2.543218825264996141e+01
1.188627346635424153e+01,7.077967503789749060e+01
1.010153825285003748e+01,9.799975149975972499e+01
1.143368471750611270e+01,7.649403586880578132e+01
2.488426419434500048e+01,1.614917693688584066e+01
2.487486777941874294e+01,1.616137985825027101e+01
2.107563244041633865e+01,2.251327976835070288e+01
2.512638293533798617e+01,1.583944832546919379e+01
5.060966895713249869e+01,3.904208538233393089e+00
2.813970060973335308e+01,1.262877003657600739e+01
1.709994210734225106e+01,3.419878838293723078e+01
1.630877472774247749e+01,3.759735838959223742e+01
2.342343474616102128e+01,1.822631373996846449e+01
1.393638478089504851e+01,5.148725551822283109e+01
2.220778718724228540e+01,2.027633350691598935e+01
1.375944156001899898e+01,5.281999843366629221e+01
1.706950566971817906e+01,3.432085604071308182e+01
1.073481851226626205e+01,8.677818992432973744e+01
1.050787190527255888e+01,9.056709967908474823e+01
3.136798326025373740e+01,1.016311418351521390e+01
1.046688744359369849e+01,9.127774282878762335e+01
1.088656205218356554e+01,8.437591496363708643e+01
1.111527780785247188e+01,8.093928371680097200e+01
1.579976746786823938e+01,4.005886216539260403e+01
1.130657089284212091e+01,7.822366855193152446e+01
1.045165723201224672e+01,9.154395749570787189e+01
1.119418585395737331e+01,7.980222013568172201e+01
1.354262368414482332e+01,5.452483734122773029e+01
2.081521776975473514e+01,2.308012105127115632e+01
1.131252066781484267e+01,7.814140733924938331e+01
1.622534336804490351e+01,3.798500670395382173e+01
1.101017878115736082e+01,8.249189075489935874e+01
1.818992002857131851e+01,3.022305911361794983e+01
1.064535702835758357e+01,8.824285217409803295e+01
1.816757665272642086e+01,3.029744442446777342e+01
1.057608764186838890e+01,8.940255239925843966e+01
2.693286479999999372e+01,1.378589283048822445e+01
1.156170428690732166e+01,7.480941962703805359e+01
2.694835382422154879e+01,1.377005003249367121e+01
3.908847354899091897e+01,6.544893407945937547e+00
1.107544829484880999e+01,8.152247797317001243e+01
2.086725381447564942e+01,2.296515616176047203e+01
1.131301672384135948e+01,7.813455476099497332e+01
1.697558763801533033e+01,3.470166923613843579e+01
1.787762444741420609e+01,3.128818567767136116e+01
1.624026039836957480e+01,3.791525865127163542e+01
1.794791315830228484e+01,3.104360015006928464e+01
2.099650759491418484e+01,2.268328102037728300e+01
1.927525866131934151e+01,2.691532142615569612e+01
3.438106956482107535e+01,8.459822166245563935e+00
2.989441360673064452e+01,1.118973810739971420e+01
1.958939865188575524e+01,2.605900272072119961e+01
1.840288194517603060e+01,2.952761161007427049e+01
1.040981516748928826e+01,9.228135507724077513e+01
1.988154091396144096e+01,2.529879975265568604e+01
1.448256412097966717e+01,4.767701753293047773e+01
1.637162332887955074e+01,3.730924940777680376e+01
7.452595925559324996e+01,1.800465693091104713e+00
5.653733860731416883e+01,3.128450429767747121e+00
2.273505144292435176e+01,1.934675435835576707e+01
1.017907518423949753e+01,9.651245338774025129e+01
1.128707776616539782e+01,7.849409117511753209e+01
1.139290220681929178e+01,7.704265857051815658e+01
1.132781711520913426e+01,7.793051429762037685e+01
1.175822920866224486e+01,7.232961548311894262e+01
1.839429628511999937e+01,2.955518246098378654e+01
1.024295616028758893e+01,9.531239269915523948e+01
2.761013215585284186e+01,1.311786113622163441e+01
1.999914000894004928e+01,2.500215011632994688e+01
1.751135942830775960e+01,3.261071159382775164e+01
2.093189464683684875e+01,2.282353547471130284e+01
1.967896216784599517e+01,2.582234138210875329e+01
1.559755422381917889e+01,4.110427493444442604e+01
1.481112661749824433e+01,4.558519434557918970e+01
1.237590975535844606e+01,6.528985924166057941e+01
1.078113241117208254e+01,8.603422284990786295e+01
2.080384832476029899e+01,2.310535483173198656e+01
1.637101758056622103e+01,3.731201043749334190e+01
1.948364240347565968e+01,2.634266444667264651e+01
1.406616644902832469e+01,5.054154288462488864e+01
1.779001714088358455e+01,3.159710307652774119e+01
1.269113151782864968e+01,6.208680486213020799e+01
1.069336775883603430e+01,8.745225126976082208e+01
2.165189764581369758e+01,2.133084545529071363e+01
1.712679891451785252e+01,3.409161714377369634e+01
2.489434461268540133e+01,1.613610107546447736e+01
2.794958502613661366e+01,1.280115840229112578e+01
2.065705513099105417e+01,2.343490421719137373e+01
1.659463653586512422e+01,3.631319907876556385e+01
2.479803260249502017e+01,1.626168509318279121e+01
1.238032637264364411e+01,6.524328391292178253e+01
1.035277602720648815e+01,9.330101382650167352e+01
2.198415698611506386e+01,2.069094692720255679e+01
1.034300903232020197e+01,9.347730696952940832e+01
1.906813648635552738e+01,2.750321705346384960e+01
2.498026014658278626e+01,1.602529696993828168e+01
1.947153476353573609e+01,2.637543501794935707e+01
2.757489856294779784e+01,1.315140502449984616e+01
1.472012407133880352e+01,4.615056889354317349e+01
2.563674546771108709e+01,1.521507918375906243e+01
1.285333269903422604e+01,6.052969726735353362e+01
1.836812614513900144e+01,2.963946043851387557e+01
1.145002622522075875e+01,7.627584669942612550e+01
2.469734548230687921e+01,1.639454794142653782e+01
1.934432973500469544e+01,2.672345629907328401e+01
2.135093473031870204e+01,2.193644331271353565e+01
1.212759523569497766e+01,6.799087221413302018e+01
1.947647860741439985e+01,2.636204661381909276e+01
1.514908219661131916e+01,4.357399266627951562e+01
2.624013035353792844e+01,1.452339080089396894e+01
1.806017546342465607e+01,3.065886472670932505e+01
1.050244390566266439e+01,9.066073983046133833e+01
2.268008440021154826e+01,1.944064488485831177e+01
1.036571360525392471e+01,9.306825882233690095e+01
1.931381971235995110e+01,2.680795302313599748e+01
4.960473917790960030e+01,4.063999624013425738e+00
1.827852692996322048e+01,2.993075101159739404e+01
1.827867709139356833e+01,2.993025924450729391e+01
1.641597167238374766e+01,3.710793711801357375e+01
1.396090771244725204e+01,5.130653524598599091e+01
2.139606354513234621e+01,2.184400372329723439e+01
1.212698339625345056e+01,6.799773303769141819e+01
2.397064596131218650e+01,1.740365737900760834e+01
1.100033364573855721e+01,8.263961486762971731e+01
1.136349067918851752e+01,7.744198563562524384e+01
2.945384900603618306e+01,1.152698924118816137e+01
1.497004294874451169e+01,4.462250093817002039e+01
2.906204057993871714e+01,1.183989334669910853e+01
1.897745526754487244e+01,2.776668587903099095e+01
1.019142305121672720e+01,9.627872724607864541e+01
1.045290900192327399e+01,9.152203343416147163e+01
3.078607170887758215e+01,1.055094712809812485e+01
1.506161846598157439e+01,4.408153569527708981e+01
1.889427295834235210e+01,2.801171052673352690e+01
1.115104241303799881e+01,8.042092511819815570e+01
1.268251903400311420e+01,6.217115768847505564e+01
3.016447298216758099e+01,1.099027390080609656e+01
1.051004157113524684e+01,9.052971066199769723e+01
1.759721710996862853e+01,3.229326938675103520e+01
2.282763997064945372e+01,1.919013240457935154e+01
1.612378642271509932e+01,3.846501679304131471e+01
1.150108930738187318e+01,7.560004401901886695e+01
1.907334681121702857e+01,2.748819282892088012e+01
1.245736087179705187e+01,6.443886895271285198e+01
2.193795124670005947e+01,2.077819730879340554e+01
1.078284153732669814e+01,8.600695143235822115e+01
2.037866222218226753e+01,2.407956617026388457e+01
1.122720676263440254e+01,7.933348971962148255e+01
1.931456306639677578e+01,2.680588956288037750e+01
7.056540578883499393e+01,2.008243238373026873e+00
1.078713112618206260e+01,8.593856233035030812e+01
1.945800646736588391e+01,2.641212312738269574e+01
1.867090099575390738e+01,2.868596392169127185e+01
1.163743245051025532e+01,7.383897404047971236e+01
1.830450688575685803e+01,2.984584866906369527e+01
2.705223631158374786e+01,1.366449716913199453e+01
1.110788308243363609e+01,8.104708517608423790e+01
1.073254597687132339e+01,8.681494306510913361e+01
2.366450703747063500e+01,1.785685927342904478e+01
1.475822017709746703e+01,4.591261503127020660e+01
1.002604623508247528e+01,9.948110347240383078e+01
1.690201070447886167e+01,3.500444974849588675e+01
7.855083026130770918e+01,1.620684357586594571e+00
1.905541299006494782e+01,2.753995768025002278e+01
2.401848442114091142e+01,1.733439946696313783e+01
1.667814589291872096e+01,3.595046092878282451e+01
2.079618147351605018e+01,2.312239430336965995e+01
1.121865937967374371e+01,7.945442253550432099e+01
3.061340870972709638e+01,1.067029977195318935e+01
2.034332576176768015e+01,2.416329148086049017e+01
7.416618263405469236e+01,1.817976007924930748e+00
1.169039565906131628e+01,7.317143629538686866e+01
1.775078157835038795e+01,3.173693919936592422e+01
2.722366299327765660e+01,1.349294904168048781e+01
1.001483027064027098e+01,9.970405309570102759e+01
1.020512189233556910e+01,9.602042131216607856e+01
1.102506857878275426e+01,8.226922399786627693e+01
2.569872000473920082e+01,1.514178288798193961e+01
1.656040391786389776e+01,3.646348293695659493e+01
1.775278829329345953e+01,3.172976473306734491e+01
2.442405481757566221e+01,1.676349108997752069e+01
3.189542759821528861e+01,9.829765161557466158e+00
1.149418330611750960e+01,7.569091621575194040e+01
1.043084804221711615e+01,9.190957604167043371e+01
1.816870957692585620e+01,3.029366610023929240e+01
2.019127297023946710e+01,2.452859088883615257e+01
2.050007324230547567e+01,2.379518987382549255e+01
2.131280095311294431e+01,2.201501278953082164e+01
3.371129484227168405e+01,8.799320411330668890e+00
1.932828058681889871e+01,2.676785412029999378e+01
1.618088847207264536e+01,3.819401119171042325e+01
2.918420385848705578e+01,1.174097867869073930e+01
2.003826075529136830e+01,2.490462189183657316e+01
1.323938690369355164e+01,5.705113014487074707e+01
6.432359541766059863e+01,2.416903867731206912e+00
2.759327866125212836e+01,1.313389035268456340e+01
2.522792725295740013e+01,1.571219498613098153e+01
1.507560270068697683e+01,4.399979294263164320e+01
2.047862122737807766e+01,2.384506843953589694e+01
1.618457477650150622e+01,3.817661453836736030e+01
3.073475138229248671e+01,1.058621210361310538e+01
1.957008358919775048e+01,2.611046695233601511e+01
1.013746327110346890e+01,9.730640158332863621e+01
2.173552387542952857e+01,2.116702270879481063e+01
4.099672968030194653e+01,5.949789095056608801e+00
2.284919721903388989e+01,1.915393933407429117e+01
1.437490223004136958e+01,4.839385299553903508e+01
1.797724608430134197e+01,3.094237700133847468e+01
2.086873726857532674e+01,2.296189132174966119e+01
2.005472548787217946e+01,2.486374577841797162e+01
1.390856353624025843e+01,5.169344103554198000e+01
1.256939054742919382e+01,6.329531403364941866e+01
2.546514144643031941e+01,1.542083230328798749e+01
2.481455160915583136e+01,1.624004154496480723e+01
1.627443317854875815e+01,3.775619818233416680e+01
1.148925054095144205e+01,7.575592405302711541e+01
1.031668833663120921e+01,9.395488780389696615e+01
8.731361609939398249e+01,1.311704625901163768e+00
1.698235670213139059e+01,3.467401100074851428e+01
1.424522198541050777e+01,4.927896268225421039e+01
2.244460374037218031e+01,1.985071322483661405e+01
1.871173232143011944e+01,2.856090783715808357e+01
1.543355240902514502e+01,4.198249045334981133e+01
2.593126849029542313e+01,1.487142127121919444e+01
1.152499713287723360e+01,7.528671501064684435e+01
1.286477646169609024e+01,6.042205771307489925e+01
1.859672788123558362e+01,2.891524839845825667e+01
2.172840983561644634e+01,2.118088545295392677e+01
1.426737056327390718e+01,4.912608072687194749e+01
1.176321558500209008e+01,7.226830805590539342e+01
1.466313506980347370e+01,4.650999895909586002e+01
1.133776441214376085e+01,7.779382810903605616e+01
1.754929102133862173e+01,3.246989229584885095e+01
2.103417552200566476e+01,2.260211148580534513e+01
1.842890914557894888e+01,2.944426664738615784e+01
1.262281294472201765e+01,6.276068961090616938e+01
1.837722605228516670e+01,2.961011438172004873e+01
2.399895788536118246e+01,1.736261889831876459e+01
5.747418278831369776e+01,3.027292537235405590e+00
1.239399833653612504e+01,6.509942205207988764e+01
1.788957417807914041e+01,3.124640038801860698e+01
1.680640828858900448e+01,3.540382457419185869e+01
1.670304909643773783e+01,3.584334105678529170e+01
2.483772278861607674e+01,1.620975492052630074e+01
1.839668170118180868e+01,2.954751837924393243e+01
2.217204974416491225e+01,2.034174994845737672e+01
2.817270082655036134e+01,1.259920183367821700e+01
1.093642975732714184e+01,8.360819818541001780e+01
1.663857258573349185e+01,3.612167399183500294e+01
1.324996694084263993e+01,5.696005639474054760e+01
1.976867827131939848e+01,2.558849439135128279e+01
2.885955480893729330e+01,1.200661943510821672e+01
3.377443472532892343e+01,8.766451246115657625e+00
1.087601040085001891e+01,8.453971346685494836e+01
1.245391172496088572e+01,6.447456695724932274e+01
1.990237149252939020e+01,2.524587009520751479e+01
2.199027314364231245e+01,2.067943897626345873e+01
1.544571795951691406e+01,4.191638294433695222e+01
1.464169010193572618e+01,4.664634057700366299e+01
2.423535470457337127e+01,1.702555348269376623e+01
1.297982364191097382e+01,5.935569801433251769e+01
2.055636240230908385e+01,2.366505231546844712e+01
1.152658984398318687e+01,7.526591064364113493e+01
2.298298038036326929e+01,1.893159945697155067e+01
2.693816826729595348e+01,1.378046515374630943e+01
1.169939147441721872e+01,7.305895460465002600e+01
1.761925237078255080e+01,3.221254568425803910e+01
1.270316530241503727e+01,6.196923017379810261e+01
1.047746514704225795e+01,9.109353386057325963e+01
2.059519005232952793e+01,2.357590604246511390e+01
1.818144786805616064e+01,3.025123225668952998e+01
3.918899739674249361e+01,6.511359809318102876e+00
1.033624145939280581e+01,9.359975410742656265e+01
2.902125296430931911e+01,1.187319724144502686e+01
3.313347314201023153e+01,9.108902963131711772e+00
2.847966648203623308e+01,1.232906669199090466e+01
2.768695489190792003e+01,1.304516611502094925e+01
4.283685236992162970e+01,5.449603394624970676e+00
1.306109693819103690e+01,5.861930897053417766e+01
1.790552531536613756e+01,3.119075347381087226e+01
1.245277226012113481e+01,6.448636671745860838e+01
2.499797472374338980e+01,1.600259266865642260e+01
1.197799335705958512e+01,6.969985333154014029e+01
1.918492234375628414e+01,2.716939130842802186e+01
1.169832309547553351e+01,7.307229980160398952e+01
2.462229242097867754e+01,1.649464717844331574e+01
1.272351747012466738e+01,6.177114038103733407e+01
1.410897187471273639e+01,5.023533058061734380e+01
1.965696106544843502e+01,2.588017716962912473e+01
5.172590289110406303e+01,3.737522705730385475e+00
1.287429237363326884e+01,6.033276993377203468e+01
1.431765601351843387e+01,4.878161246580044264e+01
1.805000175296958176e+01,3.069343561713527535e+01
1.811858027945732985e+01,3.046152704271088041e+01
1.479617430954730395e+01,4.567737334371305025e+01
1.150490748987144940e+01,7.554987293055114606e+01
1.186572356163733666e+01,7.102504989214357067e+01
1.022122735343353028e+01,9.571806333829567848e+01
1.928531085999973627e+01,2.688727026865483438e+01
1.804663675642474630e+01,3.070488295054775563e+01
1.692450662165400743e+01,3.491145633025018924e+01
2.431482934343506841e+01,1.691443706504457367e+01
2.265822961128164792e+01,1.947816556504649199e+01
1.801458228943731399e+01,3.081425038307589404e+01
1.972281437542600813e+01,2.570764093555851915e+01
1.032777047611642374e+01,9.375336075855072693e+01
2.184863288287024474e+01,2.094842929113594820e+01
2.471550962576008814e+01,1.637045914076272268e+01
1.534216982167581556e+01,4.248410062027405587e+01
1.592909899559998266e+01,3.941101113865160244e+01
1.471156622344769360e+01,4.620427689655215175e+01
2.406149372349008431e+01,1.727248526337395518e+01
1.926563139686028592e+01,2.694222795778484780e+01
2.710854444709310584e+01,1.360779008459637041e+01
1.576479466406151708e+01,4.023679340039999630e+01
9.621533786181339565e+01,1.080217929748866768e+00
1.853265233781035803e+01,2.911553955212364286e+01
2.775853683839050845e+01,1.297797277711269182e+01
1.177734533161209818e+01,7.209500578696544437e+01
3.747169630042217392e+01,7.121857716463784627e+00
2.084784096649146790e+01,2.300794492367699462e+01
4.048235695364220987e+01,6.101946844699973838e+00
3.053752554065176028e+01,1.072339524452853965e+01
3.116856818673875296e+01,1.029357647789799657e+01
2.245714562324615571e+01,1.982854693502929422e+01
3.336190654893341900e+01,8.984590280141604879e+00
1.273947244162438253e+01,6.161651237254406510e+01
1.447713621420179386e+01,4.771277528448121075e+01
1.914712707687587923e+01,2.727675863149669055e+01
1.993291444741279506e+01,2.516856150969430317e+01
1.833985374739092933e+01,2.973091422355428648e+01
2.277046846848841000e+01,1.928661755321905957e+01
1.765694697492424226e+01,3.207515578760492758e+01
1.377316244878751661e+01,5.271481179514348980e+01
1.614839741123442707e+01,3.834786080762230398e+01
3.869805349728272859e+01,6.677620883130789942e+00
1.013477850671260860e+01,9.735796252557574348e+01
2.230682616424231668e+01,2.009668541391000929e+01
1.029936224932600197e+01,9.427126464177821674e+01
1.036186550303259679e+01,9.313739746811459952e+01
1.970970965312245227e+01,2.574183763340902331e+01
1.576790204666924566e+01,4.022093602233105969e+01
1.439359637233282463e+01,4.826822850829882583e+01
2.238751018566076212e+01,1.995209054883139643e+01
1.011581784301418274e+01,9.772327190940482922e+01
1.392923852543117214e+01,5.154009910541924455e+01
1.543108477037201531e+01,4.199591866025391340e+01
2.119031020544747435e+01,2.227026429937482632e+01
2.462192763022575548e+01,1.649513594109646419e+01
2.682886802116435732e+01,1.389297652487919521e+01
2.339969569967979623e+01,1.826331377532543954e+01
2.968609320229901627e+01,1.134733579178140239e+01
2.522742988950398768e+01,1.571281452990750616e+01
1.114604634969881047e+01,8.049303644289267368e+01
3.124495169456400490e+01,1.024330925932422964e+01
1.849869964401072053e+01,2.922251552517470330e+01
1.059305867749212915e+01,8.911631995989135646e+01
1.871952138635212393e+01,2.853714478486990558e+01
2.643860507082990452e+01,1.430615495892813804e+01
1.994416952541694954e+01,2.514016281475260683e+01
1.959350332242935266e+01,2.604808559016790781e+01
1.283380803303536055e+01,6.071401062149637085e+01
4.233271937657283246e+01,5.580173016405224118e+00
1.261100963155976906e+01,6.287822670983359785e+01
2.334275981792426791e+01,1.835251539744431071e+01
1.978656907615249949e+01,2.554224162373012419e+01
2.161579823601995898e+01,2.140215199849936667e+01
3.422602356621316488e+01,8.536642806960871965e+00
1.718448795049541999e+01,3.386310741267271851e+01
2.328766809043393238e+01,1.843945134322780532e+01
1.057527858528593789e+01,8.941623232074228156e+01
1.056613472222328554e+01,8.957105971646852538e+01
1.400355288347183169e+01,5.099452236540033567e+01
2.249418715690595505e+01,1.976329674004700365e+01
2.370865594248637365e+01,1.779041714649956063e+01
1.371710213674209378e+01,5.314657173662583745e+01
1.768402587830167150e+01,3.197699996571073910e+01
2.384285280926312467e+01,1.759071792437531911e+01
2.511261528369167095e+01,1.585682061281280042e+01
1.224205196561550757e+01,6.672545787648948590e+01
1.399042892438671792e+01,5.109023979184586040e+01
2.113442250050232118e+01,2.238820266371280709e+01
1.026979435136840202e+01,9.481488132230605004e+01
1.074117946926649836e+01,8.667543977653983234e+01
1.519144443949718237e+01,4.333131417991327794e+01
1.287862315573352312e+01,6.029219973548764244e+01
1.525673822570907134e+01,4.296122047274874944e+01
2.345194358342776653e+01,1.818202784240842362e+01
2.928770950862151778e+01,1.165813777159202402e+01
2.346335455020489746e+01,1.816434715957871049e+01
1.791920364500554541e+01,3.114315374975639372e+01
1.059842299833539769e+01,8.902613153239053645e+01
3.500274986951541223e+01,8.161982719312900869e+00
8.306990972188243916e+01,1.449147270049066627e+00
2.195574509939565289e+01,2.074453191865873691e+01
1.443450137359646313e+01,4.799504770103161633e+01
1.469945306169159771e+01,4.628045802806755660e+01
1.797818491552911979e+01,3.093914542802540524e+01
1.082796154609164496e+01,8.529166460696900742e+01
1.360757784172068519e+01,5.400554402121888842e+01
1.274805057523736984e+01,6.153361705593500375e+01
2.098358290955650318e+01,2.271123283019093719e+01
2.030873923743312659e+01,2.424566349750776695e+01
1.750606085951026003e+01,3.263045518429484559e+01
2.394650522829289585e+01,1.743876469965478293e+01
1.705513128420314928e+01,3.437873294665297408e+01
1.836042547975487693e+01,2.966432820988590890e+01
1.456599674167248537e+01,4.713240307090128312e+01
1.512382864430642471e+01,4.371963261543827883e+01
1.027680807277504904e+01,9.468550686448729437e+01
1.172522511428544156e+01,7.273737450406937910e+01
1.700925753682171759e+01,3.456442100399574002e+01
1.807662492430238999e+01,3.060309188910193612e+01
1.459929664995391541e+01,4.691763728111383358e+01
2.179281325789688495e+01,2.105588040405693917e+01
1.278511936340106026e+01,6.117731691456481258e+01
3.796393585389301251e+01,6.938371319258579639e+00
1.272011031448001717e+01,6.180423633247345805e+01
2.652599432362931253e+01,1.421204766227523741e+01
1.740094515089506189e+01,3.302587431685528685e+01
1.431597793130864105e+01,4.879304924701375512e+01
1.746265129226155111e+01,3.279288578973429935e+01
1.543278297367548113e+01,4.198667681656644390e+01
1.081250675351527235e+01,8.553566113260869486e+01
3.122338375423360901e+01,1.025746553326906607e+01
1.939333983132916472e+01,2.658855800481624954e+01
1.776629244677323882e+01,3.168154749596128283e+01
5.136494585706232385e+01,3.790236684215253948e+00
4.283828669196855543e+01,5.449238470812992396e+00
1.278754751104316867e+01,6.115408596206142278e+01
2.486809526715649810e+01,1.617018375305449496e+01
2.469721337978549158e+01,1.639472332695518020e+01
1.617237404252427879e+01,3.823423853523980398e+01
1.758885399775512326e+01,3.232398616254018009e+01
1.950839586945193815e+01,2.627585643666972004e+01
3.171132809465077784e+01,9.944229484164793575e+00
1.678051630041475306e+01,3.551316359527240252e+01
1.266915113215677380e+01,6.230242716233541245e+01
2.084444299812979651e+01,2.301544684073225255e+01
1.904192190676516816e+01,2.757899528193908978e+01
1.123874855419517971e+01,7.917062809360311348e+01
1.585211606148614294e+01,3.979472549427404005e+01
2.625768752649285886e+01,1.450397519663371249e+01
1.748436055536047817e+01,3.271150249682879974e+01
2.329182309724079047e+01,1.843287313663631721e+01
1.042075725897064764e+01,9.208766072844252903e+01
9.971950737920279551e+01,1.005633543831855992e+00
2.868917231162959425e+01,1.214965545240978173e+01
3.354448440495237804e+01,8.887052752740412842e+00
1.392753828970068675e+01,5.155268362180159869e+01
1.720812022082803949e+01,3.377016145575288419e+01
2.893403033778885458e+01,1.194488945850542017e+01
3.288248335306978731e+01,9.248488953157876225e+00
2.220203772526074459e+01,2.028683642603043680e+01
2.268920560750494531e+01,1.942501749687007973e+01
1.955958662943243098e+01,2.613849965783816032e+01
1.621192603621790695e+01,3.804790710701269063e+01
1.993837194346216179e+01,2.515478520671486962e+01
2.046525612272352745e+01,2.387622328032798436e+01
2.797355971291093368e+01,1.277922538764835814e+01
1.292247004282275924e+01,5.988374217925387910e+01
3.811245372277564059e+01,6.884401331368103172e+00
3.190838803695206849e+01,9.821781543207823262e+00
1.969788879365731660e+01,2.577274266611008713e+01
1.684863511169810124e+01,3.522658557290987602e+01
1.028059489695344553e+01,9.461576550543109931e+01
1.982827378623257175e+01,2.543490887809438661e+01
8.855752931375532455e+01,1.275114008243166008e+00
2.420900460888068295e+01,1.706263630554025212e+01
2.407750294641181910e+01,1.724952381771894494e+01
2.138846265530823487e+01,2.185953203594885252e+01
1.696541990954794699e+01,3.474327656249469243e+01
1.787993681023348813e+01,3.128009337179553029e+01
4.329763912719672447e+01,5.334227907566683413e+00
4.280693945012142620e+01,5.457222276387173387e+00
1.076858553345271474e+01,8.623482296221399679e+01
1.420897157977786307e+01,4.953072771897387838e+01
2.180875270829381307e+01,2.102511326041588546e+01
1.505372066763379379e+01,4.412780178637551387e+01
1.195006715322114665e+01,7.002599821865220520e+01
3.358384315731045433e+01,8.866234507389213704e+00
1.747105663386719954e+01,3.276134000417052050e+01
1.863657385566186875e+01,2.879173593615473337e+01
2.368331964484104901e+01,1.782850170662833023e+01
1.369908005405864415e+01,5.328649966465356158e+01
1.864784669739596623e+01,2.875693657447535045e+01
1.886304996016620805e+01,2.810451984821455440e+01
1.548973254355269447e+01,4.167850783103590828e+01
1.685828372037975242e+01,3.518627420076527557e+01
2.694199237997785445e+01,1.377655346741918052e+01
2.246169421870065364e+01,1.982051700590369236e+01
2.284227378733495684e+01,1.916555210861652370e+01
2.011116787169681785e+01,2.472438044666098378e+01
2.047375677110627379e+01,2.385640070978951854e+01
1.470155526262532142e+01,4.626722352811838590e+01
2.212376827335197049e+01,2.043063184797040677e+01
2.356122154776261013e+01,1.801376090144015762e+01
2.346169457922939472e+01,1.816691759247266091e+01
1.328080761208085114e+01,5.669581844520919844e+01
1.503095589167021728e+01,4.426156842696929772e+01
1.039008895326061932e+01,9.263209121076198471e+01
1.189392874573206704e+01,7.068859263327949805e+01
2.017901620408579078e+01,2.455839734763786453e+01
2.006566836488489614e+01,2.483663412511237922e+01
1.868565247982505895e+01,2.864068923757893970e+01
1.195121025354561262e+01,7.001260327178714249e+01
2.887492116433575973e+01,1.199384371958571904e+01
1.010700171882649556e+01,9.789383015742980376e+01
1.815840143169375409e+01,3.032807002571212962e+01
2.000196275619229525e+01,2.499509383175198352e+01
1.412036080356395473e+01,5.015432756853815022e+01
1.307919897537509613e+01,5.845715919451107823e+01
1.745568175642432607e+01,3.281907747021548261e+01
2.828741647055120723e+01,1.249722045292033989e+01
1.464826664179705062e+01,4.660446495293796687e+01
3.613500266957730389e+01,7.658501781582218726e+00
2.802543073868242729e+01,1.273196416295195732e+01
1.580447253213923098e+01,4.003501430016117268e+01
2.121071981189251687e+01,2.222742665371981374e+01
2.757752985197345907e+01,1.314889548162295796e+01
1.573835530578711506e+01,4.037209706597126768e+01
2.384794325696812933e+01,1.758320909463042270e+01
1.061847052894889565e+01,8.869028856960599683e+01
2.551325074868870502e+01,1.536273025914065649e+01
1.712000495766854868e+01,3.411868056275947225e+01
2.044669505896485973e+01,2.391959158513342487e+01
1.731672587821453035e+01,3.334789578792715758e+01
1.123584704016668390e+01,7.921152298077620912e+01
1.141915619592124820e+01,7.668880546666183307e+01
1.068048490077731572e+01,8.766334925398984979e+01
1.560281117840186127e+01,4.107658160377003043e+01
1.246727384696666618e+01,6.433643646232580693e+01
1.150490597238206369e+01,7.554989286050765429e+01
1.967358968860459711e+01,2.583644647807580697e+01
1.629286458014195560e+01,3.767082264538480985e+01
2.243387241710465219e+01,1.986970908674067360e+01
2.238966177298767946e+01,1.994825604673485131e+01
2.958795730181963890e+01,1.142273320704184236e+01
1.161177138611638604e+01,7.416569082920773326e+01
1.690555721096972519e+01,3.498976457899038195e+01
1.973027047068266526e+01,2.568821470395945994e+01
1.749399414103292116e+01,3.267548530239450599e+01
1.665675648956188226e+01,3.604285018006260088e+01
1.079506423524740200e+01,8.581229916671831859e+01
2.546705426881862167e+01,1.541851588261383554e+01
1.934646488380419882e+01,2.671755802180356199e+01
1.331467015668522080e+01,5.640780179743770617e+01
1.860090167142282880e+01,2.890227347477042841e+01
3.757048507790499769e+01,7.084454172852820086e+00
2.565542777330295010e+01,1.519292798325141547e+01
1.513637272056444871e+01,4.364719846406308079e+01
1.829693967191084170e+01,2.987054095385419572e+01
1.116012092118907084e+01,8.029013709743342986e+01
1.491317250880767986e+01,4.496348002086234175e+01
2.270254400413325158e+01,1.940219869084490867e+01
1.898917898778607949e+01,2.773241074070859469e+01
1.745110547921363420e+01,3.283629229810773609e+01
2.790049580325920431e+01,1.284624374680567982e+01
1.068626001655834834e+01,8.756862402895129094e+01
2.495864428508770771e+01,1.605306695606800105e+01
1.746621804839944403e+01,3.277949396286243910e+01
2.485990166946486468e+01,1.618084460088169863e+01
1.094638534311284239e+01,8.345618634780426248e+01
3.308843557292942705e+01,9.133716589747114867e+00
2.835554898134844137e+01,1.243723614024997381e+01
1.336867430292038605e+01,5.595299195222212063e+01
2.930115583044059946e+01,1.164744037079537620e+01
1.637839256220884465e+01,3.727841575633117088e+01
2.357568109260788702e+01,1.799167111272985053e+01
1.537498071535643795e+01,4.230296817296540013e+01
2.036855885206590955e+01,2.410346036022827576e+01
3.552945943322130518e+01,7.921780418623353803e+00
1.466039985293444836e+01,4.652735548447930825e+01
1.314346370258237151e+01,5.788690629407467725e+01
1.431056190716145871e+01,4.882998900407462628e+01
2.792672149067407616e+01,1.282212753375663183e+01
1.323370036949765627e+01,5.710017053356163075e+01
1.652270062936169026e+01,3.663008545840892793e+01
2.623992977175453944e+01,1.452361283950361681e+01
2.023134076954078964e+01,2.443153024883369184e+01
1.767531406547271899e+01,3.200852939598910041e+01
1.972065512919049013e+01,2.571327078562610424e+01
2.953552058650935663e+01,1.146332855101939963e+01
1.499540013063215937e+01,4.447171547326297514e+01
1.791990759177887327e+01,3.114070700812240489e+01
1.759797631639623816e+01,3.229048307446282706e+01
1.482793574086200117e+01,4.548190109488274402e+01
2.406069813629102683e+01,1.727362754073308793e+01
2.094969954501617693e+01,2.278475706268244849e+01
1.044855599088939968e+01,9.159830797591104101e+01
1.101814742715496642e+01,8.237261281410874858e+01
1.899857834434337889e+01,2.770497686319710340e+01
1.517679191957139651e+01,4.341502349581501363e+01
2.849176355969708752e+01,1.231859952559780247e+01
1.653128382616721481e+01,3.659205796880170425e+01
1.141917106511653834e+01,7.668860574987395751e+01
2.539299812411317703e+01,1.550858014858948941e+01
1.073238630677887073e+01,8.681752624702276933e+01
2.481503291379777920e+01,1.623941157750871866e+01
7.450533436607511817e+01,1.801462656494350334e+00
2.525554096622350642e+01,1.567785520652921605e+01
2.089629033197698504e+01,2.290137786891916605e+01
1.706455743612206888e+01,3.434076305982202371e+01
2.043006955988698081e+01,2.395853780172946301e+01
1.602059012807766081e+01,3.896215600323931483e+01
1.829169043652171922e+01,2.988768753739130091e+01
2.816456282381691878e+01,1.260648383217355750e+01
2.333523288858903300e+01,1.836435675046132943e+01
2.004709807082434381e+01,2.488266943864570280e+01
1.723200043149537208e+01,3.367662852098918336e+01
1.616591784278283228e+01,3.826478393022406976e+01
1.905067397857041911e+01,2.755366096540831577e+01
1.047495207674935358e+01,9.113724802996405572e+01
2.676031092348977225e+01,1.396425239347280467e+01
1.654152436711229157e+01,3.654676510850314486e+01
1.449650863149097901e+01,4.758533850449089186e+01
1.616680098744042837e+01,3.826060345982512700e+01
1.772776189539617420e+01,3.181941420233183848e+01
3.928998451465700725e+01,6.477930506624995921e+00
1.605558116216550602e+01,3.879251523847163696e+01
1.104764740914734489e+01,8.193328918918663817e+01
1.171113411461039000e+01,7.291251705181956311e+01
4.422815464709415068e+01,5.112135553515696706e+00
1.385702068015519473e+01,5.207871619432163612e+01
1.406198946066723465e+01,5.057157317178367606e+01
1.280656183354105160e+01,6.097262581664733005e+01
1.105235277410008976e+01,8.186354042718495805e+01
2.146191577665521777e+01,2.171016017031033130e+01
2.048254361308440608e+01,2.383593670258230190e+01
2.025360490830311022e+01,2.437784617527183784e+01
1.302276887950533180e+01,5.896486844804220340e+01
2.245669258899484788e+01,1.982934697283449310e+01
5.019639775024111827e+01,3.968760541006264742e+00
1.889194936537650449e+01,2.801860148488524516e+01
1.847279438426648923e+01,2.930453318198332724e+01
2.309142642802876821e+01,1.875419714896295176e+01
2.988122189918304272e+01,1.119962018895149036e+01
1.562198107242670986e+01,4.097583246336545670e+01
1.340550614748137903e+01,5.564595083527672159e+01
1.597737775545589578e+01,3.917319488871819999e+01
1.892367426286038423e+01,2.792473576380431055e+01
1.891247122746362308e+01,2.795782868511448882e+01
1.057173542751839257e+01,8.947617875267563647e+01
1.257454539480278477e+01,6.324342972365137427e+01
1.441164204520855208e+01,4.814742515731929018e+01
3.646106529619514447e+01,7.522137938546187286e+00
2.374371818203494300e+01,1.773791388628098531e+01
1.734804615745223089e+01,3.322759145438326556e+01
2.990655065105326571e+01,1.118065763597796192e+01
1.095107850996987331e+01,8.338467012589958927e+01
1.506798773488744203e+01,4.404427686295739619e+01
1.813188707258104770e+01,3.041683268764957759e+01
1.797365543587655878e+01,3.095474113008642547e+01
1.003365108536197248e+01,9.933036030072109668e+01
1.721620315606277174e+01,3.373845900101586182e+01
2.519151083004381420e+01,1.575765438788381445e+01
1.959205643719295509e+01,2.605193306603245063e+01
3.124790042368610443e+01,1.024137611701612904e+01
9.770308599997798638e+01,1.047570927666878537e+00
1.743509542463167605e+01,3.289662488480511371e+01
1.772069628886476522e+01,3.184479337231702090e+01
1.125916735822201709e+01,7.888373233264972839e+01
2.440012633294940514e+01,1.679638613478624976e+01
1.226336807779698290e+01,6.649369590114174855e+01
1.806812173746469341e+01,3.063190341084788315e+01
4.891704088875468415e+01,4.179069990882310570e+00
3.544792851706181125e+01,7.958262819650030906e+00
2.242426503742158417e+01,1.988673856195140388e+01
5.288500497968413327e+01,3.575484509496649199e+00
2.480546400999305234e+01,1.625194295682722156e+01
1.643182299274175762e+01,3.703637767088880395e+01
1.059619280324193547e+01,8.906361037776569844e+01
1.017270186592178760e+01,9.663342366295931640e+01
1.696167138471462366e+01,3.475863476901758986e+01
2.488549205939230902e+01,1.614758335612250306e+01
2.846222171611590923e+01,1.234418452756821694e+01
2.443966746919857513e+01,1.674208008270011661e+01
1.669429338632059867e+01,3.588094866261809557e+01
3.259213343434876720e+01,9.414004912973592099e+00
2.065274770954703243e+01,2.344468059533059190e+01
1.544663074427055527e+01,4.191142917733771611e+01
1.169586792419571530e+01,7.310298137960094778e+01
1.785809016915755620e+01,3.135667300181012251e+01
5.204593264412158504e+01,3.691700066016081028e+00
1.635677494896412654e+01,3.737701745601336967e+01
1.368447771885801778e+01,5.340028149752794917e+01
2.256839905271843350e+01,1.963353474147466216e+01
3.592666695231994112e+01,7.747581331511939950e+00
1.014879467062518792e+01,9.708923251111725961e+01
2.973169124190707180e+01,1.131255677469344789e+01
2.131235533088273471e+01,2.201593342749017879e+01
2.468168738156188624e+01,1.641535599293278125e+01
2.045071951370716334e+01,2.391017833764400180e+01
1.588086058824270452e+01,3.965079811358824458e+01
2.043464351834883530e+01,2.394781355374590959e+01
1.787840635272788603e+01,3.128544898367487193e+01
2.191700658858217921e+01,2.081792902850993343e+01
1.591175051420721154e+01,3.949699714267476480e+01
1.456477726456213162e+01,4.714029598843296043e+01
1.423827388647087666e+01,4.932706944763139489e+01
1.808008334204626877e+01,3.059138528892115616e+01
1.154553232511410243e+01,7.501913925588388565e+01
1.640155562897788855e+01,3.717319735790749036e+01
1.656223552373095131e+01,3.645541844152825917e+01
9.291214620880084851e+01,1.158390576241907777e+00
1.913665185919753498e+01,2.730662887099719427e+01
3.778661636893309606e+01,7.003642849375132151e+00
3.229400448493778697e+01,9.588621981542058137e+00
1.427005720231963615e+01,4.910758442788953460e+01
1.521363470243407257e+01,4.320500221850045364e+01
2.814484188545177545e+01,1.262415661158377134e+01
7.788843493282278985e+01,1.648367508105706314e+00
7.441293947868513214e+01,1.805939008976040761e+00
2.030529338132517481e+01,2.425389328814927126e+01
1.789527015380982178e+01,3.122651240511843440e+01
1.917399027799167399e+01,2.720038144044153938e+01
1.852831920563636814e+01,2.912915937723531101e+01
2.068372706123485116e+01,2.337450396910658412e+01
1.633724873348060314e+01,3.746641657760096678e+01
1.398626743614432577e+01,5.112064719875074559e+01
1.286624287029584224e+01,6.040828549118783286e+01
2.827423269077652535e+01,1.250887764033488203e+01
1.854218406663657603e+01,2.908561318575747379e+01
2.026562120888183927e+01,2.434894553821233742e+01
2.716125253099486869e+01,1.355502781850062455e+01
3.125674639910882036e+01,1.023558011121155786e+01
1.085798208719348246e+01,8.482068165298382212e+01
3.216820417831159773e+01,9.663765139973364171e+00
1.719008317502081695e+01,3.384106669867865946e+01
2.533369028054717731e+01,1.558127836733273952e+01
1.376596887522640600e+01,5.276991971521479741e+01
1.636180894370707506e+01,3.735402161669735221e+01
1.856544630592609835e+01,2.901277113286074893e+01
1.873587227203598715e+01,2.848735751262483973e+01
2.009716946776483582e+01,2.475883528879545992e+01
1.236949707315337932e+01,6.535757285109612269e+01
1.879995651274490598e+01,2.829347629922435203e+01
1.106235339130012640e+01,8.171559435346541989e+01
2.275127093628759667e+01,1.931917939764690217e+01
1.523582344953327627e+01,4.307925032943713006e+01
1.677777000162436138e+01,3.552479061607197508e+01
1.198694961333545983e+01,6.959573734549356061e+01
1.556878726627820519e+01,4.125631469613431790e+01
2.615196624738914721e+01,1.462147903512843428e+01
1.896183869641583541e+01,2.781244082846591326e+01
2.108504505688782871e+01,2.249318385979790236e+01
2.342167956040623622e+01,1.822904554789186804e+01
2.742638550595169633e+01,1.329421957820681932e+01
1.847041348950050121e+01,2.931208856308666455e+01
1.469263671840094077e+01,4.632340970134156777e+01
1.005225356805373593e+01,9.896306324549270528e+01
2.060305438665241340e+01,2.355791129103989689e+01
1.128595292667809424e+01,7.850973852963311117e+01
1.635524830650565065e+01,3.738399552248829849e+01
1.772337088227648039e+01,3.183518284748286575e+01
1.871211763143827156e+01,2.855973162711647007e+01
1.595561970769036186e+01,3.928010560820579400e+01
1.259743743860521548e+01,6.301378684166691357e+01
1.242466361393896612e+01,6.477847520364926481e+01
1.338264396825151969e+01,5.583623825119879314e+01
2.236374178213009500e+01,1.999452364002498328e+01
1.104599345454626835e+01,8.195782733266423747e+01
1.460905956314070053e+01,4.685495018419111091e+01
1.640940897485078409e+01,3.713762458152601198e+01
1.357157281133732063e+01,5.429247473975850369e+01
1.891255747837199053e+01,2.795757368177882540e+01
1.058742327679194872e+01,8.921121364916525920e+01
2.665149418935812164e+01,1.407851588965543677e+01
2.002346610355777301e+01,2.494143782819768518e+01
2.734436110701661704e+01,1.337409607401045264e+01
1.762363919763567210e+01,3.219651116704180538e+01
1.524372722608010911e+01,4.303458927079712737e+01
1.783128549243243555e+01,3.145101698205658991e+01
2.654842843534123986e+01,1.418803871169651742e+01
1.367759858092721181e+01,5.345401026847658699e+01
2.966341833452541366e+01,1.136469034453184968e+01
1.818938606587818541e+01,3.022483357954569527e+01
2.026204835432501383e+01,2.435753330876112344e+01
1.726427060983268547e+01,3.355085024033293450e+01
1.898601170651709324e+01,2.774166425565957894e+01
2.958366319732354199e+01,1.142604949478876897e+01
1.654005525743254168e+01,3.655325766128013498e+01
1.576793342913685692e+01,4.022077592132966828e+01
2.507207006567838192e+01,1.590814769459381495e+01
1.037026492701667912e+01,9.298658479699800239e+01
1.509785824170488233e+01,4.387016959611877098e+01
1.712089535611971058e+01,3.411513186629964167e+01
1.641059011125986089e+01,3.713227888442598612e+01
2.228613871791958090e+01,2.013401283690906851e+01
1.803432607790909969e+01,3.074681708843782957e+01
1.054704403650627142e+01,8.989560951704473268e+01
1.358396117501280465e+01,5.419349209174525583e+01
1.212870899578523165e+01,6.797838579977138806e+01
3.410865041289159194e+01,8.595495716386867713e+00
1.581258496936118796e+01,3.999394597029780840e+01
1.023323227121504786e+01,9.549361549321406528e+01
1.662343894385000098e+01,3.618747280890770668e+01
1.428864425050053555e+01,4.897990662343061530e+01
1.896059641300631782e+01,2.781608544648760528e+01
1.693673770870267958e+01,3.486105100602981111e+01
2.022804708872345358e+01,2.443948714289269120e+01
4.862985917429627847e+01,4.228574399565875552e+00
1.789957162783440481e+01,3.121150602446833133e+01
2.207641087298802773e+01,2.051837975071966369e+01
1.580596594902530683e+01,4.002744929059183931e+01
1.613049635394835235e+01,3.843302224923526467e+01
2.322914051734878882e+01,1.853248758095238102e+01
1.173747996106169111e+01,7.258556678309435028e+01
1.713397018119581361e+01,3.406308564605488698e+01
2.803091471711500304e+01,1.272698287799600081e+01
1.882037363265662933e+01,2.823212173010382031e+01
3.031805534497657106e+01,1.087920892776210025e+01
2.060534952542639786e+01,2.355266356016922202e+01
2.360308912091059952e+01,1.794991133086432811e+01
7.711575489179004705e+01,1.681565433792142406e+00
2.068839299985948088e+01,2.336396166143921604e+01
2.260288533690900081e+01,1.957366883352107934e+01
2.315483177661592507e+01,1.865162777352630386e+01
1.830085917860851552e+01,2.985774753832357575e+01
2.775328885759455133e+01,1.298288135509609198e+01
1.088662937839982980e+01,8.437487135439214114e+01
1.755564221092798860e+01,3.244640296559310855e+01
3.974750250961714215e+01,6.329658932714851360e+00
1.274417362124292907e+01,6.157106150649133269e+01
1.535025941649798042e+01,4.243933413242130825e+01
2.737155145115180943e+01,1.334753815996742077e+01
3.095112412110165678e+01,1.043871754016970321e+01
3.366507389688963769e+01,8.823499304300517210e+00
2.026057841073092902e+01,2.436106780794081317e+01
2.655156006385338685e+01,1.418469208752801691e+01
2.718664813963113502e+01,1.352971558436471788e+01
2.044318019959074917e+01,2.392781743135098083e+01
1.749082293480940464e+01,3.268733495593063054e+01
2.157413909628069959e+01,2.148488587364910174e+01
1.603951859159554161e+01,3.887025067816900048e+01
2.204625980911740868e+01,2.057454111556689469e+01
3.257411126890494302e+01,9.424424702261950060e+00
1.681963107768637755e+01,3.534818086954109617e+01
1.648684198119211075e+01,3.678959857512980847e+01
2.282464671642995313e+01,1.919516597306757433e+01
2.158787668859043052e+01,2.145755046714648984e+01
3.443233399499406033e+01,8.434650180195168545e+00
1.007517504194841074e+01,9.851328467010702639e+01
1.785096640762547082e+01,3.138170492750831286e+01
1.640092009827547770e+01,3.717607831407474350e+01
1.773498634403630092e+01,3.179349583981391447e+01
1.816783948766379098e+01,3.029656780187200837e+01
1.704158363828642209e+01,3.443341519230045122e+01
1.045001687419117076e+01,9.157269938852593327e+01
2.996773772685418891e+01,1.113504769672787020e+01
2.724977974603867281e+01,1.346709759278642693e+01
2.246079726074619387e+01,1.982210007752521008e+01
1.512223502542787834e+01,4.372884766902119935e+01
2.986054203061768675e+01,1.121513811710292963e+01
2.138502110451788951e+01,2.186656843239934034e+01
1.362057613426501490e+01,5.390251682192242555e+01
1.911780691204148042e+01,2.736048919129158818e+01
1.556797064405375153e+01,4.126064303254771914e+01
1.369947354040002985e+01,5.328343864064932234e+01
2.050348920814352383e+01,2.378726178082571252e+01
1.686845560052780257e+01,3.514385150833532379e+01
1.148724568794881584e+01,7.578236951255478004e+01
2.242958571360195563e+01,1.987730474115258872e+01
1.179937495124656976e+01,7.182605206009871779e+01
2.188795859066777538e+01,2.087322156980709309e+01
1.910262279177364064e+01,2.740400259524306747e+01
1.038934091457471531e+01,9.264543082159927678e+01
1.935377381385355733e+01,2.669738212313611214e+01
2.401602770584622704e+01,1.733794608699238182e+01
1.287016600434443880e+01,6.037146332720465125e+01
4.543010049742505885e+01,4.845210000513445081e+00
1.588936166602611166e+01,3.960838176537607325e+01
1.504186424268261391e+01,4.419739477850095710e+01
2.978675261582892020e+01,1.127077248089340955e+01
1.127148460845329758e+01,7.871142144107020044e+01
2.715046936192095117e+01,1.356579707487949626e+01
1.319400995045527836e+01,5.744422643588680444e+01
1.843655613147247152e+01,2.941984633862900722e+01
2.043757982429898590e+01,2.394093279225973347e+01
1.671458461591404543e+01,3.579388378455410447e+01
1.580830271199112680e+01,4.001561655310751320e+01
3.201369082181071235e+01,9.757274145119836817e+00
1.023069311082366717e+01,9.554102258348265764e+01
1.774337145864236831e+01,3.176345317128539492e+01
1.955388058574772003e+01,2.615375690375404005e+01
3.194652104135142778e+01,9.798347973912276743e+00
2.793307650150179455e+01,1.281629391281111374e+01
1.782541224206003250e+01,3.147174582985078928e+01
1.532095359435250970e+01,4.260184478292639199e+01
1.279931082694445443e+01,6.104172924727303950e+01
1.053457709597203795e+01,9.010850584064230873e+01
3.778422157303944573e+01,7.004530671114426177e+00
1.647481649572566553e+01,3.684332594120785842e+01
2.787969577552452449e+01,1.286541912829527767e+01
2.530822778403821971e+01,1.561264665022646803e+01
2.236907258197433990e+01,1.998499493893980627e+01
2.173433009768679369e+01,2.116934800839500852e+01
1.626462824174784672e+01,3.780173364935828317e+01
1.007709897438581059e+01,9.847567170005623893e+01
3.172014264231777148e+01,9.938703550253094932e+00
1.639468321985001964e+01,3.720436880073593500e+01
1.782699429777916933e+01,3.146616016068618293e+01
2.474989011015613016e+01,1.632500977527231001e+01
1.627759143707272216e+01,3.774154831634329810e+01
3.882676911418558774e+01,6.633419966474506602e+00
1.264098498849915231e+01,6.258037609188539818e+01
2.465901540255224944e+01,1.644555506535814615e+01
2.160145879048991091e+01,2.143057571349522306e+01
1.485265306942600461e+01,4.533064789241427661e+01
2.028898374346164957e+01,2.429290275407173283e+01
2.086127505765772483e+01,2.297832148927288998e+01
1.618509767440091807e+01,3.817414780637933802e+01
2.559076492927080793e+01,1.526980408476784490e+01
3.566409969725194173e+01,7.862080198934968678e+00
1.813755222233360698e+01,3.039783464434479754e+01
1.815816639007720568e+01,3.032885517158949895e+01
2.935437750190790851e+01,1.160524330592546782e+01
2.517464409800096803e+01,1.577877636823982321e+01
2.295479517589737739e+01,1.897811859026599990e+01
1.774276622991486363e+01,3.176562019326778952e+01
5.331342278280636293e+01,3.518251396744104920e+00
1.354869312499096701e+01,5.447599703657282788e+01
1.525118139194003142e+01,4.299253238825223633e+01
1.472585344114025396e+01,4.611466438868818329e+01
1.231154728629176631e+01,6.597428998774633158e+01
1.636265628777454850e+01,3.735015294299170563e+01
1.153607719933026665e+01,7.514216306508218679e+01
1.894320599487168977e+01,2.786718085215561658e+01
1.193140442861439965e+01,7.024523443930618782e+01
1.979745614041938850e+01,2.551415684729311195e+01
2.551300367949872694e+01,1.536302780746129315e+01
1.503069426320503688e+01,4.426310929884046885e+01
2.275066399034097842e+01,1.932021021187214416e+01
1.791990392964932965e+01,3.114071973601595644e+01
1.739814689668659042e+01,3.303649869244800641e+01
3.538882131833108247e+01,7.984869156507211407e+00
1.830759700961244718e+01,2.983577420812551040e+01
1.731921906662487842e+01,3.333829528543660103e+01
1.748547682475453513e+01,3.270732603840144748e+01
1.680994644687409689e+01,3.538892254546553318e+01
2.485093604416017854e+01,1.619252203296687753e+01
1.852195732816044682e+01,2.914917324138831134e+01
1.333489126854821905e+01,5.623685722517333119e+01
1.142150390519493719e+01,7.665728168184256219e+01
4.237921496153467160e+01,5.567935362568216640e+00
1.331429184048233871e+01,5.641100741870918256e+01
2.744806799727948032e+01,1.327322444302533988e+01
1.757713818113149529e+01,3.236709080221168477e+01
2.753415803476850954e+01,1.319035239868231102e+01
1.081489078148899274e+01,8.549795443041909948e+01
1.597410697586009753e+01,3.918923835256297394e+01
1.047316847588210642e+01,9.116829237275290154e+01
1.808899723085325206e+01,3.056124309631145408e+01
1.277724669159165671e+01,6.125272867222599160e+01
1.738160637535221653e+01,3.309940437551533421e+01
1.549082721560568210e+01,4.167261754705576493e+01
1.633351425481325236e+01,3.748355110561151804e+01
2.186574276169544717e+01,2.091565795037967490e+01
1.349093308010881564e+01,5.494346237801317301e+01
2.160275907526819594e+01,2.142799594924744966e+01
1.745290700920116223e+01,3.282951376979321623e+01
1.772031028510348349e+01,3.184618074575490709e+01
1.962253872337443639e+01,2.597105610278966381e+01
1.690448057306413077e+01,3.499422168210266904e+01
2.844485698401865648e+01,1.235926063679803200e+01
1.701701378766238193e+01,3.453291968116088384e+01
1.690589441499371759e+01,3.498836878513801452e+01
2.127451436398912676e+01,2.209432253801852042e+01
1.326663385658784300e+01,5.681702808232424218e+01
1.933413061786921716e+01,2.675165798608609435e+01
1.528312736593766274e+01,4.281298760589817931e+01
1.172049492867698106e+01,7.279609740147456876e+01
2.623688342581298372e+01,1.452698568809077528e+01
1.554157985903011152e+01,4.140088942812169392e+01
1.771559061002929525e+01,3.186315152028353737e+01
2.287194341607287384e+01,1.911586101005493177e+01
1.819573395084628231e+01,3.020374838454062782e+01
1.288483925034241828e+01,6.023403965967857232e+01
2.707897842263988508e+01,1.363752147903748480e+01
3.225958011951555449e+01,9.609097036827575877e+00
2.743374091027594019e+01,1.328709176783975110e+01
1.863556362267960509e+01,2.879485761792764720e+01
2.188703793980970502e+01,2.087497761862194423e+01
2.540530437713337619e+01,1.549355916838244340e+01
1.272289878129212148e+01,6.177714813832516683e+01
2.114155734982925949e+01,2.237309407959595120e+01
1.633320435551646455e+01,3.748497351312881420e+01
4.102660617785159047e+01,5.941126709747477364e+00
2.101485681039220310e+01,2.264368629911930952e+01
2.153211726621490385e+01,2.156882701073155673e+01
1.808379828027394609e+01,3.057881785901723504e+01
1.606337812876252613e+01,3.875486555644818054e+01
3.024228047385197016e+01,1.093379498479982281e+01
3.554272729641298412e+01,7.915867226850757277e+00
1.392336705429720034e+01,5.158357709597241580e+01
2.616735340900085305e+01,1.460428838469294632e+01
2.010182044649414479e+01,2.474737966017865887e+01
2.509135062444759612e+01,1.588370898359361050e+01
1.290599112822505568e+01,6.003676399206766945e+01
1.428668571587469316e+01,4.899333666876820104e+01
2.212282197244543980e+01,2.043237972072889974e+01
1.440641860862349510e+01,4.818234578846803373e+01
1.712271831080613183e+01,3.410786817979078478e+01
3.285289324055612781e+01,9.265156408847181169e+00
1.464988919838582859e+01,4.659414211799033723e+01
2.446320412047678872e+01,1.670987964527335379e+01
1.087739489398566484e+01,8.451819412232352136e+01
1.492657539274255640e+01,4.488276897676577448e+01
3.095455234594768257e+01,1.043640548675911184e+01
2.319768400938036024e+01,1.858278248112627651e+01
2.050211374541467890e+01,2.379045360679348065e+01
1.172902366967566756e+01,7.269026875800182097e+01
1.772431243063337192e+01,3.183180064937821996e+01
1.579517096898476680e+01,4.008218034373647498e+01
1.539042212907686924e+01,4.221812450373430892e+01
3.035087681962129835e+01,1.085569207101845812e+01
2.003425010692778230e+01,2.491459418212343380e+01
4.015695806220281838e+01,6.201237803641127755e+00
1.734020233427512281e+01,3.325765918890094497e+01
3.024929173032651875e+01,1.092872704751518853e+01
1.744083924198253044e+01,3.287496066461223165e+01
1.978038274938317542e+01,2.555822082538507445e+01
1.946153879367232875e+01,2.640253624203403859e+01
1.625820276324630953e+01,3.783161914507886081e+01
1.759926894924385721e+01,3.228573989946440292e+01
1.826756811986197349e+01,2.996667301286844065e+01
1.873544361212567111e+01,2.848866108760979543e+01
1.987894824233102753e+01,2.530539927260218036e+01
1.483578045599182360e+01,4.543381488491004205e+01
2.347974853639622594e+01,1.813899066172397667e+01
1.043566115154844631e+01,9.182481498684494170e+01
2.251276016915919342e+01,1.973070077793474297e+01
3.172984417204005325e+01,9.932626880801445068e+00
1.081279953969777985e+01,8.553102897041304686e+01
2.079150895224525897e+01,2.313278816362111456e+01
1.089829453065364184e+01,8.419434421467734353e+01
2.906669011727950291e+01,1.183610580686741720e+01
1.491863834009697243e+01,4.493053897496058369e+01
2.825152058576740544e+01,1.252899812485084574e+01
2.025309920078559145e+01,2.437906359033129178e+01
3.120374522501645487e+01,1.027038096538729306e+01
2.162724345760848976e+01,2.137950578769595467e+01
1.600245910430954410e+01,3.905049542235713034e+01
1.582945295506939765e+01,3.990875567695251647e+01
4.588785661058074794e+01,4.749024989320352219e+00
1.828489143693118635e+01,2.990991836723860686e+01
2.739600970979844163e+01,1.332371631008650859e+01
1.564337867021780504e+01,4.086381257923941490e+01
2.088806781919484123e+01,2.291941150774567149e+01
1.642126561274776719e+01,3.708401502271036776e+01
1.732460406634744032e+01,3.331757344855448366e+01
2.354025381149305929e+01,1.804586556831934985e+01
1.117990870819963689e+01,8.000617089280828509e+01
3.494303738946539539e+01,8.189901795057178191e+00
1.265634131842005417e+01,6.242860681366985887e+01
2.091997155881603021e+01,2.284955889156152864e+01
2.462856296168508408e+01,1.648624902790414382e+01
1.974823051930818352e+01,2.564151160396777485e+01
1.887310017180892885e+01,2.807459565305073212e+01
2.285282173815726736e+01,1.914786408307926990e+01
2.148491857141761940e+01,2.166369715774647631e+01
1.827679902719122040e+01,2.993641063200105279e+01
1.386251626986092411e+01,5.203743270429586687e+01
1.754061245628379240e+01,3.250203048764996083e+01
1.810498843611922126e+01,3.050728058906511464e+01
1.638627279645205448e+01,3.724256965317923118e+01
1.165074836658160784e+01,7.367028587217795632e+01
1.767581717111226070e+01,3.200670730852148438e+01
1.505744375419277858e+01,4.410598250322108527e+01
1.126010297398975091e+01,7.887062378511865290e+01
1.321934547917823011e+01,5.722424804173225255e+01
1.210401242922310239e+01,6.825606982442668880e+01
3.060354085068625452e+01,1.067718198143466601e+01
3.385491073443599674e+01,8.724823577262258212e+00
1.753244674971357853e+01,3.253231306634054931e+01
2.872860397583390579e+01,1.211632613705770112e+01
1.577193863954767217e+01,4.020035075740209152e+01
1.965875693785209322e+01,2.587544895886637164e+01
2.439678459263340216e+01,1.680098780716089024e+01
1.178709340324031984e+01,7.197580817826900557e+01
2.028723994486850302e+01,2.429707914774384037e+01
1.521423241481736888e+01,4.320160754739604414e+01
2.191187031557655374e+01,2.082768986567027980e+01
2.434540160805037345e+01,1.687198239813071865e+01
2.021363838842681915e+01,2.447434150663112717e+01
3.123681890124703386e+01,1.024864383338483265e+01
1.862994373856323094e+01,2.881223267530863907e+01
1.550811218640193623e+01,4.157977471118793034e+01
1.762443417660500344e+01,3.219360667981202795e+01
1.292474633277207019e+01,5.986265073910873014e+01
1.668601545438772149e+01,3.591655856929101986e+01
2.034174023259572195e+01,2.416705842470964072e+01
1.155507688400610888e+01,7.489525797328273882e+01
1.805388188217222734e+01,3.068024380622316372e+01
1.402228007781098995e+01,5.085840375708159655e+01
1.787784931480900852e+01,3.128739859770104204e+01
1.376817407100007351e+01,5.275301715657140988e+01
1.850777950231087488e+01,2.919384961054856475e+01
1.940458207324114781e+01,2.655775822666791797e+01
2.693730230149757077e+01,1.378135118184146002e+01
1.485316820310835872e+01,4.532750365566688089e+01
1.654524730924391562e+01,3.653031975944777798e+01
2.787107117816319146e+01,1.287338267064262531e+01
1.592211717622022249e+01,3.944558202982143769e+01
1.698886919331640399e+01,3.464743231481454444e+01
1.315509620969880444e+01,5.778457756577945759e+01
2.082786470026671211e+01,2.305210050562582325e+01
1.796687149066459810e+01,3.097812137333842841e+01
1.703909944942228805e+01,3.444345625607250838e+01
2.339922602903100923e+01,1.826404694731203904e+01
1.764877758108390182e+01,3.210485702046890566e+01
1.039942789202507711e+01,9.246579417931775424e+01
1.661652190005184337e+01,3.621760696512230737e+01
1.229257832599419409e+01,6.617805997568892451e+01
2.881849030291544622e+01,1.204086114384084460e+01
1.441896347513394261e+01,4.809854251682199333e+01
1.994013548916664647e+01,2.515033592383938554e+01
1.020256297079181529e+01,9.606859343102355808e+01
3.004557685660016730e+01,1.107742725622496138e+01
2.217626724263417159e+01,2.033401346689304034e+01
3.720592790721994447e+01,7.223966437406652119e+00
2.766651976371806754e+01,1.306444415179789509e+01
2.563190645957105929e+01,1.522082458876800004e+01
1.537383740462080972e+01,4.230926032173627505e+01
1.556201858263082016e+01,4.129221128257061224e+01
6.419725857839587491e+01,2.426425908164448142e+00
1.565631176659550583e+01,4.079632831486850364e+01
2.031174198429489763e+01,2.423849540639608691e+01
2.342851553037956691e+01,1.821840936157169821e+01
1.421651730675557168e+01,4.947816264223107652e+01
1.088239208431894234e+01,8.444059049858013566e+01
1.963718782773220894e+01,2.593232236882433739e+01
1.514705463725331747e+01,4.358565893035883221e+01
1.622864456633526231e+01,3.796955460815216554e+01
2.053919646401135068e+01,2.370462568301763540e+01
3.428680031295201047e+01,8.506405541602882536e+00
1.840651185741724305e+01,2.951596659324240335e+01
2.167153489897837204e+01,2.129220588180231744e+01
1.011069940421490188e+01,9.782223977992134678e+01
1.062109094304724444e+01,8.864653099055512087e+01
1.082964963360597643e+01,8.526507675280201681e+01
2.339621059542021442e+01,1.826875519439609974e+01
1.583440047076864232e+01,3.988382030301703196e+01
1.792642587540232313e+01,3.111806478617489446e+01
1.559324166922094079e+01,4.112701413726835398e+01
1.623352008676333469e+01,3.794675073828417311e+01
1.641365605738227629e+01,3.711840812542857293e+01
3.179563903490752352e+01,9.891562151065288688e+00
1.820633827508018854e+01,3.016857414366004164e+01
1.744218711030785229e+01,3.286987994786547773e+01
1.603313630840860426e+01,3.890120286608556910e+01
1.758971135417469611e+01,3.232083517261342109e+01
2.347724631665919404e+01,1.814285739792961039e+01
2.408933190560835769e+01,1.723258737325704359e+01
1.804018821387718319e+01,3.072683805767441712e+01
2.194153356157668355e+01,2.077141310031216292e+01
1.945134101267847981e+01,2.643022768617891671e+01
1.826289134444585471e+01,2.998202275585638077e+01
1.669809687680522714e+01,3.586460460797041350e+01
3.221440018892401724e+01,9.636068997750207643e+00
2.536287909540609675e+01,1.554543564257223132e+01
1.423404458447051724e+01,4.935638649315614401e+01
2.077410668711952724e+01,2.317156061533566813e+01
2.886276450060546495e+01,1.200394918475338635e+01
1.617793819300910485e+01,3.820794291340534699e+01
2.150246341204480061e+01,2.162835878353794783e+01
1.001285271188053372e+01,9.974344049109258492e+01
3.039890719639272021e+01,1.082141511048968141e+01
1.941613509270723270e+01,2.652616275070332819e+01
1.789181379658244708e+01,3.123857830386648970e+01
2.279512737061904204e+01,1.924491306338838470e+01
2.813415178869357547e+01,1.263375200267471676e+01
3.030707842612732605e+01,1.088709103492273478e+01
3.052411740561334241e+01,1.073281810897516486e+01
1.303356607663880418e+01,5.886721419170941516e+01
1.152198932570849266e+01,7.532602722865934197e+01
1.729745700248958329e+01,3.342223438758311005e+01
1.593712499358302459e+01,3.937132605769937754e+01
1.966266111421002094e+01,2.586517443029664776e+01
1.179902929764759278e+01,7.183026042273978362e+01
1.438021145182635863e+01,4.835812524994126704e+01
1.466083236564032255e+01,4.652461029579161789e+01
1.812371215277485703e+01,3.044427863750195229e+01
1.804124659807752096e+01,3.072323300235426657e+01
1.622304105189037671e+01,3.799578886246882092e+01
2.959782555847028362e+01,1.141511753465190715e+01
2.521338893436863771e+01,1.573031986052565045e+01
1.037342047687815594e+01,9.293002116375858179e+01
4.413884791029330756e+01,5.132843389631414510e+00
1.727692856948465661e+01,3.350170611915909546e+01
1.588883499203274852e+01,3.961100764075898439e+01
1.503842088448643999e+01,4.421763691508780170e+01
3.438687916808483891e+01,8.456963863316969920e+00
1.705909681090540175e+01,3.436275156856322610e+01
1.291693751566300286e+01,5.993505145932652312e+01
1.408002320099823734e+01,5.044211165558643728e+01
1.681060586254909595e+01,3.538614625616966691e+01
1.878716655463212959e+01,2.833201277077952440e+01
1.726921944307581214e+01,3.353162368838679441e+01
1.263966172828314605e+01,6.259347999585168054e+01
1.534014946536673207e+01,4.249529199401992940e+01
1.590534829665909555e+01,3.952880018851185184e+01
1.864253723309844446e+01,2.877331907312514758e+01
4.630270298132116835e+01,4.664308975511678668e+00
2.614858651411818968e+01,1.462525896355554345e+01
1.777243291195942732e+01,3.165965900908630815e+01
1.104141791549020546e+01,8.202576769007519886e+01
2.736667037197668151e+01,1.335229987922155459e+01
1.866221094472580688e+01,2.871268535680461653e+01
1.663991762458299206e+01,3.611583464907995022e+01
1.523123881736093388e+01,4.310518810688360247e+01
2.208720009530488682e+01,2.049833888630807266e+01
1.778668190081014089e+01,3.160895394398227509e+01
3.060978718468373572e+01,1.067282478420333725e+01
1.015815030460307256e+01,9.691047692869865671e+01
2.299433661748410884e+01,1.891290453682755768e+01
1.251054609539388274e+01,6.389214449688262931e+01
3.476260790175753357e+01,8.275139051475477459e+00
1.407766212489346813e+01,5.045903316582774067e+01
1.463879528817820308e+01,4.666479097774775653e+01
1.889639348694511156e+01,2.800542400432907542e+01
5.868042401447463874e+01,2.904113016475561526e+00
2.025607353879513184e+01,2.437190462621623155e+01
2.601599234145342621e+01,1.477471825392605531e+01
2.557488944465946190e+01,1.528876727750478004e+01
1.684334085654818125e+01,3.524873412931478356e+01
1.988504865116328091e+01,2.528987508613116475e+01
1.904368051048943045e+01,2.757390190890357218e+01
1.991880379538327972e+01,2.520423339150180198e+01
3.894308091030279684e+01,6.593854899660920310e+00
1.605234201306750563e+01,3.880817244517321285e+01
1.602537919692153423e+01,3.893887236492910375e+01
1.405900215880838822e+01,5.059306667509558508e+01
2.517807477816620221e+01,1.577447673471526457e+01
1.598688831391686804e+01,3.912660068782074774e+01
1.645532077927194692e+01,3.693067915014137981e+01
1.452139170461269302e+01,4.742239889059793256e+01
2.110583110169345744e+01,2.244890092252536817e+01
1.867286873384511026e+01,2.867991841357517302e+01
1.921131754609710285e+01,2.709478435609344871e+01
1.640744930885536945e+01,3.714649636712137237e+01
1.969766453207347823e+01,2.577332952441330605e+01
1.204652107174475972e+01,6.890912109852216361e+01
3.142033383315168038e+01,1.012927612036677161e+01
3.340282601771436077e+01,8.962590975448847530e+00
3.356483739396094279e+01,8.876278188597627405e+00
2.231794638464416280e+01,2.007666350943632949e+01
3.680932683038344067e+01,7.380473916622086072e+00
1.806820054324292357e+01,3.063163620485613237e+01
1.062486902426146429e+01,8.858349882574812284e+01
2.493212087589272130e+01,1.608724042607452276e+01
2.249583840514945976e+01,1.976039550020615820e+01
1.719918896603816449e+01,3.380524313633404887e+01
1.410965160393737250e+01,5.023049054618341813e+01
3.965278825478231539e+01,6.359932966199745685e+00
1.609913492888372488e+01,3.858290462992134451e+01
1.117413703070642228e+01,8.008884198794817166e+01
1.894534625681412621e+01,2.786088487879477071e+01
1.634598802398332396e+01,3.742636486964534015e+01
1.690224534648318411e+01,3.500347787084655238e+01
2.004654373179836213e+01,2.488404559860994780e+01
1.311817957914199440e+01,5.811026505720366231e+01
2.104618514568103294e+01,2.257632387590213341e+01
1.469301784712458492e+01,4.632100652546372288e+01
1.910304128342659169e+01,2.740280192561622741e+01
1.538923443132806845e+01,4.222464130696827311e+01
2.149281530129608342e+01,2.164778105414071163e+01
2.448265277171761767e+01,1.668334203571954077e+01
1.013415160997090858e+01,9.737000798919063982e+01
3.041322051714687547e+01,1.081123178001947061e+01
1.266451112929862077e+01,6.234808804795665083e+01
2.755388522820167196e+01,1.317147190448476834e+01
2.104456499096787070e+01,2.257980016971275816e+01
1.543305496660262932e+01,4.198519687905319842e+01
2.116810722220564855e+01,2.231700684653180744e+01
1.027153473748959023e+01,9.478275359691618007e+01
2.775658146345681487e+01,1.297980136659911388e+01
1.278452391770871266e+01,6.118301577646715828e+01
1.635922945916370352e+01,3.736580233266301576e+01
1.405790645373448200e+01,5.060095365889515051e+01
2.730520628006010853e+01,1.341247966053811602e+01
1.567672296772387242e+01,4.069016327357249452e+01
2.352551187774366781e+01,1.806848903414099539e+01
1.323739820496363429e+01,5.706827339777492369e+01
4.685352354783123019e+01,4.555284292286700953e+00
2.763868690305850606e+01,1.309076985552409056e+01
1.913122061015781483e+01,2.732213547738977155e+01
1.090797887769622321e+01,8.404491134413052578e+01
1.899107264100020487e+01,2.772688046324719480e+01
1.665645023483039111e+01,3.604417559991215114e+01
2.278844578589701442e+01,1.925619995580112942e+01
2.660522713854073018e+01,1.412752413762202330e+01
1.913302755297057800e+01,2.731697505989299302e+01
1.917046449622774418e+01,2.721038760674514378e+01
1.807372541347209349e+01,3.061291179197205281e+01
1.753527348030660704e+01,3.252182532885412058e+01
1.091425313817561538e+01,8.394830957224010604e+01
1.073753512888617045e+01,8.673428538787072739e+01
2.081249641104490422e+01,2.308615717433413295e+01
1.629983664634835350e+01,3.763860302209895536e+01
2.227361294607677067e+01,2.015666430019096467e+01
1.166678783792706398e+01,7.346786165688057224e+01
1.339840277732011664e+01,5.570496959647997670e+01
1.986511296056200848e+01,2.534066000814459585e+01
1.494153036533618462e+01,4.479296764432575628e+01
1.651908360043290003e+01,3.664612830766698437e+01
1.802764475309992065e+01,3.076961180647281680e+01
1.914385191437713019e+01,2.728609253767378107e+01
1.365232879972505664e+01,5.365207482856432364e+01
2.182866613033707992e+01,2.098677001232787021e+01
2.376958819355283481e+01,1.769932421294772951e+01
2.765119582296615519e+01,1.307892846149830746e+01
1.640196684393100313e+01,3.717133343717971883e+01
1.209850991353304117e+01,6.831817094373958810e+01
4.215914516957121094e+01,5.626216073950947028e+00
1.625023620999757412e+01,3.786872155774380388e+01
2.950254053941394616e+01,1.148897193090641444e+01
3.317182043894661092e+01,9.087854983124142194e+00
1.539045086592274103e+01,4.221796684563646807e+01
1.255489450850240729e+01,6.344156154406809378e+01
3.159098290786218044e+01,1.002013846341351666e+01
1.948060777846892222e+01,2.635087223316336846e+01
1.706319936934991333e+01,3.434622966712854009e+01
1.647848014178769560e+01,3.682694507358633018e+01
2.172251434412732607e+01,2.119238399985677290e+01
4.454903415804749045e+01,5.038756999188459318e+00
1.724349382008218967e+01,3.363175019320732417e+01
1.307696033529440527e+01,5.847717542726654472e+01
3.681642385299792863e+01,7.377628754801373923e+00
1.882269214711307725e+01,2.822516708721878231e+01
1.690100182307918786e+01,3.500862895546556075e+01
1.512300156600621293e+01,4.372441480739354347e+01
1.255258985484542933e+01,6.346485940541000303e+01
1.744920443036201263e+01,3.284344755798830562e+01
3.830125574339717787e+01,6.816696747248190746e+00
2.622103003011800837e+01,1.454455720783055384e+01
1.733420076694886802e+01,3.328069257088797173e+01
1.811380608649076507e+01,3.047758643658970357e+01
1.912042359022988336e+01,2.735300099982229227e+01
1.094054649584040284e+01,8.354528938415948858e+01
3.625800075060956118e+01,7.606630014728454903e+00
1.604052562462710085e+01,3.886537023988853434e+01
2.270593712705334255e+01,1.939640028440471653e+01
1.700394555943583441e+01,3.458602000299939760e+01
2.238765896978184244e+01,1.995182535411891322e+01
1.168065833344482662e+01,7.329348268322851823e+01
2.196598530769888669e+01,2.072519485641480941e+01
1.948439501642200256e+01,2.634062943892554642e+01
1.855773896960315739e+01,2.903687510585680442e+01
1.340248996289014727e+01,5.567099951588378559e+01
1.424293881690669394e+01,4.929476295983658218e+01
2.054832306014425924e+01,2.368357340542990386e+01
1.309532652165607658e+01,5.831326205618650249e+01
3.415676908790866406e+01,8.571294801497982618e+00
1.935431151828836960e+01,2.669589872225756721e+01
1.925594867711415858e+01,2.696933019370946027e+01
3.027666985431166680e+01,1.090897105956085333e+01
2.990752350163455020e+01,1.117993026499580544e+01
1.876666853966440129e+01,2.839393821957135700e+01
2.581690167747689557e+01,1.500347152819650987e+01
1.968538504430424041e+01,2.580549369016758021e+01
2.215774245505669882e+01,2.036802782934207556e+01
1.650770268410404995e+01,3.669667565483607063e+01
1.167690092251375589e+01,7.334065924885068455e+01
1.620758906049332282e+01,3.806827224913299546e+01
1.027321456747561612e+01,9.475175922933567563e+01
1.669638037537081132e+01,3.587197923748268380e+01
1.897188224500704479e+01,2.778300129701806398e+01
1.235027914119051218e+01,6.556113337255037266e+01
1.794591137401566883e+01,3.105052607938499065e+01
1.404533948054102410e+01,5.069154389533255767e+01
4.175266674044161874e+01,5.736296112121753943e+00
1.640669833056773186e+01,3.714989703313148794e+01
2.288507506892938181e+01,1.909392961323440119e+01
1.947745015012316827e+01,2.635941678134986788e+01
2.133207598878202305e+01,2.197524652896043307e+01
1.449873978701259247e+01,4.757069418046796727e+01
1.453817267430845384e+01,4.731298561339837505e+01
1.015359590407381596e+01,9.699743491279747332e+01
1.598702447006757410e+01,3.912593423426470451e+01
1.249014236451933968e+01,6.410106171915363404e+01
1.981975857969166910e+01,2.545676888483449218e+01
2.064627273737047020e+01,2.345938808858075220e+01
1.416338817225396873e+01,4.985005986384273768e+01
2.541344408946809352e+01,1.548363584451159980e+01
1.906379202942136075e+01,2.751575392511863427e+01
3.066966212901221311e+01,1.063119334996989451e+01
2.034692911024285067e+01,2.415473382095018096e+01
1.641884822587985582e+01,3.709493576564205597e+01
3.544482947057231570e+01,7.959654509496076891e+00
1.316264254789328625e+01,5.771833904828503137e+01
2.536444620063394595e+01,1.554351479788220480e+01
1.752754608695041227e+01,3.255050753378901618e+01
1.273487310201236689e+01,6.166102737312535709e+01
2.674910777290716979e+01,1.397595195255986056e+01
1.209347667070913701e+01,6.837505012080281119e+01
2.122061955738234218e+01,2.220669261824270890e+01
1.246310119099585201e+01,6.437952345181643921e+01
1.611813005379644892e+01,3.849201874689968861e+01
1.637552858796011890e+01,3.729145640517376137e+01
1.112070322618680507e+01,8.086032785463285677e+01
2.445892969596669531e+01,1.671572056808599527e+01
1.367481903592409509e+01,5.347574261121830830e+01
1.284405753942917450e+01,6.061715021017691640e+01
3.914457943638647208e+01,6.526145274789780792e+00
1.515601984911049982e+01,4.353410989585649560e+01
1.039351793985902361e+01,9.257097969781735003e+01
1.531038951497676059e+01,4.266065511366083030e+01
1.732374716232297729e+01,3.332086957942101435e+01
2.885527002812350261e+01,1.201018547709551143e+01
2.119751131845830727e+01,2.225513578287816330e+01
1.580410670529539274e+01,4.003686774910402590e+01
2.833589212021025006e+01,1.245449776876411541e+01
1.986142960460288620e+01,2.535005986785884957e+01
1.015528074386695323e+01,9.696525233005134226e+01
1.647362457958580606e+01,3.684865758431816829e+01
1.836601049916434292e+01,2.964628938123596313e+01
3.368677641384847732e+01,8.812133986523244644e+00
1.933354641627363435e+01,2.675327471972249072e+01
8.091220722789026354e+01,1.527467233858617490e+00
2.893294603634760875e+01,1.194578477718699538e+01
1.672745267261986513e+01,3.573883409211292417e+01
1.452581772742721178e+01,4.739350404334568623e+01
1.645261143281890881e+01,3.694284332766867607e+01
1.120510302304792383e+01,7.964679275304661132e+01
1.685312960966940921e+01,3.520779918611993509e+01
1.465768533122987805e+01,4.654459029453944652e+01
3.575425799041478570e+01,7.822479990587352994e+00
1.346783207142234673e+01,5.513211010535862755e+01
2.882921503493280113e+01,1.203190418894863534e+01
2.290084248030359859e+01,1.906764602113601370e+01
4.119821160112388725e+01,5.891735914862649359e+00
4.120293922152190902e+01,5.890383958257563002e+00
1.741981078982825792e+01,3.295437906994857258e+01
1.187249270599260065e+01,7.094408260606842020e+01
1.054846870614121812e+01,8.987132866640568807e+01
2.193758339649182076e+01,2.077889413379459072e+01
1.310661836720838025e+01,5.821282719428296559e+01
7.954961233273863286e+01,1.580242962479273539e+00
2.172203629644891620e+01,2.119331679283359193e+01
1.414204648393168462e+01,5.000063031952483072e+01
3.306076445960856347e+01,9.149012417282236242e+00
1.709152043330366766e+01,3.423249890116375127e+01
2.641771456318263489e+01,1.432878984702274572e+01
1.158025418409069474e+01,7.456994378011651747e+01
2.042764556836974421e+01,2.396422408974306606e+01
1.853915150696863279e+01,2.909512937871237170e+01
1.509232116155913594e+01,4.390236573115079466e+01
3.019891364498273845e+01,1.096522025265364775e+01
3.123219197876109376e+01,1.025168064829375503e+01
2.056538562189317787e+01,2.364429042727526564e+01
2.961644152033439426e+01,1.140077167840949279e+01
1.315580462643231208e+01,5.777835453941277422e+01
1.217186782941907985e+01,6.749716690201429969e+01
1.287991473611774218e+01,6.028010830171115231e+01
1.752530588882939000e+01,3.255882969909728786e+01
1.563716734423670651e+01,4.089628251007674464e+01
2.112732389750935269e+01,2.240324968641494507e+01
1.753029967879430373e+01,3.254028252060948034e+01
2.504765006852919740e+01,1.593918184681581174e+01
1.831978187480605058e+01,2.979609862808301202e+01
2.102787051364771997e+01,2.261566757712205700e+01
2.047283827921470234e+01,2.385854134137584737e+01
1.113661375804559484e+01,8.062944765402696135e+01
1.223176824660053796e+01,6.683770236928189945e+01
1.747696142211127679e+01,3.273920616852007726e+01
1.691863000006298634e+01,3.493571326465463045e+01
2.501947056479940201e+01,1.597510676195440205e+01
2.729470088305270892e+01,1.342280624666154587e+01
1.689053734849778721e+01,3.505202134550730619e+01
4.287470992493177135e+01,5.439983850733428383e+00
2.196470962439546071e+01,2.072760231394616071e+01
1.400781958102947122e+01,5.096346184719975980e+01
2.076406848034092079e+01,2.319397020635551954e+01
2.545719805298560345e+01,1.543045730984188424e+01
1.667706509567062056e+01,3.595512079166250174e+01
3.966440995847842999e+01,6.356206581351656837e+00
2.992593118392669638e+01,1.116618076396781056e+01
2.748737000196394931e+01,1.323529492222879611e+01
1.647965893657011804e+01,3.682167677789440319e+01
1.275831808642210063e+01,6.143461609492813835e+01
1.107548631852274212e+01,8.152191821828242269e+01
1.255219741978186399e+01,6.346882783016196328e+01
2.309133567887900185e+01,1.875434455756796126e+01
2.602006950244719974e+01,1.477008842882525030e+01
1.470243296214164630e+01,4.626169961140392672e+01
1.494947174432176595e+01,4.474539091964419413e+01
1.303917328571477618e+01,5.881659598172322490e+01
1.339696883801166649e+01,5.571689495383165536e+01
1.230699352849070216e+01,6.602312181963225157e+01
4.519457293294141209e+01,4.895842367091939096e+00
1.460540324676076196e+01,4.687841245532903400e+01
2.124344434725756514e+01,2.215899877088351388e+01
3.505846923469882626e+01,8.136059220183604168e+00
2.583292364032306310e+01,1.498486654785891581e+01
1.737267707121786842e+01,3.313343834765732510e+01
1.225891869057812222e+01,6.654197257199720639e+01
3.751984636241577675e+01,7.103590165465329953e+00
1.064428718430609067e+01,8.826059142392655588e+01
1.454095239026996467e+01,4.729489820246421061e+01
1.403611828269696815e+01,5.075817062075333297e+01
1.267127688460096024e+01,6.228152501823466025e+01
3.343893222941892418e+01,8.943246428436268047e+00
1.716492018336370151e+01,3.394035835062459228e+01
1.560902124720095330e+01,4.104390336595724165e+01
1.753585141562125926e+01,3.251968169736640135e+01
1.732754712862266189e+01,3.330625651310229784e+01
2.159379411563428874e+01,2.144579189510096739e+01
1.050993088444456447e+01,9.053161752265310724e+01
2.134362711869292184e+01,2.195146704316831787e+01
2.183178614181376886e+01,2.098077194290504721e+01
1.725496341703969705e+01,3.358705413604139522e+01
2.211491961809008444e+01,2.044698458981490674e+01
2.344467381173416598e+01,1.819330543028168989e+01
1.596850483353019889e+01,3.921674026385531420e+01
1.251840547734121500e+01,6.381194336653388888e+01
1.922558939003532075e+01,2.705457242831683118e+01
1.092431185822777095e+01,8.379378747452138043e+01
1.061131039288299327e+01,8.881001907597281786e+01
2.757548536042825305e+01,1.315084531509694266e+01
2.637638497615062150e+01,1.437372905562293468e+01
4.353435657165851325e+01,5.276376043984177144e+00
1.404848734874090610e+01,5.066882936137917426e+01
1.308648975069470843e+01,5.839204176433423754e+01
2.265800814880134340e+01,1.947854633143255043e+01
1.484286024786620395e+01,4.539048290786064399e+01
1.422135994421493166e+01,4.944447191084869786e+01
2.229851152980418050e+01,2.011167544997324796e+01
1.105997084115698570e+01,8.175080465811096531e+01
8.792463471457699598e+01,1.293536996766447400e+00
1.470701703101163105e+01,4.623286524386607255e+01
1.722859372221612517e+01,3.368994798600077445e+01
1.044887670257163670e+01,9.159268513291222291e+01
1.835575091827816507e+01,2.967943904718001136e+01
1.017094043133361581e+01,9.666689710526412682e+01
1.208156020748367609e+01,6.850999802216020385e+01
1.606086460103217206e+01,3.876699679024336831e+01
2.021137577384176964e+01,2.447982149990588496e+01
1.553711771210638837e+01,4.142467291002136420e+01
1.751757850016328888e+01,3.258756086460367385e+01
1.648952070523949232e+01,3.677764659914498679e+01
1.377674561309092915e+01,5.268739439574693506e+01
1.352005969052909329e+01,5.470698516434948289e+01
2.465654246484807288e+01,1.644885405772040698e+01
2.150904025777515116e+01,2.161513414589812498e+01
1.481993404058902719e+01,4.553102827562855737e+01
2.072593196275380834e+01,2.327940434226636413e+01
1.263867174351792855e+01,6.260328625077641362e+01
2.306570902632423881e+01,1.879604091795651399e+01
1.681889077856573422e+01,3.535129270414041969e+01
1.482604811331241557e+01,4.549348319068883484e+01
1.478804317260790491e+01,4.572761813703765910e+01
1.047070922449074892e+01,9.121112272447338398e+01
2.148983902698615367e+01,2.165377776693080136e+01
1.131767841564090737e+01,7.807020159849727747e+01
3.685342885495163046e+01,7.362820249381092808e+00
1.368374761915774052e+01,5.340598001970123221e+01
2.616034150201815933e+01,1.461211837694660964e+01
2.016777839242130455e+01,2.458577364360809625e+01
1.510991087990423765e+01,4.380021016312849014e+01
1.107491026435909554e+01,8.153039905661354680e+01
1.257966919270348249e+01,6.319192112606630474e+01
1.521450785710576525e+01,4.320004332434752570e+01
1.984444297591242545e+01,2.539347719677164861e+01
1.687614768023316358e+01,3.511182195934400596e+01
1.084280413424120226e+01,8.505831490088891655e+01
1.538251765459626874e+01,4.226152413909334626e+01
1.306929935826986977e+01,5.854575195726180681e+01
1.619236136217078226e+01,3.813990661189761511e+01
1.312375220139334075e+01,5.806092584394743739e+01
3.069364667782505762e+01,1.061458504311696771e+01
1.158538432779482896e+01,7.450391751513130600e+01
1.241785755140498537e+01,6.484950310411259977e+01
1.378031606702272072e+01,5.266009552349136413e+01
1.052394989348582577e+01,9.029058288305962776e+01
1.834386694917168370e+01,2.971790681279762225e+01
1.039378687556242831e+01,9.256618927450874423e+01
2.356618401567663668e+01,1.800617517619466312e+01
1.623859512044803921e+01,3.792303551622174496e+01
1.649107517954058011e+01,3.677071349000462419e+01
1.019798265796714709e+01,9.615490913508813264e+01
1.617210783431109533e+01,3.823549728916341905e+01
7.174130027519601072e+01,1.942949498286062893e+00
1.498414564140528071e+01,4.453854536375639128e+01
1.523153120939104888e+01,4.310353318561362101e+01
1.462145042345620993e+01,4.677556994154696923e+01
1.317601149563295770e+01,5.760127145277299832e+01
2.061566681555262548e+01,2.352909518765722297e+01
1.293774608467516707e+01,5.974241207649091479e+01
3.341977269898059433e+01,8.953503680672044496e+00
1.321674166158523533e+01,5.724679765114949248e+01
1.792275262946075287e+01,3.113082131089088733e+01
1.254145520523717927e+01,6.357760113370278532e+01
4.491574656014041267e+01,4.956815506908243130e+00
2.376756757561885181e+01,1.770233378404027391e+01
1.730759428277782419e+01,3.338309418941758366e+01
8.759500043603726738e+01,1.303290896599004878e+00
2.465689444339328418e+01,1.644838444445170111e+01
2.778466360243978883e+01,1.295357708765064864e+01
3.594732048832925386e+01,7.738681142037961536e+00
3.249262280228056454e+01,9.471755133910033209e+00
1.287776688910152423e+01,6.030021788267243465e+01
1.410215732008419742e+01,5.028389252880445071e+01
1.434738744868659310e+01,4.857964613438982582e+01
2.670039948463404400e+01,1.402698981229843866e+01
3.537723194293203477e+01,7.990101606804127066e+00
2.133328270428905071e+01,2.197276054298873404e+01
2.016812794501645456e+01,2.458492141314537349e+01
1.576270953181010270e+01,4.024743936004732348e+01
1.007215482725112032e+01,9.857237349149357897e+01
2.026443633343557238e+01,2.435179302044073779e+01
1.768399524367617204e+01,3.197711075563729466e+01
1.463419093099222756e+01,4.669415989436391357e+01
7.425304219464005939e+01,1.813725239645203269e+00
1.918303757457136882e+01,2.717473045734582726e+01
2.795156713573151919e+01,1.279934294778493786e+01
1.880663004458751075e+01,2.827339998426015200e+01
1.329515953233341463e+01,5.657347998390758192e+01
2.565431536378919830e+01,1.519424558801394554e+01
1.907576129358403350e+01,2.748123472585544746e+01
1.219676250865349409e+01,6.722191263248055293e+01
1.230038104475810279e+01,6.609412680162404286e+01
1.590383031852937989e+01,3.953634638544453850e+01
1.802111584299807490e+01,3.079191102722180062e+01
1.665630116262541094e+01,3.604482078622640984e+01
1.021044928856411182e+01,9.592024836857592618e+01
3.068671704275512724e+01,1.061937952834884058e+01
1.275375255279003284e+01,6.147860816826188568e+01
1.665964329751137996e+01,3.603036014414770705e+01
1.153982550446083799e+01,7.509335643238858893e+01
2.593516447867449415e+01,1.486695362786169738e+01
1.965846087759397065e+01,2.587622834335951438e+01
1.742320054043102928e+01,3.294155751520243314e+01
1.280221539389477314e+01,6.101403409123682309e+01
2.802959478543341021e+01,1.272818154986923211e+01
2.242134756299642007e+01,1.989191423890142474e+01
2.687707757801859998e+01,1.384318141222973431e+01
1.360738516726770797e+01,5.400707342046680992e+01
1.677781937081416075e+01,3.552458155105448157e+01
1.081753029937359578e+01,8.545623587895741480e+01
1.978458512822430038e+01,2.554736450275704485e+01
1.317916529706563544e+01,5.757370654525792020e+01
1.644941856568181393e+01,3.695718608847352016e+01
1.580935061353795668e+01,4.001031196624736452e+01
1.412355182730251002e+01,5.013166675743620004e+01
2.208668245329516466e+01,2.049929973008362083e+01
2.595682820851007477e+01,1.484214788026065079e+01
1.499539751429037082e+01,4.447173099178693434e+01
1.406339364940685499e+01,5.056147482849742403e+01
2.726699980300156412e+01,1.345009308465755993e+01
1.968085304689699200e+01,2.581737974973678362e+01
2.696375655203142330e+01,1.375432256859924962e+01
4.587541004020973645e+01,4.751602278207167629e+00
2.212375341309943622e+01,2.043065929398690983e+01
1.116347618777827932e+01,8.024188074330177756e+01
1.095782721934002879e+01,8.328199181140226415e+01
2.130240809785293266e+01,2.203649906025932026e+01
2.339215500583028984e+01,1.827509039489860498e+01
1.226915262241881166e+01,6.643101103762711546e+01
2.090764451807668323e+01,2.287651080170462592e+01
1.025113424303896537e+01,9.516037796693822770e+01
1.423677750971850031e+01,4.933743917617216823e+01
7.108877549941171026e+01,1.978781916472259761e+00
2.144949886661409977e+01,2.173530305445303767e+01
1.448218894346254260e+01,4.767948781927016455e+01
1.356373646649554843e+01,5.435522698461080182e+01
1.241739606198903623e+01,6.485432342477952261e+01
2.243385779806774494e+01,1.986973498296482532e+01
1.873609753992657900e+01,2.848667249821950875e+01
1.173330487605603523e+01,7.263723250427123901e+01
4.647827390849820262e+01,4.629136829053386748e+00
3.823764414565248870e+01,6.839395930942803403e+00
1.610587730177169163e+01,3.855060761508432421e+01
6.342120368382223461e+01,2.486171246309854421e+00
1.434487856639700354e+01,4.859664053020287611e+01
1.102151571485268633e+01,8.232227268502663264e+01
1.323457980804724876e+01,5.709258216680532172e+01
1.337747390021893601e+01,5.587940528496641690e+01
1.384003024213261668e+01,5.220666148238049686e+01
1.656457797582897129e+01,3.644510860646497008e+01
1.274807898089386704e+01,6.153334283409431293e+01
1.680219782634246428e+01,3.542157048405132258e+01
1.176575455455441244e+01,7.223712140565254458e+01
1.431292387212220163e+01,4.881387416861025486e+01
2.437496308290592495e+01,1.683108319855724488e+01
1.791364166150636450e+01,3.116249594735233330e+01
1.502935819917735216e+01,4.427097935901377923e+01
3.796187890515023611e+01,6.939123245202789114e+00
1.435019981250137988e+01,4.856060664324648712e+01
1.731129907350652530e+01,3.336880708788616801e+01
1.096767300506561149e+01,8.313253283403697935e+01
3.609965143088928130e+01,7.673508579490423642e+00
2.269416783884481958e+01,1.941652360601935712e+01
1.906416538898403346e+01,2.751467617856695824e+01
2.301496945890594858e+01,1.887900902875281872e+01
1.296946507732367770e+01,5.945054932248389434e+01
2.451626153931054475e+01,1.663763178462618697e+01
4.845361346411459635e+01,4.259392473511053545e+00
1.515075298139636750e+01,4.356438274790617982e+01
1.039966221326974782e+01,9.246162741785101957e+01
2.203372432283953941e+01,2.059795842260138699e+01
2.224368818998183528e+01,2.021093488637327695e+01
2.592046204162233991e+01,1.488382388583898752e+01
1.762134772209293132e+01,3.220488536362078236e+01
1.176602195796045436e+01,7.223383801337681120e+01
1.374620034907636246e+01,5.292180658094038392e+01
1.720333341625839907e+01,3.378895707505202495e+01
1.287540996962703765e+01,6.032229652193625213e+01
1.670608378866293720e+01,3.583032021595298033e+01
7.044567597243755586e+01,2.015075479614103937e+00
2.484116490375465602e+01,1.620526302352016046e+01
1.578815080577983565e+01,4.011783315822003004e+01
1.764157656270382191e+01,3.213107178061633107e+01
1.156253162611603891e+01,7.479871426359012787e+01
1.112455773984785523e+01,8.080430347153409798e+01
1.826907445182828482e+01,2.996173155875612792e+01
2.108580938958809270e+01,2.249155319302663969e+01
2.643615724190240357e+01,1.430880440914168439e+01
1.610505413080422699e+01,3.855454855830698335e+01
1.293285718707672416e+01,5.978758844176297771e+01
1.997077249475155014e+01,2.507322924711043299e+01
1.814420723550979986e+01,3.037553982731791535e+01
1.384950350889150705e+01,5.213526563996896357e+01
1.013144652732520079e+01,9.742201025382780699e+01
1.092194674984582115e+01,8.383008189187852111e+01
1.619774247563059433e+01,3.811456961519481013e+01
1.635979529640719932e+01,3.736321763076750102e+01
2.300996836250680033e+01,1.888721642851712090e+01
1.771140392797056151e+01,3.187821714153246333e+01
1.079953064587122924e+01,8.574133428477040297e+01
1.391623566613191088e+01,5.163645874813750680e+01
1.015631750895367702e+01,9.694545675807339080e+01
1.331693047390785978e+01,5.638865493687088559e+01
1.122495849406671731e+01,7.936527261730064708e+01
4.737635895991121515e+01,4.455296778514937550e+00
1.774830259738406113e+01,3.174580548528006219e+01
1.989698437114269325e+01,2.525954261719073912e+01
4.907233591937227146e+01,4.152661551572105481e+00
3.755340190429719627e+01,7.090901124753387741e+00
2.182358917943010113e+01,2.099653570152885607e+01
1.153961240190468729e+01,7.509612996297326504e+01
2.310393393037254484e+01,1.873389717123516007e+01
1.567248824106394522e+01,4.071215531414520683e+01
3.676285911143254026e+01,7.399143331367027621e+00
1.290821765254889009e+01,6.001605442698772208e+01
5.106844094163763259e+01,3.834376911104864227e+00
1.114816251993724272e+01,8.046248059103163541e+01
1.109652717681309930e+01,8.121305313588918295e+01
1.845341767911326158e+01,2.936610697029375316e+01
1.545289234697977143e+01,4.187747054448720974e+01
1.246696918346600746e+01,6.433958096411525673e+01
2.059450676859459151e+01,2.357747046938231605e+01
3.828102744558329107e+01,6.823902750471360967e+00
1.530044108857468288e+01,4.271614950899567020e+01
1.587668546571891071e+01,3.967165494894555167e+01
2.227464635759923084e+01,2.015479404415093612e+01
1.373693461370186597e+01,5.299322350850495411e+01
2.045225745115258320e+01,2.390658255110510666e+01
1.369360033771581975e+01,5.332915511232407368e+01
1.145681366408703994e+01,7.618549622256416853e+01
1.499827281455759476e+01,4.445468138551210302e+01
1.608434253487236987e+01,3.865390485530141973e+01
1.264450923642365332e+01,6.254549644238427675e+01
1.868369277582452881e+01,2.864669770897720724e+01
2.389332428900227967e+01,1.751648029703902765e+01
1.788594864934163908e+01,3.125906912662753712e+01
1.972703742369017021e+01,2.569663543223225588e+01
1.156550607378568429e+01,7.476024534570795765e+01
3.919822451392101215e+01,6.508294670054019626e+00
1.366433776960622026e+01,5.355781149348935344e+01
1.631233170705656832e+01,3.758096362176807759e+01
1.264179026974655251e+01,6.257240361375153981e+01
1.556467454953555318e+01,4.127812022154720495e+01
2.312974979049906921e+01,1.869210149467841120e+01
1.166021967312076413e+01,7.355065339597784657e+01
1.859180611866644028e+01,2.893055974836697075e+01
1.619956438409098709e+01,3.810599687208986808e+01
4.033594573416836937e+01,6.146324874274172068e+00
1.471562064864554920e+01,4.617882014113728673e+01
1.341964739250517269e+01,5.552873636692901016e+01
1.702956277211891489e+01,3.448204422294136151e+01
1.252217729196650353e+01,6.377350746726239095e+01
6.091649274781184431e+01,2.694822830481575338e+00
9.914173918804723940e+01,1.017388755957081559e+00
1.567414784113776882e+01,4.070353445390257008e+01
1.928159025886645850e+01,2.689764767617220542e+01
6.648235122458432045e+01,2.262493078447780803e+00
1.686691277294717040e+01,3.515028106470256830e+01
2.200120490782061466e+01,2.065889404800660145e+01
2.153063932318790208e+01,2.157178824110633286e+01
1.957122681807254239e+01,2.610741662051988499e+01
2.308955909604843271e+01,1.875723070435156359e+01
1.669941281532388899e+01,3.585895246251597257e+01
2.524496068770738688e+01,1.569099928200500926e+01
7.113905462172671434e+01,1.975985807931138982e+00
1.756485984021899682e+01,3.241235766807753294e+01
2.052967456893047782e+01,2.372661972895709681e+01
1.208561482580772584e+01,6.846403672012242225e+01
1.812340684199403285e+01,3.044530438777682946e+01
1.717878660055039930e+01,3.388558833261858183e+01
6.075829514037499735e+01,2.708874229559054214e+00
2.404449368607895465e+01,1.729691802559119296e+01
1.637312125053007605e+01,3.730242312521631476e+01
1.044588585096250100e+01,9.164514202373099749e+01
1.834135007064163858e+01,2.972606340904221511e+01
1.268072869324509178e+01,6.218871431598560662e+01
1.027310294987124806e+01,9.475381820253599585e+01
1.813538545435211446e+01,3.040509878435123170e+01
5.095038051061107609e+01,3.852167265676672780e+00
5.356539343491861160e+01,3.485229663452249937e+00
1.908012425246344179e+01,2.746866816317885451e+01
1.450088591867596932e+01,4.755661429338795188e+01
2.895080896627506561e+01,1.193104799481831968e+01
1.793304073586793734e+01,3.109511232699953354e+01
1.457928273427800647e+01,4.704653939104451155e+01
4.720975112702890186e+01,4.486798624032322991e+00
1.660139628267271661e+01,3.628363312508277261e+01
2.640507680008676061e+01,1.434250896530292074e+01
1.555469567188176683e+01,4.133109990655392352e+01
1.522153372609761668e+01,4.316017246740511837e+01
1.913140172907126413e+01,2.732161815700345997e+01
1.123026187701109357e+01,7.929033134633979785e+01
1.607170079398418139e+01,3.871473784851277600e+01
1.688789129267067679e+01,3.506300636073476795e+01
1.434696555997569689e+01,4.858250325501789035e+01
1.163793676369082064e+01,7.383257476855077073e+01
1.060183502844082071e+01,8.896883749602170610e+01
2.708357154861158378e+01,1.363289627349587185e+01
1.211715487156458337e+01,6.810808706872244045e+01
6.789038435335140775e+01,2.169618948914639134e+00
3.855976944411769125e+01,6.725601681272047827e+00
1.891568204882148407e+01,2.794833814975025277e+01
4.972703654188975264e+01,4.044034417913024981e+00
1.184807768865210242e+01,7.123676901474077283e+01
1.683848900730030707e+01,3.526905022575422777e+01
2.006522638107613332e+01,2.483772830773861884e+01
1.019180064339587410e+01,9.627159338970456304e+01
1.422888384881977508e+01,4.939219554999660744e+01
1.925569231290349137e+01,2.697004832079211312e+01
2.177968673374437003e+01,2.108126863077937685e+01
1.141359018669470693e+01,7.676362060753847061e+01
1.316243991544910408e+01,5.772011618052133031e+01
1.308035568048324571e+01,5.844682083574476650e+01
1.748757162395169473e+01,3.269949062498333348e+01
1.110882377329492599e+01,8.103335968616417517e+01
2.310673351889825966e+01,1.872935788607012952e+01
1.712903733932003902e+01,3.408270753214171833e+01
1.919376406939009172e+01,2.714436557899673375e+01
1.166437413748137786e+01,7.349827010497344304e+01
1.767814379216510545e+01,3.199828305543269380e+01
1.024456912989989554e+01,9.528238189273318426e+01
4.431114696007181664e+01,5.093003995531562467e+00
1.402455423748921781e+01,5.084191114680717760e+01
2.318468033421427066e+01,1.860363351116711428e+01
5.436376714954276679e+01,3.383614775225737059e+00
1.081567446339918348e+01,8.548556486137020727e+01
1.184905979025375267e+01,7.122496067773897721e+01
3.928286813552857382e+01,6.480277768281984763e+00
1.516558100184170499e+01,4.347923497013697869e+01
2.314317594131448175e+01,1.867041992614670320e+01
4.633575975508514944e+01,4.657656143768936552e+00
5.215147093295662017e+01,3.676773488849834237e+00
1.498264455472363466e+01,4.454747029902117106e+01
1.541081820762524401e+01,4.210644784213408087e+01
2.127429171651992945e+01,2.209478499954754582e+01
1.123649794913158573e+01,7.920234610070316705e+01
1.325327693977302523e+01,5.693160845948664672e+01
1.999039027951365100e+01,2.502404162732683446e+01
6.168294484006576539e+01,2.628268930278391924e+00
1.802728212388939610e+01,3.077084971601295038e+01
1.539543219972337695e+01,4.219065124189435778e+01
2.972755640880480854e+01,1.131570394135632007e+01
2.174266126327133719e+01,2.115312813978156825e+01
5.305717598536075030e+01,3.552317201884112041e+00
1.064371728198296019e+01,8.827004324632632404e+01
2.031740414190056754e+01,2.422498747433132493e+01
6.374677197556911068e+01,2.460841286390476057e+00
1.438182644596027515e+01,4.834726519625861130e+01
9.223682589477596139e+01,1.175415196600592349e+00
1.999225296260022589e+01,2.501937885242447379e+01
9.549837416823976355e+01,1.096498505745113539e+00
1.183388407823211708e+01,7.140775485561118785e+01
1.037305515335508588e+01,9.293656699236053953e+01
2.716869733504774231e+01,1.354760010134314641e+01
1.678860670403923194e+01,3.547894436505215765e+01
1.825397127378671414e+01,3.001133222524719102e+01
1.671515437229874479e+01,3.579144366993816107e+01
1.290921055283102348e+01,6.000682262067775952e+01
2.063849892366113892e+01,2.347706410847572656e+01
2.027580612023460560e+01,2.432448983322784741e+01
1.841006113805251942e+01,2.950458690802812356e+01
1.370614526389753784e+01,5.323157783785294583e+01
1.350267536276121483e+01,5.484794336077872146e+01
8.241294876792814250e+01,1.472343328165750753e+00
1.629149356538443172e+01,3.767716330737034269e+01
1.732743917170806114e+01,3.330667153714082218e+01
1.631116153765315602e+01,3.758635596260300815e+01
1.139852907614169908e+01,7.696661332493309260e+01
1.542682348715097973e+01,4.201912255830456644e+01
1.052993881887493366e+01,9.018790616309178176e+01
3.706620935658294513e+01,7.278529578527331623e+00
1.990077896075239750e+01,2.524991078719369142e+01
2.062582010516237574e+01,2.350593597105908117e+01
1.376488060623036525e+01,5.277826415921728653e+01
1.859002292530180611e+01,2.893611017255278028e+01
1.713883204015966655e+01,3.404376269240248831e+01
1.213908388578590269e+01,6.786223751436283180e+01
1.635367473914979186e+01,3.739119012138848319e+01
4.228157613529926806e+01,5.593680589296520012e+00
1.420040837105536191e+01,4.959048231655485495e+01
2.064831529446511027e+01,2.345474705429961659e+01
4.994213500751472878e+01,4.009274495749217238e+00
1.276548511323976243e+01,6.136565201943260917e+01
1.693121488059735924e+01,3.488379751238211668e+01
1.374315175614757756e+01,5.294528808541426912e+01
1.027937781400633988e+01,9.463817193002674344e+01
1.087857935417716604e+01,8.449979043499800468e+01
1.094142312117402760e+01,8.353190264598804049e+01
1.315979068972069932e+01,5.774335804083992230e+01
1.304012263370869107e+01,5.880803235292422926e+01
4.703577448299427743e+01,4.520051688105380272e+00
2.075913502607558669e+01,2.320499571275961870e+01
1.857528875802633550e+01,2.898203339734841677e+01
1.339574809108876252e+01,5.572705031458438185e+01
1.631454533300175314e+01,3.757076602807202192e+01
1.529155654490306837e+01,4.276580092874546324e+01
1.269143100646326872e+01,6.208387468459306291e+01
1.409420962240278286e+01,5.034061849857764059e+01
5.968819443532540703e+01,2.806875285550982646e+00
2.215967305450942604e+01,2.036447896918043909e+01
3.171321254406152690e+01,9.943047715486935445e+00
3.511767435222193967e+01,8.108649073944002694e+00
8.359959623310581378e+01,1.430841869985027603e+00
1.918564397503322283e+01,2.716734749756165712e+01
2.971651041798669368e+01,1.132411787629166255e+01
1.106043997381100041e+01,8.174386982392871914e+01
1.151144974589102432e+01,7.546402342078717140e+01
1.588628425403430811e+01,3.962372872922998823e+01
1.751380731364858789e+01,3.260159630521576446e+01
1.640043753732850362e+01,3.717826605905914761e+01
1.165945317207614629e+01,7.356032426217537079e+01
1.857379865039137812e+01,2.898668382803262489e+01
1.669254258463632112e+01,3.588847582266598835e+01
3.985377778440673779e+01,6.295946227062960254e+00
1.955536770191918450e+01,2.614977925459232466e+01
2.069574533784287240e+01,2.334736412152350482e+01
2.048158866151204904e+01,2.383815944967975753e+01
1.699465094329898562e+01,3.462386151998695993e+01
1.435736311236127172e+01,4.851216217515975870e+01
3.183719173335606811e+01,9.865758815262795522e+00
1.157079232056811158e+01,7.469195082975302569e+01
1.446662890166670934e+01,4.778210935087611233e+01
2.663160448408856240e+01,1.409955270678161376e+01
2.032615837501263911e+01,2.420412514360316436e+01
2.179566809521823956e+01,2.105036488820159235e+01
1.426381287292548272e+01,4.915058990700705976e+01
1.693801803080536672e+01,3.485578100488135789e+01
1.820729986556234792e+01,3.016538761431008453e+01
3.035363308179263697e+01,1.085372065792112828e+01
8.667354467051545441e+01,1.331149654074464284e+00
1.484748867239676073e+01,4.536218806501695155e+01
2.463377703454708012e+01,1.647927069030053460e+01
1.748479894712307825e+01,3.270986218360550879e+01
1.130050146452678383e+01,7.830771799860659144e+01
7.484435605228749466e+01,1.785179486463210452e+00
1.381848383548761383e+01,5.236959439778365777e+01
1.841511889914109901e+01,2.948838210809179117e+01
1.918225599680397409e+01,2.717694496202734200e+01
1.251091113836539392e+01,6.388841606531421036e+01
1.134647851944039587e+01,7.767438251213144440e+01
4.168433235007186966e+01,5.755118896280621676e+00
8.670290714034807422e+01,1.330248202796306956e+00
1.015511046631769254e+01,9.696850412017427345e+01
1.151475843738538352e+01,7.542066145174865710e+01
2.588016406110391188e+01,1.493021115048619940e+01
1.714295801099119032e+01,3.402737734415946136e+01
1.443227107640860396e+01,4.800988271768795812e+01
1.837002713255442998e+01,2.963332638922274143e+01
7.400276744092585091e+01,1.826013894256555803e+00
1.523685761199669919e+01,4.307340274158308802e+01
1.116835023371772451e+01,8.017185835626652590e+01
1.350950184191948367e+01,5.479252699560993989e+01
1.277190028615058282e+01,6.130402103399038793e+01
1.025505921175517088e+01,9.508754951752473517e+01
1.451348907064879512e+01,4.747405619887434369e+01
4.253651536839004876e+01,5.526830957983952963e+00
3.915532667244869458e+01,6.522563213079787481e+00
1.850313810525238267e+01,2.920849763853544445e+01
1.518335439467140979e+01,4.337750234837307062e+01
2.644269105457280489e+01,1.430173406241740075e+01
5.907939349913299054e+01,2.865021883241774869e+00
1.195220416720053613e+01,7.000095963047691328e+01
3.672867126221102296e+01,7.412924310563959729e+00
1.526546125792884290e+01,4.291213646105605761e+01
1.611752148917114980e+01,3.849492556147650646e+01
1.062927952551353350e+01,8.851000060345965892e+01
1.757841516435081530e+01,3.236238836116258000e+01
1.523337755314064523e+01,4.309308519194105003e+01
1.699130486456126121e+01,3.463749973968692331e+01
1.508647856657047015e+01,4.393637677083034276e+01
1.607957837185373862e+01,3.867681351383492938e+01
1.628263155025549480e+01,3.771818695315268144e+01
1.642193382136013469e+01,3.708099718640161058e+01
2.168199240768758784e+01,2.127167181578856869e+01
2.874914362287947966e+01,1.209901945373114707e+01
1.013300439005008613e+01,9.739205695550923281e+01
1.967692200697763738e+01,2.582769633157661104e+01
1.731342666247645923e+01,3.336060643008356408e+01
1.810535319261618525e+01,3.050605138170421426e+01
1.227920280763077976e+01,6.632231167803277572e+01
1.555658569431613003e+01,4.132105760520795457e+01
1.228820780750399422e+01,6.622514314267583302e+01
1.601725666265740600e+01,3.897837507464375051e+01
2.146818119118887225e+01,2.169748994893441818e+01
2.171019850020685737e+01,2.121643501208241034e+01
1.159936664176079191e+01,7.432440611180861367e+01
1.562267069653426965e+01,4.097221498991869737e+01
1.693799409878472417e+01,3.485587950177006178e+01
1.177749192904024156e+01,7.209321102850296370e+01
8.853811777341387312e+01,1.275673194297754165e+00
1.879966278233272092e+01,2.829436043416608371e+01
1.504427650080051038e+01,4.418322234863853026e+01
1.902433322114411141e+01,2.763001441710060746e+01
1.108500912375860104e+01,8.138191221823601040e+01
1.577850079037265196e+01,4.016691970940973277e+01
3.938399517678232087e+01,6.447041426419627186e+00
1.651970561087317790e+01,3.664336871305825838e+01
1.681138018168563164e+01,3.538288661431956683e+01
4.873997555536926996e+01,4.209489067307626620e+00
1.197965255704278142e+01,6.968054759853106361e+01
2.137203288646725241e+01,2.189315402292011825e+01
1.864020605914930329e+01,2.878051639765389069e+01
1.331668906840927846e+01,5.639069938721041098e+01
1.665609453629529568e+01,3.604571509614032010e+01
1.493643530153648058e+01,4.482353209275436967e+01
2.113269743620260854e+01,2.239185791554123739e+01
1.327864905287464303e+01,5.671425273433585090e+01
1.012031717860802260e+01,9.763639873176256856e+01
2.314357100391747579e+01,1.866978252047240261e+01
1.488054683310758541e+01,4.516086148768041397e+01
4.878851940023334777e+01,4.201116477741315691e+00
1.016248096050895278e+01,9.682789935574840001e+01
1.900329353812068334e+01,2.769122996954246929e+01
1.880960101489708336e+01,2.826446914112360531e+01
1.891337322262909737e+01,2.795516208252760748e+01
1.447994000994152408e+01,4.769429952779083948e+01
1.857685880530948808e+01,2.897713469618550519e+01
3.094159782140869197e+01,1.044514627474433155e+01
1.028684656452448287e+01,9.450079799426471538e+01
2.888608649320870470e+01,1.198457355912200484e+01
1.827672094485527410e+01,2.993666642294650515e+01
1.451592097837765039e+01,4.745815051114557548e+01
1.529241307756111645e+01,4.276101041215137144e+01
1.344638972720143499e+01,5.530808362332993511e+01
1.539595469825752794e+01,4.218778760923324711e+01
1.754283449832652408e+01,3.249379734786410978e+01
4.219382361278027815e+01,5.616971676566333116e+00
1.412865851979574039e+01,5.009543391337881246e+01
1.426225191666044800e+01,4.916134923452056427e+01
1.348266782564119914e+01,5.501084680050957587e+01
9.942400619671020934e+01,1.011620176653283520e+00
5.578813224783389302e+01,3.213041659288649932e+00
2.784216904523874803e+01,1.290012349913482659e+01
2.030963081583623264e+01,2.424353480933456240e+01
1.102454934461989922e+01,8.227697361125331099e+01
1.087598406955518726e+01,8.454012281699756670e+01
1.425857988117281572e+01,4.918667370099694125e+01
1.802682052630228071e+01,3.077242558257393412e+01
1.919791166472380439e+01,2.713263808650266284e+01
1.335122834011468029e+01,5.609931430676346054e+01
1.860381526320340129e+01,2.889322126358510445e+01
2.832927585508209845e+01,1.246031591125158045e+01
1.813222691846801737e+01,3.041569251455794998e+01
1.720283987600965858e+01,3.379089587697258423e+01
2.514909182964051126e+01,1.581085612320408273e+01
1.656009658231986847e+01,3.646483638659375970e+01
2.134097125316202792e+01,2.195693106555814111e+01
3.281050484634045006e+01,9.289111468022184681e+00
2.267942931705685083e+01,1.944176796628401860e+01
1.684446244914963842e+01,3.524404019463861459e+01
3.235148638546385058e+01,9.554578256388527535e+00
3.486026448327320537e+01,8.228840500488020737e+00
1.732681719014382438e+01,3.330906280234076178e+01
1.322702547620156466e+01,5.715781519674229116e+01
1.398534227591574997e+01,5.112741090221110341e+01
6.337527117184193770e+01,2.489776358253652067e+00
4.208267632362364452e+01,5.646681556456351281e+00
1.018009714839066859e+01,9.649307688959960672e+01
1.666085523508029453e+01,3.602511852140068527e+01
1.334703630076211134e+01,5.613455920445097291e+01
1.326162052147294723e+01,5.685999366735063631e+01
1.780980972739969559e+01,3.152691244571953888e+01
1.213941219905594870e+01,6.785856686351733913e+01
1.293878819697890847e+01,5.973278895034697200e+01
1.944472046142169575e+01,2.644822871289264299e+01
1.486005423772314771e+01,4.528550455719584988e+01
1.615376784282310396e+01,3.832236702422793684e+01
1.539562415443373489e+01,4.218959917103709500e+01
3.255304888851292588e+01,9.436624176139202902e+00
1.172477020610890186e+01,7.274301887367751362e+01
1.362411041845680870e+01,5.387455432056427185e+01
1.236068219540030810e+01,6.545082408628202586e+01
1.220923698819918712e+01,6.708461822382162154e+01
1.325398300897946235e+01,5.692554287378766986e+01
1.531760275150636197e+01,4.262048578089395079e+01
2.401578459191289738e+01,1.733829711592402845e+01
1.829891226525345971e+01,2.986410130831677989e+01
7.915376138808940709e+01,1.596088194208259869e+00
1.201381730369642753e+01,6.928479773672380304e+01
7.864173589218974314e+01,1.616939674692440931e+00
2.772868446598794279e+01,1.300593168187050352e+01
1.646619972645924079e+01,3.688189628653653784e+01
1.117914638236323555e+01,8.001708279047767292e+01
1.639536005083025927e+01,3.720129713295116858e+01
1.633664959864582400e+01,3.746916473557450189e+01
1.609487750709364562e+01,3.860331925244516782e+01
3.702859650705091354e+01,7.293323835215873352e+00
1.181519213443609040e+01,7.163387145696783875e+01
1.003211047130744404e+01,9.936087063049006929e+01
1.228371790101557437e+01,6.627356480858283305e+01
1.969112792210674812e+01,2.579044364461532979e+01
1.982640199928361824e+01,2.543971166357501090e+01
5.574688938498022139e+01,3.217797585828535034e+00
1.588571981546640366e+01,3.962654453591538584e+01
1.409960312350183642e+01,5.030211241464927241e+01
1.485545380334862564e+01,4.531355691464695212e+01
1.832176449466246382e+01,2.978965043467360019e+01
1.912428405416448030e+01,2.734195905799235859e+01
4.304590240289901004e+01,5.396800531699415870e+00
2.109161476697680726e+01,2.247917348800183746e+01
1.065680585637578304e+01,8.805335176073442938e+01
2.588385823764915017e+01,1.492594973787469925e+01
1.644540378196476027e+01,3.697523285973722551e+01
3.341147666711680841e+01,8.957950522349097611e+00
1.954226934525827275e+01,2.618484518447719722e+01
1.478557078535175329e+01,4.574291221454171819e+01
1.410803927157826365e+01,5.024197235051060773e+01
1.664447795155960108e+01,3.609604701105411806e+01
1.735366445445579231e+01,3.320607988735847727e+01
1.982773147612784470e+01,2.543630024217949881e+01
6.622376338772672000e+01,2.280196555475778375e+00
3.374678649919066231e+01,8.780821569304935181e+00
4.325385561736031548e+01,5.345032466942111427e+00
1.594581848849227157e+01,3.932840808259931009e+01
6.341086355799080110e+01,2.486982130062949548e+00
1.306546270717597302e+01,5.858014072831592500e+01
1.442016268000640800e+01,4.809054293880868158e+01
1.325267340772503211e+01,5.693679395400192078e+01
1.524747366110760183e+01,4.301344393369019770e+01
4.096156224687927505e+01,5.960009829867102482e+00
8.472716103142793997e+01,1.393011464441362701e+00
4.879101176449497501e+01,4.200687282086025931e+00
1.575262077665342098e+01,4.029900875834193386e+01
1.248121545383617637e+01,6.419278821649066913e+01
1.121655081122874265e+01,7.948429817877888581e+01
3.460362854848036562e+01,8.351350615645834807e+00
1.588546702168437008e+01,3.962780574199187100e+01
1.340833084947235676e+01,5.562250769784739646e+01
2.236912119140859190e+01,1.998490808186271295e+01
2.206100898753231476e+01,2.054703955046554498e+01
1.029770471459559111e+01,9.430161518596504777e+01
1.615907879874288255e+01,3.829718056923168490e+01
3.856884810414705100e+01,6.722435796480851877e+00
1.642707876116845611e+01,3.705777338314555891e+01
1.305058359502285015e+01,5.871379258372673604e+01
1.459111505587000579e+01,4.697026775963042411e+01
3.491163764952602122e+01,8.204640515426980585e+00
1.993343921878084757e+01,2.516723634282714173e+01
1.135072896352098226e+01,7.761622081950473273e+01
1.263468067518417826e+01,6.264284300127283700e+01
1.912077893166679488e+01,2.735198435040663512e+01
1.389385997101275017e+01,5.180291098421095342e+01
1.624026144204548316e+01,3.791525377804457264e+01
1.842413012382816007e+01,2.945954368242138344e+01
1.191253678114267167e+01,7.046792620186923273e+01
1.377423787080779860e+01,5.270658071087262897e+01
1.748171410040322371e+01,3.272140725445982667e+01
4.189842057504204575e+01,5.696455331626998131e+00
4.445935057262316548e+01,5.059105905277085924e+00
4.584984380175502139e+01,4.756902818234597596e+00
1.696876786010825100e+01,3.472956816618651033e+01
2.120456866594202694e+01,2.224032424937263031e+01
1.631454097259072711e+01,3.757078611126095780e+01
9.930304085153275651e+01,1.014086274680320310e+00
1.056142416147643637e+01,8.965097772850566571e+01
1.330876483047769021e+01,5.645787111296351668e+01
1.723909149378198791e+01,3.364892938657033739e+01
6.581501867753210888e+01,2.308606862199242382e+00
8.921334763890909869e+01,1.256435873365490341e+00
1.504044335376793740e+01,4.420574593587016921e+01
1.566443329740711654e+01,4.075403597792593047e+01
1.636690845207690970e+01,3.733074813521030677e+01
3.531688355784640976e+01,8.017431408042522634e+00
1.452447174175954281e+01,4.740228838112793852e+01
4.516453672172747957e+01,4.902356391766215182e+00
2.238857299566863546e+01,1.995019629874243705e+01
1.864387368160726055e+01,2.876919410620305939e+01
5.147639253796866399e+01,3.773842682295465600e+00
1.115357010346174071e+01,8.038447828257245931e+01
1.118067160547520089e+01,7.999525305001905906e+01
1.519771044354660638e+01,4.329559061239524453e+01
2.130897913925332077e+01,2.202291038289325087e+01
6.051480814414392029e+01,2.730716902510692101e+00
1.308560645574650039e+01,5.839992510339842369e+01
1.115408016024525928e+01,8.037712676449041282e+01
1.398139511946624580e+01,5.115628303902629881e+01
1.513072571090341611e+01,4.367978409814018903e+01
1.213888306246895432e+01,6.786448293221472738e+01
6.113101155815127186e+01,2.675942858892193410e+00
1.489765322419567539e+01,4.505720813925886148e+01
1.214407750533661634e+01,6.780643936537187244e+01
4.444407589977988948e+01,5.062583960125721205e+00
1.580124269615340538e+01,4.005138260077492163e+01
1.919324727174534573e+01,2.714582737781188371e+01
1.818211862509864218e+01,3.024900029976347682e+01
1.308667228046121167e+01,5.839041289930408851e+01
1.580311815805283793e+01,4.004187683309724122e+01
2.713177156672146495e+01,1.358450119054070271e+01
5.624076137588986768e+01,3.161532255943229508e+00
1.065464919957784140e+01,8.808900194037981635e+01
1.209486511614057669e+01,6.835935262009326152e+01
1.917357771383349885e+01,2.720155201208665829e+01
5.333809878961538686e+01,3.514996825797913171e+00
1.393750359560808860e+01,5.147898970698308574e+01
1.555496454359987268e+01,4.132967108069341577e+01
1.053332602358506165e+01,9.012991198681085336e+01
1.577404057593446751e+01,4.018963784592293820e+01
1.213522103377841788e+01,6.790544785257256422e+01
1.427917398123087800e+01,4.904489731882725323e+01
1.565277790942747771e+01,4.081475120085128339e+01
2.298066476599366226e+01,1.893541488118492211e+01
1.544300601417956464e+01,4.193110610385714665e+01
1.532248386948130481e+01,4.259333581158230686e+01
1.245631614919421715e+01,6.444967849948666583e+01
1.661666421941060889e+01,3.621698657050428238e+01
1.264859378510193899e+01,6.250510794065742459e+01
1.544938334690008119e+01,4.189649586507710666e+01
4.437707344515699504e+01,5.077882924182150148e+00
1.137054767644217890e+01,7.734588854274325342e+01
1.311840211289085900e+01,5.810829356931392908e+01
1.323670386265644972e+01,5.707426068226935456e+01
1.684649759233322186e+01,3.523552538789061117e+01
1.677817521852419347e+01,3.552307468790931466e+01
1.925929263044233508e+01,2.695996574259085321e+01
1.371426223956862600e+01,5.316858479475538246e+01
1.325010419537908746e+01,5.695887633071559719e+01
1.780285182923888954e+01,3.155156062172238407e+01
2.292705688458239166e+01,1.902406770877626840e+01
1.135011147238243723e+01,7.762466631052895139e+01
1.323014062979501126e+01,5.713090173965525054e+01
1.234780899794793285e+01,6.558736662396441375e+01
3.046056939605670166e+01,1.077764725694848025e+01
1.934998761112947108e+01,2.670783087300158698e+01
1.369767146181872874e+01,5.329745960181531927e+01
1.492094369224873951e+01,4.491665611138282088e+01
1.611840177869681057e+01,3.849072095671662908e+01
1.725689280492626310e+01,3.357954422871979006e+01
6.264054284633957792e+01,2.548525448504151747e+00
2.027801052485434496e+01,2.431920153306164423e+01
1.080403020676254577e+01,8.566993166735818477e+01
1.246732554360911749e+01,6.433590291231220704e+01
1.415884388516679948e+01,4.988206379553392367e+01
1.040336234129570414e+01,9.239586809746646168e+01
1.590926164557176214e+01,3.950935604768171316e+01
1.299497757776391715e+01,5.921734487283836756e+01
1.596831128075105255e+01,3.921769096614763583e+01
1.094316729529850996e+01,8.350527734299916460e+01
3.933296365693755803e+01,6.463781367659324317e+00
2.442366713480291196e+01,1.676402327609439880e+01
1.457592929740119381e+01,4.706818957134402837e+01
9.421598581472028400e+01,1.126550868402499406e+00
3.691866158664778652e+01,7.336824044129673261e+00
3.319701211946226493e+01,9.074067508931369375e+00
1.665319536192730254e+01,3.605826667048027900e+01
4.160537794445352944e+01,5.776982566958552390e+00
1.400921804784145408e+01,5.095328752448124021e+01
1.296533969224798177e+01,5.948838796509174642e+01
1.316191033731906401e+01,5.772476108773572179e+01
1.489192814162747780e+01,4.509185856451489371e+01
2.801736995890675530e+01,1.273929135483157005e+01
1.123017613000826032e+01,7.929154217939247928e+01
1.378150442151698307e+01,5.265101434320247620e+01
2.205091971576178267e+01,2.056584621198419072e+01
6.108939812329598595e+01,2.679589747033994218e+00
1.297308831529431572e+01,5.941734621732375388e+01
1.526924327651869895e+01,4.289088139351497375e+01
2.976105044865902016e+01,1.129024816215187954e+01
1.375603022107070572e+01,5.284619919902694107e+01
1.397564741899079088e+01,5.119836931180043393e+01
1.603712362714446726e+01,3.888186121655864014e+01
3.471138384598819471e+01,8.299580540378611815e+00
1.091257229292645370e+01,8.397417239917901099e+01
4.705123855915740450e+01,4.517081014467966504e+00
3.430014532299642838e+01,8.499787727985323116e+00
1.450799454380562459e+01,4.751002214440333660e+01
1.540927609464100811e+01,4.211487603158062143e+01
1.575363801378660611e+01,4.029380458587186098e+01
1.579371970154655713e+01,4.008954689662855486e+01
1.209500548210986359e+01,6.835776596994644194e+01
1.128692184644132901e+01,7.849625985524802729e+01
1.541732843514878404e+01,4.207089503149350662e+01
1.446113668495809712e+01,4.781841072045052954e+01
2.218663306990707085e+01,2.031501737752240544e+01
1.509737765571961532e+01,4.387296262742891173e+01
1.359200561248862016e+01,5.412936216704043346e+01
2.547807972858743497e+01,1.540517426142153568e+01
1.418132309865935881e+01,4.972405021047181606e+01
1.200143534271763990e+01,6.942783466165955986e+01
1.092625124334452380e+01,8.376404369538894912e+01
4.294941155742412064e+01,5.421076850317192886e+00
4.554012652101945946e+01,4.821825998738215269e+00
1.050816155525501827e+01,9.056210691281408742e+01
1.440929797094211295e+01,4.816309147507335808e+01
6.894256280493974032e+01,2.103900288443620870e+00
1.876713620487452872e+01,2.839252311910122017e+01
1.408237056628267858e+01,5.042529684549901248e+01
1.515381424432639257e+01,4.354678340856973051e+01
2.361911965534800117e+01,1.792555402816610766e+01
1.523756816271958137e+01,4.306938568012943591e+01
1.735005841505223856e+01,3.321988443755552822e+01
2.552856177199986121e+01,1.534430786733884311e+01
1.399041273046644029e+01,5.109035806594754803e+01
1.546916415843766934e+01,4.178941615338335680e+01
1.720747797019571479e+01,3.377268237280346597e+01
1.344228890771092821e+01,5.534183428364185175e+01
1.869712874237022859e+01,2.860554082526038044e+01
1.338302552037338522e+01,5.583305449705397905e+01
1.480486166098019041e+01,4.562378297858703746e+01
4.106784345548809512e+01,5.929201423798065029e+00
1.260785190014128254e+01,6.290972730455565198e+01
1.122024495233437946e+01,7.943196814894149327e+01
1.209628477087794884e+01,6.834330786159254956e+01
1.292308624906623393e+01,5.987803149136694714e+01
1.351710514666893204e+01,5.473090328146438566e+01
1.502643865990118321e+01,4.428818415680515130e+01
1.390018228507809361e+01,5.175579796320761261e+01
1.439868731067392638e+01,4.823410218435883223e+01
2.051904322709833650e+01,2.375121260582359284e+01
1.026569934864704692e+01,9.489054000351842433e+01
7.628434744050051108e+01,1.718419249707607621e+00
1.511781765598362703e+01,4.375440621208349512e+01
1.086583327158226808e+01,8.469815037458737095e+01
6.849313184474897298e+01,2.131601172664690402e+00
4.622099205454103554e+01,4.680814977422263823e+00
1.607904938487171620e+01,3.867935842391209889e+01
1.561386696381009465e+01,4.101843161540433158e+01
7.471738412194395096e+01,1.791251976376204036e+00
1.295408671985234150e+01,5.959178575127869237e+01
3.318539121959921800e+01,9.080423757213775815e+00
2.573142237307104807e+01,1.510331960414496777e+01
1.072591595510000317e+01,8.692230226100038237e+01
2.953859962141376272e+01,1.146093885417555924e+01
1.391903617952200811e+01,5.161568230289594084e+01
2.065301708706903128e+01,2.344406902088121569e+01
1.118481662917229613e+01,7.993597254692608089e+01
1.257019136553223504e+01,6.328724949155413526e+01
2.636809617532358274e+01,1.438276722830340582e+01
1.619215687010047589e+01,3.814086996196591883e+01
2.608059466234809776e+01,1.470161417292692896e+01
1.313302186758511603e+01,5.797899261238442392e+01
1.833746689043907452e+01,2.973865444832200566e+01
1.356763933593080829e+01,5.432395981476877722e+01
4.408431996639465211e+01,5.145548881772133321e+00
7.194893358258185856e+01,1.931751585946605898e+00
1.291809964730707883e+01,5.992426824991125756e+01
1.338045376388993901e+01,5.585451906342977679e+01
1.258358447752473097e+01,6.315260389026276755e+01
1.232411603758538554e+01,6.583979083131603716e+01
1.795012957614526172e+01,3.103593431779136935e+01
2.923578063616839628e+01,1.169958914312723408e+01
1.085584461156643599e+01,8.485408669792516889e+01
1.571254320425004281e+01,4.050485019338103143e+01
1.472874715881800434e+01,4.609654611840642247e+01
6.963908431705280577e+01,2.062024856258952266e+00
1.279921179263078379e+01,6.104267387562153147e+01
1.740962470134144624e+01,3.299295249428660526e+01
1.712558880510891512e+01,3.409643520225729674e+01
4.810334788417378604e+01,4.321648027839861683e+00
1.957027633681536827e+01,2.610995263098156371e+01
1.767098756011372274e+01,3.202420503682182584e+01
1.515303679717077934e+01,4.355125197706156825e+01
1.471641994387016084e+01,4.617380404235856162e+01
7.284268501126803130e+01,1.884638716276772596e+00
1.221438199895658450e+01,6.702811460551235712e+01
1.693401047464882225e+01,3.487228070279723369e+01
1.184559945859300889e+01,7.126657916830458817e+01
1.846215887186226468e+01,2.933830588429423969e+01
1.652074372744645459e+01,3.663876372749298582e+01
1.566472956830749474e+01,4.075249441020219621e+01
1.482659560894351181e+01,4.549012341423401296e+01
1.048283573131618596e+01,9.100021938107114750e+01
1.907500546091195304e+01,2.748341261530762480e+01
4.102701436660389334e+01,5.941008490614432702e+00
1.584856632578759417e+01,3.981255380435236901e+01
7.294866285902628533e+01,1.879166789417861194e+00
1.380948679313904748e+01,5.243785543492364098e+01
2.504362125110399973e+01,1.594431059542659668e+01
1.616191793169792845e+01,3.828372656734465096e+01
1.354833973112355139e+01,5.447883896919826441e+01
1.201024675161011679e+01,6.932599951334535149e+01
2.296875466652324604e+01,1.895505731706839825e+01
3.520640665013768000e+01,8.067827391716814844e+00
4.091251311696161963e+01,5.974309050824890832e+00
1.216780785855375235e+01,6.754221729276530084e+01
3.096492649306104639e+01,1.042941366203859133e+01
8.212550510650820002e+01,1.482667925754791893e+00
1.507505002955465656e+01,4.400301918215906483e+01
1.884832374698121171e+01,2.814845318001074048e+01
4.624904066733004271e+01,4.675139160014102124e+00
5.086171116237120060e+01,3.865610261944290027e+00
1.352606705890462990e+01,5.465840163594145196e+01
1.398290454303765173e+01,5.114523922026433667e+01
2.194194404781440966e+01,2.077063593130268870e+01
3.826133636080312073e+01,6.830928361019807049e+00
1.643485987099306200e+01,3.702269156963540553e+01
1.396037109411456179e+01,5.131047963347563723e+01
1.213956044287662195e+01,6.785690954621290416e+01
7.499288184013470016e+01,1.778115279329542719e+00
2.152649617952615557e+01,2.158009276199596727e+01
4.000754267290540156e+01,6.247643581251602463e+00
1.126663507702125422e+01,7.877919600921298127e+01
1.806210893525219419e+01,3.065230127626237788e+01
1.180492112407398864e+01,7.175857746782816093e+01
1.587194831222124769e+01,3.969533934613147608e+01
3.083801340989143114e+01,1.051543429554718223e+01
1.147397670208858145e+01,7.595774665487419952e+01
2.137435970071554792e+01,2.188838770189838812e+01
1.461422421933986548e+01,4.682183902539053832e+01
3.560097282316005618e+01,7.889986659304461192e+00
5.110426210445470474e+01,3.829003437500455131e+00
1.601817533076845734e+01,3.897390425788296398e+01
1.548782022385358914e+01,4.168880076457254091e+01
1.070456895253470186e+01,8.726932805212210553e+01
1.277261491072151500e+01,6.129716133697881020e+01
1.014511782534668605e+01,9.715962041235833624e+01
1.200929681530091742e+01,6.933696733097882259e+01
2.377802576785441957e+01,1.768676531775277994e+01
4.886792047301598529e+01,4.187475538837562183e+00
1.296170014602785514e+01,5.952180042370433455e+01
8.706619578896427925e+01,1.319170290314900296e+00
2.594054251978132797e+01,1.486078977839979842e+01
4.106995997798736653e+01,5.928590321919132933e+00
1.757613272969533824e+01,3.237079405926674269e+01
1.320739617227463469e+01,5.732784142541024863e+01
1.264746607926411670e+01,6.251625491937470258e+01
2.318875285138266307e+01,1.859709957082336729e+01
2.317242519071267992e+01,1.862331643039210860e+01
1.780771448068148644e+01,3.153433176345462030e+01
7.241604830220506983e+01,1.906910701925980112e+00
5.796075266456931985e+01,2.976678749449297445e+00
1.460581607599210407e+01,4.687576248282775992e+01
1.232133279408963844e+01,6.586953905246279817e+01
1.243044624034908274e+01,6.471821950808241297e+01
1.448005431374964225e+01,4.769354654462846810e+01
2.363565649894141529e+01,1.790047933790165757e+01
5.444877896716673860e+01,3.373057231297907244e+00
1.464920609085204717e+01,4.659848768476284420e+01
1.517559325402457127e+01,4.342188215988669953e+01
1.248222940332115449e+01,6.418235969465494861e+01
1.507077714344319652e+01,4.402797430445386340e+01
1.740268478976955890e+01,3.301927186167042549e+01
1.727110715065190405e+01,3.352429417090564101e+01
5.152466221645759958e+01,3.766775121328834963e+00
1.402642000558868318e+01,5.082838625493907614e+01
4.283973944669536849e+01,5.448868894675503505e+00
1.138465778199755007e+01,7.715428289953032959e+01
1.904563246373654550e+01,2.756825019748272254e+01
1.329323718301310642e+01,5.658984347051552533e+01
1.094562129385268889e+01,8.346783792266492696e+01
1.677783436694112851e+01,3.552451804692329773e+01
3.038699903217709064e+01,1.082989824090507902e+01
2.917821577709192482e+01,1.174579824344890788e+01
1.251707843685922761e+01,6.382547456255253593e+01
1.408956343710439540e+01,5.037382469503661042e+01
1.114541760354936883e+01,8.050211840214124948e+01
1.830881884399681070e+01,2.983179217534279459e+01
1.366866753399980183e+01,5.352388631727098556e+01
1.554429699288309408e+01,4.138641699150856823e+01
1.242196254012159429e+01,6.480664957077198096e+01
1.464810831763702481e+01,4.660547240761853516e+01
5.619840481945801969e+01,3.166299725205680371e+00
1.640037006659283492e+01,3.717857196070789172e+01
1.966957183778264096e+01,2.584700263972105816e+01
5.074361799861551248e+01,3.883623693440462432e+00
1.276375642495722573e+01,6.138227553743121234e+01
1.178740795125965057e+01,7.197196686796185361e+01
1.254417644434503742e+01,6.355002003427720325e+01
1.558296382292474647e+01,4.118128321355774801e+01
7.333192177758570551e+01,1.859575719582291065e+00
1.661390911464973996e+01,3.622899938035986622e+01
1.507884959428788285e+01,4.398084623663623205e+01
1.073643503241242847e+01,8.675206055617736922e+01
1.728875589922313694e+01,3.345588440776472794e+01
9.590854999479168441e+01,1.087139685620820417e+00
2.712365257932750851e+01,1.359263496976817009e+01
1.608408865422194722e+01,3.865512513655798443e+01
1.419735539045385586e+01,4.961181235368709252e+01
1.142156831726062372e+01,7.665641706503987507e+01
1.147804093327133046e+01,7.590396479625086101e+01
1.403398167874509816e+01,5.077362715560077078e+01
3.134719535388342848e+01,1.017659800020401484e+01
1.840093176461383706e+01,2.953387077416552131e+01
3.211263576194924951e+01,9.697238863361677730e+00
1.403767040191764259e+01,5.074694676742998212e+01
1.156055154686134934e+01,7.482433935001090219e+01
2.958157522705775122e+01,1.142766253218662698e+01
1.147220427464638348e+01,7.598121903932037924e+01
2.782193255479032601e+01,1.291889632628953954e+01
2.925687902423413789e+01,1.168272107819046468e+01
1.212158119575039450e+01,6.805835536689808407e+01
1.430632820468798627e+01,4.885889400772589397e+01
1.272510454495651722e+01,6.175573315064501401e+01
2.973504378646295265e+01,1.131000599905762449e+01
1.680702959947198494e+01,3.540120705337465523e+01
1.461810591855637931e+01,4.679697613739314477e+01
1.172255201543638492e+01,7.277055095920862016e+01
1.202024075570287742e+01,6.921076782860171761e+01
1.189725865628311396e+01,7.064902826703556116e+01
8.728754093521547475e+01,1.312488426699722988e+00
1.257148230393000965e+01,6.327425249665921569e+01
1.169545995405198724e+01,7.310808153882626925e+01
1.806494345727951867e+01,3.064268288947426555e+01
3.482235288927135741e+01,8.246767966987304632e+00
1.076089423861535899e+01,8.635813882498409555e+01
1.620570917534702104e+01,3.807710470805638181e+01
1.993242380498304911e+01,2.516980058791953923e+01
1.093404991382099567e+01,8.364459752196056286e+01
1.351033987194557184e+01,5.478572977819712975e+01
1.255236809367320561e+01,6.346710187724224994e+01
4.164147532991319167e+01,5.766971222267034847e+00
2.462723697482691776e+01,1.648802439053087809e+01
1.251370248622425940e+01,6.385991692149772092e+01
2.051963329969625605e+01,2.374984662252251155e+01
4.255317259296192134e+01,5.522504904705553663e+00
1.509167406408726109e+01,4.390613068377474093e+01
1.491047358411356427e+01,4.497975905168622290e+01
2.341113324070376578e+01,1.824547300082898360e+01
3.357344746563199323e+01,8.871726044131371225e+00
1.690402570032935614e+01,3.499610503601715550e+01
1.191914328018318336e+01,7.038983044359963515e+01
1.468355190754588513e+01,4.638074863486608024e+01
1.950381665593453206e+01,2.628819626575230117e+01
1.929363306962223135e+01,2.686407989913159255e+01
1.668782889017290216e+01,3.590875302021559179e+01
1.111079389169849918e+01,8.100462525710982220e+01
6.873989036772175609e+01,2.116324841312621441e+00
1.325440459350081390e+01,5.692192165551153238e+01
2.290627945896341444e+01,1.905859539541387093e+01
1.148609471444804342e+01,7.579755794194774410e+01
1.366240456550745641e+01,5.357296922146187512e+01
1.224858593310088573e+01,6.665428791645898343e+01
4.376768849203791234e+01,5.220267746495829364e+00
2.137320145677425387e+01,2.189076009139974488e+01
1.346630393701178718e+01,5.514462342084721058e+01
1.933250634249590050e+01,2.675615340782463036e+01
2.207200845088044971e+01,2.052656564620540536e+01
4.756294235803800063e+01,4.420410210958754860e+00
3.805044819057123107e+01,6.906856718621057212e+00
2.282679310519420568e+01,1.919155632440914871e+01
1.446895234939841401e+01,4.776676472645786475e+01
7.870383615009252765e+01,1.614389030119789847e+00
5.150621538500303132e+01,3.769473728020412029e+00
1.493304845953510807e+01,4.484386651234289189e+01
6.324342421122685920e+01,2.500168320106153086e+00
9.478441335756600949e+01,1.113079404603255940e+00
1.244787670414334002e+01,6.453709965848229047e+01
1.699345423385304343e+01,3.462873824022507563e+01
1.206303388902645146e+01,6.872059391300450670e+01
2.509163071186324601e+01,1.588335437912640735e+01
2.511461854613366640e+01,1.585429108155629407e+01
1.582095087347543583e+01,3.995166064147370122e+01
1.518741672031096535e+01,4.335430024936675864e+01
1.438646554997930416e+01,4.831608980725103208e+01
1.327627734803803072e+01,5.673451767435319226e+01
6.948887345386340542e+01,2.070949257874635574e+00
8.522757254167497365e+01,1.376701425112072608e+00
1.318321899667964736e+01,5.753830538411153128e+01
1.392039424609173714e+01,5.160561159483546589e+01
2.185560310332415312e+01,2.093506961527179300e+01
1.126657421411208837e+01,7.878004715418579451e+01
1.287212355027725863e+01,6.035310257641688025e+01
1.670689526334711772e+01,3.582683965404019943e+01
5.385672103337321204e+01,3.447626281169434037e+00
1.678311694105609320e+01,3.550215850947694918e+01
1.089558882067863088e+01,8.423616549965529998e+01
2.533890229894490176e+01,1.557486912699359927e+01
1.581882704002981299e+01,3.996238917006603941e+01
1.825590867036036613e+01,3.000496269656096970e+01
8.279865617433947023e+01,1.458657816324844037e+00
2.359750380917302337e+01,1.795840949372711393e+01
1.113015564149737280e+01,8.072304300984174574e+01
1.103846106853943532e+01,8.206971767976493481e+01
1.684368391823318234e+01,3.524729829532061132e+01
1.243342182735162993e+01,6.468724627290652052e+01
1.440940589289652074e+01,4.816237002471852691e+01
1.435704923675246469e+01,4.851428335627868904e+01
6.869615989978819925e+01,2.119020110821673075e+00
1.332663496922599045e+01,5.630656006532615976e+01
3.243353634781470873e+01,9.506297294315924518e+00
1.449696770368331400e+01,4.758232480393850494e+01
1.922195031276980615e+01,2.706481727833652329e+01
6.067099170771430039e+01,2.716675788937971348e+00
1.646637736991835155e+01,3.688110050830962905e+01
2.501932803932512783e+01,1.597528877053188445e+01
1.324908444207283864e+01,5.696764467059784920e+01
1.350441527402273145e+01,5.483381103372221332e+01
1.802965197172860101e+01,3.076276110295332344e+01
1.315447380536115496e+01,5.779004585331564670e+01
1.190974275618440359e+01,7.050099362300292682e+01
1.392776140612814473e+01,5.155103193376219650e+01
1.562902502851061648e+01,4.093890540987952420e+01
7.182653883596339028e+01,1.938340729659612238e+00
4.080337782030452587e+01,6.006310320149991000e+00
1.494712976801334037e+01,4.475941379316411428e+01
1.026327414993286347e+01,9.493539033135130012e+01
1.375231853689185257e+01,5.287472891504611283e+01
2.181542693450622750e+01,2.101225035411635034e+01
1.214651644355855709e+01,6.777921195177250979e+01
4.667384290330050334e+01,4.590424827222701509e+00
2.491622313043462711e+01,1.610777583729903739e+01
6.513984578350880383e+01,2.356712188408353725e+00
1.339709084775190640e+01,5.571588011068366342e+01
1.365063437016528525e+01,5.366539513314454268e+01
1.745439753666577687e+01,3.282390702198323140e+01
1.181308693505687479e+01,7.165940534490671610e+01
2.834476871510225848e+01,1.244669835987643758e+01
2.053460415993995269e+01,2.371522934702190710e+01
1.819882247198232506e+01,3.019349750158068701e+01
5.298565463026786659e+01,3.561913686609703866e+00
3.988376941692981603e+01,6.286480987834137224e+00
1.492327899644789646e+01,4.490259943545279242e+01
3.637657779897356392e+01,7.557120043914351548e+00
1.529155923812278317e+01,4.276578586452784947e+01
1.127581996553738364e+01,7.865090672573248298e+01
1.192128473120182086e+01,7.036454410258481573e+01
1.963698409889175167e+01,2.593286045444335741e+01
4.519632908837694885e+01,4.895461907292745884e+00
1.047365227912566077e+01,9.115987000094456505e+01
1.230395795166216999e+01,6.605570369006345288e+01
4.051942566848031646e+01,6.090787364544956617e+00
1.534431583708168390e+01,4.247221802350026820e+01
1.426102668156217312e+01,4.916979698508083629e+01
1.526312520924173732e+01,4.292527302515976118e+01
1.009786093221867986e+01,9.807114129792070401e+01
3.153536305288104202e+01,1.005551526418185126e+01
4.325256790686913888e+01,5.345350735066952907e+00
1.101596010022083583e+01,8.240532784227573870e+01
1.995957984220023462e+01,2.510135755753189102e+01
7.523128210364204449e+01,1.766863802912591153e+00
2.667634077678080473e+01,1.405230238654645269e+01
1.200543964958744780e+01,6.938152832062203856e+01
1.679181896092853776e+01,3.546537149569255121e+01
1.701289095862536982e+01,3.454965882037039648e+01
1.671718148358356260e+01,3.578276411584439387e+01
1.441352250031065552e+01,4.813486290333669615e+01
1.900296988256399899e+01,2.769217324281287773e+01
1.314968327997325481e+01,5.783216019237610084e+01
5.027284238622376478e+01,3.956699962234274004e+00
1.985828064175687047e+01,2.535810011335795267e+01
2.169844996564258466e+01,2.123941633115373051e+01
1.448432706806868708e+01,4.766541230698980769e+01
1.840851603058562702e+01,2.950954001458528353e+01
1.677355344878486676e+01,3.554265337659603574e+01
1.026234501167268576e+01,9.495258174255802430e+01
2.135262568771111447e+01,2.193296906811549363e+01
3.713356936719046075e+01,7.252147135136023159e+00
1.265043379016893077e+01,6.248692653231173466e+01
1.427083192136389833e+01,4.910225277680952871e+01
1.421355331403171540e+01,4.949880043797372764e+01
2.502732154609439164e+01,1.596508566623320213e+01
1.438213766680956063e+01,4.834517280714608489e+01
1.164929834203987546e+01,7.368862695465614365e+01
1.193768812294647397e+01,7.017130330520048176e+01
1.658788356608948789e+01,3.634277148926587131e+01
1.322712837119871132e+01,5.715692592883906542e+01
1.591641915946049934e+01,3.947382981811377078e+01
8.072473708099431633e+01,1.534570063129861994e+00
1.552404935318424251e+01,4.149444598797264661e+01
1.028818016114620448e+01,9.447630041063412420e+01
1.380258735399072911e+01,5.249029230157817949e+01
1.125843924996777368e+01,7.889393583468321935e+01
1.377900816538578432e+01,5.267009297658462685e+01
1.203148485727958850e+01,6.908146554032121855e+01
1.087025676806734786e+01,8.462923098348460371e+01
1.699088280053845068e+01,3.463922059483344640e+01
1.362535709807574413e+01,5.386469604885805040e+01
1.603298129607951594e+01,3.890195508990471041e+01
1.119349975934299124e+01,7.981200323348119241e+01
1.248944158095652845e+01,6.410825535233249184e+01
1.585108769377819726e+01,3.979988916997022130e+01
1.812133196401652668e+01,3.045227671279046433e+01
1.858666583781906212e+01,2.894656388456562368e+01
1.500803266936352820e+01,4.439688164983804342e+01
1.218627546491295632e+01,6.733765964158101269e+01
7.021488658128362204e+01,2.028343957729137337e+00
6.131656649816680016e+01,2.659771597393683962e+00
1.108634505943429360e+01,8.136229990259673173e+01
1.728417825898026194e+01,3.347360804853700955e+01
1.040481188448923611e+01,9.237012568638515120e+01
5.467171534364554475e+01,3.345604499186420444e+00
5.349807611777193728e+01,3.494006200403864337e+00
3.012127585181183775e+01,1.102181895995860650e+01
2.169734844708568033e+01,2.124157292693788079e+01
1.361326348218530313e+01,5.396044212700763865e+01
1.900664391801105779e+01,2.768146833425193520e+01
1.867132256795689216e+01,2.868466855887620071e+01
1.393174388955153908e+01,5.152156372240221316e+01
1.089778016074597566e+01,8.420229226619912311e+01
1.934698610039652777e+01,2.671611847490009950e+01
1.681948812178876906e+01,3.534878175018183555e+01
3.000468240256200758e+01,1.110764347663302765e+01
1.239157939943009445e+01,6.512484040632779170e+01
1.487225870806120831e+01,4.521121068757213379e+01
1.789308020910406327e+01,3.123415653564503458e+01
1.662250507948597900e+01,3.619153899994326196e+01
4.406438479139877273e+01,5.150205732034591755e+00
4.342974884975694039e+01,5.301824701803579565e+00
2.376288203140661182e+01,1.770931553356148669e+01
1.690383361283221575e+01,3.499690040026110438e+01
4.156249865827203394e+01,5.788908734885526819e+00
1.095108363770454396e+01,8.338459203785312468e+01
1.540679908731708458e+01,4.212841904484986344e+01
1.446906377563633583e+01,4.776602902572705744e+01
1.795784115460052988e+01,3.100928471646039952e+01
1.391620027959583972e+01,5.163672135397768415e+01
1.490281513669622271e+01,4.502600046688201019e+01
1.144821912461370239e+01,7.629992887434666216e+01
1.296036450816647090e+01,5.953406916299952911e+01
1.106319854653857071e+01,8.170310976785739854e+01
1.287752522532534627e+01,6.030248113043751346e+01
1.220019164557499991e+01,6.718412949696943315e+01
2.872218945734799078e+01,1.212173861278419729e+01
3.973537932124224170e+01,6.333521855623904351e+00
1.077831010269016687e+01,8.607928499884023665e+01
1.863164883287886298e+01,2.880695935499051430e+01
1.987348611518440222e+01,2.531931130617653025e+01
1.989345494108597379e+01,2.526850633894764542e+01
1.119672439083058180e+01,7.976603849780278210e+01
5.104389644479806520e+01,3.838065323849636279e+00
1.072601330321830559e+01,8.692072447362951948e+01
1.336315767626181206e+01,5.599919891737255284e+01
7.301757188476862837e+01,1.875621603056321085e+00
1.043472255130217086e+01,9.184133496038052158e+01
4.661590388801411677e+01,4.601842817912878303e+00
1.061365837716551930e+01,8.877072980241391065e+01
2.800349010017743367e+01,1.275192287924284962e+01
1.318113742875683769e+01,5.755647974099242958e+01
1.190320744999237057e+01,7.057843024088684558e+01
2.678342974535962284e+01,1.394015557435391095e+01
1.465335232044765945e+01,4.657212092717728069e+01
7.695849428471869658e+01,1.688444835268580135e+00
1.139286037641552518e+01,7.704322431631422319e+01
4.564013802542886822e+01,4.800716960623741869e+00
3.748021527783931361e+01,7.118620592579889106e+00
1.466615122856398479e+01,4.649087095286345317e+01
1.719391735731341342e+01,3.382597550697470723e+01
1.499998544734823724e+01,4.444453068250631134e+01
1.481793484537721994e+01,4.554331494784260315e+01
1.731737173072883351e+01,3.334540841039101622e+01
1.794025560515711604e+01,3.107010687957689044e+01
1.648049096401713953e+01,3.681795894297835048e+01
1.725157029210545545e+01,3.360026757418486909e+01
1.982071348624466722e+01,2.545431607203567381e+01
1.150207240214147220e+01,7.558712133373043685e+01
3.365887546087632387e+01,8.826749379116373362e+00
1.492155472083947210e+01,4.491297756720131673e+01
1.351849042920773059e+01,5.471968695810309669e+01
1.499292718548536740e+01,4.448638708226388161e+01
1.618208940014627828e+01,3.818834238626379118e+01
2.227095890994213789e+01,2.016146873660699868e+01
1.852628268171389081e+01,2.913556384503561247e+01
1.288610379511088055e+01,6.022221841353017879e+01
1.550057799399750458e+01,4.162020496569260075e+01
1.770850239464051512e+01,3.188866447187984221e+01
3.647569389829629927e+01,7.516105631241534191e+00
1.739515729432326552e+01,3.304785524186668511e+01
1.711593671342782841e+01,3.413490165821089306e+01
1.247458048936751318e+01,6.426109193818986398e+01
6.927602490920666867e+01,2.083694668900435421e+00
1.501350378117488482e+01,4.436452996842631791e+01
4.496207214823031251e+01,4.946606497985034601e+00
1.586686335568487749e+01,3.972078626839791582e+01
1.275024831991942875e+01,6.151240593579075266e+01
3.994022213218967465e+01,6.268722542993067748e+00
4.185114683372087541e+01,5.709331674021437486e+00
1.345824073227677076e+01,5.521072055736156869e+01
1.318315041190326120e+01,5.753890406681637160e+01
1.467527710509821404e+01,4.643306788334570001e+01
1.688055823598620009e+01,3.509347630810365359e+01
4.115589665418802667e+01,5.903857466216851257e+00
4.048056696037354385e+01,6.102486495504567898e+00
1.773480157357486675e+01,3.179415832588396285e+01
1.339704314635664240e+01,5.571627687434592247e+01
1.010889061425245927e+01,9.785724969785414373e+01
1.189409261725118228e+01,7.068664481470550243e+01
1.510537426477840128e+01,4.382652325290261075e+01
1.150522017121627627e+01,7.554576649633916929e+01
4.443538789318556326e+01,5.064563826388531531e+00
3.774365011560706762e+01,7.019597404449862132e+00
1.400764127006465998e+01,5.096475933929222180e+01
1.180964463985492507e+01,7.170118624264301843e+01
1.601236540705307121e+01,3.900219195739056488e+01
1.371482282072671666e+01,5.316423844656041098e+01
1.371578911868251893e+01,5.315674770944663408e+01
1.074659742661580175e+01,8.658806598917247754e+01
1.323241387815823167e+01,5.711127394167500171e+01
4.564389561719494992e+01,4.799926563934281631e+00
2.817824571760649022e+01,1.259424380125502729e+01
2.335146896435978547e+01,1.833882846936479893e+01
1.152745018137720834e+01,7.525467630127026553e+01
1.308274607401321354e+01,5.842546474764935027e+01
1.104764959024941717e+01,8.193325683753613475e+01
1.875334010752882463e+01,2.843431301807127198e+01
1.283565220509713534e+01,6.069656561178751275e+01
2.760301118227994976e+01,1.312463025216965384e+01
1.127577239433706424e+01,7.865157036557920378e+01
1.086047957431126143e+01,8.478167523508244585e+01
6.132984737889224647e+01,2.658619783516375623e+00
1.701694675784296606e+01,3.453319173230636352e+01
1.258200524234053574e+01,6.316845813147744337e+01
1.184476122009166410e+01,7.127666641332579900e+01
1.190693359309578092e+01,7.053426367527006846e+01
1.379135341902445688e+01,5.257584049616833255e+01
2.495709430955766095e+01,1.605506098897159362e+01
2.785434183937569586e+01,1.288885084109339552e+01
1.693393854905577101e+01,3.487257693805166525e+01
1.433867009840274953e+01,4.863873313764826634e+01
1.145260411921253052e+01,7.624151233934495053e+01
1.740979046364488525e+01,3.299232423149639004e+01
5.795034660253928394e+01,2.977747881443847167e+00
4.589629361378558059e+01,4.747279146545634099e+00
6.452333543849550779e+01,2.401963374792111861e+00
5.021532875840202337e+01,3.965768686619436156e+00
6.067387493449439262e+01,2.716417601825691808e+00
1.586339357845482390e+01,3.973816430947174183e+01
1.627302030514934472e+01,3.776275468418208447e+01
1.005370088971089615e+01,9.893457203085738172e+01
1.533087077312861624e+01,4.254674635209235589e+01
1.191736717048288519e+01,7.041081316152258296e+01
1.163868440481720157e+01,7.382308941875052710e+01
1.252818763944105385e+01,6.371233197930864378e+01
1.040139230413910276e+01,9.243087120583295757e+01
8.310856104196086847e+01,1.447799672890785150e+00
2.909797290227218269e+01,1.181066985498807753e+01
1.046633636662260081e+01,9.128735505306912046e+01
1.489511643686957143e+01,4.507255683267869983e+01
1.151116104515171301e+01,7.546780875442489389e+01
1.742170066675445028e+01,3.294722978598225893e+01
2.001159659102935962e+01,2.497103371811987671e+01
1.527941840896015080e+01,4.283377515128075430e+01
1.385097654156470526e+01,5.212417719925763748e+01
1.615653040207184077e+01,3.830926287924089024e+01
1.379092449001453247e+01,5.257911100264157511e+01
1.283151162667371992e+01,6.073574407276560549e+01
2.210230527909671494e+01,2.047033046201542561e+01
1.974092150120022993e+01,2.566050250744802952e+01
1.857639354698725498e+01,2.897858621817967517e+01
3.527215723213942056e+01,8.037777064737101185e+00
1.504501765169391270e+01,4.417886932906830566e+01
4.250801785967607316e+01,5.534243851638956713e+00
1.624356812599422284e+01,3.789981862254010281e+01
1.947261810225842638e+01,2.637250036015413457e+01
1.987712601133650736e+01,2.531003921869131545e+01
1.687712337075807056e+01,3.510776234788230710e+01
1.546803383070479398e+01,4.179552390597987710e+01
4.019567618242535900e+01,6.189296985304472365e+00
9.911291359976775084e+01,1.017980628256679010e+00
1.020852027884648194e+01,9.595650211896743542e+01
5.044962031224945065e+01,3.929019605361741441e+00
1.560799495667481729e+01,4.104930115781676392e+01
1.203557653753438927e+01,6.903450290077516627e+01
2.913904957234328563e+01,1.177739484784633994e+01
5.616802687066814315e+01,3.169725578198171689e+00
1.961826238073031803e+01,2.598237955611002903e+01
1.687362173407489507e+01,3.512233507995120618e+01
1.656210012493855999e+01,3.645601450600950244e+01
1.191698734145365535e+01,7.041530162765076284e+01
2.337906591934741840e+01,1.829555923658388394e+01
1.038919880775034876e+01,9.264796530731874213e+01
4.627383772722047439e+01,4.670129908590840984e+00
1.287616548119492244e+01,6.031521788414571006e+01
1.600967327594065281e+01,3.901531000680309091e+01
1.577952042743736882e+01,4.016172888538340402e+01
1.171749146563456101e+01,7.283342081836862292e+01
1.062434423124059890e+01,8.859225026472279296e+01
1.650515817835618293e+01,3.670799115980236138e+01
1.236117437538688790e+01,6.544561213094115715e+01
1.342882125938426086e+01,5.545289363682694983e+01
1.187666605720361268e+01,7.089423316975496903e+01
1.366346228667609530e+01,5.356467512013865218e+01
1.790228088450358257e+01,3.120205990048896894e+01
1.212359195144344959e+01,6.803578163172878135e+01
4.121564557733045575e+01,5.886752629602752585e+00
1.566033650249293352e+01,4.077536154344755914e+01
1.431160589592338184e+01,4.882286526117798076e+01
6.058583466878906876e+01,2.724318058824295896e+00
1.094760514178779509e+01,8.343758975560631086e+01
3.760588964946568069e+01,7.071120942491209149e+00
1.222459391825124442e+01,6.691617635939904574e+01
1.463305052324916922e+01,4.670143827509718903e+01
1.303749238190478010e+01,5.883176322564392535e+01
2.057361359816879087e+01,2.362538215355122517e+01
1.348270580418022213e+01,5.501053688814039333e+01
1.645075718524136477e+01,3.695117182434912451e+01
4.200453507766858507e+01,5.667710197807708461e+00
7.344055527048945464e+01,1.854078408281772505e+00
5.224996171324062288e+01,3.662925173044576432e+00
1.107358939770380779e+01,8.154985023984964698e+01
1.159496028182761052e+01,7.438090692010582927e+01
1.704570255308794202e+01,3.441677625736637935e+01
1.570904519137627453e+01,4.052289104318762725e+01
1.407842650991772970e+01,5.045355399069617164e+01
1.850047524730144133e+01,2.921690646875298469e+01
1.591605600423664946e+01,3.947563118034090479e+01
1.586390476438489827e+01,3.973560336832905193e+01
5.239082517959503349e+01,3.643254603381270940e+00
4.270385628601350447e+01,5.483600536226544975e+00
1.836062166940988050e+01,2.966369426585844593e+01
1.657806594642858400e+01,3.638582900373712192e+01
1.707671447732664305e+01,3.429188557021371508e+01
1.479013909557618689e+01,4.571465885739535651e+01
3.934080064184696113e+01,6.461206355934852930e+00
6.354158477845191300e+01,2.476759944628988297e+00
3.636397444352918029e+01,7.562359381855616292e+00
2.544738779488797675e+01,1.544235683750495269e+01
3.978961405112735150e+01,6.316267968863154891e+00
2.836239167691991625e+01,1.243123566218535991e+01
1.877835219966462788e+01,2.835861649242194460e+01
1.065080757205428164e+01,8.815255884187605773e+01
4.121163750219950117e+01,5.887897728201179071e+00
6.743003315690306465e+01,2.199344459565655274e+00
1.519683416061593917e+01,4.330058379458757400e+01
1.350577407699422494e+01,5.482277803452652165e+01
1.666394790342895149e+01,3.601174793169479926e+01
1.085167959305490548e+01,8.491923544513308286e+01
1.581884835438579096e+01,3.996228147929164010e+01
1.087811423074423445e+01,8.450701662733709441e+01
3.652633893301962331e+01,7.495277398946504910e+00
1.060821958444080515e+01,8.886177794896569537e+01
1.670068881630600188e+01,3.585347313036530892e+01
3.973939703971650061e+01,6.332241261385937570e+00
1.222696122084641246e+01,6.689026714125907347e+01
1.442912021900887964e+01,4.803085264633710239e+01
1.562772106174877784e+01,4.094573752555776736e+01
2.168728256827721523e+01,2.126129551946663554e+01
1.025667509437330871e+01,9.505759083916692020e+01
1.882380878280260106e+01,2.822181853066799562e+01
3.456654568474156264e+01,8.369278823917587928e+00
2.808603826438586282e+01,1.267707423835312319e+01
3.251031788401082423e+01,9.461447152962769280e+00
1.640472771438237487e+01,3.715882282412484727e+01
1.140051391627240740e+01,7.693981573921276151e+01
5.145469094714389513e+01,3.777026674230927750e+00
3.695608561949914161e+01,7.321972118428117682e+00
1.190713117347829808e+01,7.053192288117452335e+01
1.349120460021304524e+01,5.494125084761935085e+01
2.337165053722164032e+01,1.830717074731230909e+01
4.479366971040122536e+01,4.983870087908195856e+00
1.161080982843790110e+01,7.417797550935247841e+01
4.833157642026242229e+01,4.280929528817208229e+00
1.386291719380209919e+01,5.203442283983072514e+01
4.351178052193441204e+01,5.281852750709885136e+00
1.181469867285962572e+01,7.163985541006110225e+01
1.438702761005073327e+01,4.831231473777039298e+01
1.106893884591343635e+01,8.161839004796733832e+01
1.348803144291237288e+01,5.496710454450946770e+01
1.938407471707810714e+01,2.661398144183596060e+01
1.298139713708710019e+01,5.934130969492683505e+01
5.000706862545179376e+01,3.998869259716748559e+00
1.121848758911874100e+01,7.945685595154994019e+01
3.488301986522735376e+01,8.218108096330238865e+00
9.847197641478739172e+01,1.031275477054345746e+00
4.818610070329584971e+01,4.306817134113870793e+00
5.596595151880647023e+01,3.192656655320709636e+00
4.572258788066485380e+01,4.783418659963603936e+00
1.590780029969823950e+01,3.951661531487029322e+01
1.435739787252231459e+01,4.851192727346749933e+01
1.953853272655864259e+01,2.619486150857215279e+01
4.284150873112650260e+01,5.448418845173622849e+00
2.446658689811616227e+01,1.670525931144457488e+01
1.096733368799961283e+01,8.313767696921132710e+01
1.527879013459683222e+01,4.283729793232316041e+01
1.026665259367233141e+01,9.487291990093564209e+01
1.502064254003199650e+01,4.432237033102671120e+01
4.059611318231817734e+01,6.067797667682255813e+00
1.318841612006015751e+01,5.749296639119975083e+01
3.781872555899369104e+01,6.991755307915915374e+00
1.065033435544072837e+01,8.816039262074666283e+01
1.991863297321823367e+01,2.520466569628735698e+01
1.396358793117553887e+01,5.128684123324433841e+01
3.815208673150263508e+01,6.870105504264611085e+00
2.853058828364942201e+01,1.228509577821908216e+01
1.221696214786123491e+01,6.699980572607444174e+01
5.104519773085153389e+01,3.837869640124651927e+00
1.112082348174560131e+01,8.085857909001094868e+01
1.176076845052470432e+01,7.229838579583615399e+01
6.403347696739990624e+01,2.438854162664124470e+00
4.517806109320389396e+01,4.899421721111100858e+00
5.136517709578585311e+01,3.790202558078853645e+00
2.868184738815958212e+01,1.215586193271201410e+01
1.890438616621442947e+01,2.798174790598532979e+01
1.618716094786858051e+01,3.816441679958683153e+01
1.632213339335838853e+01,3.753584130772183869e+01
1.049142988743788329e+01,9.085119302704273991e+01
1.084032139042121123e+01,8.509728093906358026e+01
1.211937628521795673e+01,6.808312169672902314e+01
3.021190599754416084e+01,1.095579129608407243e+01
1.648228053816618655e+01,3.680996431014204973e+01
1.207647284902592943e+01,6.856773149028211378e+01
3.093964205407360524e+01,1.044646684086583122e+01
2.588055633871702454e+01,1.492975855254893958e+01
6.256596884249103852e+01,2.554604376557926937e+00
1.338782443484923590e+01,5.579303454712492538e+01
1.026265376458314016e+01,9.494686851367202962e+01
1.133096522032385067e+01,7.788721712652552753e+01
1.185253838114555869e+01,7.118315931271160935e+01
2.908058370846191565e+01,1.182479883078256044e+01
1.121665174379491603e+01,7.948286771302608145e+01
3.149915054929974900e+01,1.007864888444927232e+01
2.999453632588465979e+01,1.111515938301082151e+01
2.006598029563222241e+01,2.483586194757481280e+01
3.731461155166918076e+01,7.181946243434296662e+00
1.028778223764809852e+01,9.448360909313518619e+01
1.498679882980187017e+01,4.452277699413160406e+01
2.194961108182230447e+01,2.075612803333009992e+01
1.236591316887439440e+01,6.539546236640909171e+01
1.335341210532977030e+01,5.608096727860500863e+01
1.330824351501413361e+01,5.646229437703816956e+01
1.211894990035101749e+01,6.808791256123514302e+01
1.294730939393475921e+01,5.965418924319978800e+01
1.200789010926315470e+01,6.935321372278235685e+01
1.255876457368537125e+01,6.340246770688514744e+01
7.752073981388510049e+01,1.664041612929899605e+00
1.678726126262565543e+01,3.548463162436192420e+01
2.726894454591285211e+01,1.344817470894497191e+01
1.097836180231580627e+01,8.297073196982603349e+01
4.262638180138023358e+01,5.503551805146190468e+00
1.006645635081245693e+01,9.868400589060439643e+01
1.887868040543526504e+01,2.805800131003042353e+01
1.535623363948438858e+01,4.240631917156894559e+01
5.695040089611337208e+01,3.083233590664056223e+00
1.402667076486145170e+01,5.082656892059686982e+01
1.172626350701499831e+01,7.272449288724156702e+01
1.171460533842099316e+01,7.286931317770925887e+01
1.188510899000461940e+01,7.079354538530616026e+01
2.328730500005351445e+01,1.844002635520087807e+01
2.309283365113422093e+01,1.875191154505328583e+01
1.011008404607369826e+01,9.783414819597295775e+01
3.718358889234362863e+01,7.232649018837728150e+00
3.237101887240790177e+01,9.543051379730400186e+00
6.134857615267709008e+01,2.656996760093249588e+00
3.260111737052326930e+01,9.408817166484906735e+00
6.862428839249471935e+01,2.123461014319940610e+00
1.549780412228407833e+01,4.163510506898070673e+01
2.398606454209625483e+01,1.738128993723794835e+01
1.601373365111756897e+01,3.899552739820313718e+01
1.219478581157776276e+01,6.724370688610098057e+01
1.962487152829047332e+01,2.596488212031281506e+01
4.474873368462677803e+01,4.993884572905084696e+00
1.472582343094335933e+01,4.611485234579287606e+01
1.089338587702924244e+01,8.427023870542842587e+01
1.521835238973864612e+01,4.317821928011631627e+01
2.347291217956532705e+01,1.814955796326701076e+01
1.223585728215880941e+01,6.679303756669425240e+01
1.094393558885864870e+01,8.349355316675234917e+01
4.733869377776790088e+01,4.462389341083736305e+00
3.689265102658794859e+01,7.347173106593287706e+00
2.037586027833748759e+01,2.408618912804471535e+01
1.796042493428073783e+01,3.100036339116415007e+01
4.160606721607383207e+01,5.776791158473327137e+00
4.449410720259907492e+01,5.051205137954220881e+00
4.325664734195748196e+01,5.344342567099690022e+00
1.196824709847011547e+01,6.981341873262937270e+01
2.519955188448977879e+01,1.574759961060236968e+01
2.456908766429829782e+01,1.656616337988520371e+01
1.264322868971957092e+01,6.255816670048039185e+01
1.203318165049654276e+01,6.906198462476680788e+01
1.308177229730165614e+01,5.843416318286819688e+01
2.450295377973691657e+01,1.665570876672074974e+01
1.446729747803569310e+01,4.777769314929295774e+01
1.934673508304872058e+01,2.671681174460993802e+01
1.130699132544098262e+01,7.821785141315866952e+01
1.015656619930684279e+01,9.694070926679761158e+01
1.022954829752479888e+01,9.556240823030898923e+01
1.793728958053858946e+01,3.108038293835623733e+01
5.570430824328996522e+01,3.222718923810715452e+00
3.633501191082982729e+01,7.574420056201760509e+00
3.938689425983726977e+01,6.446092388875786838e+00
1.377061586884465605e+01,5.273431054470142954e+01
3.531912137879941582e+01,8.016415470674640886e+00
2.842160831317741909e+01,1.237948847885143522e+01
2.071111549292132636e+01,2.331272383850213714e+01
3.009039308332691220e+01,1.104445468665849361e+01
4.191328494534046456e+01,5.692415600221083949e+00
1.603748410019715820e+01,3.888011334817694831e+01
1.135299243596873353e+01,7.758527485257441469e+01
1.127821159363464254e+01,7.861755325076937595e+01
2.260197419956533338e+01,1.957524698416757403e+01
1.080585722395139392e+01,8.564096456136900315e+01
4.005826360819725807e+01,6.231832326350953188e+00
4.052276570365386021e+01,6.089783355796382303e+00
7.914413772431166194e+01,1.596476375833784322e+00
3.296424611316025022e+01,9.202666932285422874e+00
1.287357006860984576e+01,6.033954037664295100e+01
1.461234185074352787e+01,4.683390302405165784e+01
2.740261024075189766e+01,1.331729845357163455e+01
2.347223696165170637e+01,1.815060218269505299e+01
1.701243836616933436e+01,3.455149713685430157e+01
1.196531388656908490e+01,6.984765145773836537e+01
2.653938099191607947e+01,1.419771394548589605e+01
1.277242060479447794e+01,6.129902636988416020e+01
3.070838218833198496e+01,1.060440060544489249e+01
2.888562774418456058e+01,1.198495422975387825e+01
1.182950358938966495e+01,7.146064951622649630e+01
5.512424435395789146e+01,3.290900120976410825e+00
1.397440427239809324e+01,5.120747881058200335e+01
1.093797097393021822e+01,8.358463819149513085e+01
1.105350771324475190e+01,8.184643409852215257e+01
1.581194799617561664e+01,3.999716829107664751e+01
2.946089893434921336e+01,1.152147313492170255e+01
1.032598834736092108e+01,9.378572472652302849e+01
3.005974863174212786e+01,1.106698473362401991e+01
1.910082946625181322e+01,2.740914861304863948e+01
6.457169401372154027e+01,2.398366999224244012e+00
5.504216524479067374e+01,3.300722247223314199e+00
2.836380193970266816e+01,1.242999951808856629e+01
4.827211240608357912e+01,4.291482953234640796e+00
4.602023416072582762e+01,4.721743071862742447e+00
2.175486247206545087e+01,2.112940734103941054e+01
5.855933910687659250e+01,2.916135276778629937e+00
4.469835684965199363e+01,5.005147531318486109e+00
3.763504843522024856e+01,7.060168097453489722e+00
3.079765239930170040e+01,1.054301377798099537e+01
2.005020633958976717e+01,2.487495520090062939e+01
1.051350750212373519e+01,9.047003162336734761e+01
1.437760376200238355e+01,4.837566842736675454e+01
3.319687620264767247e+01,9.074141812360908332e+00
8.559367170502564193e+01,1.364949823343167834e+00
1.468413578755493987e+01,4.637706026614996802e+01
4.921464309439672746e+01,4.128680918661116195e+00
5.722935995219582850e+01,3.053248991672875778e+00
1.628182821631618893e+01,3.772190902254239830e+01
1.305699660169526055e+01,5.865613162426601690e+01
1.274918217046861812e+01,6.152269430708395248e+01
1.148332733709210274e+01,7.583409538697651442e+01
4.221169479101215671e+01,5.612216565306582083e+00
1.435895039039609955e+01,4.850143743117411788e+01
1.399988597719274175e+01,5.102123924344212469e+01
1.448486983797407213e+01,4.766184018423025748e+01
3.914871946986708906e+01,6.524765049245634607e+00
5.273840364903215772e+01,3.595390281802361976e+00
4.218270033612033387e+01,5.619934377725892993e+00
3.320781962813940424e+01,9.068162146503061294e+00
1.126508973271826264e+01,7.880081134204137072e+01
1.064594219732303415e+01,8.823315165940257998e+01
6.142839075700103280e+01,2.650096713653399938e+00
7.885449427902076991e+01,1.608226071725152195e+00
3.309128906001281223e+01,9.132141442973518153e+00
4.790249930621575913e+01,4.357964152010090686e+00
1.129529532551653226e+01,7.837992059380393073e+01
3.056992019565913665e+01,1.070068032546966208e+01
1.018291578785131790e+01,9.643966555676841779e+01
3.504880642852070594e+01,8.140545992117857566e+00
1.061660743531701634e+01,8.872141957102444110e+01
1.826123052646696010e+01,2.998747659936618959e+01
4.211568860235388456e+01,5.637832751026106592e+00
2.074200973123993919e+01,2.324332916728956278e+01
1.162954616901879135e+01,7.393915204689592713e+01
3.046673592543631770e+01,1.077328486297707322e+01
4.867400880021123299e+01,4.220906844984757988e+00
3.354609671421209072e+01,8.886198505330893838e+00
1.113811677392525645e+01,8.060768829094375576e+01
1.502884647266772511e+01,4.427399423037828541e+01
1.926380354883784918e+01,2.694734103260809377e+01
1.998592361218235780e+01,2.503522815656944900e+01
1.281007888934704297e+01,6.093914988082176620e+01
1.363632872391581152e+01,5.377805314753488375e+01
4.769030059110716735e+01,4.396832086848056598e+00
4.691509260870229525e+01,4.543335875419892034e+00
1.131498299450851164e+01,7.810740132483320508e+01
4.471274856420105692e+01,5.001926031219910307e+00
1.653679391635831308e+01,3.656767694915484412e+01
1.351297627182319339e+01,5.476435432419766158e+01
1.309832518391728406e+01,5.828656524421565877e+01
4.680104221833043709e+01,4.565506347445364987e+00
6.429962072942292650e+01,2.418706532152467670e+00
1.100556468438551860e+01,8.256107491157389688e+01
7.027998119688065515e+01,2.024588318592913438e+00
1.468995498672212996e+01,4.634032442906322302e+01
3.993496561263501121e+01,6.270372917835698168e+00
1.023750888863371955e+01,9.541384914312349963e+01
2.155794041504422154e+01,2.151718557992934322e+01
1.233168672479266270e+01,6.575897472432863822e+01
1.141370536226273202e+01,7.676207137375017453e+01
1.113316524819845199e+01,8.067940550543239908e+01
1.146256303669355070e+01,7.610908940966636749e+01
1.362403081474105804e+01,5.387518388861142427e+01
1.894215012199293113e+01,2.787028768219986929e+01
1.374569373925200644e+01,5.292570761376003929e+01
2.376969340126000674e+01,1.769916753434304724e+01
1.595870869925683344e+01,3.926490084768794731e+01
5.689041006847535442e+01,3.089739546859056496e+00
1.393254148533137560e+01,5.151566498445794196e+01
1.272073382557633536e+01,6.179817776961652953e+01
3.636923155670724128e+01,7.560173286405338366e+00
3.443079276624767004e+01,8.435405319141036529e+00
3.619520679798721829e+01,7.633045926531510261e+00
1.153144137372529521e+01,7.520259193474535664e+01
6.438604921374140133e+01,2.412217398668621282e+00
1.141326733513336755e+01,7.676796355414022344e+01
2.458301345859016251e+01,1.654739988360618241e+01
3.059966377546160743e+01,1.067988781902496420e+01
1.932928677290351871e+01,2.676506739137024482e+01
2.370990507533171865e+01,1.778854265489516706e+01
1.419324208385377872e+01,4.964057226129452971e+01
3.196730292857752431e+01,9.785612337509284941e+00
2.344312184241487529e+01,1.819571435744151344e+01
2.767001393367726081e+01,1.306114480355070384e+01
2.024239224882484933e+01,2.440486039265818974e+01
4.487099598545700019e+01,4.966707462733109146e+00
3.935636182608271127e+01,6.456097949533305069e+00
1.166863215785496877e+01,7.344463913496107921e+01
1.131652113790173786e+01,7.808617002643403282e+01
3.126399660043064443e+01,1.023083334689646939e+01
1.241859960567475518e+01,6.484175337153801877e+01
1.039291130971720989e+01,9.258178667649352178e+01
3.185609498827105668e+01,9.854053700666984383e+00
2.809157260813262269e+01,1.267207968881703728e+01
5.379805729843721451e+01,3.455149263072890609e+00
1.033289314808087056e+01,9.366042480029928186e+01
1.426302156417258971e+01,4.915604378236204752e+01
4.353637373777529973e+01,5.275887115784901660e+00
1.127610133010247573e+01,7.864698173403095893e+01
7.857883773493099966e+01,1.619529258162647700e+00
7.293416868852619928e+01,1.879913755366133365e+00
1.176035482033275947e+01,7.230347158135032259e+01
1.724087336812193172e+01,3.364197439488633279e+01
1.161943843907705265e+01,7.406784708619947821e+01
2.067604068795261085e+01,2.339188626787524683e+01
1.063222943434785073e+01,8.846089327112555623e+01
3.265240420437439894e+01,9.379283691858445238e+00
1.114718504160503620e+01,8.047659245504014791e+01
1.104020654895547260e+01,8.204376893321347097e+01
3.616730037011080867e+01,7.644829677175764004e+00
1.089847123019715092e+01,8.419161411037710252e+01
1.857585937218907901e+01,2.898025288163826829e+01
1.542120697012980557e+01,4.204973547909504106e+01
2.114176733174547351e+01,2.237264965867668565e+01
1.498050359675749554e+01,4.456020432709434687e+01
2.275084609262844992e+01,1.931990092751592414e+01
3.296893271682271376e+01,9.200050761027323887e+00
1.061583897039080959e+01,8.873426486135585378e+01
1.071885635618629884e+01,8.703683661902017832e+01
3.214310062399002277e+01,9.678865710916365828e+00
1.042085666929042809e+01,9.208590378648919739e+01
1.141865551015830782e+01,7.669553092306193776e+01
3.462660658741125275e+01,8.340270466169730668e+00
1.105483563825395699e+01,8.182677222338551815e+01
4.209497973932334958e+01,5.643381242823857669e+00
3.702289845808890334e+01,7.295568981654011687e+00
1.292848537816517052e+01,5.982803000897401802e+01
3.115599894162535932e+01,1.030188361543733144e+01
3.641173485030993362e+01,7.542533658896652504e+00
1.113413530946067098e+01,8.066534773545001258e+01
1.267958009693202825e+01,6.219998171801454845e+01
3.634426186222695065e+01,7.570565026662115393e+00
3.799412059814442699e+01,6.927351205218841734e+00
3.544633662808395513e+01,7.958977644173215182e+00
1.131483878326172032e+01,7.810939234524911967e+01
1.359113499886373155e+01,5.413629716836172179e+01
6.084332783293188385e+01,2.701307848237867404e+00
3.359100877605485636e+01,8.862452228608175275e+00
1.466142416564455253e+01,4.652085449300240327e+01
1.378695549345974136e+01,5.260938836864729495e+01
3.278169343902580124e+01,9.305446803712774440e+00
2.571516483714021817e+01,1.512242275831200544e+01
1.037642219701207402e+01,9.287626283307865549e+01
2.654301638688406229e+01,1.419382510614124904e+01
1.372944238439250064e+01,5.305107665416790041e+01
2.334926089333320931e+01,1.834229713166311981e+01
3.331859688596386349e+01,9.007962961749848674e+00
1.356711556531528196e+01,5.432815434572349034e+01
3.802375434185170633e+01,6.916557775683277676e+00
1.207933518016881358e+01,6.853523958623071621e+01
5.608722847747382900e+01,3.178864671488437210e+00
1.430664242874586201e+01,4.885674780585974020e+01
2.665893412329945633e+01,1.407065896544849615e+01
1.101707458673227791e+01,8.238865645090356793e+01
1.031319341368434550e+01,9.401857723900631925e+01
2.347465005583654829e+01,1.814687076507706465e+01
3.415957136250044357e+01,8.569888569775477194e+00
2.969125715040160429e+01,1.134338904360629030e+01
1.093249326264457366e+01,8.366841912016791127e+01
2.699235979057995038e+01,1.372518767827806307e+01
6.917969959342609343e+01,2.089501351597973677e+00
3.542593862068772381e+01,7.968145730066775734e+00
7.491096468417404708e+01,1.782006239426480398e+00
4.390811232455655500e+01,5.186930954247560344e+00
4.604865766113685766e+01,4.715915885885155312e+00
1.232493231626884445e+01,6.583106999834373596e+01
1.327744601800020874e+01,5.672453066201271810e+01
2.946699164737483656e+01,1.151670917576535658e+01
3.671470866307521419e+01,7.418563651066036435e+00
1.640560826436441388e+01,3.715483402686287207e+01
3.001020515379316933e+01,1.110355559341052967e+01
2.736792550090665799e+01,1.335107519936279097e+01
5.234600525024564632e+01,3.649496161634532942e+00
1.911817201345410311e+01,2.735944418993235772e+01
4.963967472946256265e+01,4.058281290511648542e+00
1.607767048273324306e+01,3.868599338228423079e+01
1.216142154722587776e+01,6.761317262997033595e+01
2.615417897716156403e+01,1.461900508911738683e+01
2.322413509555198985e+01,1.854047693455791546e+01
1.085615172802251216e+01,8.484928578533144616e+01
1.136333486849666663e+01,7.744410937345827506e+01
2.340794185361906088e+01,1.825044843494589841e+01
1.508333110391639309e+01,4.395471523101372213e+01
2.581725311240823828e+01,1.500306306428471181e+01
4.920608463886578221e+01,4.130117253424906210e+00
9.134104387296791572e+01,1.198582848980600524e+00
1.739345748131336933e+01,3.305431490283627483e+01
1.193394565146573960e+01,7.021532148440039123e+01
1.072264023251272214e+01,8.697541918651769777e+01
1.335998598575083918e+01,5.602579074325855402e+01
5.716451706350429873e+01,3.060179646629047401e+00
1.904135384568217759e+01,2.758064083589969329e+01
1.333402007824630253e+01,5.624420603743528346e+01
1.102124451253418869e+01,8.232632418136741137e+01
7.594101239252840685e+01,1.733992580628520574e+00
3.048999428461740635e+01,1.075685499046577931e+01
1.024578775177525891e+01,9.525971769305596126e+01
5.106778128398028826e+01,3.834475971309294628e+00
1.020360418726747476e+01,9.604898798635917956e+01
2.988603473368546304e+01,1.119601331512105524e+01
6.374313973265898881e+01,2.461121744115599252e+00
2.884585072065733868e+01,1.201803035580237378e+01
2.839040355657450831e+01,1.240671677946600759e+01
1.163910236593107328e+01,7.381778752764125784e+01
2.257701197011473226e+01,1.961855758172145414e+01
1.533907647422862297e+01,4.250123741929882470e+01
1.053842532445337454e+01,9.004270951974345394e+01
1.947074685900276592e+01,2.637756968134253555e+01
3.979381866216812114e+01,6.314933286849599980e+00
2.495137157449360288e+01,1.606242646759189796e+01
1.179252379235899184e+01,7.190953455291023033e+01
2.956161479956280758e+01,1.144309998643298165e+01
9.692396744549296272e+01,1.064480313193275851e+00
3.047715332799004884e+01,1.076592128387792968e+01
7.593655048638841265e+01,1.734196359688715550e+00
1.037437333625490155e+01,9.291295118320792312e+01
1.098439748015489847e+01,8.287957594160630492e+01
3.423616331459275841e+01,8.531586948855901298e+00
2.434835949760144302e+01,1.686788335982496179e+01
3.432954461821636727e+01,8.485235786124489366e+00
3.032295161039888498e+01,1.087569586646040776e+01
3.431219516863794894e+01,8.493818821283452891e+00
2.327815589158862863e+01,1.845452432113557606e+01
1.232157695765619998e+01,6.586692854533553998e+01
1.464890931100290672e+01,4.660037582973541248e+01
1.504359148834679338e+01,4.418724622108449296e+01
3.022071654887987791e+01,1.094940412185550827e+01
2.309970917156390868e+01,1.874075036874697275e+01
1.876695720995525463e+01,2.839306472438787665e+01
1.283062081864709114e+01,6.074417792288995344e+01
1.152134745073918509e+01,7.533442055911859825e+01
1.359210613217233998e+01,5.412856154847660406e+01
6.684263027469802410e+01,2.238169316854050184e+00
3.363979910865904799e+01,8.836763108530513833e+00
1.886633761321106917e+01,2.809472569934419894e+01
1.111076327606534164e+01,8.100507167312034085e+01
4.816857658262215836e+01,4.309951414485548860e+00
1.063751486565723248e+01,8.837300849263031921e+01
3.325357750130803680e+01,9.043223216017519661e+00
3.149497855417437364e+01,1.008131920593569930e+01
2.811384160683016376e+01,1.265201250861704807e+01
2.418927230872962753e+01,1.709048521156623224e+01
1.180349919561777128e+01,7.177586754554685911e+01
1.039001297901144127e+01,9.263344591153553154e+01
2.093273413277582762e+01,2.282170488222487847e+01
3.349798154200080091e+01,8.911744404964439425e+00
2.257617306139148639e+01,1.962001562200428495e+01
2.650325252950793242e+01,1.423644814895783917e+01
4.056353347824994415e+01,6.077548615110382357e+00
1.041030608328845375e+01,9.227265191200089589e+01
3.067544081741386464e+01,1.062718828497199652e+01
1.085156563503982774e+01,8.492101901787300733e+01
1.131381705226310252e+01,7.812350082706022647e+01
6.577228896119231649e+01,2.311607462032596594e+00
1.394238985424333421e+01,5.144291331215465846e+01
3.536274064897078517e+01,7.996651474444051111e+00
2.596562770842660584e+01,1.483208986430414633e+01
1.148113581300425246e+01,7.586304863878910965e+01
1.129299001272728908e+01,7.841192428386432312e+01
2.601520482029484072e+01,1.477561277537445150e+01
4.168929140683280110e+01,5.753749803026417808e+00
1.352242688800427040e+01,5.468783314332812040e+01
1.197291825680997768e+01,6.975895483145377796e+01
5.728788541875757545e+01,3.047013762569409145e+00
3.229411920777923939e+01,9.588553855701661632e+00
8.517554138853574841e+01,1.378383909079221370e+00
4.592532625353177878e+01,4.741278863403789678e+00
1.457058530002477070e+01,4.710272193955908193e+01
3.809158403111911895e+01,6.891947076458114552e+00
1.742803691985096037e+01,3.292327711268186619e+01
3.018348085570120176e+01,1.097643613570067345e+01
7.439561190608014840e+01,1.806780353853463028e+00
3.453671450642693230e+01,8.383743041323672429e+00
1.313944950200513695e+01,5.792228146682634815e+01
3.825245990042822086e+01,6.834098954501839351e+00
1.043453142894023244e+01,9.184469938430953562e+01
4.011491057737701027e+01,6.214244593524303362e+00
1.970345049418392236e+01,2.575819495568310913e+01
2.457207843252942325e+01,1.656213095421245640e+01
3.879258597932152952e+01,6.645115551469440440e+00
3.692670819000607452e+01,7.333626895851948824e+00
1.917631901111789006e+01,2.719377552371877727e+01
4.465412478643879979e+01,5.015068122117212646e+00
3.144474587841385471e+01,1.011355455200617293e+01
1.144188859698970973e+01,7.638438214005019233e+01
3.660073123265049588e+01,7.464839522896475899e+00
2.076868618300521518e+01,2.318365747395952425e+01
2.066070439896883215e+01,2.342662640717898626e+01
2.620269089779669969e+01,1.456492365823230983e+01
1.307430502329078514e+01,5.850093055815771947e+01
8.926573097768196874e+01,1.254961690743287228e+00
3.199088830180631504e+01,9.771188715440002781e+00
1.270689666874491053e+01,6.193284112385427420e+01
1.311072580369871865e+01,5.817635811702038495e+01
7.621153452490486302e+01,1.721704392520195803e+00
1.500277957319659627e+01,4.442797747683125209e+01
6.252277734078256088e+01,2.558135099764239584e+00
1.482879021548603937e+01,4.547665966789173098e+01
2.814495899367638643e+01,1.262405155621718578e+01
4.031089876533203409e+01,6.153965221640648409e+00
1.341222677707519395e+01,5.559019840373218102e+01
1.240261636525337607e+01,6.500898407428344683e+01
5.418464284467381020e+01,3.406022949163499902e+00
3.215463844239069857e+01,9.671920961113810833e+00
1.261806171903610441e+01,6.280796253565481635e+01
2.163690465539596630e+01,2.136041751946874356e+01
6.991716448885679824e+01,2.045654972617055645e+00
3.251071990481841567e+01,9.461213157830169251e+00
1.675816612773312286e+01,3.560795375595366608e+01
1.104704330514603150e+01,8.194225042520525903e+01
3.079465235605796991e+01,1.054506809816455970e+01
2.031210118150439570e+01,2.423763815161450808e+01
2.824505612881970862e+01,1.253473381445793322e+01
1.073971844273463105e+01,8.669902395736218637e+01
3.809742217886073945e+01,6.889834958629212913e+00
2.972986210764864978e+01,1.131394883104520055e+01
1.082780318400977571e+01,8.529415949242577710e+01
3.242881543787007104e+01,9.509065304153528686e+00
3.125428682504895050e+01,1.023719116431651521e+01
2.993719460721386483e+01,1.115778012638901195e+01
1.335334752803932545e+01,5.608150969924698614e+01
6.264391667647053907e+01,2.548250942666598906e+00
7.693339456455673542e+01,1.689546734029813368e+00
3.962981304458423182e+01,6.367309390258323987e+00
3.266864219679622749e+01,9.369962038025974493e+00
4.310687521947747314e+01,5.381544245643554270e+00
1.256511123756750159e+01,6.333843444539391498e+01
1.042620801413744047e+01,9.199140021178901350e+01
5.829337543385701537e+01,2.942805729470901355e+00
3.684966415003072626e+01,7.364324754900829717e+00
3.656929852143903048e+01,7.477677668310530379e+00
7.196746335744610690e+01,1.930756961093243795e+00
1.137126474128118225e+01,7.733613408364354314e+01
3.712358073991037344e+01,7.256050246777735246e+00
3.784401567986582648e+01,6.982413632572868067e+00
1.366953095193386858e+01,5.351712499912439824e+01
1.142530029842611050e+01,7.660634685693503343e+01
3.007645279804059513e+01,1.105469515821295445e+01
1.217117217142151020e+01,6.750488288617597732e+01
4.013569964131229995e+01,6.207808683772204184e+00
4.844615724053392114e+01,4.260703678707963959e+00
1.157468743472735895e+01,7.464168861327509319e+01
3.440594008906737855e+01,8.447596128109038816e+00
2.899472176833451442e+01,1.189493597362397814e+01
1.170192545967817210e+01,7.302731703007660258e+01
1.099875517080668352e+01,8.266333644679575343e+01
3.537506068548057669e+01,7.991082472969577744e+00
3.897886538424802438e+01,6.581753504902389196e+00
7.101138639275588105e+01,1.983097269753753000e+00
3.841850695488111711e+01,6.775151858761061519e+00
1.769130673002457499e+01,3.195068513319000303e+01
4.724272421203728101e+01,4.480537682638402686e+00
3.246016557816226822e+01,9.490706397602435729e+00
2.053621915947334031e+01,2.371149949022170489e+01
4.595872184044099384e+01,4.734390931952440873e+00
4.642104893147694611e+01,4.640556886646496793e+00
2.947604167534791131e+01,1.150963831184062336e+01
5.988316112318572237e+01,2.788627874830432507e+00
3.967108355364844385e+01,6.354068238869762020e+00
1.138323586232339224e+01,7.717355932428007748e+01
1.377155806539568417e+01,5.272709503784076190e+01
1.225333531823799582e+01,6.660262760919221137e+01
1.019009089247061972e+01,9.630390208182640777e+01
3.438834479479803008e+01,8.456243009312906622e+00
1.108535967466082006e+01,8.137676524014722190e+01
2.863539059942859311e+01,1.219533619082722176e+01
2.919261899742875954e+01,1.173421068528475253e+01
1.117665766503923663e+01,8.005272172252045948e+01
3.125843577365060710e+01,1.023447376914656459e+01
2.890618897894429296e+01,1.196791028007590363e+01
3.739542589701376585e+01,7.150938326221679020e+00
1.081028403316202180e+01,8.557083900582260583e+01
1.146406649640693409e+01,7.608912800303970414e+01
1.036034914253568573e+01,9.316466299820424979e+01
1.123921767665811622e+01,7.916401910248127649e+01
1.085039340450892276e+01,8.493936902322592175e+01
1.036460081953571333e+01,9.308824426907452221e+01
3.817817937124328864e+01,6.860718051323451583e+00
2.714738523323496722e+01,1.356887958467752142e+01
1.097828065421001575e+01,8.297195856310257511e+01
2.691536943258831016e+01,1.380382070244047377e+01
6.324234366165076437e+01,2.500253755867740235e+00
1.113453185214503449e+01,8.065960224307411863e+01
5.683993758996398071e+01,3.095229209866555031e+00
1.429976468504957055e+01,4.890375627141940384e+01
2.015271667771970243e+01,2.462253715226266948e+01
2.368994594761583983e+01,1.781852949913043815e+01
6.576640524458932191e+01,2.312021091196160949e+00
3.287672037478260023e+01,9.251731582703046186e+00
1.091713116195451860e+01,8.390405373597158700e+01
1.178662833519325659e+01,7.198148822653770651e+01
1.078025646304437757e+01,8.604820481377423391e+01
2.997637870531577775e+01,1.112862905354059428e+01
1.198860076914293771e+01,6.957656822062928370e+01
1.991303070920616136e+01,2.521884968027659824e+01
3.111238232965924766e+01,1.033078839146748251e+01
1.862450465223702167e+01,2.882906373812163281e+01
2.918885574050734988e+01,1.173723661385313832e+01
2.993688905890197205e+01,1.115800788941899313e+01
1.194637826891331578e+01,7.006925110797513412e+01
1.140097639261081142e+01,7.693357379618386460e+01
1.012962083300234184e+01,9.745713078644583049e+01
2.910359503791178781e+01,1.180610720393052837e+01
3.159005709926481842e+01,1.002072579165058919e+01
3.134456133142259660e+01,1.017830844136870283e+01
2.238570109198784408e+01,1.995531552348252546e+01
4.252147175205892893e+01,5.530742310467874567e+00
5.257214876859750063e+01,3.618166461345542650e+00
2.092558363242485342e+01,2.283730439839225568e+01
3.745851228377102160e+01,7.126871861913341100e+00
1.139856028369898588e+01,7.696619187930369321e+01
4.908468150994986701e+01,4.150572891301764322e+00
1.505385094507590082e+01,4.412703801738538090e+01
2.971959884645404060e+01,1.132176441849557946e+01
3.697719330690345174e+01,7.313615303105483356e+00
3.361908305613264503e+01,8.847656876811200277e+00
1.102193287405342303e+01,8.231604131998597040e+01
2.760867335632292807e+01,1.311924742776697705e+01
1.142008827422788642e+01,7.667628769040386771e+01
7.805378398630409720e+01,1.641391105369778058e+00
7.787131717178371559e+01,1.649092279777984338e+00
1.425833555436729227e+01,4.918835941329893302e+01
1.089840811211467653e+01,8.419258930392399520e+01
3.613841688957541010e+01,7.657054757776756482e+00
2.557796061044695435e+01,1.528509602937139711e+01
8.586139662844807674e+01,1.356450978114658756e+00
3.142181277167224707e+01,1.012832262833234154e+01
1.729070474458940510e+01,3.344834316848255895e+01
3.035391956098882815e+01,1.085351578484103108e+01
4.127437303612346398e+01,5.870012553542989231e+00
1.200985892801318045e+01,6.933047695021791412e+01
3.557958701422075620e+01,7.899474372443285652e+00
2.686726923131300993e+01,1.385329062770518682e+01
8.277533742041023856e+01,1.459479773077252407e+00
2.716824191682386669e+01,1.354805429898367564e+01
3.411847841630590494e+01,8.590544475990769868e+00
5.154969354540229176e+01,3.763117893176293194e+00
6.518908516096622918e+01,2.353153334491998816e+00
1.226131178052356141e+01,6.651600057348461803e+01
3.759065251334798319e+01,7.076854573684298266e+00
2.605583560187357861e+01,1.472956730412520621e+01
2.730245514704873244e+01,1.341518281484789021e+01
2.863530351549355757e+01,1.219541036636224796e+01
4.422915872115714109e+01,5.111903448515246140e+00
1.463322846787223774e+01,4.670030247388679356e+01
3.140822691709841763e+01,1.013708668107677724e+01
2.495632520257859710e+01,1.605605057775341038e+01
3.828319224595756509e+01,6.823131029583192841e+00
1.032277320469737347e+01,9.384415504112091355e+01
3.832280951434440652e+01,6.809031119140480648e+00
2.894504922014706949e+01,1.193579676164272207e+01
1.785119484996222994e+01,3.138090174719517478e+01
2.439136751441615303e+01,1.680845129779793723e+01
6.079832690659539907e+01,2.705308166981524209e+00
6.402304657411376354e+01,2.439648885239631859e+00
5.162294149387079756e+01,3.752446470593206129e+00
1.116523431840715119e+01,8.021661220042913953e+01
3.343551889750463602e+01,8.945072500088558698e+00
3.718713352446192033e+01,7.231270270021390445e+00
3.346793498839964087e+01,8.927753005608675352e+00
2.173343598846569336e+01,2.117108984973203434e+01
1.084567086734736030e+01,8.501335553150084934e+01
8.758930196276993740e+01,1.303460483746213150e+00
1.163775146207732014e+01,7.383492597946948877e+01
1.045007528836049815e+01,9.157167563930504173e+01
4.365348607158253458e+01,5.247617087223154009e+00
3.972078265527665764e+01,6.338177619345911395e+00
3.163031193791524132e+01,9.995235937812399385e+00
6.395696353938190271e+01,2.444692986223682141e+00
1.291304734050481251e+01,5.997116887803085916e+01
4.152187082604068280e+01,5.800242803971227268e+00
5.863874156120161985e+01,2.908243172592604786e+00
2.941325339249768689e+01,1.155882986206656859e+01
1.346787486446472748e+01,5.513175975060706691e+01
1.176981655806725691e+01,7.218726900471396846e+01
3.966603376907286105e+01,6.355686183250553789e+00
3.885498410066785624e+01,6.623789598367756604e+00
1.072916295528083985e+01,8.686969908491974479e+01
7.377975809105977589e+01,1.837069327836190702e+00
1.098470097312438298e+01,8.287499629557019887e+01
5.549738268049839007e+01,3.246795956471669076e+00
6.578442582917617187e+01,2.310754582762645892e+00
1.061293804195977586e+01,8.878278053741902909e+01
3.125451359582740096e+01,1.023704261058008314e+01
1.198333646048904022e+01,6.963771195695079541e+01
2.429748315716557983e+01,1.693859641561104468e+01
1.710131680448117564e+01,3.419329043356847819e+01
1.151726983673792581e+01,7.538777331906396739e+01
2.405838172661373875e+01,1.727695400921505708e+01
2.328148165761946231e+01,1.844925223001556347e+01
3.990395991337801718e+01,6.280120964357751134e+00
7.648703950155203302e+01,1.709323632257417680e+00
4.327538912406568983e+01,5.339714494809460810e+00
2.890671207834672174e+01,1.196747713845437922e+01
2.970297755336132184e+01,1.133443890651630959e+01
3.315456467770941629e+01,9.097317249711277753e+00
3.353113581095992402e+01,8.894129952428544428e+00
3.115476947745674252e+01,1.030269672026222594e+01
5.838072402172331010e+01,2.934006330987118272e+00
1.253442901319999159e+01,6.364889814067188212e+01
3.435958152745964611e+01,8.470406801429120947e+00
1.183615238727632146e+01,7.138038796639952466e+01
3.042714073981499823e+01,1.080134190375495074e+01
3.323487630486776823e+01,9.053403285517221732e+00
5.649363046249986553e+01,3.133293158391038613e+00
1.016934409072080214e+01,9.669724820836599122e+01
2.485756901149510867e+01,1.618388159513341051e+01
5.828354823062848311e+01,2.943798187511284414e+00
1.087984797980891116e+01,8.448008568354021008e+01
4.470667715194474567e+01,5.003284701515613442e+00
4.361124200205045298e+01,5.257788229182701834e+00
3.139382108239956182e+01,1.014639212370842536e+01
2.983726557729354312e+01,1.123264310341021677e+01
1.572210899978642118e+01,4.045557649304058856e+01
1.210433918092670780e+01,6.825238478458504687e+01
1.052904585259000747e+01,9.020320444855995845e+01
1.269257096107217109e+01,6.207272333926631802e+01
2.626308952286523279e+01,1.449800922957053295e+01
6.340016612077897662e+01,2.487821452142707113e+00
5.095986041514148468e+01,3.850734185564808509e+00
3.228842249792438679e+01,9.591937608988910569e+00
1.135415497168645693e+01,7.756938797487927673e+01
2.808484615524247019e+01,1.267815046122181677e+01
3.895058337409753335e+01,6.591314994528718607e+00
1.194026038176151161e+01,7.014107292403059546e+01
1.478980681249889173e+01,4.571671302596627129e+01
4.417091608261244318e+01,5.125393186166919079e+00
3.178801545700323672e+01,9.896307218417423002e+00
2.796604905825222431e+01,1.278609037146444827e+01
1.219018881933197029e+01,6.729443244728449258e+01
2.279947460057185893e+01,1.923757481652506840e+01
1.957450312057626718e+01,2.609867784073148655e+01
1.440624329634174927e+01,4.818351847564296975e+01
3.149846239975848405e+01,1.007908926742923583e+01
7.451160914079893871e+01,1.801159259573620108e+00
3.060295095778630525e+01,1.067759360543484171e+01
1.291319304186011863e+01,5.996981555956637777e+01
3.119895566482168903e+01,1.027353455707637941e+01
1.136845090031576078e+01,7.737442224004465174e+01
2.667188462357631096e+01,1.405699830092862790e+01
1.113763194445909122e+01,8.061470626986242394e+01
2.820436296027593670e+01,1.257093005870541269e+01
1.039605127583942057e+01,9.252586933543456382e+01
2.245489795709380942e+01,1.983251668670117596e+01
1.131415699964525423e+01,7.811880626950548390e+01
3.591531370411690460e+01,7.752480306761200701e+00
2.838516345501997762e+01,1.241129793728564756e+01
4.390270006354423060e+01,5.188209907684932176e+00
3.238901299418799340e+01,9.532450801785126160e+00
2.306712061045908158e+01,1.879374055443982883e+01
1.477210093821156534e+01,4.582637102031599596e+01
3.532777537534989420e+01,8.012488501933518137e+00
1.217973049875191371e+01,6.741004894745876186e+01
1.145196368426088540e+01,7.625003997633817221e+01
1.816763161223353507e+01,3.029726111712983538e+01
3.029003047101998547e+01,1.089934951516410422e+01
3.064368925525066345e+01,1.064922248856720799e+01
1.068620952452656780e+01,8.756945154935185371e+01
1.232550282461275160e+01,6.582497591746837884e+01
3.877743079924254488e+01,6.650310717849829523e+00
4.532653233937953985e+01,4.867377272089807860e+00
1.117962551016097450e+01,8.001022431617813879e+01
5.925297240219472883e+01,2.848260565930438748e+00
1.064954269823579480e+01,8.817350030172165987e+01
1.197399643572373584e+01,6.974639273518968707e+01
1.001544997538398363e+01,9.969171512520766498e+01
8.661881956662784887e+01,1.332832205641355294e+00
2.603736141732170495e+01,1.475047674094052752e+01
3.786790264339669676e+01,6.973607438236380851e+00
1.091043309693080765e+01,8.400710506507195419e+01
1.077115398869340268e+01,8.619370130054915080e+01
5.469921456766145695e+01,3.342241438048791036e+00
3.366184357287863094e+01,8.825192861530743116e+00
1.083709574859339497e+01,8.514794657982605486e+01
3.874797431581761487e+01,6.660425787408089882e+00
3.420591280024961378e+01,8.546683696339638203e+00
3.580762029012331027e+01,7.799182464296152695e+00
1.084346235578589379e+01,8.504798876808860086e+01
3.397734870787007821e+01,8.662056761745308364e+00
2.410440611193280702e+01,1.721104057797363041e+01
1.357789321414138151e+01,5.424194106162670437e+01
2.438099261712273602e+01,1.682275941576790501e+01
2.181263778828387245e+01,2.101762430166080620e+01
4.089544183101980224e+01,5.979297891663047260e+00
3.075208244808622737e+01,1.057428324388450847e+01
1.402115517554666191e+01,5.086656471497816767e+01
2.245042886664719717e+01,1.984041338509122454e+01
1.195322602288250025e+01,6.998899167794367315e+01
2.124046128988241477e+01,2.216522332557017805e+01
2.071760328207737345e+01,2.329812520439033463e+01
2.793268453914382121e+01,1.281665360183573377e+01
1.628787225959068863e+01,3.769391880435735231e+01
3.359261123824274620e+01,8.861606720900780942e+00
1.304722336843022568e+01,5.874403918060102825e+01
2.020634152388049287e+01,2.449202092671660935e+01
3.991990257014507648e+01,6.275105830857148348e+00
8.029554584496582947e+01,1.551018901860818922e+00
3.317265612159022936e+01,9.087397108000212498e+00
3.947665622751100045e+01,6.416811483851461162e+00
2.851100531323459819e+01,1.230197777070159049e+01
3.524891713587975772e+01,8.048379392829005496e+00
1.075623573060910410e+01,8.643295815935924509e+01
2.353316489078943619e+01,1.805673915699608045e+01
1.146657028896257025e+01,7.605590262041505412e+01
3.056711855358111052e+01,1.070264196605423557e+01
6.848577900869548785e+01,2.132058907264415826e+00
1.233472626314518727e+01,6.572656990326080972e+01
1.067183834155629540e+01,8.780546036647277219e+01
4.257641615668498503e+01,5.516476794874122902e+00
1.311427304772699820e+01,5.814489044381986815e+01
1.080319553427401935e+01,8.568317017575650141e+01
1.008612842366026818e+01,9.829943300225302494e+01
2.817662217799635727e+01,1.259569520608476090e+01
1.609579139531114933e+01,3.859893573178258919e+01
4.097405226920507459e+01,5.956376832595341675e+00
1.102376179760156383e+01,8.228872990661075448e+01
4.608821175953863758e+01,4.707824716806814358e+00
2.670347946097218639e+01,1.402375425602738979e+01
5.987149343032239557e+01,2.789714870395865631e+00
3.743064587368523632e+01,7.137487455440918893e+00
5.320902075852539070e+01,3.532071343685042830e+00
5.510561686240258439e+01,3.293125359658285234e+00
4.266320558470486191e+01,5.494055372094861056e+00
3.496053007943423552e+01,8.181708122287361107e+00
3.811545620394275602e+01,6.883316759739200208e+00
3.779245934030476661e+01,7.001477395103873569e+00
1.138744925788751239e+01,7.711646092243528017e+01
4.622170760010271096e+01,4.680670053721649460e+00
4.049649924008752322e+01,6.097685715288218233e+00
1.093226393556260589e+01,8.367192939686285058e+01
3.185649105988329310e+01,9.853808671378194717e+00
2.343093160940714270e+01,1.821465237502956214e+01
3.282545187862250913e+01,9.280653821308243678e+00
3.314937293749888170e+01,9.100167053623593461e+00
1.219193365107777005e+01,6.727517232606160746e+01
3.777647340393869513e+01,7.007404303775048859e+00
2.314021552831740891e+01,1.867519738289317033e+01
4.393608004597179928e+01,5.180329524700554522e+00
4.497598005513105335e+01,4.943547696129610536e+00
1.169006525199255009e+01,7.317557257707939300e+01
3.126016146842373189e+01,1.023334382678145182e+01
6.425920191258711611e+01,2.421750205249514565e+00
3.764304542519131758e+01,7.057168653834380301e+00
3.795829152104865045e+01,6.940434920503569138e+00
5.268797635441560345e+01,3.602275821191552652e+00
3.598375764161593793e+01,7.723016699785223871e+00
3.064942838481317366e+01,1.064523471139196076e+01
1.538489315588040718e+01,4.224847438264482236e+01
1.414384311968759000e+01,4.998792836660697958e+01
3.277337269107194828e+01,9.310172475813445203e+00
5.748197981409786195e+01,3.026471331104529927e+00
1.055188093467101318e+01,8.981321354360487419e+01
1.096257897760578714e+01,8.320980986819114378e+01
2.703340262963585516e+01,1.368354341674671559e+01
1.050509146631736890e+01,9.061504778455316966e+01
2.968965896243512859e+01,1.134461030086815470e+01
1.069863819896321644e+01,8.736610977831524849e+01
1.106099093939854860e+01,8.173572644187478886e+01
3.057054867444298552e+01,1.070024035420843056e+01
4.034350567165925838e+01,6.144021580225872192e+00
2.535249392859360995e+01,1.555817403498331686e+01
5.824681963321115319e+01,2.947511889588322553e+00
3.025726487535230191e+01,1.092296811025943626e+01
1.047452453982457321e+01,9.114468804956820236e+01
7.069955496320874033e+01,2.000629369192175488e+00
3.141127558178857626e+01,1.013511903869931530e+01
5.719867698739942341e+01,3.056525566002071148e+00
3.769090149752127417e+01,7.039259081308002486e+00
2.392299864612946081e+01,1.747305196911395697e+01
2.329331683068642178e+01,1.843050911810930970e+01
2.027763276154033178e+01,2.432010765340096370e+01
2.667757793799672328e+01,1.405099907779501223e+01
4.040931636898917390e+01,6.124025543444621356e+00
2.283421850606080028e+01,1.917907664804032919e+01
2.400685781161153187e+01,1.735119375957431131e+01
3.818108176600429715e+01,6.859675034501113267e+00
5.646851007260597299e+01,3.136081510799141547e+00
1.611146324603895863e+01,3.852388077939048827e+01
4.442873896908232467e+01,5.066079801002739025e+00
3.072283576700563756e+01,1.059442525771001087e+01
1.147197070432319599e+01,7.598431303929811520e+01
2.261355417605884455e+01,1.955520388447164137e+01
6.591878580216756234e+01,2.301344321136494120e+00
3.918127415412652681e+01,6.513927044254131715e+00
2.231370606614018470e+01,2.008429465205110631e+01
2.290440694918479991e+01,1.906171172714029538e+01
4.648243339598894153e+01,4.628308388121373795e+00
6.803836467452126158e+01,2.160191568817000363e+00
1.595684571017851994e+01,3.927406987181310427e+01
3.147509992222261133e+01,1.009405728260448676e+01
5.703097604461430592e+01,3.074527567187281818e+00
4.225487335591211036e+01,5.600752626328947770e+00
3.496552095168600971e+01,8.179372624649817070e+00
2.488497646477150127e+01,1.614825249023873255e+01
4.843847629751923023e+01,4.262055034876738091e+00
2.858540704504849472e+01,1.223802224969749552e+01
3.295847179463270038e+01,9.205891826053816729e+00
3.012362405510065599e+01,1.102010067647955793e+01
2.232785002650098249e+01,2.005885722819530770e+01
4.657640158098195116e+01,4.609651943936700746e+00
6.450873441408252518e+01,2.403050827374285436e+00
2.588176325988909809e+01,1.492836617279666633e+01
1.520832817449538688e+01,4.323515787364029705e+01
2.857620764868144292e+01,1.224590296923571131e+01
1.214180766740332906e+01,6.783179374729731137e+01
1.948121701219781698e+01,2.634922412369306244e+01
2.028968482649358762e+01,2.429122396528666172e+01
2.525247336837069057e+01,1.568166443942200416e+01
1.192885869871281201e+01,7.027521961723111588e+01
1.091756465669480924e+01,8.389739085005673758e+01
3.653542121061812509e+01,7.491551385859114731e+00
3.194649122177245459e+01,9.798366265920970264e+00
4.190417852170045876e+01,5.694889968285007598e+00
3.291581493325219299e+01,9.229767820384910948e+00
2.941486066919229359e+01,1.155756670937036468e+01
5.135944831197407012e+01,3.791048145901608102e+00
1.307079681479760680e+01,5.853233813135067010e+01
2.493070487638265220e+01,1.608906790520787311e+01
4.056440867410820772e+01,6.077286366100977055e+00
2.815312625565335836e+01,1.261672810801218247e+01
8.902133260500177414e+01,1.261861870874775748e+00
1.025025503645480462e+01,9.517670326201334774e+01
2.870309698175413970e+01,1.213787004071970443e+01
3.300525147205490128e+01,9.179814553926455289e+00
4.230223475197900029e+01,5.588218490801685867e+00
4.193169926105842649e+01,5.687417046686760180e+00
3.825215878730909935e+01,6.834206548165425055e+00
1.908467744254488352e+01,2.745556286985599570e+01
5.167710729676990411e+01,3.744584275312290877e+00
1.240129976881184248e+01,6.502278829514762037e+01
5.668465426032627619e+01,3.112210731198720381e+00
1.321581920500633700e+01,5.725478951715007270e+01
2.505427738142261163e+01,1.593075055401065754e+01
3.283463040646072528e+01,9.275465955174597710e+00
3.830196630177337624e+01,6.816443829891153605e+00
5.096357848892100151e+01,3.850172341519774832e+00
1.128709944034766544e+01,7.849378971704769015e+01
1.170569381787811736e+01,7.298030592634678726e+01
3.990387307371793923e+01,6.280148298253995343e+00
1.203151196213555174e+01,6.908115428416823534e+01
3.519690383372808640e+01,8.072184447244628913e+00
1.068272485852107323e+01,8.762659054046761753e+01
2.191493113288576566e+01,2.082187234323674119e+01
1.282712076811167634e+01,6.077733215956160961e+01
3.999166126488783135e+01,6.252606669806568540e+00
1.195932531947125810e+01,6.991762063472128830e+01
1.113052019642324275e+01,8.071775529632651569e+01
2.664169285601625248e+01,1.408887661338999031e+01
2.480858670741989513e+01,1.624785189698053145e+01
6.525417928044130633e+01,2.348460913389614824e+00
5.852017549298282262e+01,2.920039728889567865e+00
2.161728599480942847e+01,2.139920619447403638e+01
1.760911016077534796e+01,3.224966289072030179e+01
2.707206565650315255e+01,1.364448696397838034e+01
3.850252271363753209e+01,6.745616210628239351e+00
4.662181480126285749e+01,4.600676009222079976e+00
1.054451285604657329e+01,8.993877307020963485e+01
3.028281045045664399e+01,1.090454737543545960e+01
1.088314478853827438e+01,8.442891067771080316e+01
3.131042644893027571e+01,1.020051348872683583e+01
1.083678744428472740e+01,8.515279153085313624e+01
3.702638702885573707e+01,7.294194291237994676e+00
8.457149773025975037e+01,1.398144170584317614e+00
1.131747055661295143e+01,7.807306933208757016e+01
1.204927943887247821e+01,6.887757483073660580e+01
9.264848807523711116e+01,1.164993029944460412e+00
8.860524469496651534e+01,1.273741038305700846e+00
6.667136792891119512e+01,2.249682698362548638e+00
2.294642413615326504e+01,1.899196785601194648e+01
2.689966210031827032e+01,1.381994614676808730e+01
1.109400068777503279e+01,8.125004741018533139e+01
3.383860036997929654e+01,8.733236416248589151e+00
2.200230488980076515e+01,2.065682846049157106e+01
1.233334818607873018e+01,6.574125875134689068e+01
1.153142418630186228e+01,7.520281611169578184e+01
2.923493173179032922e+01,1.170026860266784574e+01
4.078167463011729410e+01,6.012704897265103376e+00
4.196191691042607630e+01,5.679228741353823828e+00
1.035677861500870200e+01,9.322891161191354570e+01
3.545003605828692628e+01,7.957316593904145918e+00
2.305366933681834496e+01,1.881567836352249046e+01
2.377065570073093070e+01,1.769773454443984662e+01
2.293162916149787733e+01,1.901648214794888503e+01
4.252901010428372786e+01,5.528781813929493971e+00
9.498223865436243329e+01,1.108447676405590165e+00
1.062476765726404615e+01,8.858518911892370795e+01
1.130979913601808384e+01,7.817901895540332191e+01
1.184539035903359938e+01,7.126909524272329577e+01
3.154523194899147498e+01,1.004922453139762339e+01
2.543403416704043352e+01,1.545857649173188619e+01
1.484210617172787217e+01,4.539509529227190399e+01
3.909997103191341239e+01,6.541044876375783801e+00
2.491079797067181545e+01,1.611479261558076459e+01
1.090301912241099913e+01,8.412139236260324537e+01
1.958279821855004244e+01,2.607657219112862990e+01
7.809719584351273625e+01,1.639566813702356685e+00
4.822243940025055053e+01,4.300328654614244961e+00
3.523070116322383427e+01,8.056704345559525748e+00
1.996991740171182528e+01,2.507537651716673466e+01
5.525747683955140133e+01,3.275049733151161657e+00
2.070037275579092295e+01,2.333692702094626625e+01
3.285969356207920100e+01,9.261321952943637470e+00
2.458788832745998576e+01,1.654083905927571152e+01
3.717109988325505299e+01,7.237509988474825740e+00
4.481230098888967461e+01,4.979726735903928336e+00
4.240714327693864050e+01,5.560603963295670304e+00
1.444395795073869770e+01,4.793222277496210637e+01
2.955521238559328268e+01,1.144805825894482609e+01
8.202921959886795378e+01,1.486150665679999872e+00
3.351377575294655742e+01,8.903346616237977074e+00
2.324692645041091765e+01,1.850414047957152874e+01
3.346162057644258425e+01,8.931122766449284711e+00
3.710142204154502821e+01,7.264720137791554677e+00
3.407660557437339577e+01,8.611669321522596121e+00
5.375454881695304010e+01,3.460744664328399445e+00
6.467441412155272928e+01,2.390754564624548717e+00
3.313638081276857861e+01,9.107304446450294577e+00
1.080212862164078480e+01,8.570009664913271763e+01
3.920815286121730026e+01,6.504999007090138008e+00
2.670269558207790084e+01,1.402457762506136696e+01
1.134510346749406295e+01,7.769321227137366748e+01
2.765790376960289976e+01,1.307258509463402696e+01
2.452288517528628375e+01,1.662864534335605526e+01
8.618416240943498963e+01,1.346309993477919242e+00
3.051347558866330090e+01,1.074030572554181795e+01
1.877212957591438425e+01,2.837742035239797289e+01
1.025758424095164401e+01,9.504074136435960440e+01
3.643140974623442219e+01,7.534389121299764014e+00
4.757364138410559917e+01,4.418422187144598112e+00
1.416787846764957770e+01,4.981846642193176677e+01
5.932815308272756027e+01,2.841046503766956111e+00
2.003701615103903677e+01,2.490771590151846482e+01
1.186212749330315575e+01,7.106811967833499466e+01
3.241331760747835489e+01,9.518160646638916589e+00
4.757113152243639576e+01,4.418888432982205572e+00
7.226944793886436003e+01,1.914654979781799993e+00
4.726425588017108481e+01,4.476456311887424100e+00
2.585089891343836044e+01,1.496403451244263572e+01
1.838465461633958142e+01,2.958619049553082192e+01
1.941375145394238189e+01,2.653267696529092490e+01
1.074332036383682443e+01,8.664089840889639049e+01
2.725840259421670453e+01,1.345857865113166518e+01
5.071992269705435774e+01,3.887253238812120593e+00
2.442436959717223743e+01,1.676305899932003740e+01
1.054620751081166397e+01,8.990987113090918115e+01
2.348284134937316736e+01,1.813421297656163844e+01
3.084315367374706085e+01,1.051192962133037234e+01
1.136078974570818190e+01,7.747881239154067146e+01
3.616217918247797769e+01,7.646995109695776449e+00
1.216185378220017554e+01,6.760836674114291611e+01
3.925326313605926742e+01,6.490056367620374189e+00
7.244236712988677596e+01,1.905525365157169082e+00
1.458000759133215141e+01,4.704186159262331302e+01
4.452037318160346757e+01,5.045246710335900886e+00
1.013517389024068649e+01,9.735036660580432510e+01
6.248675863042227263e+01,2.561085077813622490e+00
6.217661000057562148e+01,2.586699151311485867e+00
1.945015691551427750e+01,2.643344585150421366e+01
6.748289755668214696e+01,2.195899987302516010e+00
4.191161748703115819e+01,5.692868555992261825e+00
1.330147889562763908e+01,5.651973807268055339e+01
1.435122331369212567e+01,4.855368039517448153e+01
1.046158691438273181e+01,9.137026089775116588e+01
1.386391303584304246e+01,5.202694786437962193e+01
2.692021506356324068e+01,1.379885178216402686e+01
3.072871881390923221e+01,1.059036901737334269e+01
3.046575876639659697e+01,1.077397595894464821e+01
2.366939510912523659e+01,1.784948463674032126e+01
8.116482083791440516e+01,1.517973994217407752e+00
4.756849186669650464e+01,4.419378869714393865e+00
2.296741178223554058e+01,1.895727395279858740e+01
3.349185849305209217e+01,8.915003228911157152e+00
5.415509582436358471e+01,3.409740615311939838e+00
2.256486853919927071e+01,1.963967897248241101e+01
4.846399763087839574e+01,4.257567386625528805e+00
2.318888454999409277e+01,1.859688833123313501e+01
6.797425079701670825e+01,2.164268511846392684e+00
1.066383734679499007e+01,8.793726931241818079e+01
1.114057868522244554e+01,8.057206589522573381e+01
1.242309306655393542e+01,6.479485503678934322e+01
1.131775153280729107e+01,7.806919287278626030e+01
2.730526447426918679e+01,1.341242249003792608e+01
4.382165839235703686e+01,5.207417304538816794e+00
3.025971726061674616e+01,1.092119768786431244e+01
1.074337040093478990e+01,8.664009135322129396e+01
1.045627601450089905e+01,9.146310112923109159e+01
6.443614520005567670e+01,2.408468091975885628e+00
1.119937384401310076e+01,7.972830221193351008e+01
2.215861520981943045e+01,2.036642340207508184e+01
1.899598147569341222e+01,2.771255226578437458e+01
1.214923592883432946e+01,6.774887194679148195e+01
4.113385793469948482e+01,5.910185504541516366e+00
6.705722467115084839e+01,2.223867201670383320e+00
2.575944945182574131e+01,1.507047172469083662e+01
3.368280029043493329e+01,8.814214585524663192e+00
5.488186021608715492e+01,3.320032639844002098e+00
6.038844815225018436e+01,2.742156652337559120e+00
9.604551053333904065e+01,1.084041382036043055e+00
1.121359207435162908e+01,7.952624801040268210e+01
1.187525558000684356e+01,7.091107501993722906e+01
1.112008728156800430e+01,8.086928585323933305e+01
1.226577561600291055e+01,6.646759557003859697e+01
2.246731834721434851e+01,1.981059511127633854e+01
1.932755389609244290e+01,2.676986703069154316e+01
2.824157132470174858e+01,1.253782739494438481e+01
4.837711908026660979e+01,4.272873110788854234e+00
1.517313523283589127e+01,4.343595183631860834e+01
1.782770995465709873e+01,3.146363392237410750e+01
3.958812585905249648e+01,6.380726290237499043e+00
1.455175728817987313e+01,4.722468993580638141e+01
1.793793863317621629e+01,3.107813380148734694e+01
4.721106020808595360e+01,4.486549805148465353e+00
5.132837482044128308e+01,3.795639632012640874e+00
9.500822622680277618e+01,1.107841372597995422e+00
1.521998807526096975e+01,4.316893908978569527e+01
1.123316773382816436e+01,7.924931414550268016e+01
3.693816044676970023e+01,7.329080185476427367e+00
1.123734047869811903e+01,7.919047001367479766e+01
6.752643441376915234e+01,2.193069339854721633e+00
1.986106394902392225e+01,2.535099329984108962e+01
3.503911125501481649e+01,8.145051524476864202e+00
1.088757782394636919e+01,8.436017176065753631e+01
1.146117016420953227e+01,7.612758956219887807e+01
3.577929401544552945e+01,7.811536494308310097e+00
8.232859034906962847e+01,1.475362162523929488e+00
3.250115144045182092e+01,9.466784813173893198e+00
1.170666616519018532e+01,7.296818304588445869e+01
1.555450748339879929e+01,4.133210001331408989e+01
2.192700975029804411e+01,2.079893896903183048e+01
4.883862838740238033e+01,4.192500113854476851e+00
3.735785694859171002e+01,7.165328247953504537e+00
5.933351584413011182e+01,2.840532960425294906e+00
1.402449338969612924e+01,5.084235232136012428e+01
3.577450797472660327e+01,7.813626744304404070e+00
2.811013353133117576e+01,1.265535064373148622e+01
1.164399768274478575e+01,7.375573229449803137e+01
1.890980241230880310e+01,2.796572083973013889e+01
3.540787774049935877e+01,7.976276600248625392e+00
1.072300789219194783e+01,8.696945503786903942e+01
4.921203057568560268e+01,4.129119288804799837e+00
1.323039543977507293e+01,5.712870114273211186e+01
1.132447702959666636e+01,7.797649133921798636e+01
2.945651598927088344e+01,1.152490203607770347e+01
1.900775188450372255e+01,2.767824130922724990e+01
2.838762943003401062e+01,1.240914174306432294e+01
1.241196796187470497e+01,6.491106104108850161e+01
3.102728647357547231e+01,1.038753281922856964e+01
3.325809146954158990e+01,9.040768592176467777e+00
3.333517607998867760e+01,8.999004999315911135e+00
1.338490899163157977e+01,5.581734239103629136e+01
7.970755831767031907e+01,1.573986448202293165e+00
8.669448009965542212e+01,1.330506825964793194e+00
1.159775888157861701e+01,7.434501424905170097e+01
5.453857494883932588e+01,3.361959118124115076e+00
2.462870137895448508e+01,1.648606371767398215e+01
1.045059725114894178e+01,9.156252863796487418e+01
1.030935382174576276e+01,9.408862240404407373e+01
7.173487819609111682e+01,1.943297399731670705e+00
1.092573830759344844e+01,8.377190889955525677e+01
9.589207612226101674e+01,1.087513250146894039e+00
8.016539742122068901e+01,1.556059144500881786e+00
1.084123830578540471e+01,8.508288706587067907e+01
6.412077734988493205e+01,2.432217687884661306e+00
1.516288299419742280e+01,4.349470930241271560e+01
1.032573346178616092e+01,9.379035489124238723e+01
1.221726726051760714e+01,6.699645927665962120e+01
1.120224292569518454e+01,7.968746793973102172e+01
3.326105840048180085e+01,9.039155766787828838e+00
6.376947885984235853e+01,2.459089097385819045e+00
4.167124204029103396e+01,5.758735209032233016e+00
1.230814159703078658e+01,6.601080549497501693e+01
4.392868644890179297e+01,5.182073464504712845e+00
1.518464874578097046e+01,4.337010760039009938e+01
1.425999115059455491e+01,4.917693846162872262e+01
4.932303963304663341e+01,4.110553773466024019e+00
4.440689796037740678e+01,5.071064409639930659e+00
3.873153233789777516e+01,6.666081841344838388e+00
1.958681576271280633e+01,2.606587591079763300e+01
1.121671575669692267e+01,7.948196051084420333e+01
2.531774209555137745e+01,1.560091450822448600e+01
1.438535652648936569e+01,4.832353984770396238e+01
1.152861685333495956e+01,7.523944583968336985e+01
1.568034472049711070e+01,4.067136870049181141e+01
1.970997359342512212e+01,2.574114820956052441e+01
6.518929793388851124e+01,2.353137973489185963e+00
1.000748669556256765e+01,9.985043407288340234e+01
3.908319365222848774e+01,6.546661876305893024e+00
1.567149349354432708e+01,4.071732388354139687e+01
2.676344029694805116e+01,1.396098698323416620e+01
1.141961655146485199e+01,7.668262252611077656e+01
6.950580011319837581e+01,2.069940709403223611e+00
2.853172242023951100e+01,1.228411913197869332e+01
5.133299669956643640e+01,3.794956165277832305e+00
3.297711665132801784e+01,9.195484972515137301e+00
8.667473917483849277e+01,1.331112963959793172e+00
3.675797909038944766e+01,7.401108095095311867e+00
4.989884320406003582e+01,4.016234337127308152e+00
1.118748819746890355e+01,7.989779974032528287e+01
4.241590999679436180e+01,5.558305617254341691e+00
4.079212797376529664e+01,6.009623674472139854e+00
1.573082704638660090e+01,4.041074784310153234e+01
1.307027652692391939e+01,5.853699821207955978e+01
3.015758760090170654e+01,1.099529292722933072e+01
2.475511080159101596e+01,1.631812482513869966e+01
1.076586620292498786e+01,8.627839225767098696e+01
5.078530634527439958e+01,3.877250377536839210e+00
1.598543578761482031e+01,3.913371153539723935e+01
2.136915880208627172e+01,2.189904353912125501e+01
3.560519344557407351e+01,7.888116219764805592e+00
3.633413188055433807e+01,7.574786972891232040e+00
1.356793878472223902e+01,5.432156194655037496e+01
7.307731394762328136e+01,1.872556145536350414e+00
1.105936344367246349e+01,8.175978466802408207e+01
1.039499991749383234e+01,9.254458655814914891e+01
3.111638802627997435e+01,1.032812874212092957e+01
2.460739912472118718e+01,1.651461954585565906e+01
1.010348784753962192e+01,9.796193458657182873e+01
1.063602471853048570e+01,8.839777301005480581e+01
3.622743329327278161e+01,7.619471853716929033e+00
1.092946581922256222e+01,8.371477755914649777e+01
2.614667740607329449e+01,1.462739477748325712e+01
3.689429094355886463e+01,7.346519971065831101e+00
2.178139862401178917e+01,2.107795503269212034e+01
1.192930605390239940e+01,7.026994900139096956e+01
1.004836769050103129e+01,9.903961950130279490e+01
7.283222270756961336e+01,1.885180209536031937e+00
2.157529881446698639e+01,2.148257621912823723e+01
6.894735855645589595e+01,2.103607617852512046e+00
4.413251962703710518e+01,5.134315520205498196e+00
3.827932121251345876e+01,6.824511090831441251e+00
1.334685021101675773e+01,5.613612453836652350e+01
1.776575793355128852e+01,3.168345391175722270e+01
9.207347745903575742e+01,1.179589526831440249e+00
1.126546484629274225e+01,7.879556366477447682e+01
1.048177200625452166e+01,9.101869032771409707e+01
1.129007233481687322e+01,7.845245729275161750e+01
1.267328342572384869e+01,6.226180470681093482e+01
3.327893965045404912e+01,9.029444641249007475e+00
4.704281432011990205e+01,4.518698960926080588e+00
8.781111619898295828e+01,1.296883618940125604e+00
5.105546491058964875e+01,3.836326215324886491e+00
1.347671065838443560e+01,5.505949090260400425e+01
3.539558430759964125e+01,7.981818130427796198e+00
1.100230084841219380e+01,8.261006571423665434e+01
3.849309781574633149e+01,6.748919895230211630e+00
1.234198551377460618e+01,6.564927515572510686e+01
1.033333814078274671e+01,9.365235822829474444e+01
1.433491755158124192e+01,4.866420144081835986e+01
7.728030788751459568e+01,1.674411941747008692e+00
1.076133879979751029e+01,8.635100389800069820e+01
2.711143523510277475e+01,1.360488834672196568e+01
1.509508894658761768e+01,4.388626762520785007e+01
7.161411045449453638e+01,1.949857155109002260e+00
5.275739107294652541e+01,3.592802780285613284e+00
1.473547520999229121e+01,4.605446140601877403e+01
6.653876855566566917e+01,2.258658029795632238e+00
9.278571969581093981e+01,1.161549490272252960e+00
2.572143615663541638e+01,1.511504945438093728e+01
1.171072183651546794e+01,7.291765093906985840e+01
1.380352778359253563e+01,5.248314025408637917e+01
6.383981071282453712e+01,2.453673761068286829e+00
1.022321590630294530e+01,9.568083006075075048e+01
1.063456426103686248e+01,8.842205422208263599e+01
1.156137914456995652e+01,7.481362743845568275e+01
1.445506075692086689e+01,4.785861840815244506e+01
1.472744902142459189e+01,4.610467275152417699e+01
3.579678649770160348e+01,7.803903978051179635e+00
1.036372821320632731e+01,9.310392063749137037e+01
1.065685142300514876e+01,8.805259876424287313e+01
1.175608797226230351e+01,7.235596590005442863e+01
1.101902329300195049e+01,8.235951827950353277e+01
4.208576722919166713e+01,5.645852168295027340e+00
6.964941933969264198e+01,2.061412949005762218e+00
1.301997117538091153e+01,5.899021166535541028e+01
1.322303587109788836e+01,5.719231128594614688e+01
1.137579753039811159e+01,7.727451580212962767e+01
1.210590781175329234e+01,6.823469823681675450e+01
1.578672435735374080e+01,4.012508337733711983e+01
3.129645841531677064e+01,1.020962077550164437e+01
1.069545907126929940e+01,8.741805505645396579e+01
2.337231601148287652e+01,1.830612825092630302e+01
3.041719002249301340e+01,1.080841018854083302e+01
2.399901498920150544e+01,1.736253627234115271e+01
4.003734670949925345e+01,6.238345477996998234e+00
7.545046938137306825e+01,1.756613063711990552e+00
1.341461806167096249e+01,5.557038119592119330e+01
3.198026602444056010e+01,9.777680813661040915e+00
1.391723167860043731e+01,5.162906809494297988e+01
4.637064292755597705e+01,4.650651163878537275e+00
6.055088234091799393e+01,2.727464131583085205e+00
1.081032757401164091e+01,8.557014969839798368e+01
2.989223031107017547e+01,1.119137273944865285e+01
2.417617468853305951e+01,1.710900801940590199e+01
1.184719872557391795e+01,7.124733975200270208e+01
1.244584547980180922e+01,6.455816693353217772e+01
1.530317517164893637e+01,4.270088743858401870e+01
1.103348229660115010e+01,8.214380101748027130e+01
3.392195013002783099e+01,8.690372201321146406e+00
2.835435991411845436e+01,1.243827929693276602e+01
1.408110703921023799e+01,5.043434678540863558e+01
3.092027577887789747e+01,1.045955679576704966e+01
1.501189836959722790e+01,4.437401939297467379e+01
4.908362243364202016e+01,4.150752006885292111e+00
4.114452288487097320e+01,5.907121978203449864e+00
3.575346308729898226e+01,7.822827827261300548e+00
4.859781445421887724e+01,4.234152763903238359e+00
1.267741868859285859e+01,6.222119282146882568e+01
1.619574459489367868e+01,3.812397369794666702e+01
1.355078501708306682e+01,5.445917895390323338e+01
1.033109610521955979e+01,9.369301116568802001e+01
1.126896200880225507e+01,7.874666508250180641e+01
3.094326818294225490e+01,1.044401861754050209e+01
1.636464739804950241e+01,3.734106460185736864e+01
1.171502259129790602e+01,7.286412251096315629e+01
4.044092370519237534e+01,6.114456598189952352e+00
1.327213696738825988e+01,5.676992103703165071e+01
1.416596843349776691e+01,4.983190163290219488e+01
3.924865435355239640e+01,6.491580649913189838e+00
2.913772310756190365e+01,1.177846717975223001e+01
1.373445835251757607e+01,5.301233411173092236e+01
5.209023640785768805e+01,3.685423010471377658e+00
1.541207371478371613e+01,4.209958792251460125e+01
7.605987045871478358e+01,1.728577426246717064e+00
1.071742523495478672e+01,8.706008260926139997e+01
5.185218922663496954e+01,3.719339355079836373e+00
3.863796082491967354e+01,6.698408115310962252e+00
2.887601774634831386e+01,1.199293279179309124e+01
2.497863829579852535e+01,1.602737806690847577e+01
5.676374290995445904e+01,3.103544316397226943e+00
3.850467679151790890e+01,6.744861487958923263e+00
8.842168604503115148e+01,1.279034962914942453e+00
7.144099610267485900e+01,1.959318311755199327e+00
4.130948581320761548e+01,5.860037854456658479e+00
7.092960638913334037e+01,1.987672825816032551e+00
2.334282678784357046e+01,1.835241009188528238e+01
1.052691353716810951e+01,9.023975099441862824e+01
1.153294037949668649e+01,7.518304413694478683e+01
1.664006895588020996e+01,3.611517774900705291e+01
1.222413786898905208e+01,6.692116937280233913e+01
1.124574321696036527e+01,7.907217312884627347e+01
1.260540127242648900e+01,6.293419035875495382e+01
1.095155565074034421e+01,8.337740442588236078e+01
1.112497496624233939e+01,8.079824268378284557e+01
4.038854083273102447e+01,6.130327461519172516e+00
2.373481826591842037e+01,1.775121885804313848e+01
1.021138848275680644e+01,9.590260461768660605e+01
1.287253909633730764e+01,6.034920605079801703e+01
1.449612895479864605e+01,4.758783120865840743e+01
5.888032977558527392e+01,2.884426869723052178e+00
1.061205170720906388e+01,8.879761170334876397e+01
1.270391319149195475e+01,6.196193403670429944e+01
1.141870749681345210e+01,7.669483257168687373e+01
4.616465173666527022e+01,4.692247080457855546e+00
1.325765329797065739e+01,5.689402835643191736e+01
1.174275868944510215e+01,7.252032259630779265e+01
1.347780022389174803e+01,5.505058907941873514e+01
1.064386666797685699e+01,8.826756553479185641e+01
1.001145786306528507e+01,9.977123598574559082e+01
3.962341694523136226e+01,6.369365206421913506e+00
1.104546709860018083e+01,8.196563868499968919e+01
1.102479164752926977e+01,8.227335708376845957e+01
5.214340266312908767e+01,3.677911408286244743e+00
1.088021533086341108e+01,8.447438114117315422e+01
1.649356727067967654e+01,3.675960260720931672e+01
1.207466281879433190e+01,6.858829007166667679e+01
3.629796097609758476e+01,7.589891039479242707e+00
3.196900074108765466e+01,9.784572974783626975e+00
1.337467328409017142e+01,5.590280969199108085e+01
2.934768026346616665e+01,1.161054062068625825e+01
3.725169872087631973e+01,7.206225303354512945e+00
1.303876861700824108e+01,5.882024687942118391e+01
3.611158710393083027e+01,7.668436891379978526e+00
6.200985569495225036e+01,2.600629943152577894e+00
1.276417601052736117e+01,6.137824007227565204e+01
1.193468220039677341e+01,7.020665507447759524e+01
1.230826316039840052e+01,6.600950158132236822e+01
1.367190098032204837e+01,5.349857218601407283e+01
1.376525971259574810e+01,5.277535708724215624e+01
7.323577904782293047e+01,1.864461365396648862e+00
2.672277758558153238e+01,1.400350677715809944e+01
3.251252760121156626e+01,9.460161100257369782e+00
1.225797682230103902e+01,6.655219875888047909e+01
4.785023043832665479e+01,4.367490135922331262e+00
1.159504781408759655e+01,7.437978390545134744e+01
2.773266222904220868e+01,1.300220100474331630e+01
1.186890479678037913e+01,7.098698115569942502e+01
2.270240635180292088e+01,1.940243397567936867e+01
6.093817864075862190e+01,2.692905174183238159e+00
1.128359269556690592e+01,7.854258631357436116e+01
2.196364906183857002e+01,2.072960411697924954e+01
1.455279925985042055e+01,4.721792765913416190e+01
2.661953097188412798e+01,1.411234554875473712e+01
6.441217226078775582e+01,2.410261194172374832e+00
8.456436324150271844e+01,1.398380096552855889e+00
1.013156430189435930e+01,9.741974529883104594e+01
1.064581908869184090e+01,8.823519233381982474e+01
1.821423331039212457e+01,3.014242642350780343e+01
3.814245536426067673e+01,6.873575488700033986e+00
5.000445571245017362e+01,3.999287181292843218e+00
1.112043020186795594e+01,8.086429840371134503e+01
9.132212592172393784e+01,1.199079488327888354e+00
1.182856290824981649e+01,7.147201596178824445e+01
1.472118894999348626e+01,4.614389239772419415e+01
2.802094415584063114e+01,1.273604165475760297e+01
1.085949132751541590e+01,8.479710671869905525e+01
1.196831240433691868e+01,6.981265685188429870e+01
1.036932534966184427e+01,9.300343681864792700e+01
1.011449374220954134e+01,9.774885973138091799e+01
3.718336254908437155e+01,7.232737072538218293e+00
7.462308229865554665e+01,1.795782077623634621e+00
6.865648992828377573e+01,2.121469573443878431e+00
1.741177456301755910e+01,3.298480560438166265e+01
5.847355294545634052e+01,2.924698038778756448e+00
2.260119165787120821e+01,1.957660255093255586e+01
1.053387795004052307e+01,9.012046745368000700e+01
1.781134087407793487e+01,3.152149227519453945e+01
5.656955844942251588e+01,3.124887754849559940e+00
3.988659240720814836e+01,6.285591162675936872e+00
1.078807037266616575e+01,8.592359876857172196e+01
1.207296264777294326e+01,6.860760927897308648e+01
4.423700278918187223e+01,5.110090732427999605e+00
3.236760224221960414e+01,9.545066159696933283e+00
1.375427690310106144e+01,5.285967313109639321e+01
1.340607586266033557e+01,5.564122138729519662e+01
1.192680302559693750e+01,7.029944661737434330e+01
1.004997012116369071e+01,9.900803901523163120e+01
4.828517917348897015e+01,4.289160575104809858e+00
9.996639439450710540e+01,1.000672451062745827e+00
1.223975098173031917e+01,6.675054803317482310e+01
2.308840731023362736e+01,1.875910219343569096e+01
1.310004738463423379e+01,5.827124093840382812e+01
5.317513757182216239e+01,3.536574048054004660e+00
2.722895377581345500e+01,1.348770599605292020e+01
1.208628457411823476e+01,6.845644921013504813e+01
1.239209325281463947e+01,6.511943955513142157e+01
1.240419682858199835e+01,6.499241907273295737e+01
1.032636071139607559e+01,9.377896110432709520e+01
6.121881103215048370e+01,2.668272736179783333e+00
2.971538212799243794e+01,1.132497784379314787e+01
2.372547080877267334e+01,1.776520900774682232e+01
2.526373755626672235e+01,1.566768378153979668e+01
1.672073346242516934e+01,3.576756309353780949e+01
4.466892855134928908e+01,5.011744577558809866e+00
4.313150074806297596e+01,5.375400914766346183e+00
1.146959898493063612e+01,7.601574083403681925e+01
6.554292640342616494e+01,2.327814363985766022e+00
3.640969421553924690e+01,7.543379147335721235e+00
1.147068278303668976e+01,7.600137694211673534e+01
1.642653222859855688e+01,3.706023934696149524e+01
3.811798837364571568e+01,6.882402275634865951e+00
4.068977144439099902e+01,6.039896535854477833e+00
3.497754150304808007e+01,8.173751665036400382e+00
7.564447362092539606e+01,1.747614300012604316e+00
9.031482879668371311e+01,1.225975733464923279e+00
1.048188660173868136e+01,9.101670017569929882e+01
1.275019797534554655e+01,6.151289170424473696e+01
1.200650410764092513e+01,6.936922657948167625e+01
1.273483619679905665e+01,6.166138475764609694e+01
5.917746119373581593e+01,2.855534038385141749e+00
1.019442179417909422e+01,9.622209378553723980e+01
2.046553061587395206e+01,2.387558280675123612e+01
1.383146991327604169e+01,5.227130312773501686e+01
3.622882465251454676e+01,7.618886617010514506e+00
1.287777975409795417e+01,6.030009740201271029e+01
1.656876613774327112e+01,3.642668614542488115e+01
2.744208959864294783e+01,1.327900835174072824e+01
1.272977703121846993e+01,6.171040637749956659e+01
1.663348170027535744e+01,3.614378835721939964e+01
1.085836434502487435e+01,8.481470970397207054e+01
1.056957703518874681e+01,8.951272598934711766e+01
3.588009293728614324e+01,7.767707821201003782e+00
2.871342426819542126e+01,1.212914041536136089e+01
1.074050710883467019e+01,8.668629195690964195e+01
1.299340490933191106e+01,5.923168058938836822e+01
2.206919839454361920e+01,2.053179324686996665e+01
2.318859212092651489e+01,1.859735738127092475e+01
3.998623366684695668e+01,6.254304200972772954e+00
2.378076680962210077e+01,1.768268829459574576e+01
1.764034924983638675e+01,3.213554292221414954e+01
4.283263412256809488e+01,5.450676824149454092e+00
8.918705404270538395e+01,1.257176812454358084e+00
3.998507352060074993e+01,6.254667137046947545e+00
1.543262940968333297e+01,4.198751240635698423e+01
1.127218654480039461e+01,7.870161878438815961e+01
1.101543790705844295e+01,8.241314097128132232e+01
1.205264485521904305e+01,6.883911532969685254e+01
3.897668463032433550e+01,6.582490026566487629e+00
3.170351800858507829e+01,9.949129562095365031e+00
3.931437803655438046e+01,6.469894234701096813e+00
6.376704597444587108e+01,2.459276742775064584e+00
2.302935025369345468e+01,1.885543820427191974e+01
1.085675265904472298e+01,8.483989307675446412e+01
1.292770672177790559e+01,5.983523730129048346e+01
7.577546850161046166e+01,1.741577236722788413e+00
4.947579865274022382e+01,4.085209875715371197e+00
5.755019197448874024e+01,3.019301248900711609e+00
6.925794879373732726e+01,2.084782486871755047e+00
7.501468702185083259e+01,1.777081708619625111e+00
3.805259526469764353e+01,6.906077317642883351e+00
1.847103835457325971e+01,2.931010537294983109e+01
1.081735653460722979e+01,8.545898135602111267e+01
1.990310081454365587e+01,2.524401992807494466e+01
3.406220783994859147e+01,8.618950982931448124e+00
4.956896727334392949e+01,4.069867386488088989e+00
1.661198921752038160e+01,3.623737405125489630e+01
2.314241255762861726e+01,1.867165168441879075e+01
1.211921478131760566e+01,6.808493629662946489e+01
1.129880566144741216e+01,7.833122569289872672e+01
2.459053718623973239e+01,1.653727573842393994e+01
1.124049656557621724e+01,7.914600633467479440e+01
3.069654560218537753e+01,1.061258029466202579e+01
2.942047522657315639e+01,1.155315587445618064e+01
4.918327997606423452e+01,4.133948139319223003e+00
5.912482151164846300e+01,2.860620948202956537e+00
5.013914440297558883e+01,3.977829485479160265e+00
2.161356048670138463e+01,2.140658395040762940e+01
2.786410207855163534e+01,1.287982300777253997e+01
4.850344795914207907e+01,4.250644409729440021e+00
3.751139433104426502e+01,7.106791674342887610e+00
2.038063803441333732e+01,2.407489758284253867e+01
2.896797317355157375e+01,1.191691332899102029e+01
5.232433253943790419e+01,3.652520026498561112e+00
1.187091022260950091e+01,7.096299864752262465e+01
2.363188422350741646e+01,1.790619457645460599e+01
4.834021947913094408e+01,4.279398835801536016e+00
6.125949903302156940e+01,2.664729428427472069e+00
3.490870891818442345e+01,8.206017260460271245e+00
9.514016705214017122e+01,1.104770784111654525e+00
1.015978932715989203e+01,9.687921138956205880e+01
1.173773865628134949e+01,7.258236730272288639e+01
1.403215292555456450e+01,5.078686225696940681e+01
1.108625395329265118e+01,8.136363716867573714e+01
1.063462110629781243e+01,8.842110893945111627e+01
1.002386200672537697e+01,9.952446263298520535e+01
2.241645240708663422e+01,1.990060291556808636e+01
5.096439240946424576e+01,3.850049365096739340e+00
9.885233324895902740e+01,1.023354611212251797e+00
8.053639045659160445e+01,1.541756108128649050e+00
2.016202121638313471e+01,2.459981636622035595e+01
1.065230548742505690e+01,8.812776875507231011e+01
1.030201213704472529e+01,9.422277389352660748e+01
1.615660313842585794e+01,3.830891794660736593e+01
1.448425776182240199e+01,4.766586845997500177e+01
8.752749587577334012e+01,1.305301967612149783e+00
1.533089478124648863e+01,4.254661309613877052e+01
3.289668416590567546e+01,9.240505916785183516e+00
3.178463350136187415e+01,9.898413308620144235e+00
1.079713054010860418e+01,8.577945758840102997e+01
8.908921224337453282e+01,1.259939705577484359e+00
2.161137948936666930e+01,2.141090482760111868e+01
1.902448327490057167e+01,2.762957856073133556e+01
1.047839696446784963e+01,9.107733314431817462e+01
1.208643304757997683e+01,6.845476734030229693e+01
4.080326420642370522e+01,6.006343768511937853e+00
1.134314810343119539e+01,7.772000053295522548e+01
4.978375159840883413e+01,4.034825509871152960e+00
1.750609127479952676e+01,3.263034179931866419e+01
3.439976472553723852e+01,8.450629384871614747e+00
8.189565023783524111e+01,1.491002353686495141e+00
1.772265442022428061e+01,3.183775685935832556e+01
4.486720373354439317e+01,4.967547087237906389e+00
1.179138096937699487e+01,7.192347420109392431e+01
1.411752102550923382e+01,5.017450695886137879e+01
3.294781584024571686e+01,9.211847512292969498e+00
1.182209308429941608e+01,7.155026570796302110e+01
1.028481917213591146e+01,9.453805855839233629e+01
1.286285852922799577e+01,6.044007766806914361e+01
2.699483563403461872e+01,1.372267017024596392e+01
7.586616336078651557e+01,1.737415758597769866e+00
5.076910306355879499e+01,3.879725670647240943e+00
1.673228019883334383e+01,3.571821463468862135e+01
1.013435310607851214e+01,9.736613611254340128e+01
1.738558578273305599e+01,3.308425378566445119e+01
1.491294401106906875e+01,4.496485790201140986e+01
1.464235500876884188e+01,4.664210426851813907e+01
6.278479977360336051e+01,2.536827709675523845e+00
2.736086358795986939e+01,1.335796798606124192e+01
3.037996791854496337e+01,1.083491174565736159e+01
2.373285548111035581e+01,1.775415514723036381e+01
8.261935061244452072e+01,1.464996023255654478e+00
3.201828684199963959e+01,9.754473157634070191e+00
1.720857819564078994e+01,3.376836401759207007e+01
5.675789147089974307e+01,3.104184267461678637e+00
7.931192750621990228e+01,1.589728612157795151e+00
3.212970135360221491e+01,9.686940282166329297e+00
4.869816590294198022e+01,4.216720256510781084e+00
1.316414433794760619e+01,5.770517056867034000e+01
4.051731558206127914e+01,6.091421780827188215e+00
9.310441198996059597e+01,1.153611234407134312e+00
1.059058350400960791e+01,8.915798038929573011e+01
1.101847763746918041e+01,8.236767567493666320e+01
1.065614806651346669e+01,8.806422292908727911e+01
7.548754700574697551e+01,1.754887877332302226e+00
1.107834645100922089e+01,8.147983009810999988e+01
1.614835779628146994e+01,3.834804895685511639e+01
1.387339901871284020e+01,5.195582498955022288e+01
1.650875281013250273e+01,3.669200723329516478e+01
1.676777638811957161e+01,3.556714886507297990e+01
2.755246856374728637e+01,1.317282641366239382e+01
9.908997100278604364e+01,1.018452075019518066e+00
1.089174251010759242e+01,8.429567033314553726e+01
1.884357662776615072e+01,2.816263741870945836e+01
8.031298924731514433e+01,1.550345234775842629e+00
1.077312960693086730e+01,8.616209112957427863e+01
1.033107131175000148e+01,9.369346087270049850e+01
3.097105191442516059e+01,1.042528863354888991e+01
1.413622828930813391e+01,5.004179734932542090e+01
5.253424464849485531e+01,3.623389450364319586e+00
3.062307706115125328e+01,1.066356315810919142e+01
9.062248199859566000e+01,1.217665761867178231e+00
2.616495174306696470e+01,1.460696954627018584e+01
2.437632011682635280e+01,1.682920927214460960e+01
1.233693303339312131e+01,6.570305831148380094e+01
4.494244210647351423e+01,4.950928617290173861e+00
4.823398005598664184e+01,4.298271072995361486e+00
4.877117185687194478e+01,4.204105621071564158e+00
2.200561736435776083e+01,2.065061004202187789e+01
6.783872542092203162e+01,2.172924520247448754e+00
1.056129183404300775e+01,8.965322430180255253e+01
5.808629225012010266e+01,2.963825899652129170e+00
1.176747862804394806e+01,7.221595578700589613e+01
1.116738043596162555e+01,8.018578353142937942e+01
8.982569885991230763e+01,1.239363753056137440e+00
6.027205550428870851e+01,2.752757752505326838e+00
1.079187608525384334e+01,8.586300821673320627e+01
1.006671014318514956e+01,9.867903009773125689e+01
1.644288689701036077e+01,3.698655319907982175e+01
6.595409960145332207e+01,2.298880563615713246e+00
4.338369863949607463e+01,5.313086061630914791e+00
1.099577084535270721e+01,8.270821329622756934e+01
1.117411591845571195e+01,8.008914462617401853e+01
1.237192429255635595e+01,6.533193066256119153e+01
3.863958609083227458e+01,6.697844627627954850e+00
1.020865046659494801e+01,9.595405472764048227e+01
1.024206347775109727e+01,9.532900798699083111e+01
1.250055781979020608e+01,6.399428830768253817e+01
3.130766259613853819e+01,1.020231457892502647e+01
2.811534322874939917e+01,1.265066107343796631e+01
1.041956782486226984e+01,9.210868625622555328e+01
3.197143540483501312e+01,9.783082817225121630e+00
8.086835258438230767e+01,1.529124364050048923e+00
1.756016943678389453e+01,3.242967496536895311e+01
1.254894170156645217e+01,6.350176501783333549e+01
6.912644912952715970e+01,2.092721820001716804e+00
1.149807488051289717e+01,7.563968903423909751e+01
7.296342111337757785e+01,1.878406671094596136e+00
4.061590403774479796e+01,6.061885813596868289e+00
5.311395984987784402e+01,3.544725733523719668e+00
3.228062584463287976e+01,9.596571598652126056e+00
4.992643148690817156e+01,4.011796992320594057e+00
1.567565522634382980e+01,4.069570665279766786e+01
2.850044050419413821e+01,1.231109988478483785e+01
3.022377589947009469e+01,1.094718756422342310e+01
2.112185405193969956e+01,2.241485455622406064e+01
5.687099004027123783e+01,3.091850045510040168e+00
1.160866931016942338e+01,7.420533333066396153e+01
3.774687255576997558e+01,7.018398933396206907e+00
3.105686168389420132e+01,1.036775830418345734e+01
1.892137710165173559e+01,2.793151661419949505e+01
5.154930442872856133e+01,3.763174704706933049e+00
1.307930210052837161e+01,5.845623737472438819e+01
6.582863628173846848e+01,2.307651823643912081e+00
4.857099441692130881e+01,4.238830102275913170e+00
2.368112512196947606e+01,1.783180618370982273e+01
2.777878570106974010e+01,1.295905953780545516e+01
7.041753385146353139e+01,2.016686437183709213e+00
1.612721793570642959e+01,3.844864953580508882e+01
2.646505173425508772e+01,1.427757681554768432e+01
2.423335069792845076e+01,1.702836949716140680e+01
5.175281623123565566e+01,3.733636421963351104e+00
8.540553049738102231e+01,1.370970186771533150e+00
1.252186693815353813e+01,6.377666875248968381e+01
2.652411724108455360e+01,1.421405927535228919e+01
1.006484963868357596e+01,9.871551544128176658e+01
4.976965913728372470e+01,4.037110784585778767e+00
4.683944172620682878e+01,4.558023707660934676e+00
6.593672938858318844e+01,2.300091946252495578e+00
1.838607938830969601e+01,2.958160529378658765e+01
4.318706812733789491e+01,5.361577110902502774e+00
5.556678850253364743e+01,3.238690186330682952e+00
6.041165790268906477e+01,2.740050021007489178e+00
2.930965821368107171e+01,1.164068378310518170e+01
3.138613605556938069e+01,1.015136150521183822e+01
1.115057478463943141e+01,8.042767058158938198e+01
1.912996547874119102e+01,2.732572084670321999e+01
2.621987186836893002e+01,1.454584213568453599e+01
1.281865319545826942e+01,6.085765361669051288e+01
1.385544165791200477e+01,5.209058707352225071e+01
3.110184174286405678e+01,1.033779190108288937e+01
1.130801626604633014e+01,7.820367297250017202e+01
2.749266486283950073e+01,1.323019739550404061e+01
1.232556688000717671e+01,6.582429174060574439e+01
5.854405442949540372e+01,2.917658164313205571e+00
1.058243510612792804e+01,8.929533523986860644e+01
2.660096495093917568e+01,1.413205171639912372e+01
3.154194784820560216e+01,1.005131726101813427e+01
1.973941224728703148e+01,2.566442660548066357e+01
6.138466073803496670e+01,2.653873880696411725e+00
1.267317484383918114e+01,6.226287161122009195e+01
1.294129975966165169e+01,5.970960610337738927e+01
4.237053628895718305e+01,5.570216534394496044e+00
1.004438891339215445e+01,9.911809806701032244e+01
6.111507834998371180e+01,2.677338321798967247e+00
4.802247360400049558e+01,4.336216393476423292e+00
1.382577548406768742e+01,5.231437001151874711e+01
2.004580375360450262e+01,2.488588279019462490e+01
1.041636619834708277e+01,9.216531693283285165e+01
1.064299900027848444e+01,8.828195810164086765e+01
1.022091735546259272e+01,9.572386963813423222e+01
7.697500230989724912e+01,1.687720706649858959e+00
1.134688492922655989e+01,7.766881850684586652e+01
5.416287537619917458e+01,3.408761186185927716e+00
1.028706031467412352e+01,9.449687085682489851e+01
1.247921467774948034e+01,6.421337375730519170e+01
1.102877128979143073e+01,8.221399245517213217e+01
7.357007541197897638e+01,1.847555943469336937e+00
1.112000053190081950e+01,8.087054761774686540e+01
5.215342624393738902e+01,3.676497798398540517e+00
1.011243398914881908e+01,9.778868377731620853e+01
1.184277399919615092e+01,7.130058891065510807e+01
1.227116818801207820e+01,6.640918995885694187e+01
2.755838847918820633e+01,1.316716761813824377e+01
1.650407634137367907e+01,3.671280371194103509e+01
8.496798358595724210e+01,1.385126302048050206e+00
1.145642458959549970e+01,7.619067101969403666e+01
1.037544853771281694e+01,9.289369515511185682e+01
1.569056898656099541e+01,4.061838153192408640e+01
3.359742877982317566e+01,8.859065568220289677e+00
2.915487339975270231e+01,1.176461393904924790e+01
2.923878275432809204e+01,1.169718673491812666e+01
2.451254668950507565e+01,1.664267499676734374e+01
1.075130490151202700e+01,8.651225716147845901e+01
1.122973726323450627e+01,7.929773984946457688e+01
6.675219244025868193e+01,2.244238100447373263e+00
1.109501854205412030e+01,8.123514037516815733e+01
1.747693257641325815e+01,3.273931424080675612e+01
5.392642506681341530e+01,3.438719399412585975e+00
1.699547573490824348e+01,3.462050100475816805e+01
9.855422773681317494e+01,1.029554832953648580e+00
1.106969599639807811e+01,8.160722528062846948e+01
9.246113400142533578e+01,1.169719066001980945e+00
1.121219319688789540e+01,7.954609326529624980e+01
4.970358021337808196e+01,4.047852274991235788e+00
3.224469784107319015e+01,9.617969085177630717e+00
1.662373782619708606e+01,3.618617157332623435e+01
4.507600189780693256e+01,4.921632968442596123e+00
8.083426727257378275e+01,1.530414204889623875e+00
3.043619478312243842e+01,1.079491657548325634e+01
4.873210728837229055e+01,4.210848501964916224e+00
1.020105944091692507e+01,9.609691453741879741e+01
6.553586372469281685e+01,2.328316119511856463e+00
1.613593462330360495e+01,3.840712056941402608e+01
2.987426642197071303e+01,1.120483590004509900e+01
4.125950032147245139e+01,5.874245215401877829e+00
1.141204089928999643e+01,7.678446472901202924e+01
4.349852380617826952e+01,5.285072661832836083e+00
1.106819292190359505e+01,8.162939151292303563e+01
4.273489879992439455e+01,5.475636884723416919e+00
1.361343585917328625e+01,5.395907561238325201e+01
1.194171028262816847e+01,7.012404162345224279e+01
5.608777793720880567e+01,3.178802388772000054e+00
1.620601466372173860e+01,3.807566919125127924e+01
1.063753661580691912e+01,8.837264710742105933e+01
8.064281150135406051e+01,1.537689607197206154e+00
5.217449140739660152e+01,3.673529666240903158e+00
3.390367495355417304e+01,8.699743509290495780e+00
1.751453046648185818e+01,3.259890420335530337e+01
1.109149501978692598e+01,8.128676178248122142e+01
1.081285876585196704e+01,8.553009200080195740e+01
1.630203107534817519e+01,3.762847058123953303e+01
1.205555209138060135e+01,6.880591777346621996e+01
7.756252038249948555e+01,1.662249358654268594e+00
4.433895071092350548e+01,5.086618629450215145e+00
1.013610422359296770e+01,9.733249699149349965e+01
1.003267963710631250e+01,9.934959723052111258e+01
1.031290854490325160e+01,9.402377137551754060e+01
1.405764470487219597e+01,5.060283802368531525e+01
1.279734256243331458e+01,6.106050744410475772e+01
3.927341494522332965e+01,6.483397775629365256e+00
1.362394935293316678e+01,5.387582816332022162e+01
1.095581486123008652e+01,8.331258900302516679e+01
1.168978833055157196e+01,7.317903955602662336e+01
2.415197658296676053e+01,1.714330856444996698e+01
2.733805833621105918e+01,1.338026356243963200e+01
7.618788475382129377e+01,1.722773440035812564e+00
4.232919573248481271e+01,5.581102084945825936e+00
1.234586464913604331e+01,6.560802694447195904e+01
1.066949405358752401e+01,8.784404961857622141e+01
4.527232977983970130e+01,4.879039240460684823e+00
1.106033959300306968e+01,8.174535360349315738e+01
1.934337466934501748e+01,2.672609526832628646e+01
1.235505154585074372e+01,6.551049435609044735e+01
3.746808135595256317e+01,7.123232025538954737e+00
1.052191376552147517e+01,9.032553108219019578e+01
7.214745190956668353e+01,1.921135535431931496e+00
2.236913092706438277e+01,1.998489068591251439e+01
3.510433822337908083e+01,8.114811191509080146e+00
2.689435286570293115e+01,1.382540309746505791e+01
1.188261607540057341e+01,7.082325277879597536e+01
6.415351988614494871e+01,2.429735621319821348e+00
2.994849228717674450e+01,1.114936345879408464e+01
1.814798749661640898e+01,3.036288657720630368e+01
1.106824337505892331e+01,8.162864732058046968e+01
2.696202185149100217e+01,1.375609249508864451e+01
1.360152134513071509e+01,5.405364999511785840e+01
1.395329924955576040e+01,5.136250341400732822e+01
1.146970577201061836e+01,7.601432537293096914e+01
2.846830964171955358e+01,1.233890550380094808e+01
2.888467639519283381e+01,1.198574371839021069e+01
5.462900919836390301e+01,3.350837386298035625e+00
3.272234135971977764e+01,9.339234025220314095e+00
1.199152671197994202e+01,6.954261887792948471e+01
7.003256282683635447e+01,2.038918943475271028e+00
2.341230038637082700e+01,1.824365390628426198e+01
8.363480391210735831e+01,1.429637442751370502e+00
8.036553617992203158e+01,1.548318513938965468e+00
1.158217324008448834e+01,7.454523476581940145e+01
3.256860470269259622e+01,9.427611857886825319e+00
1.033563895000295396e+01,9.361066709979355949e+01
6.197949026055376720e+01,2.603178805758346925e+00
8.378631926647118178e+01,1.424471535715521764e+00
1.153034779735357773e+01,7.521685753696719701e+01
1.020703894655281374e+01,9.598435618725403629e+01
4.929597133642109696e+01,4.115069202766884260e+00
2.176995167818184029e+01,2.110012702891570413e+01
1.792598520741391965e+01,3.111959473316540681e+01
3.504300723861495470e+01,8.143240537026319004e+00
1.618736461360128231e+01,3.816345645363818306e+01
2.834058218746219993e+01,1.245037593397484521e+01
1.244786004017264247e+01,6.453727245044073868e+01
1.052429262108044128e+01,9.028470228442311907e+01
1.399664161457715039e+01,5.104489500180221029e+01
6.907995505824055726e+01,2.095539769169853184e+00
1.283296166247632719e+01,6.072201941120641777e+01
4.886582372318353862e+01,4.187834901530537834e+00
1.079219723832806821e+01,8.585789808797026978e+01
4.625408787280923661e+01,4.674118921515799663e+00
1.355386732581089326e+01,5.443441245561952968e+01
1.327146095530823366e+01,5.677570459468913100e+01
8.733201090152482493e+01,1.311152113581976364e+00
1.055831739307404682e+01,8.970374481102970776e+01
1.405743268172498972e+01,5.060436448361990358e+01
3.913656714506127798e+01,6.528817697717840929e+00
1.074022391161599010e+01,8.669086348924247432e+01
5.198703019158484295e+01,3.700070360493282084e+00
2.195767313781774632e+01,2.074088904645092413e+01
1.171466019915160750e+01,7.286863067316681963e+01
3.173963934486872063e+01,9.926497209114364395e+00
1.116430329373436692e+01,8.022999176513768305e+01
1.335466454512836698e+01,5.607044889507523777e+01
2.512392026255338351e+01,1.584255367604175291e+01
3.268441113405714304e+01,9.360922945959003982e+00
1.028182119301724562e+01,9.459319751490440353e+01
1.249460897725028552e+01,6.405523980627408775e+01
1.156910226594798452e+01,7.471377494263512631e+01
1.002917492248568010e+01,9.941904518149245007e+01
1.821822937553176303e+01,3.012920473364538765e+01
4.982478884978742428e+01,4.028181830494992788e+00
8.892802636991282839e+01,1.264511234710204546e+00
3.258869442796802218e+01,9.415991892308046118e+00
1.024502863466087454e+01,9.527383497152511893e+01
1.008201267874714446e+01,9.837970625392155455e+01
1.072813261815622177e+01,8.688638593569267243e+01
4.009646241657068089e+01,6.219964188200433064e+00
1.883037871247704231e+01,2.820212874958605198e+01
6.657390356145685928e+01,2.256274602724180678e+00
7.245849385469450965e+01,1.904677253035450768e+00
1.047100107173869610e+01,9.120603833111017877e+01
1.228708086190875903e+01,6.623729176556675213e+01
3.372907861774471883e+01,8.790043912164280826e+00
1.758511993233563686e+01,3.233771512137141002e+01
2.218978735069138963e+01,2.030924222398022039e+01
3.458507410875569121e+01,8.360313799977687310e+00
1.276569506141771981e+01,6.136363356280726578e+01
1.199764538716297579e+01,6.947170493105998901e+01
5.292615650532698623e+01,3.569926598217245672e+00
8.445690202596314577e+01,1.401940900290829850e+00
1.116534186972808484e+01,8.021506681809307793e+01
1.364371727786677368e+01,5.371982349477905672e+01
3.975185312364837387e+01,6.328273518256482433e+00
6.733079120080510904e+01,2.205832667991000307e+00
2.991992399348561804e+01,1.117066500718400768e+01
6.019827885415116242e+01,2.759509231072360347e+00
4.490591584448442575e+01,4.958986017261938883e+00
1.164669734375133459e+01,7.372154365002715792e+01
1.054383129072942182e+01,8.995040093638560563e+01
1.098437346958513317e+01,8.287993827233383115e+01
9.724033107549281851e+01,1.057565177534337764e+00
1.134012302049794307e+01,7.776147112468898115e+01
1.687660769161761465e+01,3.510990787589819462e+01
2.180178052517671006e+01,2.103856302240600940e+01
1.048342010743107444e+01,9.099007443372508419e+01
2.990045274371947315e+01,1.118521847436813843e+01
1.199889776559824206e+01,6.945720354497041171e+01
1.097977430444720071e+01,8.294938566632440313e+01
1.603781808313419077e+01,3.887849403073945354e+01
3.243366461356816899e+01,9.506222105157469571e+00
7.439724495108559665e+01,1.806701035828933266e+00
5.479811934965312759e+01,3.330187544646094011e+00
8.945581078710290512e+01,1.249634156545437635e+00
1.192779549631448965e+01,7.028774835517945974e+01
1.052922154633810514e+01,9.020019415823851716e+01
1.163296122516075215e+01,7.389574619577211934e+01
4.338108642297125783e+01,5.313725941828310262e+00
6.489822751267770684e+01,2.374293091287119406e+00
4.548026810013871568e+01,4.834526751784519405e+00
1.911072631614933570e+01,2.738076727520640219e+01
4.426129909625438330e+01,5.104482119050767430e+00
1.220441621591087689e+01,6.713762584574907066e+01
1.096811066141791180e+01,8.312589855466056576e+01
1.014527810413641973e+01,9.715655051063662029e+01
5.889130908049253321e+01,2.883351463164749884e+00
1.357351210082400605e+01,5.427696198179025089e+01
1.779321042573444700e+01,3.158576285245151993e+01
1.151996213906818944e+01,7.535254005042887115e+01
5.663109481108047305e+01,3.118100326547455392e+00
1.008497550264706710e+01,9.832190959824056620e+01
1.071826470496950279e+01,8.704644579979540708e+01
1.042447389959096427e+01,9.202200835474134522e+01
5.033542403745403959e+01,3.946867408253234899e+00
2.529439332369870641e+01,1.562972961445156272e+01
5.288955705929409135e+01,3.574869068921135540e+00
1.117905790451563597e+01,8.001834940298358845e+01
1.306005610358337243e+01,5.862865279512683259e+01
4.502107459244611221e+01,4.933649427254805708e+00
1.096540901314172878e+01,8.316686457896597062e+01
1.002253772993024761e+01,9.955076468286269176e+01
3.920931163204330971e+01,6.504614522314722258e+00
1.241791139117321130e+01,6.484894077530580603e+01
1.215386772912278879e+01,6.769724402756907011e+01
1.027070111730666113e+01,9.479814028221105104e+01
1.909302437842166356e+01,2.743156250984196731e+01
1.047652761278906297e+01,9.110983833333847315e+01
1.143962903844251322e+01,7.641456004677426961e+01
1.094712524636793738e+01,8.344490531908503783e+01
2.042380120131146981e+01,2.397324649877521452e+01
7.254192069119042685e+01,1.900298824008719523e+00
1.110100184985542882e+01,8.114759442808490064e+01
1.022341488197226056e+01,9.567710567469102045e+01
1.078129523286047409e+01,8.603162425088177656e+01
6.686501706233364928e+01,2.236670864132430658e+00
2.697465206280498151e+01,1.374321361313751133e+01
1.275994087778160058e+01,6.141899075221581228e+01
2.412197281896779799e+01,1.718598199585929720e+01
1.150414980302758394e+01,7.555982499668913022e+01
7.419325855328025909e+01,1.816649353973572634e+00
5.953594012790965451e+01,2.821249974353076340e+00
3.167895422332271238e+01,9.964564606411014935e+00
4.397839883352927615e+01,5.170364642200913075e+00
1.186940490117155989e+01,7.098099936412816646e+01
1.080110753585491601e+01,8.571630078125566854e+01
1.958502866516245078e+01,2.607063305351691085e+01
2.019354829701004306e+01,2.452306363682280477e+01
4.573931967673348709e+01,4.779919677147473678e+00
3.552159690938228209e+01,7.925287697916104435e+00
1.275637697593376707e+01,6.145331426463363300e+01
1.050020634331077041e+01,9.069938300868723502e+01
1.043795398808616781e+01,9.178447831411716606e+01
8.718104385181523241e+01,1.315696958186111765e+00
1.223554353284209384e+01,6.679646308490302431e+01
7.487227906753057027e+01,1.783848198047714773e+00
9.122306383076370651e+01,1.201685141146063840e+00
5.738074221113875950e+01,3.037160038762150016e+00
3.225283627301192979e+01,9.613115849297990678e+00
4.264378953045846998e+01,5.499059484666181774e+00
8.366936024518891202e+01,1.428456775765853726e+00
1.288134979288760462e+01,6.026667794537459599e+01
1.385539658211769343e+01,5.209092600693263364e+01
1.048651188569167836e+01,9.093642844244790524e+01
5.330664265686047543e+01,3.519146433587897249e+00
1.033948446948387279e+01,9.354104763243756793e+01
6.136782148304425988e+01,2.655330519998542194e+00
1.015369148995828574e+01,9.699560867216847271e+01
1.296023372223586634e+01,5.953527072434351197e+01
2.181464842545483407e+01,2.101375012790719765e+01
5.399256488888229910e+01,3.430299833229129902e+00
8.894472259263979197e+01,1.264036544834691744e+00
1.223193433816227049e+01,6.683588726748469355e+01
1.173112347490704011e+01,7.266424878702564172e+01
5.404751654916469050e+01,3.423328010799083110e+00
1.134820439018581162e+01,7.765075837812548798e+01
9.185262097315334984e+01,1.185268911929626912e+00
5.403510492410558186e+01,3.424900838077173493e+00
6.303906540108086176e+01,2.516404588317182167e+00
3.051180302959896196e+01,1.074148325595760056e+01
2.447957874378766618e+01,1.668753232673600095e+01
1.502146339726296631e+01,4.431752641626953704e+01
9.546229064950563270e+01,1.097327587086752487e+00
1.207535575237702474e+01,6.858041854110581426e+01
1.291593011704696004e+01,5.994440128423324410e+01
7.599197023164076370e+01,1.731667837928016596e+00
6.786052844945760398e+01,2.171528459073453377e+00
1.125185858571017583e+01,7.898624526421920677e+01
3.751045149503845977e+01,7.107148941345511339e+00
1.702116537154866549e+01,3.451607608370662206e+01
9.322324082249662069e+01,1.150672162397403442e+00
1.101806447474692874e+01,8.237385314671470837e+01
1.040600867877696345e+01,9.234887994555799651e+01
3.289706630960355938e+01,9.240291236207994530e+00
1.072748324411914211e+01,8.689690535942455085e+01
3.815755073130176100e+01,6.868138105062289611e+00
1.105533565450294020e+01,8.181937058643181615e+01
1.148994548739343635e+01,7.574676043813705917e+01
1.083471225279677697e+01,8.518541358239764349e+01
1.038820167545055106e+01,9.266575216116575575e+01
1.219420923092805786e+01,6.725006602527733435e+01
1.109490165138506867e+01,8.123685209469989843e+01
4.371745986897796143e+01,5.232270158865016008e+00
1.084555363536909667e+01,8.501519339760648108e+01
9.028133390794896229e+01,1.226885590164646933e+00
3.964355812123083922e+01,6.362894852937253098e+00
6.871900007360314078e+01,2.117611745029674530e+00
1.319699714133487412e+01,5.741822393749226450e+01
1.156222351303173923e+01,7.480270082717822788e+01
2.663772323813155651e+01,1.409307604314621365e+01
1.335215347835783994e+01,5.609154060596454627e+01
3.685802373317035574e+01,7.360984602746181160e+00
1.069353018090230201e+01,8.744959469756466319e+01
3.470265225053826441e+01,8.303757609965851216e+00
1.004054677502658421e+01,9.919397009262890208e+01
2.209846831440683346e+01,2.047743962024853559e+01
4.878337864882593777e+01,4.202001944634965902e+00
1.083679723208802592e+01,8.515263771079362698e+01
1.864800583274414336e+01,2.875644577394371737e+01
5.020105204465757254e+01,3.968024663052075685e+00
7.156483236899072153e+01,1.952543343439023360e+00
7.877422987263095422e+01,1.611505039321282862e+00
2.387695612301053671e+01,1.754050437527212125e+01
4.770019073759640804e+01,4.395008999575751751e+00
5.952526157438283150e+01,2.822262303249295279e+00
1.105438871814431145e+01,8.183338873926804524e+01
2.110243016043680697e+01,2.245613739196888758e+01
1.101340446946511875e+01,8.244357614690373737e+01
4.467834799143950164e+01,5.009631569645339511e+00
9.801672965944540294e+01,1.040877411271670550e+00
1.186289978253643973e+01,7.105886673712862489e+01
5.259790024332906455e+01,3.614624482924440052e+00
1.060051798669433687e+01,8.899094640662454481e+01
1.065765069857119762e+01,8.803939216671342649e+01
1.041385297320500314e+01,9.220980769773879615e+01
8.731493156554307689e+01,1.311665102534334437e+00
1.025657117736887614e+01,9.505951704822041393e+01
1.041913148524272614e+01,9.211640120074679317e+01
8.439664798525964784e+01,1.403943414850866267e+00
1.292928559750792239e+01,5.982062448529921994e+01
2.329244633595829939e+01,1.843188672873789002e+01
1.373958343346164845e+01,5.297279261734987443e+01
1.123901560163956148e+01,7.916686583123545518e+01
1.261206315984798820e+01,6.286772228673960683e+01
5.749597260793169085e+01,3.024998405810898294e+00
9.021760229954034571e+01,1.228619597897535387e+00
1.208825828831868954e+01,6.843409653825305838e+01
1.106466256258114988e+01,8.168149017496494935e+01
1.114960869728587589e+01,8.044160892217193748e+01
8.634773463013914352e+01,1.341214079120490954e+00
8.556962799083297000e+01,1.365716989800367154e+00
1.031908231400859677e+01,9.391129869816177234e+01
1.192674161066095095e+01,7.030017061178467941e+01
2.747641455283160994e+01,1.324585143112512675e+01
7.692932039800197686e+01,1.689725695108251102e+00
7.829584736087218744e+01,1.631257579900593946e+00
7.406998117376232926e+01,1.822701418085715286e+00
6.545749001820068713e+01,2.333894946535599590e+00
1.426515177558880865e+01,4.914136395996359141e+01
4.162612273947351582e+01,5.771225967544975077e+00
1.231196465105703908e+01,6.596981712283431420e+01
2.993883828095765054e+01,1.115655501226636126e+01
1.082675848177780686e+01,8.531062079947889742e+01
1.009100964162836611e+01,9.820435730095302063e+01
1.706057229320541424e+01,3.435680810566122290e+01
1.207838195687525662e+01,6.854605758568246188e+01
1.036998350708238981e+01,9.299163179319465655e+01
1.152946558517936460e+01,7.522836887124327632e+01
4.815029494496079820e+01,4.313224828623133611e+00
1.135272358841895901e+01,7.758894954047818260e+01
1.442099332342071349e+01,4.808500310650348553e+01
1.410518816388035113e+01,5.026228540832708092e+01
1.069662254564081394e+01,8.739903912225734928e+01
1.155876443309085921e+01,7.484747849178765478e+01
3.931855620503674231e+01,6.468519267026966446e+00
1.261277724482366658e+01,6.286060385053153254e+01
1.006600040661039053e+01,9.869294596958833665e+01
1.183661801247685119e+01,7.137477219782405768e+01
2.015591431587988680e+01,2.461472527950077449e+01
1.197781023601664074e+01,6.970198454035882207e+01
4.183753323524359047e+01,5.713047820191898829e+00
2.872898626977040237e+01,1.211600367756313368e+01
1.064971780144319347e+01,8.817060081911188263e+01
2.533810953451632386e+01,1.557584373761819485e+01
1.760479285328233701e+01,3.226548230815221530e+01
4.201337681437650673e+01,5.665324903788762079e+00
1.112285570083987452e+01,8.082903499784731594e+01
1.133558240999183653e+01,7.782378027762378281e+01
6.204394936458857046e+01,2.597772592582504370e+00
5.567314828518509273e+01,3.226327409838457783e+00
1.632930458224432613e+01,3.750288001402307003e+01
1.344118881563302814e+01,5.535089354256751193e+01
1.055065249488939827e+01,8.983412913105239284e+01
1.240013149012851912e+01,6.503504111941255417e+01
2.522929224494123446e+01,1.571049486392245598e+01
1.434766438581950609e+01,4.857777079388596775e+01
6.453681153712844321e+01,2.400960359147452206e+00
1.853148118771297703e+01,2.911921974844663907e+01
3.906603128921182133e+01,6.552415256618103534e+00
1.010517253559133621e+01,9.792927377980673498e+01
8.767639361997875369e+01,1.300872235137141564e+00
3.809176974502793200e+01,6.891879874155918628e+00
6.339441585931577805e+01,2.488272793871578958e+00
1.164312674274793125e+01,7.376676699698354867e+01
1.897603038742876791e+01,2.777085594866072071e+01
4.045812163042568699e+01,6.109259440568742150e+00
4.247850360430826555e+01,5.541936958354435561e+00
1.103702332671155162e+01,8.209110075521067529e+01
1.321838805845533038e+01,5.723253795799855936e+01
2.701496249733410338e+01,1.370223028100997453e+01
8.782833716376941879e+01,1.296375095192027871e+00
1.102079801478252818e+01,8.233299507093806824e+01
5.664170279964037746e+01,3.116932505891972127e+00
4.066732930370979915e+01,6.046564571892738549e+00
8.744967688849234833e+01,1.307626103645588067e+00
1.422697219504537536e+01,4.940546993042459434e+01
1.090826761876454754e+01,8.404046207736129759e+01
9.471426297104387970e+01,1.114728826014381058e+00
3.364828708786178879e+01,8.832305419442054273e+00
7.068171703084020407e+01,2.001639293570188105e+00
2.325551967103757178e+01,1.849046795917873354e+01
7.296666320507347336e+01,1.878239750171913247e+00
1.135419647320385117e+01,7.756882091732863671e+01
1.007832458963509303e+01,9.845172209510967321e+01
1.040068732106915128e+01,9.244340199456894425e+01
7.869003612881536469e+01,1.614955316719259404e+00
1.153684368209925104e+01,7.513217883342373682e+01
2.085911235071235836e+01,2.298308659632932560e+01
5.113134718455626171e+01,3.824947945032014296e+00
2.459032653907790333e+01,1.653755906488677496e+01
1.684390741126233593e+01,3.524636294546244386e+01
1.375799779214573171e+01,5.283108490414249303e+01
1.114011735968867889e+01,8.057873920390491662e+01
1.089639687607929197e+01,8.422367238558071278e+01
1.336374318897488145e+01,5.599429198012602882e+01
4.390410122068557541e+01,5.187878759516022953e+00
8.798819301498046741e+01,1.291668897963951457e+00
9.235253251831505850e+01,1.172471733718965403e+00
8.123939149500770895e+01,1.515188538443882127e+00
2.067352088478478223e+01,2.339758888056461572e+01
1.296521807362265477e+01,5.948950401726443715e+01
1.199953459990088511e+01,6.944983133304596379e+01
1.295843559064958939e+01,5.955179427418130444e+01
1.078131354291867083e+01,8.603133203366671466e+01
1.181551629468370201e+01,7.162994094146667123e+01
1.040144792710946575e+01,9.242988263849139230e+01
1.594786540961099952e+01,3.931831306602555287e+01
1.090803423423317575e+01,8.404405831720826825e+01
4.203906924659759881e+01,5.658402224481159593e+00
1.060912673205095658e+01,8.884658210765455522e+01
2.664480772054607982e+01,1.408558273509727954e+01
5.550000128327371129e+01,3.246489582845236033e+00
1.065054602713295573e+01,8.815688841091390771e+01
1.904759217912358693e+01,2.756257775926967568e+01
8.403156627322535144e+01,1.416168998732899809e+00
1.218855747574148829e+01,6.731244732523684604e+01
1.167074560276433459e+01,7.341804149509323452e+01
2.210814754480451327e+01,2.045951297423669146e+01
3.610388927719758101e+01,7.671707264334627574e+00
1.278246814968712997e+01,6.120269714004895434e+01
9.804669658388814923e+01,1.040241242403370459e+00
1.033536737101443848e+01,9.361558671675236099e+01
2.144555838921479562e+01,2.174329122034477635e+01
1.095497526487884699e+01,8.332535975321198407e+01
1.210179057107000489e+01,6.828113540891393995e+01
1.144328162002448934e+01,7.636578629825439180e+01
2.274663594000445244e+01,1.932705339255256405e+01
1.025819164103701908e+01,9.502948674027510378e+01
1.020093337365842068e+01,9.609928976113251053e+01
2.319562235591583743e+01,1.858608594588087470e+01
1.024146540702938069e+01,9.534014216575319267e+01
2.917078802675954918e+01,1.175178066423881518e+01
1.134370685663112255e+01,7.771234426503019677e+01
6.050249884941133871e+01,2.731828149786202253e+00
1.067523000569212321e+01,8.774967527854302318e+01
3.709712337174092056e+01,7.266403850143304588e+00
1.307596244776851258e+01,5.848610109843765770e+01
1.110683897905621897e+01,8.106232362744999875e+01
1.398878812843517849e+01,5.110222561565395694e+01
2.243322439011872405e+01,1.987085705311789852e+01
1.123724078087599842e+01,7.919187519001125963e+01
8.893378727667163730e+01,1.264347416310056982e+00
1.159891796908553552e+01,7.433015629905735011e+01
1.636709937279816884e+01,3.732987722074615533e+01
3.485217900768695642e+01,8.232659016781648020e+00
1.708864788278645364e+01,3.424400862949017466e+01
4.262155034891899419e+01,5.504799608465732241e+00
1.033511920132211870e+01,9.362008261657362596e+01
8.312153130703813986e+01,1.447347879470801235e+00
1.134614567825042641e+01,7.767893976246881493e+01
2.125769078321996020e+01,2.212930777791121173e+01
1.353736301256811458e+01,5.456722270014786602e+01
1.335816342362891973e+01,5.604107988843514931e+01
6.400993826447101753e+01,2.440648197170301792e+00
1.357930713500036468e+01,5.423064596117217917e+01
1.271931080875886089e+01,6.181200631219476094e+01
5.931352595585066467e+01,2.842447920089650193e+00
5.065851400042827635e+01,3.896683276129464524e+00
3.327245818314018777e+01,9.032962851428626649e+00
1.467435092634672422e+01,4.643892935936010247e+01
4.865341133846671084e+01,4.224481450256121207e+00
1.057307017223316592e+01,8.945358922731455209e+01
1.431304417850365063e+01,4.881305357505772236e+01
2.525601695187864237e+01,1.567726426902107839e+01
2.068052751274879597e+01,2.338173721246280223e+01
3.989161471134773507e+01,6.284008566255648631e+00
2.740445244145854176e+01,1.331550806479575577e+01
1.023924075481099827e+01,9.538157525730778730e+01
4.564349989100979599e+01,4.800009794399376695e+00
2.213341357326326175e+01,2.041282920459735095e+01
2.945248950418227452e+01,1.152805341777807868e+01
1.852115604995499609e+01,2.915169544922445866e+01
1.052732921905730912e+01,9.023262472548300650e+01
2.590417430428307455e+01,1.490254673918893147e+01
1.089611160000398549e+01,8.422808264019613489e+01
2.172622829827132307e+01,2.118513922510510028e+01
2.246702833915865938e+01,1.981110655134431298e+01
4.129587654165919020e+01,5.863900902987357888e+00
1.356513515366574296e+01,5.434401853909574243e+01
1.330228657806503456e+01,5.651287479941378677e+01
7.909578362854001909e+01,1.598428939281014260e+00
3.747888752643637389e+01,7.119124979263949271e+00
1.677178436250645888e+01,3.555015184368953385e+01
2.553692410386183553e+01,1.533426020575303461e+01
2.299126683279580163e+01,1.891795536079107265e+01
4.606953102519938170e+01,4.711643442607944543e+00
1.136950303913352300e+01,7.736010237644724441e+01
2.073103130653897708e+01,2.326795338411465508e+01
1.025383177838240911e+01,9.511031576135013665e+01
2.092841821285354698e+01,2.283111857091306973e+01
2.717235890445278201e+01,1.354394917534424536e+01
3.971367100572321363e+01,6.340447816622828192e+00
9.312789501309902107e+01,1.153029521188347450e+00
3.211436339865829837e+01,9.696195538604147401e+00
6.070230317730815983e+01,2.713873879676605760e+00
9.409348280256328678e+01,1.129486155895819133e+00
1.739889824066266399e+01,3.303364549588403776e+01
1.405884052339050427e+01,5.059423002544014025e+01
2.280935224544255746e+01,1.922091666810951338e+01
2.271247039138684798e+01,1.938524310227817438e+01
1.363391679745322627e+01,5.379708218879531501e+01
3.143496159988336558e+01,1.011985131392694726e+01
1.253460949883055697e+01,6.364706519504863280e+01
1.036340690777922191e+01,9.310969388541816727e+01
3.869666150357766554e+01,6.678101305630107731e+00
1.989339377511461748e+01,2.526866172471324745e+01
1.007342296718748642e+01,9.854755656570274880e+01
1.283575309428455746e+01,6.069561146393611040e+01
1.102544981914343758e+01,8.226353465060461190e+01
4.458983660559019313e+01,5.029539672175390663e+00
4.334729323137557344e+01,5.322014244982592679e+00
1.193138379679390226e+01,7.024547737647851875e+01
1.828265754995635461e+01,2.991722796747939483e+01
5.774218842977777655e+01,2.999255892417188818e+00
6.110353773347111428e+01,2.678349754323360088e+00
1.147915382629107484e+01,7.588924787563409780e+01
6.673020318054008726e+01,2.245717408556490380e+00
8.590975497924945614e+01,1.354924323302592493e+00
2.267700878236269091e+01,1.944591860060130628e+01
8.598544795805159424e+01,1.352539893855378539e+00
1.212783495880003137e+01,6.798818437710818330e+01
1.229301208963270753e+01,6.617338982171349926e+01
1.204832278001331503e+01,6.888851327575484618e+01
9.971799516500162497e+01,1.005664044743040941e+00
2.006957749106770450e+01,2.482695977284386046e+01
2.191748539968731180e+01,2.081701945822450739e+01
9.345000875260784312e+01,1.145094443317437705e+00
1.116914586924110786e+01,8.016043665808611252e+01
4.521132756171394362e+01,4.892214390359320042e+00
1.834148414827455653e+01,2.972562881109821475e+01
7.464815688602327270e+01,1.794575860782944288e+00
2.126734391693413428e+01,2.210922358799343712e+01
2.262058610672411518e+01,1.954304774814404766e+01
2.436668258050918467e+01,1.684252451850306542e+01
5.129883042314905595e+01,3.800012916025244714e+00
1.303788046342910434e+01,5.882826094156987295e+01
1.320724948838124391e+01,5.732911483478807213e+01
7.380472742550925602e+01,1.835826517498584387e+00
1.459906202612867432e+01,4.691914533470880144e+01
2.326982204606564864e+01,1.846774528131448534e+01
1.041991411581176052e+01,9.210256415693571341e+01
1.516424733251619195e+01,4.348688315347632738e+01
3.771174803744337822e+01,7.031478819506292055e+00
4.895473891646621212e+01,4.172636209751407144e+00
1.170821227361005334e+01,7.294891293518924158e+01
1.965573799045550274e+01,2.588339804918479459e+01
2.273110646286075465e+01,1.935347019361420706e+01
1.466987400683212250e+01,4.646727794268537082e+01
3.630358340392852057e+01,7.587540290262339227e+00
6.015027367677438264e+01,2.763915647988597346e+00
1.077229195173198839e+01,8.617549160740020397e+01
1.558235058153614006e+01,4.118452464547209502e+01
5.225031373773804688e+01,3.662875816975406984e+00
1.076783069260057957e+01,8.624691376317188940e+01
6.243669606056665344e+01,2.565193748218993708e+00
2.072771342696081120e+01,2.327540297051926288e+01
2.006044388963866254e+01,2.484957255038559509e+01
2.084900109923545841e+01,2.300538446262549996e+01
3.371091284767039298e+01,8.799519831141790149e+00
7.890920949880353419e+01,1.605996574405442745e+00
1.140576855950845214e+01,7.686893964670736068e+01
5.815788440695370554e+01,2.956533471798066248e+00
2.424400485947235850e+01,1.701340636406231610e+01
1.767042009312156026e+01,3.202626191730470850e+01
4.124880645457687223e+01,5.877291438784654432e+00
1.136907463350105374e+01,7.736593260081789936e+01
3.279363724300326766e+01,9.298669745585694812e+00
1.136268453230943543e+01,7.745297455808371012e+01
1.242225791008275237e+01,6.480356773007416393e+01
6.625749669213803372e+01,2.277875339377802177e+00
6.826941431814496752e+01,2.145594493226910426e+00
2.265547967443325561e+01,1.948289439681664703e+01
4.705063356970737232e+01,4.517197178851771966e+00
1.025414778381778902e+01,9.510445376008746621e+01
4.979616767963559454e+01,4.032813689360053466e+00
1.115395530839611915e+01,8.037892617802444306e+01
1.078625472149396991e+01,8.595252825655650497e+01
2.830116967382204862e+01,1.248507713498242389e+01
6.311751166043865169e+01,2.510153395901733919e+00
1.096068042502253448e+01,8.323863871374371115e+01
1.016567958617051914e+01,9.676697524831594421e+01
9.654315705461145569e+01,1.072894470123674227e+00
5.225082562884162485e+01,3.662804048373200061e+00
7.468436505613811960e+01,1.792836204651627297e+00
1.298673195453649676e+01,5.929256609528501798e+01
1.500155097985372343e+01,4.443525487802646978e+01
2.422641641887337727e+01,1.703811888499738103e+01
8.445349136636217224e+01,1.402054137521539401e+00
1.314278792829954945e+01,5.789285929103297690e+01
7.922739690067662366e+01,1.593122700954018978e+00
1.944492470542915896e+01,2.644767310633366009e+01
2.871454534961685923e+01,1.212819333517127340e+01
1.924000137013038980e+01,2.701405643061110595e+01
2.921263684682389083e+01,1.171813454785825215e+01
7.768848737768716717e+01,1.656863263266452169e+00
1.931535409080531096e+01,2.680369403711889831e+01
1.043614125536811343e+01,9.181636657103987886e+01
4.337892649653846178e+01,5.314255117803077688e+00
1.065628307420831433e+01,8.806199151831518179e+01
3.966324546546125873e+01,6.356579816912629077e+00
1.119997936237586345e+01,7.971968154497851344e+01
2.900169763562758263e+01,1.188921441094593945e+01
1.157484665311147687e+01,7.463963515240996571e+01
2.285612615994994812e+01,1.914232788284123643e+01
1.129171648175156939e+01,7.842961258589268425e+01
4.839217213466130829e+01,4.270215251687218050e+00
1.965452346604475053e+01,2.588659700642138972e+01
1.681344261379297578e+01,3.537420661613848694e+01
1.617770761858595563e+01,3.820903204635123274e+01
3.914913489001162361e+01,6.524626578525070109e+00
8.018811317313215170e+01,1.555177666049352592e+00
1.307458219293610746e+01,5.849845024787840941e+01
1.121530132782308087e+01,7.950200966791801704e+01
1.911644254940178556e+01,2.736439483025023023e+01
1.063226069519467742e+01,8.846037308855129311e+01
1.065155886640413208e+01,8.814012382000919388e+01
2.573369535173917910e+01,1.510065166184612195e+01
5.302133566467376369e+01,3.557121276185460701e+00
2.167054342780264875e+01,2.129415424930830625e+01
3.733367742883458362e+01,7.174612642781828420e+00
2.368484863347335434e+01,1.782619992315623492e+01
1.006538143990065137e+01,9.870508451131902916e+01
5.245261369197237400e+01,3.634676243707484211e+00
1.276583354578178842e+01,6.136230221884958524e+01
1.495883558953752512e+01,4.468938953182805562e+01
1.100187082407393291e+01,8.261652371282090712e+01
1.145050753395284815e+01,7.626943450164759497e+01
5.869451750613514918e+01,2.902718536021403395e+00
2.915395286421750143e+01,1.176535688572366567e+01
1.433898302941313219e+01,4.863661019743862823e+01
1.616711712663355627e+01,3.825910714382154509e+01
1.007626167287743613e+01,9.849203833620354942e+01
1.830355253518407110e+01,2.984896108620597133e+01
1.903286880296304773e+01,2.760523776692587461e+01
5.459840113297678954e+01,3.354595423024119949e+00
1.662884912698213924e+01,3.616392950715348320e+01
1.974701706080103847e+01,2.564466305375941957e+01
1.600156705829764903e+01,3.905484947212652713e+01
1.231161140707096102e+01,6.597360278089340113e+01
1.246173323198917160e+01,6.439365846515309499e+01
2.837214492859669690e+01,1.242269037026653145e+01
1.134490694354741436e+01,7.769590400062725166e+01
3.611394867072778680e+01,7.667434013849061536e+00
1.100482698587722474e+01,8.257214409480506845e+01
2.457266248165148426e+01,1.656134365791567475e+01
1.276941544110844085e+01,6.132788208146615716e+01
1.994544083371397747e+01,2.513695808448277091e+01
5.896171705162904431e+01,2.876469380145664445e+00
2.121473873210264571e+01,2.221900592377693329e+01
2.051545451776958018e+01,2.375952279492860697e+01
1.045969519001852888e+01,9.140331405580522528e+01
1.252258183594151575e+01,6.376938710744747851e+01
3.269977209369264415e+01,9.352130286165767359e+00
1.017724503384201462e+01,9.654716773057690204e+01
4.269754631591624161e+01,5.485221421506386363e+00
1.034468006473722035e+01,9.344710961339755784e+01
1.240369775340158576e+01,6.499764924787403686e+01
3.600327479161640554e+01,7.714645771250674855e+00
2.813550960318392669e+01,1.263253262702826873e+01
1.035910182830136783e+01,9.318709980947161853e+01
3.030326624410384184e+01,1.088983042169332549e+01
2.165731459231094647e+01,2.132017621025662635e+01
1.694033620163603615e+01,3.484624210019103430e+01
1.928119453512763570e+01,2.689875177238498694e+01
6.125034384835134915e+01,2.665526090511025181e+00
1.041228147062995113e+01,9.223764384219354895e+01
1.084567974325092088e+01,8.501321638484445486e+01
1.424107096393319161e+01,4.930769476926151640e+01
1.528020032320350552e+01,4.282939150692418195e+01
1.663254472885447299e+01,3.614786069265260693e+01
1.576796040551169753e+01,4.022063829924391598e+01
1.878117495027530381e+01,2.835009271404740971e+01
2.213836631596804594e+01,2.040369680696553090e+01
1.169425551668253505e+01,7.312314169204559278e+01
5.685341516028380227e+01,3.093761884653686511e+00
3.472179141354900622e+01,8.294605825879449057e+00
1.353498985411948219e+01,5.458635947374264674e+01
2.543525034420203212e+01,1.545709823474920697e+01
6.240845137078206761e+01,2.567516173961104098e+00
6.511917398875455376e+01,2.358208681691121633e+00
2.794065827892935161e+01,1.280933938058745802e+01
5.697574035793822844e+01,3.080491718206739726e+00
7.553000634565877647e+01,1.752915404638707431e+00
1.038375166805361616e+01,9.274519389973818306e+01
1.098038414609154501e+01,8.294017203876336453e+01
7.673263777155212040e+01,1.698399073926271097e+00
5.116077801033836181e+01,3.820548520238913781e+00
1.513344378173173155e+01,4.366409512651351577e+01
1.201441777582809500e+01,6.927787229908607003e+01
3.065308749580002612e+01,1.064269338367698836e+01
1.095780619194208683e+01,8.328231143838468142e+01
1.202945689702312926e+01,6.910475940579429732e+01
3.853495329241543033e+01,6.734266920464755835e+00
4.330578549399294985e+01,5.332221224651878089e+00
1.038971891051281204e+01,9.263868974230760500e+01
3.327854855974947412e+01,9.029656871215136604e+00
1.887066865589296327e+01,2.808183103250244628e+01
2.018134817415694471e+01,2.455272219270252876e+01
1.088314510520652689e+01,8.442890576443345196e+01
4.623286787830182476e+01,4.678410567020142352e+00
1.618510264910577234e+01,3.817412433972690167e+01
1.025237836878702247e+01,9.513728395133239246e+01
2.384523452518746112e+01,1.758720409853154720e+01
1.587175304359585937e+01,3.969631608789510580e+01
1.100854611871493915e+01,8.251636108869195141e+01
1.505746832761794707e+01,4.410583854353907896e+01
1.427915921582617642e+01,4.904499874890741040e+01
9.296561309511062632e+01,1.157058519692605314e+00
8.509907913376622446e+01,1.380862001476011125e+00
2.233614574167666689e+01,2.004396014908244794e+01
2.109625550996956633e+01,2.246928466269234903e+01
1.011234959372908548e+01,9.779031602932144551e+01
1.799306332427952881e+01,3.088799961444092901e+01
1.507230330166109056e+01,4.401905857981863335e+01
1.209124993360129174e+01,6.840023647982276600e+01
2.108839381849567118e+01,2.248604075249629020e+01
1.662698368747977185e+01,3.617204467804791079e+01
1.632281514681910650e+01,3.753270586140688181e+01
1.463749931056476328e+01,4.667305457529275969e+01
1.108645370830382859e+01,8.136070518550802433e+01
1.888855815778645209e+01,2.802866317649557359e+01
1.390976131684616846e+01,5.168453869223981201e+01
1.895615047517325635e+01,2.782913483531877574e+01
1.263326578511766130e+01,6.265687542980184332e+01
1.051768173503521986e+01,9.039823480464141880e+01
1.060366545549275763e+01,8.893812417112903290e+01
1.702269392869157016e+01,3.450987760230594859e+01
5.305988016728587553e+01,3.551955125409271385e+00
4.369862093275761339e+01,5.236782504979205832e+00
3.807583413106763004e+01,6.897649902420230461e+00
2.852895659495085212e+01,1.228650108900333571e+01
1.940539218812534727e+01,2.655554086502605671e+01
5.781022981395748417e+01,2.992199929206696751e+00
1.880904706668617621e+01,2.826613400831401890e+01
1.216163605158524952e+01,6.761078755738382995e+01
1.399289881373833921e+01,5.107220548683931582e+01
1.031123453153107938e+01,9.405430308860975686e+01
1.003791447152550376e+01,9.924600139286685874e+01
5.363243421229913110e+01,3.476522004510801178e+00
1.675251448246425667e+01,3.563198327933643128e+01
2.523768952522069142e+01,1.570004196719889755e+01
5.949694504691792929e+01,2.824949355010635710e+00
2.453262409499685859e+01,1.661544554076397517e+01
5.853008983389767650e+01,2.919050568698160042e+00
2.242499870105097060e+01,1.988543734108481686e+01
1.186739854768284808e+01,7.100500209962400788e+01
2.543996731007951695e+01,1.545136679298521543e+01
2.586577436900903493e+01,1.494682777279936481e+01
1.117027923626263686e+01,8.014417088989659987e+01
1.404838152717951871e+01,5.066959270551540584e+01
1.516134352632950844e+01,4.350354257061741947e+01
1.125353683571335850e+01,7.896268844221651761e+01
1.272305633492967303e+01,6.177561813580285133e+01
6.165299960662162704e+01,2.630822682430201453e+00
3.339695073004575221e+01,8.965744702417419276e+00
1.554379435200751125e+01,4.138909366629579267e+01
1.041322807179294685e+01,9.222087511460465237e+01
2.828737865316711009e+01,1.249725386799974558e+01
2.015998182684651141e+01,2.460479366690112712e+01
1.980394073731297766e+01,2.549745088587486919e+01
1.143047849925973658e+01,7.653695462683668893e+01
2.182733727843080374e+01,2.098932544617709439e+01
2.130306860317506690e+01,2.203513259052315476e+01
1.032496433285179371e+01,9.380432870465261885e+01
1.306894956911966332e+01,5.854888594179082162e+01
3.958561662808926229e+01,6.381535231705557365e+00
1.141250961416359821e+01,7.677815774083207145e+01
1.296086828893679765e+01,5.952944114955667487e+01
6.116058023746362693e+01,2.673356062976019576e+00
1.050710636045636193e+01,9.058029754671763101e+01
1.773792560096137549e+01,3.178296005198469132e+01
5.191886394784145864e+01,3.709792663848961336e+00
1.040133415273085937e+01,9.243190472716244699e+01
1.240812776141022766e+01,6.495124600132750459e+01
1.024094739610182536e+01,9.534978746176474829e+01
5.236299704795631271e+01,3.647128022198260933e+00
2.288890442752105869e+01,1.908754124394447160e+01
4.979208416148554051e+01,4.033475189815725948e+00
2.720606121072666639e+01,1.351041403097428173e+01
1.604368581703131724e+01,3.885006079630660736e+01
3.604642141963512358e+01,7.696188364088447642e+00
1.869763893448227421e+01,2.860397975947796567e+01
3.237997092897957430e+01,9.537775394360140879e+00
1.185119174712867540e+01,7.119933711354211425e+01
1.688750108485965740e+01,3.506462673274359076e+01
1.221759470796406966e+01,6.699286814009705893e+01
1.010852952939762517e+01,9.786424090301255774e+01
3.825048000436330398e+01,6.834806457038383520e+00
1.023578607164871279e+01,9.544597064946663068e+01
1.460197048842194789e+01,4.690045621673741749e+01
4.484610024637941450e+01,4.972223401631018724e+00
1.375650411890710600e+01,5.284255826410907275e+01
2.267079307150503453e+01,1.945658313947760831e+01
3.231939740391057825e+01,9.573560596127865807e+00
4.271661674958929211e+01,5.480324863249944833e+00
1.542600394127419960e+01,4.202358742341620967e+01
1.028962455532339249e+01,9.444977826890141159e+01
2.766040024097241101e+01,1.307022548585110400e+01
2.300280935466576437e+01,1.889897453764602986e+01
1.996141684608009115e+01,2.509673772820618964e+01
1.059608114182558403e+01,8.906548749085062866e+01
1.059028757499020301e+01,8.916296321948948389e+01
3.276445752344039164e+01,9.315239737530005115e+00
3.737251443724493782e+01,7.159708871064088598e+00
3.333888724121243285e+01,8.997001639133996420e+00
1.050829650627259859e+01,9.055978087071983396e+01
1.676659913411607405e+01,3.557214368102219026e+01
1.424766411366677232e+01,4.926207075775342759e+01
1.450315356043170922e+01,4.754174401940080941e+01
2.044350092021783638e+01,2.392706667105363039e+01
1.067020165094836237e+01,8.783239920020756131e+01
1.428132166907954392e+01,4.903014725406126217e+01
1.264271587384948958e+01,6.256324179219976855e+01
1.875314153914970206e+01,2.843491517694987181e+01
1.187948113386188886e+01,7.086063758550075420e+01
1.808320563782955759e+01,3.058082221628522746e+01
1.007272830976032907e+01,9.856114953684713953e+01
1.780716177171706960e+01,3.153628935541300748e+01
6.486695638512075845e+01,2.376582846279341243e+00
2.221080283393589028e+01,2.027082788809405045e+01
4.862108400497599092e+01,4.230100889795349595e+00
1.628363703234413862e+01,3.771352905142876466e+01
1.011783416397398483e+01,9.768432645040134332e+01
2.462265678525594836e+01,1.649415900888612541e+01
1.489734317594855639e+01,4.505908364868516003e+01
1.334769791021625629e+01,5.612899446439170958e+01
2.255254867690328169e+01,1.966114211011885260e+01
7.212801906859475309e+01,1.922170865418835417e+00
2.343025762753973851e+01,1.821570029538829516e+01
3.200170719968978261e+01,9.764583091381304314e+00
1.544441755545732242e+01,4.192344187409162259e+01
1.326413796714635929e+01,5.683841241394308952e+01
1.855732364648115151e+01,2.903817484290976125e+01
1.112058619150531236e+01,8.086202983550873569e+01
1.560144578256040937e+01,4.108377173841808627e+01
2.745966774850007752e+01,1.326201283019771360e+01
1.229530018322605400e+01,6.614876304259624362e+01
2.046932885711240502e+01,2.386672303316787236e+01
1.177252078949539005e+01,7.215410895949347037e+01
1.620834642796413760e+01,3.806471469962095711e+01
1.907352472770607932e+01,2.748768001547725248e+01
1.929189770293292483e+01,2.686891313294587746e+01
2.754886831779985101e+01,1.317626964140439227e+01
1.122474367670266915e+01,7.936831040636604939e+01
1.236243939126516800e+01,6.543221906181275926e+01
1.358438016795560976e+01,5.419014908451605095e+01
1.587782781269602594e+01,3.966594671663713001e+01
1.556596999905318590e+01,4.127124991461401038e+01
1.154287976894550560e+01,7.505362204507279955e+01
8.529430828876382975e+01,1.374547957721552915e+00
3.919129520065262540e+01,6.510596303578163990e+00
1.235401816181477130e+01,6.552145440642165397e+01
1.028354843981238531e+01,9.456142403187142520e+01
5.951896185524885396e+01,2.822859773373179948e+00
1.122447436294728718e+01,7.937211908969007368e+01
3.083978497380118711e+01,1.051422623077936080e+01
2.174966191838122143e+01,2.113951303875928289e+01
4.387354991093013012e+01,5.195106425192812516e+00
6.274395387494519838e+01,2.540131700858267116e+00
1.410053749755601515e+01,5.029544608275159590e+01
4.186159294079522653e+01,5.706482625788611429e+00
1.628326871725956337e+01,3.771523517309011453e+01
3.124717958168589149e+01,1.024184863961154690e+01
3.068154960025671585e+01,1.062295690008352267e+01
1.016072402369884919e+01,9.686138815209388042e+01
3.583100556454264307e+01,7.789005440137692027e+00
2.673120424160133979e+01,1.399467933083575844e+01
7.745229596820337292e+01,1.666983907388465802e+00
1.643996036396779559e+01,3.699972257442703949e+01
1.272912115818635748e+01,6.171676584781415897e+01
1.133860856901653769e+01,7.778224507401151300e+01
1.161373680625153249e+01,7.414059048290246778e+01
1.178789383564628501e+01,7.196603377512101929e+01
3.605858908758349912e+01,7.690995212218179056e+00
1.586240779621371466e+01,3.974310358406338395e+01
1.048684797150107606e+01,9.093059981720179508e+01
2.301158820995178544e+01,1.888455747841040377e+01
1.579883098411331588e+01,4.006361132506664546e+01
2.650540634143855812e+01,1.423413455408852890e+01
1.678494603484789494e+01,3.549442142894822183e+01
1.351871775442604751e+01,5.471784668590805012e+01
1.235980193007763006e+01,6.546014723607814290e+01
1.174952246660359378e+01,7.243685195006715105e+01
3.702365663176176724e+01,7.295270186116328048e+00
2.544159759743921612e+01,1.544938662167024290e+01
1.496170904394776002e+01,4.467222563805587754e+01
1.024387814370748728e+01,9.529523660066223556e+01
1.048731952886518748e+01,9.092242269819021772e+01
1.658183608110093843e+01,3.636928513249030459e+01
1.270101160947512575e+01,6.199024802862150096e+01
1.198785285895952590e+01,6.958525011684211847e+01
2.875836696714319984e+01,1.209125993617873540e+01
1.563635310599517503e+01,4.090054183882622141e+01
4.505983411671845573e+01,4.925165434172388501e+00
2.026016096405860267e+01,2.436207170435368496e+01
1.270383982725086192e+01,6.196264969487614849e+01
1.805621302387325144e+01,3.067232239115606873e+01
1.413640220505043033e+01,5.004056605968465732e+01
3.761770882317136966e+01,7.066678264823162969e+00
1.187120647035309950e+01,7.095945690709895359e+01
1.354110019724104319e+01,5.453710703088737688e+01
2.470987019218345893e+01,1.637793232060124637e+01
1.286344579668010901e+01,6.043455913427246884e+01
4.723149445439108263e+01,4.482668520731490247e+00
1.095807131156667680e+01,8.327828162192943751e+01
1.557443162333074049e+01,4.122641656824445278e+01
1.267659931316189592e+01,6.222923664506824082e+01
3.087874186334589410e+01,1.048771328713084294e+01
3.573960059274292433e+01,7.828897561545139716e+00
1.929257786465102953e+01,2.686701863402497281e+01
2.034945041884810379e+01,2.414874862094535146e+01
4.309881476309699622e+01,5.383557375665688483e+00
1.306591350887671332e+01,5.857609852009443330e+01
2.372664202356123653e+01,1.776345516816448722e+01
1.434352853707384234e+01,4.860578890356875092e+01
1.767117764151182513e+01,3.202351609881767303e+01
1.096527670113555253e+01,8.316887164935538124e+01
2.232225017449871274e+01,2.006892258632865733e+01
1.512692893020626528e+01,4.370171364837423766e+01
4.032289489727453002e+01,6.150304135421291285e+00
2.198050416189759915e+01,2.069782453761720475e+01
1.320902411396515674e+01,5.731371159548644556e+01
8.499935590311986289e+01,1.384104021305150978e+00
2.511603196134175420e+01,1.585250671803635214e+01
1.536551608754380105e+01,4.235509856123849204e+01
1.476841212483606292e+01,4.584926664927466078e+01
2.044399695744184697e+01,2.392590558970849557e+01
7.518427095712711150e+01,1.769074059409252442e+00
1.613189557600033908e+01,3.842635545675319975e+01
4.215508484987791604e+01,5.627299944908283891e+00
2.691799984242535615e+01,1.380112303308195010e+01
2.536785769459121909e+01,1.553933446528088602e+01
3.013050562797514687e+01,1.101506744094793788e+01
1.090438572319870403e+01,8.410030852345184371e+01
1.169048795031467591e+01,7.317028098742397901e+01
4.147075554949361731e+01,5.814549933255351633e+00
2.859329222243053792e+01,1.223127341715847649e+01
1.139577659895291895e+01,7.700379805386745602e+01
1.008979358169552754e+01,9.822803064566410569e+01
1.193084666660750415e+01,7.025180246249141192e+01
1.991363512934163182e+01,2.521731881470472558e+01
1.853105523913490060e+01,2.912055841293555858e+01
1.085990925158696641e+01,8.479058031606044210e+01
1.572871215297778313e+01,4.042161588738004241e+01
3.454658706433504278e+01,8.378951994274894233e+00
5.902455843946228953e+01,2.870347687496181521e+00
1.994258957019720668e+01,2.514414644032437351e+01
3.293791460029387252e+01,9.217386564934150428e+00
1.158408440895784253e+01,7.452063950651030666e+01
1.084664573328647563e+01,8.499807469678812311e+01
1.277259319722561770e+01,6.129736974834398922e+01
1.205954213084927318e+01,6.876039483279065223e+01
2.659982297337160873e+01,1.413326517052525588e+01
6.927311597936227372e+01,2.083869670379360883e+00
8.205022187351038099e+01,1.485389947451249748e+00
1.855479923361945893e+01,2.904607676927633975e+01
1.010326955328382326e+01,9.796616782186551120e+01
2.415154941734988014e+01,1.714391499318151801e+01
1.156410396204646318e+01,7.477837534050128454e+01
2.777663838229522142e+01,1.296106325813169668e+01
4.545345983385020361e+01,4.840231202066152427e+00
1.411933287235291878e+01,5.016163061547832314e+01
3.090361091285645045e+01,1.047084053286539174e+01
3.742647347478482800e+01,7.139078954828693035e+00
1.237798589949552763e+01,6.526795910513389742e+01
1.624431846840912286e+01,3.789631743722442536e+01
3.904026813414813546e+01,6.561066149583965057e+00
2.115411842681842813e+01,2.234653218604105263e+01
2.928626491451772296e+01,1.165928791432940237e+01
1.074606179504482917e+01,8.659669807385117224e+01
1.614018604490123110e+01,3.838688990338174989e+01
2.567270110158740692e+01,1.517249038725465660e+01
1.247637323130997267e+01,6.424262579008801310e+01
1.359597863705457854e+01,5.409773136365529922e+01
6.961905080213330166e+01,2.063211759810596568e+00
4.360005756969991353e+01,5.260486065952506785e+00
1.853691970949467205e+01,2.910213575800723973e+01
1.152605721651204718e+01,7.527286698910425855e+01
1.793328970087679863e+01,3.109424895599427074e+01
1.306073759987489247e+01,5.862253458522641125e+01
3.278140835515364415e+01,9.305608654253996193e+00
3.197364191011665469e+01,9.781732600122756693e+00
2.661208341630746688e+01,1.412024550780229859e+01
2.334433021492299076e+01,1.835004629548818400e+01
1.986285354587847607e+01,2.534642537469515844e+01
1.015616428155675521e+01,9.694838203805666410e+01
4.140776533872760012e+01,5.832253777117987426e+00
1.651783471183577490e+01,3.665167003426191883e+01
1.234988283145741406e+01,6.556534117476429913e+01
1.067077845219296428e+01,8.782290402267061324e+01
1.063214474676858146e+01,8.846230250113991644e+01
3.111077331010402247e+01,1.033185701616706709e+01
2.212283810977343279e+01,2.043234991226659147e+01
1.189166421494990011e+01,7.071551766795313654e+01
1.463934562100114967e+01,4.666128253083989819e+01
1.314011178811923486e+01,5.791644283217927125e+01
3.719710067524044916e+01,7.227395478527328443e+00
3.526490134408572175e+01,8.041085011634161006e+00
1.309291788197609563e+01,5.833471923747948296e+01
3.924356100880581266e+01,6.493265818282057289e+00
1.092809738313717816e+01,8.373574470302803263e+01
1.272795221811715471e+01,6.172810255180777972e+01
1.837924090863771198e+01,2.960362261666997696e+01
1.045656518832531745e+01,9.145804241854480665e+01
3.084796419261602551e+01,1.050865135683089235e+01
1.019011796123653291e+01,9.630339044411435623e+01
1.382373405156772961e+01,5.232982229675151586e+01
1.555160687570918121e+01,4.134751956301830234e+01
1.221490157346696215e+01,6.702241249503120457e+01
1.486082862501709911e+01,4.528078508878446229e+01
2.727732302144167065e+01,1.343991452168130429e+01
1.433685518749399890e+01,4.865104832861514694e+01
3.722122720073520696e+01,7.218029026044238350e+00
1.171381888360234669e+01,7.287909826092874255e+01
2.375699118868538307e+01,1.771809911442405294e+01
3.663705892128819386e+01,7.450043252198723209e+00
2.722007632167596825e+01,1.349650509089680739e+01
6.466340344804159201e+01,2.391568813727426246e+00
7.011583222872893373e+01,2.034078988200459293e+00
3.225708419069516708e+01,9.610584124127248273e+00
2.063545176211892596e+01,2.348399816444961985e+01
1.624670243938652803e+01,3.788519676914620504e+01
7.665273631474124727e+01,1.701941681660777750e+00
2.266860957243435237e+01,1.946033153676019722e+01
2.355068179457654054e+01,1.802988808452013814e+01
2.611092468714130632e+01,1.466747969837812704e+01
1.837718626577433412e+01,2.961024259334013564e+01
1.296802305037063441e+01,5.946377170197150974e+01
1.066752195117391899e+01,8.787653204068928403e+01
1.388017717731459300e+01,5.190509381651302334e+01
1.471806154429616598e+01,4.616350449183884308e+01
4.693729714974463718e+01,4.539038277055882808e+00
1.376169184030425896e+01,5.280272583598268454e+01
1.275699632209166978e+01,6.144734735060457353e+01
1.024832672071124051e+01,9.521252335378248688e+01
1.584460880029369001e+01,3.983244433942481066e+01
1.798074046741358600e+01,3.093035146619831366e+01
1.121074925901339547e+01,7.956658556444695307e+01
1.939162975029356417e+01,2.659324771829083289e+01
6.188550613261691780e+01,2.611091588028079169e+00
1.317611303209692508e+01,5.760038369370870015e+01
2.781412034914081133e+01,1.292615445612495506e+01
1.316596861102510374e+01,5.768918045064407352e+01
3.621385778084697193e+01,7.625185557207650788e+00
1.421768375877629431e+01,4.947004436695037555e+01
6.980247991032284460e+01,2.052382464397529915e+00
1.953548992964881847e+01,2.620302223055149682e+01
2.633432752561723689e+01,1.441967707740849569e+01
1.955072614687642840e+01,2.616219721255487940e+01
1.244705751179107622e+01,6.454559484510261314e+01
4.806411569944663853e+01,4.328705970659532554e+00
8.811417339320250619e+01,1.287978036372732449e+00
2.898313945386545498e+01,1.190444484117977275e+01
1.390021185912918256e+01,5.175557773246575266e+01
1.043850576258275353e+01,9.177477520201470895e+01
1.107043537389780141e+01,8.159632480035106994e+01
1.216632924963012030e+01,6.755863548954692988e+01
3.538698000541948829e+01,7.985700141529891383e+00
1.367170723203457072e+01,5.350008850435136765e+01
1.033240641813893035e+01,9.366924915447665967e+01
1.880319036385164466e+01,2.828374507597287035e+01
1.294896477845462712e+01,5.963893793763049445e+01
1.823432634976693123e+01,3.007603304496216623e+01
2.462716782358558731e+01,1.648811698493415179e+01
2.747287589685074138e+01,1.324926392643735618e+01
1.704466898385769724e+01,3.442095037180695982e+01
1.586208292934659525e+01,3.974473153542689374e+01
2.211257323874312064e+01,2.045132410536866630e+01
1.972098848014766403e+01,2.571240151165505594e+01
4.215799034810045498e+01,5.626524312747750223e+00
2.292570860851288828e+01,1.902630541055570745e+01
4.187241778570630402e+01,5.703532530806479706e+00
1.047601972752766564e+01,9.111867269351427012e+01
2.985233119823963577e+01,1.122130837446475837e+01
1.986444601798715226e+01,2.534236164621072263e+01
2.052499240705944317e+01,2.373744599804025412e+01
2.268057277083746115e+01,1.943980768045532415e+01
2.769582685051382853e+01,1.303680979208483315e+01
2.242388494391369136e+01,1.988741274345937526e+01
3.707479290952797868e+01,7.275159719552055648e+00
1.380021382073323366e+01,5.250834972737546025e+01
1.075223719002354983e+01,8.649725546733726844e+01
4.277010362462155513e+01,5.466626408498581391e+00
3.191410162896489311e+01,9.818265064514578810e+00
2.734976710869028693e+01,1.336880950319880590e+01
1.075821863003171330e+01,8.640109934070943609e+01
4.122590892968389653e+01,5.883821933960284412e+00
1.133238556983378942e+01,7.786769429309414647e+01
3.756485165364454559e+01,7.086579176774846722e+00
3.768286593228876313e+01,7.042261531099920369e+00
3.729923745275709734e+01,7.187868011022072956e+00
3.121409790219741964e+01,1.026356940821167996e+01
1.215722490530582967e+01,6.765986046397759424e+01
2.258658226715324702e+01,1.960193570915903649e+01
1.269778027597829428e+01,6.202180262291890500e+01
2.018650149534872540e+01,2.454018788474128954e+01
1.210377732101441595e+01,6.825872151203455473e+01
1.109668629555145181e+01,8.121072407556277994e+01
1.398993630512617514e+01,5.109383787531269405e+01
4.882441469616119178e+01,4.194941498007279890e+00
1.175153873379705516e+01,7.241199741449156591e+01
1.689815540948340455e+01,3.502042402157968581e+01
2.447047493523418282e+01,1.669995124051119362e+01
1.292039480733265044e+01,5.990298042221375852e+01
1.394396537846733253e+01,5.143128893200240981e+01
1.393432741400689245e+01,5.150246055704907633e+01
1.356207041045405148e+01,5.436858252900681521e+01
1.001956155639074453e+01,9.960991384882753152e+01
1.094179713137045695e+01,8.352619220391135002e+01
6.466618520404853143e+01,2.391363061128872758e+00
2.061258401282894681e+01,2.353613370188397980e+01
2.031420159893048094e+01,2.423262623663686099e+01
1.125106740937476602e+01,7.899735429823812183e+01
1.150088990796991695e+01,7.560266550920295003e+01
1.669362879790124765e+01,3.588380562534464246e+01
1.060469613861642557e+01,8.892083700555225789e+01
3.983934837708633836e+01,6.300507708521277728e+00
8.393376397107034848e+01,1.419471252241966353e+00
2.300754122119122869e+01,1.889120158806962380e+01
1.083160897134798084e+01,8.523423221745805733e+01
2.346471914721576368e+01,1.816223451608742678e+01
6.604617256448895546e+01,2.292475432197851326e+00
1.232137949636199359e+01,6.586903971692596826e+01
1.401083565455370383e+01,5.094152268418947926e+01
2.899552756343530646e+01,1.189427485456502254e+01
1.002648339829516289e+01,9.947242873990209944e+01
1.303900034309536160e+01,5.881815621845363751e+01
1.042159202517326122e+01,9.207290893467244075e+01
1.272884391214103239e+01,6.171945437408150070e+01
1.523470926882628085e+01,4.308555170662732792e+01
1.224288153661365541e+01,6.671641562133650893e+01
3.175040987286555705e+01,9.919763722356135460e+00
2.612888934628512771e+01,1.464731767100202120e+01
4.379864956464039238e+01,5.212889986483695282e+00
7.575410726934477168e+01,1.742559559196606989e+00
1.899880983892202124e+01,2.770430171428766641e+01
2.303681113672982761e+01,1.884322684067398512e+01
5.490591570359099194e+01,3.317124118700120583e+00
1.069175786309421916e+01,8.747858924117451807e+01
2.714052935745492334e+01,1.357573562652109445e+01
3.960957853299279918e+01,6.373816518542509968e+00
1.489748679975134849e+01,4.505821484096807694e+01
1.677833048748627931e+01,3.552241722018094805e+01
2.379290112519004552e+01,1.766465664689128445e+01
4.737009107232061211e+01,4.456475883146568506e+00
1.577579216685673558e+01,4.018071380635117151e+01
1.368246088707631714e+01,5.341602534994679985e+01
3.560225100612873916e+01,7.889420140881931331e+00
1.286443560491180449e+01,6.042525964773742686e+01
2.585980366964908939e+01,1.495373063398843705e+01
1.311021316080260846e+01,5.818090789503479243e+01
1.311730265148593588e+01,5.811803497808468677e+01
1.846356979199440218e+01,2.933382219828009951e+01
2.735182305319086637e+01,1.336679980188372063e+01
1.584894686633405314e+01,3.981064199163375150e+01
1.422208463686077096e+01,4.943943310913049061e+01
1.489599305923920269e+01,4.506725199012154803e+01
1.279672099436125166e+01,6.106643930487587113e+01
1.525476011167874546e+01,4.297236292300780747e+01
2.666181834453729849e+01,1.406761485961844294e+01
1.785062294001810912e+01,3.138291258315587129e+01
1.059328846312486583e+01,8.911245384637170730e+01
5.157020649890419151e+01,3.760124796377298573e+00
1.434692806260198950e+01,4.858275720745326964e+01
4.278207037405784519e+01,5.463568650947989269e+00
1.228492927111983590e+01,6.626049548515437948e+01
1.332360847135009507e+01,5.633214338077217320e+01
5.153015072444354416e+01,3.765972761000167868e+00
1.229884937477589801e+01,6.611059024315166255e+01
2.347382025144647244e+01,1.814815377900693250e+01
1.451947264046063957e+01,4.743493552222659559e+01
1.495228063557131648e+01,4.472858102492986632e+01
3.444113234178531258e+01,8.430341291763308931e+00
1.701625605138995212e+01,3.453599526116661167e+01
1.203594025830892278e+01,6.903033057972170639e+01
1.321096427741097656e+01,5.729687863756225852e+01
2.384982619157268857e+01,1.758043282903718207e+01
4.815408139967583878e+01,4.312546539767363463e+00
6.698048297296841724e+01,2.228966033606401442e+00
1.446103446280268656e+01,4.781908676037024719e+01
5.881460145063199008e+01,2.890877461221308842e+00
3.899644964517068502e+01,6.575819160706218192e+00
2.446022976091603240e+01,1.671394372910214088e+01
1.005247274030591775e+01,9.895874794485703774e+01
1.334435730253535901e+01,5.615710048937893362e+01
1.678355756705199653e+01,3.550029442690161119e+01
2.510983603521177443e+01,1.586033098886139037e+01
1.108228050850337176e+01,8.142199192279969111e+01
1.022305419158667306e+01,9.568385716407560437e+01
2.239530937946898348e+01,1.993819628885859174e+01
1.837315382892121107e+01,2.962324139989823024e+01
1.112269056735218165e+01,8.083143507891725221e+01
1.958597210823933210e+01,2.606812150435935749e+01
1.019693549433131707e+01,9.617465920498554510e+01
1.871047094826523249e+01,2.856475885482213428e+01
1.080496158503326143e+01,8.565516295703586991e+01
1.143975878089350040e+01,7.641282676615514902e+01
7.693356645187982679e+01,1.689539184364450941e+00
1.890761252236914558e+01,2.797219922479138532e+01
1.085063405623453647e+01,8.493560139472643300e+01
2.751741537113180058e+01,1.320640832652236085e+01
1.645820374271251296e+01,3.691774207943826980e+01
4.872785797049216683e+01,4.211582948943126681e+00
1.390782529629211872e+01,5.169892905041953668e+01
2.620438918617409740e+01,1.456303583410885238e+01
5.705861172416713600e+01,3.071550064589640083e+00
1.109358249679605102e+01,8.125617323605047204e+01
4.202536859313478601e+01,5.662092207334886496e+00
3.020031917696168833e+01,1.096419962707732765e+01
1.104897830329831798e+01,8.191355198545053895e+01
2.701409507873912830e+01,1.370311024831042701e+01
1.328881191233668879e+01,5.662753940199199576e+01
2.205241904803518338e+01,2.056304978510156189e+01
1.981430608095235968e+01,2.547078119468597279e+01
1.582718813100381894e+01,3.992017814524491115e+01
1.917715954102214582e+01,2.719139178377270127e+01
1.238011914514478562e+01,6.524546811091528298e+01
1.683201751507855093e+01,3.529617558502303609e+01
5.611224913709929041e+01,3.176030368491236544e+00
2.549624058669460780e+01,1.538323600405016833e+01
1.355667712835863981e+01,5.441185027479984626e+01
3.708918335975198488e+01,7.269515350809360399e+00
1.735194511063554046e+01,3.321266076304036119e+01
3.988387478250516693e+01,6.286447772515169063e+00
1.584171288060749738e+01,3.984700868659009387e+01
2.276727518966643160e+01,1.929202811429163944e+01
2.785747213061922523e+01,1.288595441244802409e+01
1.226423139447795663e+01,6.648433484221455103e+01
2.009096683153394025e+01,2.477412512086200636e+01
2.418613234328093142e+01,1.709492304525862139e+01
2.945769394204759450e+01,1.152398034010602146e+01
6.845902532770695359e+01,2.133725643512418557e+00
1.476547768258006066e+01,4.586749232372608276e+01
1.760990224023892736e+01,3.224676182734658170e+01
2.528887032530104406e+01,1.563655731350014300e+01
2.157523852137611797e+01,2.148269628757880056e+01
1.491401288222902899e+01,4.495841296758096206e+01
1.092544855008204330e+01,8.377635244466381437e+01
1.007062830657831576e+01,9.860225924752840854e+01
2.562993404412770104e+01,1.522316739188475232e+01
1.249610125721324039e+01,6.403994181190698498e+01
4.301964856352137190e+01,5.403389612411102050e+00
1.099611691064704289e+01,8.270300746001937853e+01
3.321912213495240707e+01,9.061992475439964778e+00
1.416637650843090945e+01,4.982903077075488341e+01
1.040445685253900443e+01,9.237642969741663990e+01
7.554431920320767802e+01,1.752251242144279741e+00
1.020834320746090107e+01,9.595983102313974200e+01
1.357016631308508892e+01,5.430372975703748750e+01
7.022190442055247672e+01,2.027938560561226566e+00
1.680536253153118764e+01,3.540823090000642281e+01
1.040498500274747684e+01,9.236705200156212925e+01
1.046025204486617000e+01,9.139358254579792629e+01
3.714059824892452610e+01,7.249402448003491095e+00
1.065078493344870836e+01,8.815293358479749486e+01
1.127606990538783194e+01,7.864742008931310124e+01
2.140782568825888532e+01,2.182000673092767329e+01
1.449985168814704650e+01,4.756339867401516841e+01
1.892164048944414745e+01,2.793073901044989427e+01
1.304234999169522702e+01,5.878794772772256039e+01
3.153129692512772664e+01,1.005810885531036725e+01
7.177993920213549472e+01,1.940858293455588912e+00
1.235053625500515828e+01,6.555840369388951672e+01
1.437160894501686492e+01,4.841603464722344086e+01
1.712240943724954079e+01,3.410909874417045984e+01
6.122051109479777153e+01,2.668124545067164011e+00
1.130065017344065836e+01,7.830565705894520079e+01
1.911559014629106557e+01,2.736683535289833458e+01
1.161103969688316262e+01,7.417503847570800701e+01
6.519138760510217878e+01,2.352987119026493712e+00
1.257866769152958319e+01,6.320198408410868751e+01
2.749204685541280924e+01,1.323079221859526022e+01
1.922786677242155307e+01,2.704816402548853915e+01
1.069855078820137173e+01,8.736753740520858003e+01
1.012086612198833890e+01,9.762580766166998103e+01
1.296575654688048296e+01,5.948456287222033723e+01
1.625238437201072728e+01,3.785871160829003657e+01
1.709490805295066096e+01,3.421893285036188104e+01
1.042702390570012660e+01,9.197700452774586211e+01
1.004255749205392334e+01,9.915425291145660935e+01
6.881885519544998431e+01,2.111470957896103506e+00
4.543230903087805217e+01,4.844738945948537712e+00
1.042025593935918337e+01,9.209652163571310268e+01
1.352991280830946508e+01,5.462733378731558531e+01
5.563262226126500565e+01,3.231029609356853793e+00
2.994306578377442563e+01,1.115340496486394706e+01
1.487346174883390759e+01,4.520389716082873122e+01
5.190352067730470509e+01,3.711986301771220020e+00
7.710717281229229059e+01,1.681939773320238585e+00
2.380875620961251116e+01,1.764113745385016685e+01
1.079183478706723420e+01,8.586366537900283902e+01
1.096188807176676328e+01,8.322029929389408665e+01
1.258734927222011990e+01,6.311483246956780846e+01
2.389713365091359876e+01,1.751089625541246164e+01
2.334975918506515669e+01,1.834151427840884807e+01
1.449265621887371402e+01,4.761063997033205908e+01
1.195401855324369578e+01,6.997971169199107067e+01
3.070324996260753281e+01,1.060794607547193458e+01
1.947958626515177016e+01,2.635363599542451496e+01
5.064995765034184672e+01,3.897999928858544294e+00
3.476365583096433909e+01,8.274640160953598667e+00
3.625612963071046124e+01,7.607415166602054413e+00
5.290763451718493826e+01,3.572426566805706027e+00
2.079142410533817653e+01,2.313297696738201026e+01
1.491533453866878922e+01,4.495044573851688341e+01
1.320184682729332515e+01,5.737604662518786114e+01
4.024567965846876660e+01,6.173926684462283099e+00
2.901314191281697319e+01,1.187983682402528807e+01
1.466074445650888691e+01,4.652516824158430353e+01
1.014969864171270153e+01,9.707193900244966756e+01
2.044723664911964534e+01,2.391832447564909359e+01
5.368440914322969348e+01,3.469793625644506996e+00
1.097159716521144901e+01,8.307307621573384893e+01
1.154313627660628150e+01,7.505028644984834330e+01
1.314949831212271292e+01,5.783378719978650651e+01
1.534098107310229508e+01,4.249068492807872133e+01
3.411994369649850256e+01,8.589806650366547558e+00
2.141990403467286086e+01,2.179540575289422222e+01
1.666810741858200728e+01,3.599377675869057214e+01
1.547568709927891106e+01,4.175419543073231665e+01
1.994196397550600253e+01,2.514572404735234912e+01
1.240641981387215509e+01,6.496913044474700882e+01
1.457684376791810443e+01,4.706228416106326051e+01
1.343948016641022924e+01,5.536496868119610326e+01
7.418619956701706997e+01,1.816995087088677074e+00
2.373809841433947199e+01,1.774631344324599880e+01
1.116801203937127873e+01,8.017671402434390870e+01
1.589119691382784971e+01,3.959923368188468373e+01
1.162196107624727937e+01,7.403569656965069612e+01
2.709683019425960282e+01,1.361955821752456686e+01
1.482117630319642743e+01,4.552339607122772236e+01
2.302364653063942512e+01,1.886478159988230274e+01
1.632416425058823251e+01,3.752650236801018480e+01
5.351035378713496016e+01,3.492403021637293659e+00
3.204811855106554219e+01,9.736321878586997158e+00
4.320510721539280041e+01,5.357100891450465419e+00
1.627982800885803982e+01,3.773117893360938524e+01
1.010693378908042206e+01,9.789514607094241683e+01
1.048807524793533119e+01,9.090932032590643530e+01
7.799706373303061469e+01,1.643779245805683464e+00
1.073334076750991883e+01,8.680208646233066361e+01
1.107699311726368130e+01,8.149974094188824836e+01
2.680733271219983749e+01,1.391530696111124499e+01
1.179279607930050666e+01,7.190621391528480899e+01
2.458300142907640407e+01,1.654741607831079264e+01
1.096012936381196745e+01,8.324700918759943136e+01
1.035916248249727367e+01,9.318600856834662238e+01
1.706059595093377368e+01,3.435671282136139126e+01
2.448152033407173889e+01,1.668488550861534847e+01
1.214332112376155237e+01,6.781488666544400701e+01
1.022815023882382768e+01,9.558853435947874289e+01
3.616073572873386155e+01,7.647605622939348535e+00
2.988645928694916876e+01,1.119569522657224603e+01
1.214674794435069494e+01,6.777662841388976744e+01
2.888083314461441731e+01,1.198893388130502125e+01
3.032594968266630175e+01,1.087354559510795937e+01
1.086516642823756129e+01,8.470854729422691776e+01
1.649032107165862371e+01,3.677407664088296002e+01
1.657288692508761585e+01,3.640857367459071270e+01
1.921490306043193286e+01,2.708467348814983566e+01
6.794204096355851163e+01,2.166321062859026370e+00
3.147604532631613594e+01,1.009345092817452638e+01
1.356177515860384553e+01,5.437094985911437561e+01
8.476581191221364975e+01,1.391741404170709240e+00
1.152794173446058501e+01,7.524825869778797482e+01
7.227894854769421329e+01,1.914151674383284485e+00
6.665124320757433907e+01,2.251041444885153453e+00
2.317961725828871877e+01,1.861176150525327699e+01
2.371351116368316880e+01,1.778313289683554288e+01
2.239431345201584023e+01,1.993996972465837914e+01
1.494512254821809627e+01,4.477143751719292197e+01
1.310514972227154651e+01,5.822587531143140183e+01
1.811324873476670660e+01,3.047946207987584444e+01
1.869156728222938213e+01,2.862256585480331239e+01
1.286024312171164041e+01,6.046466375185443098e+01
2.436754639667117317e+01,1.684133042314552497e+01
2.215159388179225530e+01,2.037933642343666207e+01
1.306928693832179889e+01,5.854586323120474134e+01
1.208383395657254589e+01,6.848421814294006538e+01
1.784351062463625226e+01,3.140793564736163646e+01
2.370275274008055177e+01,1.779927970454854247e+01
4.092750040216296981e+01,5.969934374696876489e+00
1.026357522842766556e+01,9.492982061815648365e+01
5.282459208988628774e+01,3.583667397823763423e+00
1.101123232206099622e+01,8.247610606869267258e+01
2.011193146620536609e+01,2.472250304937880117e+01
1.919266724016082293e+01,2.714746817895699849e+01
1.873700796361487164e+01,2.848390425353399635e+01
3.621565919510873499e+01,7.624427002665755460e+00
5.347415350685052715e+01,3.497133110964965930e+00
1.821166819859555730e+01,3.015091813749230454e+01
1.319865309434872103e+01,5.740381702556981480e+01
1.259389802987990237e+01,6.304921080444633930e+01
2.366979475087608265e+01,1.784888189901937849e+01
1.466215327952356873e+01,4.651622786597532411e+01
1.449286559342036895e+01,4.760926434394682616e+01
5.197988609420437456e+01,3.701087503141065049e+00
5.381897649489941671e+01,3.452463782831731276e+00
1.130828935085806997e+01,7.819989592421606517e+01
3.492440929507044700e+01,8.198640837685569949e+00
1.401908428465864276e+01,5.088159378300419888e+01
1.410085832745249590e+01,5.029315741367699388e+01
2.125038752010952692e+01,2.214452104673794608e+01
1.661313437624647449e+01,3.623237847198206651e+01
1.454630822765076203e+01,4.726007738779285461e+01
4.893359732761527425e+01,4.176242534269968054e+00
1.057406285119504652e+01,8.943679444763745323e+01
2.529724503798733082e+01,1.562620598877873412e+01
4.531956149579724524e+01,4.868874741789684713e+00
1.134715453130596252e+01,7.766512781484746597e+01
1.232051438440197622e+01,6.587829032009197761e+01
1.747210164655783515e+01,3.275742118628302535e+01
1.014523803752046227e+01,9.715731791340614620e+01
1.179084317267390247e+01,7.193003540945920804e+01
1.366253522403849807e+01,5.357194456068305755e+01
1.824133623898551093e+01,3.005292189262334190e+01
1.099134472291418874e+01,8.277483851742780985e+01
1.247825565361589106e+01,6.422324445451003783e+01
3.027618071978892189e+01,1.090932354771022972e+01
1.178513663217294827e+01,7.199971148558643108e+01
4.646557512911299881e+01,4.631667408730634428e+00
6.217002769024739450e+01,2.587246918733132173e+00
1.165309871158456367e+01,7.364057135058230585e+01
1.853889762695864718e+01,2.909592626776845847e+01
2.469849774980846391e+01,1.639301825615373431e+01
1.686528277078100402e+01,3.515707582809805842e+01
1.620376748166991021e+01,3.808623079596024041e+01
1.640689491272933509e+01,3.714900680212193151e+01
1.054146349018760098e+01,8.999081440048223612e+01
6.797804634302987381e+01,2.164026835251273706e+00
3.299154941909892358e+01,9.187441259996203868e+00
1.300969154936360894e+01,5.908347089216238857e+01
1.316170501111356650e+01,5.772656214597213165e+01
1.018523852484185532e+01,9.639568456682559372e+01
1.527992838245953244e+01,4.283091601148226601e+01
4.238025002918992357e+01,5.567663390627599185e+00
4.832505098828237777e+01,4.282085732481150764e+00
3.753362078792633838e+01,7.098377243450773477e+00
1.485469763187768955e+01,4.531817036312661884e+01
4.739132846835706658e+01,4.452482632060341672e+00
1.958698137958497654e+01,2.606543511489303100e+01
2.398448785288604768e+01,1.738357523040253483e+01
1.576524139871761143e+01,4.023451307814813305e+01
2.494871422545091022e+01,1.606584834708214160e+01
4.300378637555162697e+01,5.407376488738099951e+00
1.045572765633058765e+01,9.147269507728142912e+01
2.733403194548904480e+01,1.338420576438718435e+01
1.476450622014841763e+01,4.587352842285115884e+01
1.341278675998129621e+01,5.558555672686345872e+01
1.454025905609230840e+01,4.729940870685469179e+01
7.528070808457076168e+01,1.764544475406852664e+00
1.304998720596101158e+01,5.871915918880475971e+01
1.827904055048693621e+01,2.992906899420873046e+01
1.457458421567898554e+01,4.707687777568719412e+01
2.846423051978147711e+01,1.234244225892614466e+01
8.404966173278066321e+01,1.415559276582584847e+00
1.249995649394107211e+01,6.400044550436928148e+01
5.142707390540404333e+01,3.781084393382366571e+00
1.204005875695283834e+01,6.898311275401746911e+01
1.617901467723267572e+01,3.820285868791149397e+01
2.136620319158554793e+01,2.190510259596003451e+01
1.702728203308052102e+01,3.449128231640776221e+01
1.109833450969389368e+01,8.118660465033012485e+01
1.015090976505006815e+01,9.704877672834041391e+01
1.290987850934694947e+01,6.000061328087313228e+01
2.864835069882161278e+01,1.218430469931606552e+01
1.731287363458231354e+01,3.336273775050743495e+01
4.491850353627087600e+01,4.956207053750891767e+00
6.121082160622302126e+01,2.668969324072711036e+00
2.596024955866201367e+01,1.483823598884509032e+01
1.561567827794132768e+01,4.100891644039739248e+01
1.208772027939718541e+01,6.844018850149939226e+01
1.322190072716846210e+01,5.720213200585151725e+01
1.014461250682965776e+01,9.716929998918904232e+01
2.836940262277576608e+01,1.242509214538234374e+01
4.546298389902543136e+01,4.838203449162140402e+00
1.033698152223501410e+01,9.358635228015842245e+01
2.145862279144340334e+01,2.171682385255245151e+01
4.217168748219168606e+01,5.622869977478416104e+00
1.905251755544201941e+01,2.754832887905391914e+01
1.441283218710191427e+01,4.813947392315218821e+01
3.303461884965973638e+01,9.163500319956154883e+00
1.837032405731133267e+01,2.963236845324974311e+01
8.088049462033228565e+01,1.528665284529261870e+00
1.527530660274126539e+01,4.285683824155782418e+01
4.846855800427082528e+01,4.256766241124104511e+00
3.599254674163280043e+01,7.719245359067996581e+00
2.414582082492516335e+01,1.715205074076994052e+01
1.340802453970822938e+01,5.562504914782434895e+01
1.514999849750605776e+01,4.356872194878780391e+01
3.217748380897764093e+01,9.658192097589671121e+00
1.821601700632206899e+01,3.013652367418502109e+01
1.270153395314194178e+01,6.198514950307768601e+01
2.065418437354181691e+01,2.344141917803708353e+01
2.268451700523534598e+01,1.943304813673323039e+01
1.286380814936343597e+01,6.043115449452826482e+01
1.032751597729467363e+01,9.375798150450562218e+01
1.261659498524290335e+01,6.282256677967854586e+01
1.271174080549113228e+01,6.188564790420301165e+01
1.052195281733971832e+01,9.032486060405025796e+01
1.012248394484581482e+01,9.759460412654593142e+01
3.216000308313083877e+01,9.668694465551546102e+00
1.397320347883607639e+01,5.121628026445689130e+01
1.654910500928501449e+01,3.651329085172865518e+01
1.438353937064926136e+01,4.833575060435396153e+01
1.324100781131323501e+01,5.703716308847931771e+01
1.271926130065785543e+01,6.181248750381985246e+01
3.202567657117086952e+01,9.749972106838983521e+00
2.953446080476251367e+01,1.146415124044655087e+01
3.861368497111999432e+01,6.706833143450065648e+00
1.711748282551314304e+01,3.412873556462726299e+01
1.139745051266869780e+01,7.698118102242671057e+01
1.339860450257436497e+01,5.570329225544622176e+01
2.842615763205508017e+01,1.237552637220450436e+01
4.908894344387101683e+01,4.149852211725013618e+00
4.476693340678104249e+01,4.989824932007543623e+00
3.290475471689088494e+01,9.235973633888955092e+00
1.707166959469052969e+01,3.431215588984262155e+01
1.492500901706396732e+01,4.489219034016830534e+01
7.750593243032953694e+01,1.664677498606474293e+00
7.048655540120890350e+01,2.012738828407343306e+00
1.875291401361793575e+01,2.843560517194897486e+01
3.638230926396444431e+01,7.554739218828360414e+00
1.370453361903856049e+01,5.324409857669631663e+01
1.184968269719339595e+01,7.121747265340962940e+01
1.201634700934979527e+01,6.925562885615165953e+01
1.019582992111154063e+01,9.619551751534294226e+01
2.856735985571511804e+01,1.225348966912635262e+01
1.241361611256793829e+01,6.489382575570108713e+01
1.949612413434531888e+01,2.630894525268517370e+01
1.746883182774459797e+01,3.276968541295094894e+01
1.510846506066627803e+01,4.380859357154285050e+01
2.404593054831029519e+01,1.729485093605795853e+01
4.241874152406865761e+01,5.557563588231212215e+00
1.419297052620881239e+01,4.964247185036700927e+01
3.421136721022759275e+01,8.543958672203682880e+00
1.601113974433878440e+01,3.900816347008935736e+01
1.137255302823773206e+01,7.731861374508157780e+01
2.139755407010245492e+01,2.184096058118101524e+01
3.205807369678437624e+01,9.730275885027930727e+00
3.084107512896253667e+01,1.051334657924614824e+01
2.941015770936075313e+01,1.156126333136338147e+01
3.977813859417923936e+01,6.319912810917630352e+00
1.760326434966732023e+01,3.227108581969672940e+01
3.351829091529717886e+01,8.900948084169922225e+00
1.251088989250657946e+01,6.388863305474211529e+01
1.051929325257999714e+01,9.037053956329575044e+01
2.995892190666912924e+01,1.114160193934603171e+01
2.068238443453039821e+01,2.337753884663489146e+01
1.387821524559181974e+01,5.191977026393340822e+01
1.506961297948294209e+01,4.403477710168753134e+01
1.681578700051369069e+01,3.536434385570865402e+01
1.185222711994212474e+01,7.118689816221956335e+01
3.028590228985609656e+01,1.090232103342820658e+01
1.182751691255694659e+01,7.148465812956980869e+01
2.119144519849513841e+01,2.226787881617461551e+01
6.947537053112100125e+01,2.071754337000804913e+00
1.883963913125864309e+01,2.817441066699470653e+01
1.138866605182479397e+01,7.709998316658364104e+01
1.364302954150586267e+01,5.372523959491950762e+01
2.836020424941429496e+01,1.243315338289396088e+01
1.484398210158595255e+01,4.538362227470796739e+01
3.748008306784738863e+01,7.118670814156470072e+00
3.612334927523066597e+01,7.663443844751157918e+00
1.055025130941928246e+01,8.984096135362318591e+01
1.146804467506782466e+01,7.603634766386042543e+01
6.012851674960744930e+01,2.765916202607673124e+00
3.315908192451032477e+01,9.094838771677915545e+00
1.183117861523730063e+01,7.144041654271933339e+01
1.458484182390602157e+01,4.701068215112125870e+01
2.289484326900027256e+01,1.907764004671616931e+01
2.652760761202574002e+01,1.421031909068853416e+01
2.177964197507597532e+01,2.108135527779428742e+01
1.415848217808891718e+01,4.988461250460821361e+01
1.281511821239232418e+01,6.089123277573524717e+01
1.727470767493579018e+01,3.351032085704023444e+01
3.867487861334353028e+01,6.685626051360202382e+00
1.171413833207411415e+01,7.287512344033820000e+01
1.367834860283499410e+01,5.344814836500342636e+01
1.435768553443278250e+01,4.850998338162654733e+01
4.336067239350148839e+01,5.318730481042003078e+00
1.634507365603290552e+01,3.743055236080724768e+01
1.086047938672183655e+01,8.478167816389346001e+01
9.634472420243258739e+01,1.077318516272616211e+00
3.536385180335646083e+01,7.996148962737366084e+00
7.118300207953876679e+01,1.973546665338357764e+00
2.187253186737210342e+01,2.090267577024484069e+01
3.364232778654395162e+01,8.835434752905955591e+00
1.089902723971725429e+01,8.418302432637200639e+01
1.981142080829785357e+01,2.547820070291988515e+01
1.254909642498655131e+01,6.350019914418579958e+01
1.014096855869502001e+01,9.723914410773585359e+01
1.398447671599405240e+01,5.113374009252788710e+01
1.794112405470411176e+01,3.106709902264399403e+01
5.736834830537903684e+01,3.038472481687348736e+00
1.419312914874923948e+01,4.964136224713389112e+01
2.853434480025501330e+01,1.228186135115439903e+01
2.183268216202566592e+01,2.097904986315139553e+01
2.086016896208991156e+01,2.298075837206513228e+01
1.210705308648344136e+01,6.822178943417988251e+01
1.378568228518903638e+01,5.261910653858226539e+01
1.994776576598361117e+01,2.513109895018416751e+01
1.253181933824103744e+01,6.367540989066136348e+01
1.189133898745423679e+01,7.071938585222501672e+01
1.322574756774817573e+01,5.716886122398957326e+01
1.079680456471749217e+01,8.578463734583409916e+01
3.197156100254600375e+01,9.783005953265009325e+00
1.647204428678560006e+01,3.685572828672461299e+01
1.393178903523956258e+01,5.152122981371786636e+01
6.108833675580724076e+01,2.679682859870199163e+00
3.120038119456838999e+01,1.027259579325442651e+01
1.632343216077918768e+01,3.752986849662153901e+01
1.544023444183297933e+01,4.194616099503394935e+01
1.844068784445689957e+01,2.940666453708648476e+01
1.771150559140515668e+01,3.187785118283679608e+01
1.491633143092129998e+01,4.494443765886150288e+01
1.250045345634191385e+01,6.399535685971570587e+01
1.032481761702239531e+01,9.380699464572411728e+01
2.566418098466231967e+01,1.518256613058637505e+01
7.797828286070478043e+01,1.644571141310150475e+00
3.998422650502784848e+01,6.254932134374399766e+00
2.997170049346529197e+01,1.113210340745341753e+01
2.957918289459133732e+01,1.142951112102381472e+01
1.205138788033609387e+01,6.885347609085346221e+01
1.397791876583410087e+01,5.118173166949684827e+01
4.013580877226024057e+01,6.207774925233582763e+00
8.259925140133940147e+01,1.465709076857419690e+00
2.136398917113644202e+01,2.190964302684307441e+01
1.005912098379654473e+01,9.882798414478264704e+01
3.842014925748654264e+01,6.774572651654821698e+00
1.768097102032436752e+01,3.198805067465436380e+01
2.729336658362553081e+01,1.342411868867327840e+01
6.224170171669213403e+01,2.581291694863373731e+00
4.739689188618202564e+01,4.451437434096878754e+00
3.711182752713912691e+01,7.260646916485673508e+00
1.296356336455252212e+01,5.950469183276850771e+01
3.706581544405477757e+01,7.278684282757531321e+00
1.787253812373969808e+01,3.130599674439653768e+01
2.103275312162777411e+01,2.260516865467195657e+01
1.319616926273655366e+01,5.742542857527759281e+01
8.987001751976626451e+01,1.238141690376324044e+00
1.865823603691954702e+01,2.872492042918378630e+01
2.160719977828154725e+01,2.141918910810080590e+01
4.151814524158657349e+01,5.801283807312670682e+00
2.007628719571251708e+01,2.481036768795964775e+01
1.422503798050557400e+01,4.941890641829013475e+01
1.447053407425760518e+01,4.775632285201777449e+01
1.742452754251532809e+01,3.293654023702050893e+01
1.260085911355848687e+01,6.297956958391552007e+01
2.034621864906052480e+01,2.415642074869475309e+01
2.607826566388987644e+01,1.470424023450161499e+01
1.954714565838797924e+01,2.617178245090757471e+01
2.980514954811385309e+01,1.125686323033514569e+01
2.939628905781738766e+01,1.157217470557241690e+01
1.653079142232100196e+01,3.659423794167500432e+01
1.582914865707455476e+01,3.991029009567854047e+01
2.019632430284240598e+01,2.451632265880201089e+01
5.375411633460689131e+01,3.460800351858764223e+00
1.233806209252494313e+01,6.569103385526318561e+01
1.018365284095655277e+01,9.642570620764527689e+01
2.180104318203492042e+01,2.103998615636875513e+01
7.630788547160928204e+01,1.717359281470927979e+00
1.368302582472790263e+01,5.341161461487339324e+01
2.124229845157325514e+01,2.216138952779610705e+01
3.656752751225999276e+01,7.478401991631107748e+00
3.540602223723554687e+01,7.977112638534621603e+00
2.577482367167686661e+01,1.505249855466800213e+01
1.077548758452230437e+01,8.612438591223263984e+01
1.386153447581704867e+01,5.204480444959528995e+01
2.741057523751618419e+01,1.330956006596936625e+01
2.150859709610411130e+01,2.161602486858055272e+01
1.740629891725478728e+01,3.300556148366357689e+01
3.558168362697230691e+01,7.898543463668968201e+00
2.159529697373053025e+01,2.144280709146099539e+01
2.114910540233869085e+01,2.235712714855909766e+01
1.518367491713311601e+01,4.337567099764113010e+01
1.438831751912770152e+01,4.830365275212709264e+01
4.913356077058828930e+01,4.142318817405243436e+00
1.055284763189972175e+01,8.979675955678078481e+01
3.269677606769246125e+01,9.353844247759168340e+00
3.702379902320017635e+01,7.295214071830639746e+00
4.080953050730114029e+01,6.004499362701007037e+00
1.065651047341611424e+01,8.805823324988398326e+01
1.215784210643346697e+01,6.765299104063292646e+01
1.088997293050997328e+01,8.432306801704281440e+01
3.132049041019630664e+01,1.019395924399861642e+01
3.247631256579692405e+01,9.481271322603982199e+00
3.318170992771718630e+01,9.082438695239966719e+00
6.734267102306250763e+01,2.205054481196709215e+00
1.007785961858218471e+01,9.846080701167869620e+01
1.409262614233094801e+01,5.035193191082321817e+01
1.363122373005705867e+01,5.381834124557928334e+01
7.893403005863549993e+01,1.604986731962675606e+00
1.140382733727296127e+01,7.689511198182714224e+01
3.827873666186557244e+01,6.824719525235888540e+00
1.304123023485299093e+01,5.879804355942270888e+01
2.520234637284642432e+01,1.574410755130432804e+01
1.422727122500403851e+01,4.940339313577580782e+01
1.387718571141895829e+01,5.192747429869429254e+01
1.435918529582912129e+01,4.849985055034004944e+01
1.610612951630043810e+01,3.854940025521632663e+01
1.974976154602511613e+01,2.563753623266237724e+01
8.935678319457379359e+01,1.252405447727055643e+00
6.171245497823393578e+01,2.625755919410661221e+00
3.094329326603697439e+01,1.044400168539305263e+01
1.116126978204395925e+01,8.027360896936701806e+01
1.024992084719920804e+01,9.518290966118595975e+01
1.863162172841995456e+01,2.880704316923120345e+01
1.002129010487520233e+01,9.957555385838507789e+01
2.461962596549875926e+01,1.649822031348543661e+01
2.142029337790743782e+01,2.179461343726122635e+01
1.695002416588922856e+01,3.480642001283458598e+01
2.167785215454250292e+01,2.127979794523753654e+01
1.336481236642225490e+01,5.598533331496425802e+01
1.370736169663902793e+01,5.322213039458504369e+01
1.212362209826337889e+01,6.803544327411735537e+01
