4.098494520230345728e+01,5.953211094940303205e+00
1.594008661221736212e+01,3.935669727637299076e+01
1.188420365480055629e+01,7.080433185985174305e+01
2.720835134253812981e+01,1.350813977874710936e+01
1.395849584824969014e+01,5.132426711159606469e+01
1.932383040947001973e+01,2.678018453431343460e+01
1.108375041895106250e+01,8.140039722858830373e+01
1.643693486505442181e+01,3.701334469118296511e+01
1.006164981674269221e+01,9.877831275683917056e+01
3.141992246972185399e+01,1.012954135596990746e+01
5.041170371458281352e+01,3.934932164135925614e+00
2.433120044503286294e+01,1.689168316842874518e+01
1.247982870742622374e+01,6.420705508930599592e+01
1.707395855797143014e+01,3.430295661714888666e+01
1.073157229725541661e+01,8.683069728504892737e+01
1.005096813227084418e+01,9.898837798047196657e+01
1.075245554880650545e+01,8.649374236401570215e+01
4.063741988819909068e+01,6.055468472081855680e+00
1.584625325916424998e+01,3.982417747450065093e+01
1.327882345220319671e+01,5.671276301460580527e+01
1.078667568229018592e+01,8.594581962087197269e+01
4.314633830177560014e+01,5.371704467326260612e+00
1.535264122874259485e+01,4.242616705801359700e+01
6.725190231871329161e+01,2.211010744165931907e+00
1.300725922363022846e+01,5.910556988795084976e+01
1.624263820525496982e+01,3.790415841460989554e+01
4.673854364081505963e+01,4.577724461500506159e+00
4.942908889801108785e+01,4.092934449087027637e+00
1.748182050717558056e+01,3.272100892423612351e+01
1.836177514071524186e+01,2.965996748615796719e+01
1.710823797394090207e+01,3.416563011136470607e+01
1.021058214178020762e+01,9.591775228551153987e+01
1.019602875677559162e+01,9.619176567949416778e+01
2.731596218140707677e+01,1.340191917545519651e+01
5.975477899744555543e+01,2.800623386140181470e+00
2.757015136773620156e+01,1.315593439114056018e+01
1.201699464040115295e+01,6.924816427978041133e+01
2.963341482332620558e+01,1.138771524636303667e+01
4.385144794021345405e+01,5.200344611466793054e+00
1.553968990121108185e+01,4.141096050333290179e+01
1.385553553717544695e+01,5.208988118822946234e+01
3.898968024967699364e+01,6.578102748804455224e+00
6.567888113074535283e+01,2.318187226344912588e+00
4.041828068829251919e+01,6.121309364942686848e+00
3.197865054862962353e+01,9.778668723128541629e+00
2.351920023820035155e+01,1.807818809626160217e+01
1.649566980962132945e+01,3.675023244264426125e+01
1.084664571829320856e+01,8.499807493177300444e+01
2.413575953876519620e+01,1.716635380504802910e+01
1.490848761827595226e+01,4.499174339468273587e+01
1.435534655573655449e+01,4.852579255221237986e+01
2.821375828791347473e+01,1.256255908309017855e+01
1.670269001421175403e+01,3.584488222710368888e+01
1.015770198100817723e+01,9.691903166131076830e+01
1.002891950559900280e+01,9.942410926169395680e+01
2.073872329915808166e+01,2.325069641686171096e+01
1.187892446313750661e+01,7.086727909026635075e+01
2.495477714204807285e+01,1.605804270206631301e+01
1.215221958051975193e+01,6.771560819283770627e+01
2.272553999853731455e+01,1.936295235291902372e+01
1.248439526415138445e+01,6.416009221628652881e+01
5.869143993360818712e+01,2.903022960688652176e+00
3.569330522373768133e+01,7.849219397729018333e+00
1.502312375253140608e+01,4.430773101372946599e+01
3.378127725434352158e+01,8.762900248236668688e+00
2.712813187080023525e+01,1.358814661446055183e+01
1.412285277332706457e+01,5.013662972190641653e+01
2.735241901176547330e+01,1.336621733258396993e+01
2.585041085843581143e+01,1.496459955884633963e+01
1.193201184910437895e+01,7.023808270174410495e+01
4.855365921190500700e+01,4.241857437705354172e+00
7.401365388840369519e+01,1.825476767892638907e+00
1.180061752623528015e+01,7.181092665555618737e+01
1.097358496970159791e+01,8.304298248102487889e+01
1.410210388162383666e+01,5.028427362071974471e+01
1.505782515762027884e+01,4.410374818854716494e+01
1.108578771238581062e+01,8.137048122066177314e+01
1.731116916951220475e+01,3.336930789260340191e+01
4.920775603787320307e+01,4.129836689660239202e+00
2.282778830151791993e+01,1.918988301732203183e+01
2.013508065746411901e+01,2.466568907652053966e+01
1.155305982651255903e+01,7.492141229623045717e+01
1.538713018681205114e+01,4.223619083494061499e+01
6.305015725441852226e+01,2.515519288843612866e+00
1.442845264231941904e+01,4.803529733908035126e+01
1.166590546628337322e+01,7.347897582365479252e+01
5.719842481706837845e+01,3.056552516631055649e+00
1.079781966142740401e+01,8.576850897682906805e+01
6.345960628710282947e+01,2.483163141937848373e+00
1.382699474306220111e+01,5.230514429687775646e+01
2.325189370154056689e+01,1.849623532602914366e+01
1.808067064452813710e+01,3.058939796167407721e+01
3.876815878371476742e+01,6.653492151266760857e+00
3.910688244707025518e+01,6.538733064283113627e+00
2.813260450187803485e+01,1.263514174783479049e+01
1.222304638480449057e+01,6.693312165654073453e+01
1.172841341194349774e+01,7.269783345598419544e+01
1.231282861203173340e+01,6.596055956720907432e+01
2.481346961706407583e+01,1.624145787084728809e+01
2.459926592441200555e+01,1.652554173464175946e+01
4.796514003327680342e+01,4.346588899571316666e+00
2.305203560428202891e+01,1.881834544904592121e+01
2.853733687946416353e+01,1.227928603197427293e+01
3.546860926866526142e+01,7.948985045407614969e+00
1.081794934605072100e+01,8.544961550073895751e+01
1.420307147515147506e+01,4.957188743225429306e+01
1.528442718563283442e+01,4.280570610328604886e+01
4.297449021670934144e+01,5.414751531766555104e+00
8.142571038603963984e+01,1.508262341374746240e+00
1.563520083272608474e+01,4.090657058616161379e+01
8.805752333494392303e+01,1.289635759597550280e+00
5.094441916828338890e+01,3.853068853396733662e+00
3.894437513034738174e+01,6.593416646005435311e+00
1.231501264025186515e+01,6.593716585200111524e+01
1.265663506868160049e+01,6.242570901237116487e+01
1.000000000000000000e+01,1.000000000000000000e+02
1.487590514600579539e+01,4.518904871934000056e+01
5.323724243173052173e+01,3.528327553149115836e+00
3.003331885329080109e+01,1.108647153475931546e+01
4.361348328441166444e+01,5.257247851100656177e+00
6.029211799572979658e+01,2.750926070616207308e+00
1.859990548913911468e+01,2.890536948016005070e+01
3.971273518274951897e+01,6.340746643012618478e+00
1.201427479603958126e+01,6.927952123664393014e+01
1.665624336350374435e+01,3.604507094618761442e+01
2.996383005698150015e+01,1.113795219375655954e+01
5.347398472828431437e+01,3.497155186822855200e+00
1.086123517889146228e+01,8.476987930345457301e+01
1.695759749326796495e+01,3.477533759667613822e+01
2.931277648247722922e+01,1.163820726230808766e+01
1.095814551739188758e+01,8.327715374629094924e+01
2.633325609124478106e+01,1.442085050251874989e+01
1.111977528763713607e+01,8.087382390903337637e+01
4.154635555546521886e+01,5.793408244076140967e+00
1.090252576369698190e+01,8.412900582059950239e+01
1.719620044908435474e+01,3.381699414159785988e+01
1.076506603313023902e+01,8.629121891920618737e+01
1.100294710827741262e+01,8.260036176827651389e+01
1.024641441503579387e+01,9.524806601913485338e+01
2.463001017976443308e+01,1.648431167615182602e+01
1.313406208926492447e+01,5.796980906865606187e+01
1.373352582354533347e+01,5.301953360535808457e+01
1.811661970261810950e+01,3.046812047978112403e+01
1.313343000982332143e+01,5.797538908945054459e+01
1.958073144378039032e+01,2.608207732212485652e+01
1.689795487516378714e+01,3.502125522732343654e+01
1.534790088921265117e+01,4.245237852449066907e+01
1.369454765742196400e+01,5.332177728379512871e+01
2.359203522014520260e+01,1.796673590917324503e+01
2.392873467714730751e+01,1.746467593446900324e+01
1.029885044468813859e+01,9.428063455535868798e+01
1.042128548980425329e+01,9.207832554440508943e+01
1.526685398347086497e+01,4.290430746072104995e+01
2.686916413947001558e+01,1.385133673084192019e+01
1.415263767315524213e+01,4.992582193431042725e+01
1.201904541631693135e+01,6.922453505682564412e+01
1.057154910028412864e+01,8.947933287808997704e+01
1.515284325349003502e+01,4.355236452383564938e+01
1.223771543903063552e+01,6.677275559170065833e+01
2.540119246763492811e+01,1.549857572574923381e+01
1.109600895694682876e+01,8.122063914280046504e+01
1.396355207791456188e+01,5.128710460503596380e+01
1.481451070670826908e+01,4.556437060755418145e+01
7.943468938017976200e+01,1.584818735576255078e+00
1.153110048768351703e+01,7.520703832611035011e+01
6.186211770349632388e+01,2.613066330476289334e+00
3.872557254298068585e+01,6.668133794880255039e+00
2.960215034808631529e+01,1.141178234616468146e+01
1.415918245257500985e+01,4.987967831329326174e+01
1.090269520318857310e+01,8.412639093227299725e+01
2.951452235341380970e+01,1.147964562158112045e+01
1.319547940554430987e+01,5.743143311353561131e+01
2.485153476474793877e+01,1.619174182525595285e+01
1.436886801658567236e+01,4.843450757672270868e+01
2.272979452118347510e+01,1.935570438511862079e+01
3.959768876442880270e+01,6.377644751105146170e+00
4.699446666027149178e+01,4.528001370996272534e+00
1.451428949732347817e+01,4.746882019291547294e+01
1.234180758511860887e+01,6.565116806669708183e+01
1.052710178958500897e+01,9.023652357253732248e+01
2.203470319416009815e+01,2.059612837272701213e+01
2.554362690982909712e+01,1.532621365184886209e+01
2.041466113522466941e+01,2.399471794103740052e+01
2.991129551089394667e+01,1.117711071868379591e+01
1.014337917771426234e+01,9.719293097260226943e+01
1.699912006719175039e+01,3.460565846176243809e+01
1.093025903590906189e+01,8.370262751791561584e+01
1.580061879717572104e+01,4.005454557942977090e+01
3.439702579074303657e+01,8.451975236371051636e+00
1.174397528601338259e+01,7.250529814274054274e+01
1.752623322213309720e+01,3.255538433945193333e+01
1.029182885881346721e+01,9.440932410219735971e+01
7.293984119871211647e+01,1.879621366046682063e+00
1.021529853557123779e+01,9.582920245866463915e+01
1.058695746197847676e+01,8.921906421798119879e+01
4.992547076470543033e+01,4.011951392848742692e+00
1.551117859016327216e+01,4.156333653093507507e+01
2.418912365532769471e+01,1.709069527015372358e+01
2.638892236820708703e+01,1.436007436633684797e+01
2.833414147446964648e+01,1.245603683689221342e+01
2.445439237221297546e+01,1.672192408940298591e+01
1.205797883428197181e+01,6.877822532641177133e+01
3.373318985037479223e+01,8.787901469462751081e+00
2.189472799028070327e+01,2.086031642344693182e+01
1.066432617907414304e+01,8.792920774531165762e+01
2.105207916051465133e+01,2.256368412099095622e+01
1.432410287848143682e+01,4.873771195770942910e+01
5.239648907299456226e+01,3.642466997540620088e+00
1.000000000000000000e+02,1.000000000000000000e+00
2.343447629684658651e+01,1.820914251292590080e+01
4.467559239877411414e+01,5.010249577331399529e+00
1.038176824478385107e+01,9.278063498133234077e+01
1.842017189946690436e+01,2.947220588912926331e+01
1.470839428171742291e+01,4.622420743065628557e+01
1.085198971896734399e+01,8.491438190587429347e+01
1.487958670977536890e+01,4.516668979415037199e+01
1.730084605758499805e+01,3.340914153661044850e+01
1.102437650369116895e+01,8.227955351951476359e+01
1.592006061818507234e+01,3.945577387146202852e+01
8.768761452244649490e+01,1.300539325487209519e+00
5.411771481989284638e+01,3.414452697113393498e+00
1.119047729258256396e+01,7.985512234228544060e+01
1.086892943743775497e+01,8.464990235320993861e+01
8.718149104354080237e+01,1.315683460658666037e+00
2.534140401016948019e+01,1.557179416700793340e+01
1.709375010542970585e+01,3.422356905602707400e+01
1.144500973565493673e+01,7.634272665063596719e+01
1.529653672609866355e+01,4.273795844771607477e+01
2.169185967883912980e+01,2.125232394813332704e+01
1.009247879681744386e+01,9.817576830060151849e+01
4.023320217156410905e+01,6.177756706961549327e+00
1.726295520923385851e+01,3.355596344249045870e+01
1.108240779500768625e+01,8.142012159617017630e+01
3.470042617192887491e+01,8.304823038385338307e+00
3.784413280645762967e+01,6.982370411868091153e+00
2.166352520523756908e+01,2.130795360285331341e+01
1.404210436417542596e+01,5.071490391743765258e+01
1.091923893565732584e+01,8.387166435608030213e+01
1.072210093156445865e+01,8.698416879743463426e+01
6.327000209801273201e+01,2.498068265367137553e+00
1.153068253962450029e+01,7.521249042406688545e+01
2.342307195465770775e+01,1.822687834592472100e+01
1.111328310925439666e+01,8.096834155025601376e+01
4.241857219272073110e+01,5.557607958966165107e+00
2.291685945671686042e+01,1.904100194187551764e+01
2.024693297283219806e+01,2.439391519819744047e+01
1.252363128180407159e+01,6.375870015667573654e+01
1.006689597195872743e+01,9.867538702166423548e+01
1.340652962340072918e+01,5.563745495776412753e+01
2.407608023383637885e+01,1.725156250834580618e+01
5.448490451016963476e+01,3.368585786283236239e+00
1.724133634312412866e+01,3.364016766903407785e+01
1.411222365043391669e+01,5.021218253362761885e+01
3.853362882115416710e+01,6.734729866549084676e+00
1.025829215867969957e+01,9.502762442381047947e+01
1.214998442604015771e+01,6.774052489422126655e+01
3.527647544359673759e+01,8.035809368349431381e+00
1.824115698177781653e+01,3.005351256012728101e+01
2.698532368285334471e+01,1.373234597589229899e+01
1.413676959345546003e+01,5.003796517059996063e+01
1.097466644628397070e+01,8.302661667778212973e+01
1.189140684351949417e+01,7.071857876091394246e+01
4.853044516865361402e+01,4.245916506724855211e+00
1.148526434253178685e+01,7.580851849745798177e+01
1.471038466391735078e+01,4.621169958432761149e+01
1.256809883546030626e+01,6.330832531200938007e+01
2.840874698255393582e+01,1.239070000711832087e+01
1.611067243376810154e+01,3.852766285682722724e+01
1.425013502978307045e+01,4.924498854888847177e+01
3.931478804639760227e+01,6.469759287694121674e+00
1.720989018864827358e+01,3.376321556304282723e+01
1.083897501699060406e+01,8.511842312894268048e+01
2.392389873762569508e+01,1.747173721270177893e+01
1.100467540440361702e+01,8.257441885403657977e+01
1.937042074683066417e+01,2.665151439879696227e+01
6.765538338518931027e+01,2.184717468256316852e+00
1.046450988804193827e+01,9.131922447675142962e+01
1.623209193859623056e+01,3.795342837007389392e+01
3.959950305934685844e+01,6.377060366832629335e+00
1.653680807487455695e+01,3.656761433201324252e+01
8.312706969877700658e+01,1.447155025024392749e+00
1.420928691926222598e+01,4.952852932282414145e+01
1.833568528933266251e+01,2.974443388801801191e+01
6.131967132574607859e+01,2.659502257295712546e+00
1.307366973833882007e+01,5.850661613299194386e+01
2.520098912619567599e+01,1.574580345399767900e+01
1.045631563011268739e+01,9.146240808208682438e+01
1.125542542300623516e+01,7.893619181271560592e+01
6.336071574159090147e+01,2.490920408735331826e+00
2.592463161010324413e+01,1.487903661377533737e+01
1.608855505545471942e+01,3.863366574097229034e+01
1.508542446062630660e+01,4.394251716338470715e+01
1.601968339221149051e+01,3.896656675009662507e+01
1.458649401261125256e+01,4.700003310561370995e+01
5.193054486486548171e+01,3.708123938562640109e+00
2.454453010199873120e+01,1.659932988239094342e+01
1.193944838969428623e+01,7.015061372183619426e+01
2.242241700140233007e+01,1.989001679227556707e+01
1.783782021008828167e+01,3.142797763445208048e+01
1.351376569482275514e+01,5.475795625883171880e+01
1.489959608456326734e+01,4.504545826952949028e+01
2.228981698236457021e+01,2.012736835767719157e+01
1.192911651208939539e+01,7.027218205852199162e+01
6.884923999956060925e+01,2.109607684619040580e+00
1.315292087882006022e+01,5.780369285913743482e+01
1.084764321762554218e+01,8.498244358714818247e+01
9.025985954467438432e+01,1.227469453714715053e+00
7.876957076769221544e+01,1.611695681292871773e+00
1.547866975879435714e+01,4.173810534659910587e+01
3.907787749091792762e+01,6.548443215525194816e+00
1.621859301426296796e+01,3.801663282518486398e+01
1.406726880344266206e+01,5.053362201374405771e+01
1.889961007062430554e+01,2.799589215432856903e+01
2.862556673682774644e+01,1.220370813789805808e+01
4.252533873355337590e+01,5.529736495751701675e+00
1.059520218574559358e+01,8.908026548140546197e+01
1.223631083109957984e+01,6.678808618054152646e+01
2.881878256075957623e+01,1.204061692684324747e+01
1.769650210922279143e+01,3.193192757792225223e+01
1.455631812983605755e+01,4.719510132849313067e+01
1.805349537339915500e+01,3.068155749203106808e+01
1.126108638651865945e+01,7.885684909762704820e+01
6.677805096336570045e+01,2.242500360399026338e+00
2.411826736087734702e+01,1.719126320673788300e+01
3.558992741591914211e+01,7.894884766460305237e+00
1.658613493922493021e+01,3.635043491377464164e+01
1.085550196832812730e+01,8.485944345397228972e+01
1.250929081673499077e+01,6.390496800074045325e+01
4.878608407412038872e+01,4.201535914726926890e+00
3.759261136631896250e+01,7.076117080015556837e+00
1.726328852565162464e+01,3.355466767018888419e+01
1.116964301012666283e+01,8.015330122079747355e+01
1.363630550201357750e+01,5.377823631001326277e+01
1.114098029805469814e+01,8.056625703613430289e+01
1.224232432488459565e+01,6.672248898033861053e+01
2.806028788133879459e+01,1.270035192549219438e+01
1.239107874780275509e+01,6.513010314683324964e+01
1.413879004160802211e+01,5.002366523539986787e+01
1.129471204398419992e+01,7.838801619473348126e+01
3.516733886687284638e+01,8.085762624652883090e+00
1.104982663759971118e+01,8.190097488163203820e+01
1.860161539832947852e+01,2.890005560991776790e+01
1.620941246590543727e+01,3.805970809055018123e+01
1.015472367849429780e+01,9.697589121452168115e+01
1.416228987609370371e+01,4.985779198241581867e+01
3.087778651827821363e+01,1.048836226759787493e+01
2.603120547149260133e+01,1.475745404920107084e+01
1.074875845965712351e+01,8.655325250589879715e+01
1.420351809295963186e+01,4.956876998776142074e+01
2.363012169055156164e+01,1.790886586486207577e+01
3.480372505556530172e+01,8.255598086898650934e+00
4.334462116822569300e+01,5.322670436966602026e+00
2.235408263334571544e+01,2.001180655048177570e+01
1.467884773280699129e+01,4.641048095595526490e+01
1.917365661656195641e+01,2.720132813488902457e+01
1.623841405161495288e+01,3.792388125374883856e+01
3.731583860635561933e+01,7.181473924106522411e+00
5.443612350242098330e+01,3.374625769474300707e+00
1.416251758153810592e+01,4.985618876471828287e+01
1.180677477618773175e+01,7.173604718336406449e+01
1.342612941002700744e+01,5.547513173619844906e+01
7.244547181151311577e+01,1.905362044450590764e+00
2.545096858269894113e+01,1.543801186233636358e+01
2.907346721273388823e+01,1.183058840027899450e+01
1.188524336614522703e+01,7.079194459189565691e+01
1.097759058101384078e+01,8.298239045593950891e+01
1.011922535781136823e+01,9.765746896150737655e+01
1.132236681847161641e+01,7.800555985393786784e+01
1.499255264820316924e+01,4.448860978829966939e+01
3.616679901130405028e+01,7.645041630091450990e+00
1.306429845864059303e+01,5.859058214347898996e+01
1.010153773873435767e+01,9.799976147511425495e+01
1.612404976356510389e+01,3.846376036830328360e+01
1.384098245677701122e+01,5.219947843193686765e+01
2.123345905825591373e+01,2.217984474158804176e+01
5.020422331488111922e+01,3.967523379287870799e+00
1.168483605511283230e+01,7.324108228480957905e+01
1.674165613176152334e+01,3.567821885334004861e+01
3.585599088094115672e+01,7.778154089730573872e+00
1.731620265317774354e+01,3.334991109324096215e+01
1.278883166626732049e+01,6.114180534124133715e+01
1.914701068412300700e+01,2.727709025785117447e+01
4.251846875323455066e+01,5.531523589740988456e+00
2.005187760457858914e+01,2.487080886507443012e+01
1.599686383838964865e+01,3.907781779262901267e+01
1.748269617674385756e+01,3.271773116045287821e+01
1.037784740701535924e+01,9.285075482848453987e+01
1.246639965503299941e+01,6.434545981587120878e+01
1.352588087576318898e+01,5.465990638717438088e+01
1.537666847764386624e+01,4.229368222964144763e+01
1.525802874583395763e+01,4.295395348225019916e+01
8.388097924272670980e+01,1.421258307662848219e+00
2.238698681543758440e+01,1.995302345259656818e+01
1.435087079712213054e+01,4.855606578172488241e+01
2.233093186942150155e+01,2.005332105247245522e+01
1.408283537617409920e+01,5.042196828426371269e+01
1.122271842491015725e+01,7.939695860201285882e+01
1.131066004445685991e+01,7.816711825015048021e+01
2.023552776105842455e+01,2.442142089778678127e+01
1.169497778830371537e+01,7.311410992812869836e+01
1.242637639820899231e+01,6.476061900754993417e+01
1.599863079281369593e+01,3.906918644024482035e+01
2.680205485571876878e+01,1.392078790088377716e+01
1.188503525080503920e+01,7.079442384724696069e+01
2.285739127974863649e+01,1.914020894743816825e+01
3.517324252093978743e+01,8.083048542248461033e+00
5.189758301869009927e+01,3.712835735097362200e+00
2.005216101663604888e+01,2.487010583488301663e+01
1.432855407852337493e+01,4.870743568452088823e+01
7.332146557971111633e+01,1.860106136642849739e+00
1.889249625573495095e+01,2.801697937195542210e+01
1.788137166973882586e+01,3.127507354005434692e+01
5.542962986024268446e+01,3.254738063473703757e+00
1.275478578478257674e+01,6.146864812768952646e+01
1.636198218168699370e+01,3.735323062439370290e+01
3.749137407995038274e+01,7.114383700279965694e+00
1.996006870452618287e+01,2.510012800687757917e+01
1.968254176417048384e+01,2.581294979497315722e+01
2.235244807972963343e+01,2.001473343944178751e+01
1.305954744526463784e+01,5.863321995686890631e+01
1.376896773946149999e+01,5.274693577123174038e+01
1.713117711851455383e+01,3.407419382484447823e+01
1.910953714134028303e+01,2.738417515804164992e+01
1.768121481156574504e+01,3.198716856865615910e+01
1.014710173488525236e+01,9.712163182026365860e+01
1.104612935967660725e+01,8.195581062249861759e+01
2.073185712467661190e+01,2.326609974262809288e+01
1.276866932478874084e+01,6.133504947994735801e+01
1.313277243136066730e+01,5.798119507167961473e+01
1.153089713304331276e+01,7.520969099656612400e+01
7.179942508844597171e+01,1.939804964350369643e+00
1.465508894875555690e+01,4.656108398679513272e+01
1.516354328528633211e+01,4.349092146164966266e+01
1.017128064300648660e+01,9.666043053376350258e+01
1.314895088350558439e+01,5.783860287359596697e+01
3.726570497068357213e+01,7.200809427054737810e+00
1.143253222030987715e+01,7.650945915452548718e+01
1.899796976205506382e+01,2.770675189794951976e+01
1.258310348005610280e+01,6.315743208280408538e+01
1.100060683773958381e+01,8.263551033017145642e+01
1.231328819059457835e+01,6.595563586316131932e+01
1.644537270895383685e+01,3.697537258693227358e+01
1.968095244502460517e+01,2.581711897041383708e+01
2.628525366612725378e+01,1.447356963466542012e+01
1.098464685248666761e+01,8.287581293697154194e+01
5.877324680945789481e+01,2.894947110815524915e+00
1.629096492940814045e+01,3.767960856794919522e+01
7.397709339691056130e+01,1.827281564939117864e+00
1.746042198041834226e+01,3.280126018477842820e+01
1.113461724758569460e+01,8.065836503200334562e+01
1.029281545958591870e+01,9.439122607093374029e+01
1.862410019271597150e+01,2.883031591307809904e+01
3.151979670068509876e+01,1.006544974091388411e+01
1.416117108137491343e+01,4.986567026274976655e+01
1.135843428958831147e+01,7.751095007194916775e+01
3.417954193722658118e+01,8.559876990244333683e+00
5.264782887354743934e+01,3.607771867079225370e+00
3.194066227932865232e+01,9.801942855784162134e+00
4.754008306628700353e+01,4.424662275074133788e+00
1.453958917510556326e+01,4.730376724877834960e+01
1.922926666212652336e+01,2.704422595871168156e+01
1.258223168686414439e+01,6.316618444537029831e+01
5.489287527394949961e+01,3.318700347364789582e+00
1.614506141308524789e+01,3.836370981631991128e+01
1.755925173634673087e+01,3.243306480282139148e+01
1.350474679334081962e+01,5.483111890705082914e+01
4.516111418305160896e+01,4.903099470870325938e+00
1.772120438185757862e+01,3.184296732437269739e+01
5.003284290707639315e+01,3.994750307888358165e+00
4.250764416489769104e+01,5.534341157766403896e+00
1.243526957682782808e+01,6.466802402049894738e+01
1.303538144780015173e+01,5.885081905941664360e+01
6.362392119629826226e+01,2.470353687817581356e+00
1.730483942187739288e+01,3.339372394436265523e+01
1.888386714542292566e+01,2.804259031711250216e+01
2.769342905367685148e+01,1.303906743771683274e+01
1.094018670294581597e+01,8.355078462781338544e+01
5.397523778697301111e+01,3.432502572761882753e+00
1.537118450653800927e+01,4.232386581182428387e+01
1.249576050474949440e+01,6.404343452697240480e+01
1.394591707194552122e+01,5.141689459897393988e+01
1.631689428991172619e+01,3.755994953853885221e+01
5.438709486554504480e+01,3.380712797211555820e+00
1.257096852293381062e+01,6.327942469524565183e+01
1.794022890443245544e+01,3.107019936390255310e+01
1.055982619660765742e+01,8.967811263575345038e+01
1.299285601203158436e+01,5.923668530833452195e+01
1.805068360094204394e+01,3.069111682832557975e+01
1.705752551046614229e+01,3.436908269713311626e+01
1.141397051974175625e+01,7.675850490214011757e+01
1.229353456583936932e+01,6.616776519247258648e+01
1.445429165400454075e+01,4.786371159198182568e+01
4.616558814724899662e+01,4.692056729790102132e+00
1.475478926326415596e+01,4.593396952674316935e+01
1.594474310980517551e+01,3.933371319887020690e+01
1.196750477437404570e+01,6.982207981799589902e+01
3.054185679796527708e+01,1.072035400895083157e+01
1.381560327345805916e+01,5.239143486159871799e+01
1.352035852045690056e+01,5.470456689951751628e+01
1.386566038101695142e+01,5.201383585880538618e+01
4.022131666070417566e+01,6.181408334968323537e+00
1.458211287153733871e+01,4.702827931524588223e+01
8.249361799026590347e+01,1.469465172954245835e+00
2.328028946022407908e+01,1.845114187264095307e+01
2.003594422199879688e+01,2.491038111339123162e+01
6.571970139770378694e+01,2.315308344331844292e+00
1.315385271114362631e+01,5.779550340426923327e+01
2.639726166954788411e+01,1.435100266238437960e+01
1.813766501888933647e+01,3.039745656255926320e+01
1.141982552776829429e+01,7.667981605514815158e+01
6.300163135724887553e+01,2.519395850069295228e+00
1.278850155837335656e+01,6.114496187259849336e+01
1.730488861317919458e+01,3.339353409299119591e+01
1.116512962290693167e+01,8.021811659097353697e+01
1.141796432781059956e+01,7.670481667664967063e+01
1.532886300742871910e+01,4.255789257896034883e+01
5.470419466304648637e+01,3.341632931749613178e+00
1.355415174281600521e+01,5.443212800279305696e+01
2.306453054828332583e+01,1.879796172768859108e+01
1.153506608088540375e+01,7.515533697435655824e+01
1.593363329407921292e+01,3.938858362852895567e+01
3.017412997647599227e+01,1.098324032409184703e+01
1.474795677123824333e+01,4.597654032956103975e+01
1.602900356178381358e+01,3.892126519119268835e+01
1.229432417623104890e+01,6.615926613608662876e+01
1.079285362574007046e+01,8.584745519088642141e+01
7.322530664487221941e+01,1.864994699781234555e+00
1.111700636055974911e+01,8.091411562090971188e+01
1.801965146103049520e+01,3.079691589111016725e+01
3.130516708489766842e+01,1.020394121170581947e+01
4.825853379627242390e+01,4.293898300990212746e+00
1.106878690023802925e+01,8.162063088007185740e+01
1.266874527447691534e+01,6.230641908466416368e+01
1.146206566692353412e+01,7.611569470799514647e+01
8.082169373358009068e+01,1.530890419098971611e+00
6.780530490950063438e+01,2.175067070766663502e+00
5.294516863237041804e+01,3.567363202399110644e+00
1.395547238139578816e+01,5.134650842680493810e+01
1.807902337913301949e+01,3.059497250530364099e+01
1.538354351594772140e+01,4.225588785397309977e+01
3.183845448486994201e+01,9.864976254988977900e+00
3.570354372270733734e+01,7.844718292597935516e+00
1.761067118789535613e+01,3.224394586078569347e+01
2.827386008022644504e+01,1.250920734207900864e+01
2.207694894032796995e+01,2.051737960024565410e+01
1.525054704266298167e+01,4.299610902703909687e+01
1.189482657917025143e+01,7.067792174430415741e+01
3.375690333390964071e+01,8.775559190348806382e+00
2.283892199911617382e+01,1.917117790702696922e+01
2.000968897413788383e+01,2.497579515508384063e+01
1.952205591588501576e+01,2.623909761937938256e+01
3.616704595959915736e+01,7.644937229883966623e+00
5.287009763326595646e+01,3.577501093653006947e+00
1.798082566876970034e+01,3.093005834265717269e+01
4.639612718341033570e+01,4.645543589530402251e+00
1.138301470227900580e+01,7.717655815614595838e+01
1.793357655255141481e+01,3.109325424464669396e+01
1.110330732306389478e+01,8.111389920979178214e+01
1.170992095628303531e+01,7.292762543889392646e+01
5.165457713223511149e+01,3.747851536550030005e+00
1.922737697572490845e+01,2.704954208866868015e+01
1.632329635575442239e+01,3.753049297415491026e+01
7.505222137120010473e+01,1.775304681227423576e+00
8.844651970669406182e+01,1.278316819058791021e+00
1.544243149059601805e+01,4.193422618989902872e+01
1.733801163355905217e+01,3.326606409509292206e+01
1.784327625199427914e+01,3.140876074350398994e+01
7.614902524853732757e+01,1.724532181003805897e+00
1.835172690607630130e+01,2.969245618930847286e+01
1.789537873789321765e+01,3.122613345902403026e+01
1.361767682523493761e+01,5.392547179322765061e+01
1.657977275357541558e+01,3.637833790029701930e+01
1.341677685734431336e+01,5.555249978544335931e+01
7.703945009635182828e+01,1.684898143208928722e+00
1.586552605065980437e+01,3.972748267992550808e+01
2.063101936074234644e+01,2.349408992825995668e+01
4.912384065998592320e+01,4.143958256830315712e+00
1.268998448694935988e+01,6.209802925739768398e+01
2.388180742425284109e+01,1.753337881511519569e+01
2.534123758790675396e+01,1.557199869543480730e+01
2.506397334506621632e+01,1.591842736016010207e+01
1.121603775097585753e+01,7.949157011700587816e+01
1.836602415715259440e+01,2.964624528802143644e+01
1.617013069798495906e+01,3.824484803761362173e+01
1.050629814601143153e+01,9.059423416258769635e+01
1.006687239391015609e+01,9.867584924581919381e+01
4.249109412300338562e+01,5.538653186792752869e+00
3.680860038393156941e+01,7.380765238320865507e+00
1.185092327673239865e+01,7.120256304460542651e+01
1.028592938263459189e+01,9.451765175275249931e+01
1.250575803738606950e+01,6.394107841301569550e+01
1.334135332695328202e+01,5.618239230893572511e+01
5.308521053875306706e+01,3.548566201223041450e+00
2.478427284950419462e+01,1.627974645687013577e+01
1.698160712882472367e+01,3.467707211110197818e+01
1.565864456955015527e+01,4.078417366052691762e+01
1.566680226526456821e+01,4.074171212262955777e+01
1.754627622405713794e+01,3.248105119378307393e+01
1.270212841641206403e+01,6.197934779312506492e+01
1.307059520595527147e+01,5.853414382233169277e+01
8.041399737894592192e+01,1.546452899374115120e+00
1.140616408180527586e+01,7.686360869544122920e+01
6.736125615633079633e+01,2.203837889335909406e+00
1.576674443676031956e+01,4.022684236063935259e+01
1.222459468198150745e+01,6.691616799823717088e+01
1.642935150676575873e+01,3.704752135757981080e+01
1.515703143667471942e+01,4.352829911492666071e+01
2.445267966367037715e+01,1.672426663718268358e+01
5.039420927803177364e+01,3.937664675308392592e+00
7.061862870640412382e+01,2.005217286478552907e+00
1.197632579261594188e+01,6.971926447497853019e+01
1.629237294901134803e+01,3.767309615442044191e+01
5.536576180442988715e+01,3.262251504400955682e+00
5.936950423092241635e+01,2.837090276621544671e+00
1.085381378611528902e+01,8.488584327009448316e+01
1.731218544422180727e+01,3.336539026031825728e+01
1.981003508875046037e+01,2.548176524739543325e+01
1.257000083435878501e+01,6.328916807301734337e+01
3.266503314928429802e+01,9.372032662364109257e+00
7.180851090450559582e+01,1.939314114564950176e+00
1.299070799367934370e+01,5.925627654338399708e+01
1.938616129163801460e+01,2.660825270913213458e+01
4.069950533894131439e+01,6.037007818410528692e+00
1.306068028219348420e+01,5.862304912429500803e+01
3.863782215912606688e+01,6.698456194715652678e+00
7.424314001008913522e+01,1.814209083398116817e+00
1.668277951906755163e+01,3.593049328948445265e+01
1.069242415331944329e+01,8.746768725822580848e+01
5.240604936068081088e+01,3.641138148811315922e+00
1.498413657542995381e+01,4.453859925881714332e+01
1.992068703630498305e+01,2.519946815423784869e+01
7.556603186359454583e+01,1.751244425476985223e+00
1.344723710915737414e+01,5.530111332972571603e+01
1.277621304679779080e+01,6.126264023600873543e+01
4.232657489085658398e+01,5.581793264781073738e+00
4.417747308491128422e+01,5.123871835193358315e+00
1.581955197475575581e+01,3.995872668203782752e+01
1.772086985561286809e+01,3.184416956883483962e+01
3.055722128549365735e+01,1.070957610906954649e+01
1.548705859758082148e+01,4.169290122903176155e+01
2.843892334982351500e+01,1.236441856638331949e+01
1.446476134238081812e+01,4.779444853581988895e+01
1.328405171088523140e+01,5.666813045024443340e+01
1.591459551163211650e+01,3.948287692062028498e+01
1.358634306211199494e+01,5.417449191428439548e+01
7.366826292741474447e+01,1.842634257307206980e+00
1.308817151934261425e+01,5.837703652151031974e+01
1.405228537392821764e+01,5.064144371148031354e+01
6.923306113582695787e+01,2.086281616862017962e+00
1.143979802155268111e+01,7.641230254631423691e+01
1.500537006587187427e+01,4.441263891266937236e+01
1.557262302056697756e+01,4.123599318750383702e+01
3.603152319310641616e+01,7.702554082330144603e+00
1.983919646859436980e+01,2.540690966418130259e+01
1.215150233312674821e+01,6.772360231167311895e+01
8.256806747708188254e+01,1.466816410318258601e+00
1.996667794608089253e+01,2.508351379062055742e+01
7.158043614156188994e+01,1.951692168923662596e+00
2.840170410602728879e+01,1.239684590524907470e+01
1.989439183570540237e+01,2.526612643506492972e+01
1.858286830560102132e+01,2.895839593752409868e+01
1.197103513499916971e+01,6.978090363372778882e+01
1.701755685426294917e+01,3.453071567782191664e+01
1.458059182663146380e+01,4.703809179153556386e+01
1.552541726314099435e+01,4.148713434354765894e+01
1.205454721367614290e+01,6.881738969577558862e+01
2.974212188970017934e+01,1.130462347357940978e+01
8.478369218025606813e+01,1.391154449658355219e+00
1.647609227506284668e+01,3.683762044583244943e+01
8.838814884727928245e+01,1.280005757912562103e+00
1.497742829043037460e+01,4.457850524557455429e+01
1.113888001776686387e+01,8.059664207915844258e+01
7.657308040150137174e+01,1.705484447136606629e+00
1.731473811815758523e+01,3.335555301262683514e+01
9.114112538251416140e+01,1.203846810236572917e+00
2.673038128919224832e+01,1.399554105684200955e+01
1.150036691820733914e+01,7.560954186704644542e+01
1.551071274354139362e+01,4.156583318353860079e+01
4.876828647178570719e+01,4.204603109229883451e+00
8.649205927546159955e+01,1.336741790039537525e+00
2.125516822665708006e+01,2.213456068792970655e+01
1.235577812806129572e+01,6.550278988620009102e+01
1.853534741923894913e+01,2.910707323709983640e+01
8.063121190640826796e+01,1.538132062647343146e+00
1.621821501099871554e+01,3.801840497813288522e+01
4.012094588374329618e+01,6.212375143627594909e+00
1.668911800704754356e+01,3.590320583771794105e+01
2.009569188081679414e+01,2.476247633554615035e+01
1.008999027558496486e+01,9.822420097595150423e+01
5.818711831177858329e+01,2.953563422459172916e+00
1.657148818692580861e+01,3.641472016066143169e+01
1.084847149610161843e+01,8.496946729978908763e+01
6.987222971174001884e+01,2.048286936927055546e+00
1.590131833864385591e+01,3.954883872718128401e+01
1.964918694151555911e+01,2.590066000247784217e+01
3.706796871173622065e+01,7.277838673949960757e+00
1.649652538240712119e+01,3.674642052678239423e+01
1.242522022044260943e+01,6.477267163439887554e+01
6.296076325352892411e+01,2.522667613066810866e+00
1.278107206284142450e+01,6.121606831056622866e+01
1.611509442576433671e+01,3.850652172819298613e+01
1.370856848144776130e+01,5.321276036714426283e+01
3.333594304429510657e+01,8.998590921560735367e+00
1.829007118383539776e+01,2.989297979242148529e+01
1.888271523663450324e+01,2.804601180508306513e+01
1.366897165865080233e+01,5.352150460889279771e+01
1.649484753043062568e+01,3.675389658134609050e+01
1.160397824308589954e+01,7.426534250197664733e+01
4.129855634136722387e+01,5.863139928682752355e+00
1.010853582642628012e+01,9.786411897561420403e+01
6.141408322092195959e+01,2.651331634668568249e+00
1.278017204265773010e+01,6.122469067290512612e+01
1.106905622762627672e+01,8.161665901409637058e+01
4.869675961102228001e+01,4.216963805580402180e+00
2.177998454696238539e+01,2.108069211636417606e+01
1.324182852242584474e+01,5.703009313090419852e+01
1.506939698574106856e+01,4.403603943546921329e+01
1.792049042423143845e+01,3.113868144754174594e+01
1.009545675133909093e+01,9.811785713129832232e+01
1.635917596381953132e+01,3.736604670924148763e+01
2.305062669188997404e+01,1.882064596874444362e+01
4.366276768084419047e+01,5.245386300808414504e+00
2.572308414689701905e+01,1.511311277709680567e+01
3.447650690499593651e+01,8.413050291381635404e+00
1.236023873692777997e+01,6.545552063685273936e+01
1.098927550494038741e+01,8.280601351326968995e+01
2.030084431608853635e+01,2.426452525754786294e+01
4.728740186702714254e+01,4.472075160158179408e+00
1.878210574628269569e+01,2.834728285879506515e+01
2.569165574803704644e+01,1.515011089518175247e+01
9.914174024738169066e+01,1.017388734215382229e+00
3.399275270730860399e+01,8.654208024909628705e+00
1.569220587409469303e+01,4.060990799351096570e+01
1.989990207671335298e+01,2.525213609780027824e+01
1.506464732309140508e+01,4.406381164934494876e+01
1.233374409009669037e+01,6.573703832799968438e+01
1.624792503658704490e+01,3.787949553741801623e+01
1.051884657145954627e+01,9.037821486698591400e+01
1.408604379098540527e+01,5.039900141459480665e+01
2.173276765619343465e+01,2.117239198854576188e+01
4.046098601288686325e+01,6.108394477160862479e+00
3.060995417954693565e+01,1.067270833175505196e+01
2.424399798010069063e+01,1.701341601936441705e+01
1.909336185857086221e+01,2.743059279837241249e+01
3.743110025563755272e+01,7.137314170350288478e+00
4.684134666892164489e+01,4.557652984011085984e+00
8.519265097187562219e+01,1.377830311887313419e+00
7.093931109628285014e+01,1.987129023996254240e+00
6.576582694467701629e+01,2.312061752054083819e+00
5.138349418528460433e+01,3.787500791441750003e+00
5.030124818762268291e+01,3.952232419086763926e+00
1.946318669131808576e+01,2.639806556247659941e+01
1.508034547717230467e+01,4.397212137920848107e+01
7.314479739904932387e+01,1.869102495701011835e+00
1.845222403361373864e+01,2.936990638819725774e+01
7.375081712819661561e+01,1.838511399638360855e+00
5.474990773695526514e+01,3.336055112605836204e+00
4.234856895325997783e+01,5.575996873894777828e+00
1.283480208321874549e+01,6.070460643499591669e+01
1.621617628553403634e+01,3.802796505706622554e+01
4.800222066383405917e+01,4.339876209899641069e+00
3.225889825951026069e+01,9.609503258276893334e+00
2.062754892328043255e+01,2.350199601821223894e+01
1.872240826322548202e+01,2.852834496909117235e+01
8.997394560932582408e+01,1.235283009846292357e+00
2.145966813588136546e+01,2.171470816204307752e+01
1.753730576726706047e+01,3.251428827010238365e+01
6.828507843766132623e+01,2.144610237382823303e+00
1.016586110360312567e+01,9.676351961658671996e+01
2.465600651697126011e+01,1.644956916332487751e+01
1.140396387055655048e+01,7.689327074848017674e+01
3.919127626041591839e+01,6.510602596420686616e+00
9.717934948332097633e+01,1.058892872020390508e+00
2.148358338432976922e+01,2.166639000344525456e+01
1.396055231461569335e+01,5.130914752994973327e+01
4.936766342763635151e+01,4.103126012323691008e+00
1.931279192612757356e+01,2.681080642499451727e+01
4.744450924585660090e+01,4.442506608095341925e+00
1.450912783345216717e+01,4.750260053863461707e+01
2.794481802807873549e+01,1.280552617466506860e+01
1.228037828159775202e+01,6.630961558384761645e+01
5.296681817990737784e+01,3.564447565096266590e+00
3.685821063468634406e+01,7.360909950413929259e+00
4.710085833282170853e+01,4.507568725991596637e+00
2.780608232780559774e+01,1.293362877210969408e+01
5.635730948842505228e+01,3.148469545251006529e+00
1.424771611967663709e+01,4.926171113252780032e+01
1.080592002184969402e+01,8.563996917051939306e+01
1.920071344493397092e+01,2.712472024092489065e+01
1.639789486892586012e+01,3.718979672591932228e+01
1.886444569691013129e+01,2.810036122510807743e+01
1.129074645266023502e+01,7.844308951131323226e+01
3.481275577140064570e+01,8.251315502037680716e+00
1.644294287607262817e+01,3.698630136228201337e+01
1.297070957290816295e+01,5.943914171269032209e+01
1.476714483687125501e+01,4.585713637868521175e+01
2.649938622472944871e+01,1.424060269521281441e+01
1.446425895704884645e+01,4.779776867091356252e+01
2.037582183026688654e+01,2.408628002679535385e+01
1.335143512537179866e+01,5.609757660273530888e+01
1.520557952486903908e+01,4.325079016720646052e+01
1.670943046639924390e+01,3.581596897558654291e+01
2.212958859146834456e+01,2.041988631255141229e+01
1.637429321805644733e+01,3.729708357700189225e+01
5.151917774234726721e+01,3.767577148113925745e+00
1.728247543432788547e+01,3.348020461432019346e+01
1.571470006747160042e+01,4.049373226864437925e+01
2.581358967136123184e+01,1.500732180844994623e+01
1.719668777510489122e+01,3.381507753208673961e+01
1.469989905939304364e+01,4.627764975507282230e+01
2.279039472482763884e+01,1.925290667777458964e+01
2.195779137805214276e+01,2.074066567234765301e+01
1.650150379507800835e+01,3.672425148667410610e+01
2.166749592880199415e+01,2.130014464871771551e+01
1.201738935336377523e+01,6.924361542172236739e+01
1.215027921009811962e+01,6.773723795994847308e+01
1.014133705269192554e+01,9.723207770422553153e+01
9.964891679575555372e+01,1.007058815769880766e+00
3.820768281956462431e+01,6.850126637525915108e+00
1.794655661104941302e+01,3.104829338487794743e+01
7.953592442113247785e+01,1.580786920128474327e+00
1.357466498790286202e+01,5.426774296224624550e+01
2.905490225902563495e+01,1.184571180306551597e+01
1.703102463241672027e+01,3.447612493515465104e+01
3.099733757790972177e+01,1.040761489384114569e+01
1.448906259129091012e+01,4.763426001141210975e+01
4.680344906546489625e+01,4.565036801138402822e+00
1.516837103406291831e+01,4.346324151775371547e+01
2.705993276675553716e+01,1.365672529218676523e+01
1.335820897695186282e+01,5.604069767356460119e+01
1.134576557587572943e+01,7.768414460190516024e+01
7.262641896927682694e+01,1.895879534972090052e+00
5.299965855871234055e+01,3.560031629410477461e+00
1.851189567075449816e+01,2.918086839620398010e+01
1.259751745415646340e+01,6.301298635587345842e+01
1.998016132875617146e+01,2.504967057074464876e+01
1.722474322918987966e+01,3.370501206068176714e+01
7.896847677952676747e+01,1.603586819642795369e+00
2.411685764289494571e+01,1.719327304911027099e+01
1.109413452265835787e+01,8.124808709052219058e+01
1.032282798294676773e+01,9.384315907278778468e+01
1.643460823781451197e+01,3.702382530020491913e+01
1.658863061650075821e+01,3.633949825090363106e+01
1.279418904132772639e+01,6.109061163108268033e+01
1.751295131341154843e+01,3.260478339295283945e+01
3.001172413514096249e+01,1.110243165484949301e+01
8.346897216270751585e+01,1.435323742229844157e+00
1.525138771683258199e+01,4.299136916693895216e+01
1.043745192020480772e+01,9.179330865839136777e+01
4.707953639560629000e+01,4.511652532607734578e+00
1.363022752685391303e+01,5.382620846028214601e+01
4.194104386364271875e+01,5.684882978551464738e+00
1.235596227039857276e+01,6.550083750941480787e+01
2.296982380589737716e+01,1.895329281711813607e+01
6.971805761147408020e+01,2.057355975048462238e+00
9.269222446248980418e+01,1.163893896425301833e+00
1.203150700415864272e+01,6.908121121848878943e+01
5.503408612171013914e+01,3.301691424711366452e+00
1.904438884732875437e+01,2.757185078009568002e+01
3.188118467203698003e+01,9.838550022881399570e+00
1.238192050739919559e+01,6.522648524406854165e+01
7.252896008790980886e+01,1.900978034621720880e+00
6.445815135227714165e+01,2.406823860269168502e+00
1.058935958195448990e+01,8.917859140433364473e+01
1.669414519404648445e+01,3.588158568870339593e+01
4.298423287893081124e+01,5.412297231055755553e+00
5.499525165625669132e+01,3.306355998043692068e+00
1.928201651009015549e+01,2.689645848224061453e+01
1.543486156340399873e+01,4.197536901204357918e+01
4.077789624302928218e+01,6.013819195998252098e+00
2.907576905806877576e+01,1.182871528684789553e+01
1.977709784956900307e+01,2.556671177465163325e+01
7.874289889669758224e+01,1.612787696450690644e+00
1.411216466030128913e+01,5.021260231749058534e+01
2.076206836041228598e+01,2.319843921741553672e+01
1.255941744011379058e+01,6.339587627587600593e+01
1.739554479378221785e+01,3.304638292426520962e+01
1.330315772915321837e+01,5.650547360318092416e+01
1.929370854470134589e+01,2.686386972029684372e+01
2.612675557076194011e+01,1.464971026537561549e+01
2.560936203817112400e+01,1.524763476245013116e+01
2.222132229700672568e+01,2.025164021333925390e+01
1.471806980238298301e+01,4.616345268856218809e+01
7.109107994071257508e+01,1.978653632786858019e+00
7.661680606004469496e+01,1.703538342758883495e+00
1.550258620434210144e+01,4.160942267279952489e+01
1.315454331808288302e+01,5.778943509357052477e+01
6.429110739898939642e+01,2.419347137427252381e+00
1.321378348533709080e+01,5.727243225808571481e+01
1.342967889543804993e+01,5.544581128099837031e+01
6.045831408629008763e+01,2.735822614038399880e+00
1.065486271785297667e+01,8.808547145410457802e+01
1.046763826900613914e+01,9.126464891223348275e+01
1.488376142738331787e+01,4.514135591172605189e+01
3.868805183052248964e+01,6.681073937426497800e+00
3.007777593454338572e+01,1.105372257639698574e+01
4.387585412835444032e+01,5.194560779271887085e+00
2.077641043474629967e+01,2.316642224281444840e+01
1.014431819536313206e+01,9.717493830878426309e+01
2.261549032010181293e+01,1.955185573059324611e+01
1.584168899011252840e+01,3.984712887143641780e+01
3.943560413903704642e+01,6.430178116831698709e+00
1.207093479774372291e+01,6.863066261013680958e+01
1.984352316119346682e+01,2.539583139922313393e+01
8.256576390776901064e+01,1.466898259264989512e+00
2.064449749918248855e+01,2.346342284817623280e+01
1.481603372831764531e+01,4.555500346442374138e+01
3.673903004833918118e+01,7.408744664455984008e+00
5.967261332590170753e+01,2.808341282705960840e+00
7.997012155951631485e+01,1.563667780755684689e+00
5.429650438122629197e+01,3.392003244055722622e+00
4.602460774115146336e+01,4.720845728337622838e+00
1.834248953635853141e+01,2.972237025953830170e+01
3.475724748799471087e+01,8.277691704117543736e+00
7.764220622290477536e+01,1.658839106126483109e+00
1.053137563227831031e+01,9.016329886442640884e+01
5.285944811830160717e+01,3.578942746588394286e+00
1.050581769459558323e+01,9.060252045207103322e+01
1.916449964837647713e+01,2.722732841745613896e+01
2.023603596404160143e+01,2.442019428570408124e+01
4.490175015859485086e+01,4.959906183457782447e+00
1.794400971671888811e+01,3.105710772855532298e+01
1.596967670085997781e+01,3.921098496506211006e+01
1.346754773508839165e+01,5.513443810565399161e+01
1.618004519995213286e+01,3.819799248888453747e+01
1.141233747652528052e+01,7.678047392022121187e+01
4.657018802441290717e+01,4.610882097608492103e+00
1.280168966215056692e+01,6.101904556613892083e+01
5.086465223656617951e+01,3.865163243537545590e+00
1.411185524093097321e+01,5.021480428482325209e+01
2.772556592337354076e+01,1.300885763356072289e+01
8.658134636908607717e+01,1.333986179217835133e+00
1.623233560449044077e+01,3.795228893002334303e+01
6.996746642969496577e+01,2.042714651025044237e+00
1.229121466697415954e+01,6.619274514993320224e+01
1.403053951835024726e+01,5.079854314786891223e+01
2.318686120244038307e+01,1.860013410132177825e+01
1.387917025873750809e+01,5.191262540494232525e+01
6.196829059573109078e+01,2.604119847197985393e+00
2.736647273391351121e+01,1.335249273799744962e+01
8.445818660577305081e+01,1.401898254542631950e+00
1.962340673699768701e+01,2.596875856778714109e+01
1.295269062938224636e+01,5.960463250414721159e+01
8.225121959536146221e+01,1.478139107872731506e+00
4.583817423992888962e+01,4.759325167662711742e+00
9.054991196308422730e+01,1.219618308381389404e+00
3.832030753506314369e+01,6.809920287940721018e+00
2.155378512375384048e+01,2.152548285039794962e+01
1.919308891305983167e+01,2.714627533022792960e+01
1.400009979520243242e+01,5.101968080076240142e+01
1.486371881254221350e+01,4.526317748488869341e+01
1.227123670910765085e+01,6.640844831922348135e+01
1.297956869221716403e+01,5.935802981225506159e+01
1.562566235749329202e+01,4.095652755994681371e+01
1.219350626094239409e+01,6.725782033969046836e+01
1.780819586668843613e+01,3.153262693260146321e+01
1.279418129245675395e+01,6.109068563087990356e+01
1.767547094355116855e+01,3.200796121714760289e+01
1.397118499156740867e+01,5.123108028000260106e+01
6.440224561716485141e+01,2.411004262914338447e+00
1.081369194222608598e+01,8.551691261544159772e+01
1.405782232394855846e+01,5.060155930890822162e+01
1.109031757401665530e+01,8.130402293554541870e+01
1.216078141574622506e+01,6.762029099809205945e+01
1.260400247853375255e+01,6.294816002373518415e+01
1.761872873432019659e+01,3.221446045511093814e+01
1.250125217611748774e+01,6.398717964299047622e+01
8.147026497822477609e+01,1.506613110497216024e+00
3.568513241272551539e+01,7.852815154752309290e+00
1.038967010827578363e+01,9.263956002709349491e+01
1.330519149243286670e+01,5.648820065007341640e+01
2.311532216036382792e+01,1.871544245331686795e+01
1.050081590600702341e+01,9.068885328294564374e+01
1.559509118246859138e+01,4.111725972851258604e+01
1.756151223183282184e+01,3.242471585460719297e+01
1.403539647442438465e+01,5.076339150776107090e+01
1.746766815110396465e+01,3.277405171843668796e+01
1.365567276724192780e+01,5.362580166990561281e+01
2.277255705940397945e+01,1.928307996129397850e+01
2.658875859514578011e+01,1.414503016716294503e+01
2.142450970101134899e+01,2.178603596303024759e+01
1.697774842143427065e+01,3.469283673160982318e+01
1.069465963341996151e+01,8.743112474101162945e+01
1.496511214226453923e+01,4.465191082996852145e+01
1.868195928917574733e+01,2.865201417189621580e+01
1.042239453438795671e+01,9.205873052050597494e+01
1.326418189598760655e+01,5.683803593517030350e+01
3.242444813192639685e+01,9.511627062124521359e+00
1.153824483547174395e+01,7.511393250299978774e+01
2.164462036759736563e+01,2.134519143039743128e+01
1.310473728720456243e+01,5.822954036325977256e+01
2.435307078707031181e+01,1.686135754672009313e+01
1.753152386793085427e+01,3.253573824141854942e+01
7.783965981339298423e+01,1.650433922881406223e+00
1.312056125326813572e+01,5.808917035694457098e+01
8.815742578328864454e+01,1.286714513487210221e+00
6.851500897440840276e+01,2.130240131607322951e+00
9.163349747621532515e+01,1.190944364923144150e+00
1.404169519641951069e+01,5.071785957278728318e+01
4.415054796076078958e+01,5.130123306998539690e+00
2.498848873744951149e+01,1.601474459901995573e+01
1.333444750828394554e+01,5.624060032706963597e+01
2.166082141801559047e+01,2.131327341665471664e+01
1.270089286615676016e+01,6.199140715377029665e+01
3.584305770062771757e+01,7.783768254636146189e+00
8.788909302779740074e+01,1.294583401526371746e+00
7.285873791280241107e+01,1.883808326190500981e+00
8.548401518656415021e+01,1.368453908757365944e+00
8.090051088102943311e+01,1.527908938809090955e+00
2.103484545068069878e+01,2.260067182117703055e+01
2.129015553294956220e+01,2.206187053569233925e+01
1.711408974018674556e+01,3.414226981543347250e+01
2.542298436580295729e+01,1.547201718904585377e+01
1.006495479043377550e+01,9.871345282794379727e+01
5.542428418388937672e+01,3.255365933210407015e+00
5.267350289216210513e+01,3.604255737595011944e+00
1.618296176950273235e+01,3.818422528554840056e+01
5.692037358791672119e+01,3.086487456343342650e+00
1.516060264305138361e+01,4.350779462253618846e+01
5.578892137183951405e+01,3.212950764167896711e+00
1.254483663457740583e+01,6.354333138623157140e+01
5.792404954701495257e+01,2.980452242659531681e+00
1.382913530654709788e+01,5.228895328936614817e+01
1.564526691672693381e+01,4.085394936686495271e+01
6.177891489182999862e+01,2.620109538380940961e+00
1.978192892209073861e+01,2.555422567614641949e+01
9.750272396902279581e+01,1.051880737466283078e+00
1.032549312651924467e+01,9.379472105410422955e+01
1.397537892435172679e+01,5.120033657434294838e+01
6.595731016292585025e+01,2.298656766807852581e+00
2.289201639395902177e+01,1.908235203306192318e+01
5.604677510286406772e+01,3.183455201880820873e+00
1.924210135208660333e+01,2.700816040766891035e+01
1.236641477868701422e+01,6.539015729765169738e+01
2.197164944181178825e+01,2.071451061968457452e+01
1.494986930481690202e+01,4.474301113118240636e+01
1.210211323506988279e+01,6.827749446288495960e+01
4.226607039529160659e+01,5.597785539945978606e+00
1.106767554751639260e+01,8.163702345756225043e+01
1.415320775534596365e+01,4.992180005471651327e+01
1.188975619840600650e+01,7.073821572863140261e+01
3.897885812332226152e+01,6.581755956981817590e+00
5.431354661903444025e+01,3.389874925789664317e+00
1.783223493164748064e+01,3.144766798693037302e+01
3.163803116951136118e+01,9.990359140756426726e+00
1.284688899679108154e+01,6.059043308635344971e+01
1.763017633723642419e+01,3.217263913499913741e+01
7.130958852610399390e+01,1.966546133580081568e+00
2.151101047007267653e+01,2.161117482907261689e+01
4.498595797330659707e+01,4.941354974385995469e+00
2.269932049240476246e+01,1.940770966249839447e+01
1.218425437266491862e+01,6.736000108412358145e+01
1.059776627427500983e+01,8.903716544511711106e+01
1.867601828369382488e+01,2.867024598610820973e+01
1.303930448226174654e+01,5.881541240701838547e+01
9.629476750739516433e+01,1.078436608862701096e+00
1.837108128341551705e+01,2.962992570748664178e+01
1.691608315372613802e+01,3.494623373686406609e+01
1.041978642695898749e+01,9.210482150508698851e+01
5.489903875740474604e+01,3.317955212042747792e+00
1.493738387789801259e+01,4.481783936994659001e+01
1.446240071368462132e+01,4.781005232898056079e+01
2.021558541431968692e+01,2.446962733379041666e+01
5.545527327287250330e+01,3.251728672697500766e+00
1.122153167597871182e+01,7.941375296501276182e+01
2.879138131271171019e+01,1.206354635329158143e+01
8.492174334495759069e+01,1.386635126734287127e+00
9.052860145443182205e+01,1.220192574308631484e+00
1.944350303508678124e+01,2.645154085043577297e+01
1.117809397527752679e+01,8.003215056665929694e+01
4.953981156258581819e+01,4.074659281737722516e+00
3.424350386959234527e+01,8.527929620385913623e+00
6.017373676864583132e+01,2.761760642598598992e+00
2.121254854432898540e+01,2.222359436889232143e+01
1.087907606612852973e+01,8.449207450445921097e+01
8.539192998850388960e+01,1.371406934765833752e+00
1.318012687590185195e+01,5.756530607404012301e+01
1.325849458164282879e+01,5.688680845702907618e+01
5.744939810161379512e+01,3.029905155793863436e+00
2.986180926730786567e+01,1.121418627035981963e+01
1.642196847789675473e+01,3.708084067683545726e+01
3.221519895265782907e+01,9.635591158265693679e+00
1.666667739038906859e+01,3.599995367356392961e+01
1.415720445688440599e+01,4.989361731959850488e+01
1.288326271649163779e+01,6.024878232460820016e+01
6.333617315919649826e+01,2.492851231545393897e+00
1.386282395049475547e+01,5.203512282390550325e+01
1.424472920602400094e+01,4.928237223489350782e+01
1.214345533725334647e+01,6.781338764853575185e+01
1.740098288463780207e+01,3.302573108488932263e+01
2.323093200726556873e+01,1.852962936721742437e+01
1.811071802366114269e+01,3.048798080368426611e+01
1.007273659328997795e+01,9.856098742918926803e+01
2.120949023840694636e+01,2.223000390063752363e+01
4.112932960479517419e+01,5.911486996364135216e+00
1.227281503247555250e+01,6.639136873873238187e+01
1.502975521379959822e+01,4.426864053263150822e+01
2.477911228037739733e+01,1.628652809653307187e+01
6.754019950785199455e+01,2.192175509816132628e+00
1.121749473275130526e+01,7.947092196869131442e+01
1.100211996595547070e+01,8.261278206972394855e+01
3.019550648423737371e+01,1.096769495039272613e+01
1.343268352830166101e+01,5.542100973268482278e+01
8.025909694525309135e+01,1.552427982488520763e+00
1.615272787675652921e+01,3.832730182466103486e+01
1.738722764889692129e+01,3.307800582558195401e+01
1.537797781952313869e+01,4.228648043334312234e+01
2.532665728915687353e+01,1.558993313850734275e+01
1.383257598218699691e+01,5.226294411320363764e+01
6.042406968947138779e+01,2.738924462139955551e+00
5.845532857022158169e+01,2.926521964997109038e+00
2.826160745112151673e+01,1.252005625808338607e+01
1.567186058681540217e+01,4.071541640351077262e+01
6.595196423000601271e+01,2.299029430853984035e+00
1.864017562078947421e+01,2.878061039166416890e+01
6.023707366236020277e+01,2.755955932368512329e+00
1.379319421074679219e+01,5.256180825498297793e+01
1.574859466704219990e+01,4.031961618004513781e+01
8.948831029208363930e+01,1.248726661103073843e+00
1.783355180090716985e+01,3.144302382644807992e+01
1.761160765598617317e+01,3.224051691503417061e+01
2.407806485186162959e+01,1.724871872907065296e+01
1.200969522320118443e+01,6.933236705814127276e+01
1.418532930292720806e+01,4.969596815917304156e+01
2.900263602193101065e+01,1.188844506739627072e+01
2.181213413336510953e+01,2.101859493131214762e+01
1.006709098024087368e+01,9.867156420306076825e+01
2.516788476601597679e+01,1.578725290973688367e+01
5.095043679679300652e+01,3.852158754516360695e+00
1.104712494500813236e+01,8.194103929935320707e+01
2.942113558432784259e+01,1.155263725882137393e+01
1.418447003450169497e+01,4.970198931747071214e+01
1.818127582676347131e+01,3.025180476719718214e+01
4.515201473134437293e+01,4.905075905932296365e+00
4.500215017250977212e+01,4.937799721610638848e+00
1.143262756183003148e+01,7.650818307032062648e+01
2.964196509858309270e+01,1.138114658220175990e+01
3.224807325592495033e+01,9.615955759519691171e+00
1.904662586598290375e+01,2.756537455455459096e+01
2.449995395683536969e+01,1.665978773238283139e+01
2.063923327135713848e+01,2.347539350172369765e+01
4.318608433131781510e+01,5.361821391363886136e+00
1.387171795359463644e+01,5.196841844302914382e+01
1.209526288609075628e+01,6.835485650464215723e+01
8.858900216657919202e+01,1.274208154337696630e+00
1.388646040851536334e+01,5.185813326462848494e+01
2.479032507928612361e+01,1.627179845789986956e+01
3.070491816883605907e+01,1.060679344181911432e+01
1.333164956714780836e+01,5.626420946874379325e+01
1.301457182525405543e+01,5.903916830886634415e+01
1.064922608993607511e+01,8.817874328872602518e+01
1.913295691555755340e+01,2.731717676462900002e+01
1.172555157158876860e+01,7.273332432077026510e+01
2.650762097896080505e+01,1.423175620926027740e+01
2.373280449606761167e+01,1.775423142960411482e+01
1.446788968971462452e+01,4.777378187689663491e+01
7.387590211885070346e+01,1.832290819326757969e+00
1.460301625245151769e+01,4.689373910391052647e+01
4.646629907078768440e+01,4.631523087749307876e+00
1.492776937479585264e+01,4.487558946103557389e+01
1.552447826795199504e+01,4.149215317857854757e+01
1.616301993958790817e+01,3.827850631387053681e+01
1.657266016605280612e+01,3.640957001789644210e+01
1.131235846783663135e+01,7.814364818504108712e+01
5.216714662912112033e+01,3.674564154880563205e+00
2.719025545523310328e+01,1.352612586328474897e+01
2.908057578835228085e+01,1.182480527176341312e+01
5.402203473064072625e+01,3.426558292555978102e+00
2.666009802839035814e+01,1.406943042126986754e+01
1.788334411239747013e+01,3.126817495477170894e+01
2.073903717783051803e+01,2.324999263852944154e+01
3.149456892834729871e+01,1.008158144769441122e+01
1.463359605973080591e+01,4.669795630616407323e+01
4.337906996626312406e+01,5.314219965668266710e+00
1.352733372025451608e+01,5.464816599826043131e+01
2.458390303707220426e+01,1.654620235654796190e+01
1.315897628663404006e+01,5.775050568260452621e+01
4.434876875993212764e+01,5.084366700281096385e+00
1.514651076524875961e+01,4.358878908299302424e+01
9.609078657766410458e+01,1.083020065749717986e+00
1.020823205221532781e+01,9.596192080648329181e+01
1.345999272706633576e+01,5.519634869231855134e+01
4.655886547628761463e+01,4.613124990856035446e+00
1.625556697312440591e+01,3.784388870079981615e+01
3.335891447367102813e+01,8.986202069754005706e+00
8.656401382904833497e+01,1.334520435489259249e+00
4.252788926818310955e+01,5.529073243389842851e+00
4.364476844426326352e+01,5.249713619772302664e+00
4.586179031951417073e+01,4.754424893932251983e+00
2.291782010048939000e+01,1.903940569611618727e+01
9.349316324751789864e+01,1.144037583844117689e+00
7.048113059267812730e+01,2.013048674258912207e+00
1.541106377129341887e+01,4.210510598390017378e+01
1.594638710057914288e+01,3.932560340849323666e+01
1.240601616774315552e+01,6.497335822653914761e+01
3.843525775015108081e+01,6.769247672968643492e+00
4.729463343034802847e+01,4.470707663684369670e+00
3.035450482282763929e+01,1.085309725800915892e+01
1.497279045654159724e+01,4.460612597840624005e+01
1.458787856856521969e+01,4.699111185126864854e+01
2.246192051583175342e+01,1.982011763635397017e+01
5.052809308837692726e+01,3.916825135407767444e+00
1.533250199867713803e+01,4.253769373331560644e+01
2.327754799200491931e+01,1.845548822370326292e+01
2.094767030434826438e+01,2.278917168201157395e+01
1.771729690427975257e+01,3.185701454639442431e+01
5.153994145675303429e+01,3.764542098566146855e+00
1.874785963230478103e+01,2.845093959071643397e+01
3.721013734052958455e+01,7.222332093267682218e+00
1.288123085316120608e+01,6.026779090350120072e+01
5.041569679005278459e+01,3.934308871793936735e+00
1.420195262972486638e+01,4.957969839539676826e+01
1.091220292181136031e+01,8.397985743984108353e+01
2.465532166979207318e+01,1.645048301045698125e+01
3.959666471346010752e+01,6.377974633320507181e+00
4.287317580021569086e+01,5.440373174026589709e+00
3.202813297615004728e+01,9.748476611511351919e+00
1.851405828555413535e+01,2.917405159881201016e+01
2.422838545305880587e+01,1.703534963111039247e+01
1.260258595737785647e+01,6.296231147041036280e+01
1.679152020536797352e+01,3.546663351021771859e+01
5.555491510940932898e+01,3.240074702930260120e+00
1.476756684772817430e+01,4.585451550916678798e+01
2.166568223918442726e+01,2.130371097704848182e+01
1.944166760923173598e+01,2.645653549746671729e+01
4.530971260005623691e+01,4.870991650006113893e+00
3.408262362270910728e+01,8.608628424945376167e+00
6.175067586124629315e+01,2.622506476399447450e+00
1.730094646813812531e+01,3.340875374041068113e+01
1.146989289912026067e+01,7.601184510130313754e+01
6.002546463909163776e+01,2.775421441012566603e+00
4.990379934466151468e+01,4.015436641003883977e+00
1.482934519063476841e+01,4.547325588392477158e+01
1.555939052384863430e+01,4.130616138209116883e+01
9.152263625765452559e+01,1.193831290224244501e+00
8.327777952621035240e+01,1.441921861161248986e+00
1.186206408826178560e+01,7.106887942623011156e+01
1.330902681006887533e+01,5.645564846143073368e+01
1.919639354941978482e+01,2.713692973657245133e+01
3.747815636204815348e+01,7.119402757145264715e+00
4.352166621081770614e+01,5.279453540044008797e+00
3.388942976334535473e+01,8.707058801898417855e+00
1.032154606203946123e+01,9.386647088623341517e+01
2.497362629513517263e+01,1.603381183741984373e+01
1.259128076270404684e+01,6.307542478275023257e+01
1.288193467386533264e+01,6.026120547028313013e+01
1.589793872011333953e+01,3.956565527144431371e+01
1.690851770585845770e+01,3.497751300821122555e+01
1.277249251597456414e+01,6.129833612513986907e+01
1.391254937792090729e+01,5.166382570745660274e+01
2.643466960088028372e+01,1.431041494286085580e+01
3.374236252344348230e+01,8.783124234875737457e+00
1.936234228202267360e+01,2.667375842620252513e+01
5.064962018579698366e+01,3.898051871643080091e+00
2.678532455098194376e+01,1.393818337865823054e+01
4.238056050639124095e+01,5.567581814254148220e+00
1.510447172066409038e+01,4.383176098026294909e+01
3.660369745412133113e+01,7.463629728714827216e+00
2.988298854172535002e+01,1.119829601479113279e+01
1.936733000217872913e+01,2.666002146697354291e+01
1.768169636365238162e+01,3.198542628356089068e+01
1.587461685816992407e+01,3.968199478045850981e+01
8.868529521154476924e+01,1.271442627732605857e+00
1.047509222619184222e+01,9.113480934039840520e+01
4.257215737317638826e+01,5.517580551740389083e+00
1.005283625144135229e+01,9.895159136624752705e+01
1.018683276608509303e+01,9.636551504226008547e+01
8.736237101694992191e+01,1.310240970437844821e+00
1.126808332891486764e+01,7.875894681784403417e+01
2.989129944420221463e+01,1.119206978778687045e+01
1.394650957047905671e+01,5.141252593778673941e+01
1.549665761686317289e+01,4.164126596388480550e+01
1.440687969797189538e+01,4.817926170483931259e+01
3.018871795285448201e+01,1.097262811203108690e+01
2.610429644012080175e+01,1.467492920168515091e+01
1.200834667764841690e+01,6.934794007709311359e+01
2.838041004970135361e+01,1.241545579618241213e+01
2.982866543237750889e+01,1.123912118636729218e+01
1.553642493260311319e+01,4.142836729972575682e+01
3.213746385221759994e+01,9.682261270806138853e+00
2.563413167160586426e+01,1.521818216713753458e+01
1.169235899088571529e+01,7.314686507785040703e+01
2.395977955405239612e+01,1.741944701621156355e+01
1.251952605397680784e+01,6.380052073401999735e+01
3.974678589684030072e+01,6.329887175338846816e+00
6.603932713433344759e+01,2.292950718500058827e+00
1.132303734196799461e+01,7.799632151788468093e+01
2.610165725987279117e+01,1.467789696276786771e+01
2.430749212095225786e+01,1.692464986016639727e+01
1.463948696177526188e+01,4.666038152795995586e+01
3.452055807865259851e+01,8.391592453017002740e+00
1.129388790640727080e+01,7.839945687262040508e+01
2.335460532546381529e+01,1.833390324580190267e+01
5.631499321785508982e+01,3.153202975480301706e+00
1.678374477363640693e+01,3.549950248780928774e+01
4.467715026322160554e+01,5.009900174848887389e+00
3.771119046500673022e+01,7.031686746528148291e+00
1.550357983789417737e+01,4.160408929896131980e+01
2.191562317033418950e+01,2.082055736462184470e+01
1.287848384936581780e+01,6.029350410219272050e+01
1.117550735423245634e+01,8.006920245081968801e+01
1.626905219629001209e+01,3.778117800642795032e+01
1.118673215241705421e+01,7.990859974457634962e+01
1.383540242680979659e+01,5.224159262315489372e+01
1.789051394140184925e+01,3.124311781604587779e+01
1.088357149456745709e+01,8.442229049443555766e+01
3.233362285963296046e+01,9.565138508423208563e+00
1.823331116791695905e+01,3.007938224386225201e+01
3.186926633146284260e+01,9.845910161942629912e+00
1.874638823310706215e+01,2.845540597987507425e+01
1.031390445250136167e+01,9.400561443643198345e+01
1.128585805743732173e+01,7.851105844532838773e+01
1.155610795398239965e+01,7.488189381864316374e+01
2.098990472069017343e+01,2.269755439714400325e+01
1.448031157639334232e+01,4.769185187682906957e+01
6.188710066378164498e+01,2.610957039366720078e+00
2.287391048089826739e+01,1.911257337622295793e+01
1.268876672388172011e+01,6.210994914165012659e+01
1.314243088983067409e+01,5.789600486718741479e+01
3.569231203234081562e+01,7.849656236095518658e+00
1.429176332925835524e+01,4.895852990286059025e+01
1.220408484506523550e+01,6.714127179776755838e+01
1.029209921744765310e+01,9.440436417320033513e+01
5.054168350243207186e+01,3.914718987971935071e+00
4.053175923577649797e+01,6.087081149576169636e+00
1.965305171506301107e+01,2.589047427206435259e+01
6.100131994631925636e+01,2.687333309530042236e+00
1.609968379006774342e+01,3.858027398226106186e+01
7.545165709098679940e+01,1.756557761287024011e+00
1.035638528485387511e+01,9.323599331804535950e+01
2.624727606723413231e+01,1.451548400969354624e+01
4.201063666189732970e+01,5.666063971871862393e+00
7.706574466246226507e+01,1.683748576493364402e+00
9.922258355812668640e+01,1.015731539578537124e+00
2.813616077813577832e+01,1.263194790662521783e+01
1.349989732077027327e+01,5.487051917208706442e+01
2.947322639556686852e+01,1.151183721596806642e+01
2.061066135706250080e+01,2.354052502082789999e+01
4.672293517975599997e+01,4.580783480304525312e+00
2.970008621419823314e+01,1.133664585649270151e+01
1.523031050140237852e+01,4.311044295096760948e+01
3.614955860276032951e+01,7.652335499004790265e+00
5.958761255288001735e+01,2.816359104818245473e+00
1.033663878883937493e+01,9.359255849490931212e+01
3.274651347509259836e+01,9.325451445084429025e+00
3.215060902418375832e+01,9.674345466140801264e+00
3.316108873182162853e+01,9.093738021529167881e+00
1.465097924851502142e+01,4.658720905770027088e+01
3.170193469990043056e+01,9.950123377568067085e+00
1.455456675366568930e+01,4.720646014807411461e+01
1.455621792294983230e+01,4.719575112508902492e+01
2.613391431443502100e+01,1.464168550829934645e+01
1.595331158795546855e+01,3.929147249526278074e+01
1.351751875907014266e+01,5.472755399312262625e+01
4.263421848650722268e+01,5.501528752291625857e+00
1.205116056456344076e+01,6.885607362138127030e+01
3.239184947438367601e+01,9.530781405038736054e+00
1.580345800720505878e+01,4.004015467183754140e+01
4.357425989861034310e+01,5.266716738002099163e+00
2.382578544245982854e+01,1.761592882609235744e+01
6.550081655790071977e+01,2.330808385060461951e+00
1.397045618918759402e+01,5.123642560396606171e+01
2.129504320793052585e+01,2.205174434089757085e+01
1.212858443314172874e+01,6.797978210631724494e+01
1.584321271936221542e+01,3.983946460319170768e+01
1.422446528983368097e+01,4.942288580392917652e+01
7.967096758756230201e+01,1.575432559391680476e+00
1.977608758659492594e+01,2.556932399629583585e+01
2.677484346364006385e+01,1.394909779619510637e+01
3.942863058928636377e+01,6.432452866512454293e+00
3.051694603784381599e+01,1.073786304561324378e+01
4.616310402501945021e+01,4.692561719923533659e+00
5.972277396235563174e+01,2.803625861107183148e+00
3.338109528637915702e+01,8.974263872901634187e+00
1.244663455811059904e+01,6.454998161497410081e+01
1.163421246610127469e+01,7.387985231190106106e+01
1.031361539911234537e+01,9.401088378595947859e+01
2.959456649930712402e+01,1.141763181995756149e+01
4.466416235381181821e+01,5.012814260182046233e+00
2.375009706610100224e+01,1.772838694404711291e+01
1.886995168598512862e+01,2.808396502951927687e+01
6.411842436301063231e+01,2.432396203852930761e+00
1.233380373128998997e+01,6.573640257506961859e+01
1.682774296114512680e+01,3.531410960850843850e+01
1.033848203415332101e+01,9.355918828339207494e+01
1.218789514083441539e+01,6.731976353438388117e+01
1.083203748892844587e+01,8.522748858413065420e+01
1.351515263440083459e+01,5.474671819412385787e+01
1.232289317448342914e+01,6.585285871149108061e+01
1.019393297023797729e+01,9.623132217481182238e+01
2.195047853455396947e+01,2.075448755846142745e+01
2.940094736679809273e+01,1.156850798734256891e+01
1.988271519219006933e+01,2.529581153377342773e+01
2.656196104753442810e+01,1.417358553818521827e+01
4.510462486238047575e+01,4.915388507764661519e+00
2.622480375976216038e+01,1.454037160719966870e+01
7.453553510750113276e+01,1.800003098026594861e+00
1.202433640863880449e+01,6.916362759581157604e+01
2.405637480315252930e+01,1.727983681852919418e+01
2.676999488644914749e+01,1.395415117050911569e+01
4.974337921127715845e+01,4.041377603603740098e+00
1.084719108780777574e+01,8.498952816732976601e+01
1.390153378368007075e+01,5.174573511841157369e+01
4.226818797413635309e+01,5.597224671080929248e+00
4.093600974342733423e+01,5.967452700037542357e+00
3.932878860522629338e+01,6.465153800161598241e+00
2.784390998801623596e+01,1.289851038698654762e+01
1.515814187326805573e+01,4.352192186286784903e+01
1.281080878875518714e+01,6.093220602847805623e+01
4.189864252607400630e+01,5.696394979753317322e+00
1.252554096008044482e+01,6.373925998667719028e+01
3.100684096948399215e+01,1.040123614132525987e+01
1.467509857691024777e+01,4.643419764228403324e+01
1.589490143550616530e+01,3.958077755927886443e+01
1.526423702438888341e+01,4.291902007840913313e+01
3.655471247875104979e+01,7.483646337122434211e+00
3.475302537659764823e+01,8.279703123790342900e+00
1.221028181476379437e+01,6.707313793312832217e+01
1.000558596430010283e+01,9.988837425331855968e+01
1.403175202697752511e+01,5.078976434241508287e+01
2.202370908055354803e+01,2.061669645162769271e+01
2.105528349643655517e+01,2.255681685445466655e+01
3.165790648528594886e+01,9.977818879274749975e+00
9.583896803009852761e+01,1.088718850696580587e+00
1.515463504341246193e+01,4.354206641050708981e+01
1.026917875233156785e+01,9.482624926135902399e+01
7.603831868639713321e+01,1.729557437042898549e+00
4.226960202092197250e+01,5.596850188957128935e+00
7.560618327363944502e+01,1.749384888088566514e+00
3.347545129478600501e+01,8.923744325165340996e+00
1.435453162665224802e+01,4.853130247803040476e+01
1.147061399217069244e+01,7.600228852648659483e+01
2.485893410245837032e+01,1.618210421692101164e+01
1.235954937426561706e+01,6.546282249697163991e+01
1.037603786453201060e+01,9.288314330633535576e+01
4.701496791036547762e+01,4.524053290072416189e+00
3.122777870751097851e+01,1.025457849414525136e+01
1.021559653832396108e+01,9.582361160560218138e+01
3.276158624419763044e+01,9.316872614910282735e+00
1.515728196218435819e+01,4.352686022116905917e+01
1.531611212444302339e+01,4.262878218674456576e+01
1.047551598285460628e+01,9.112743629994457706e+01
1.701919412018419564e+01,3.452407220878287575e+01
3.228134681590072574e+01,9.596142943976152750e+00
2.216270356618138138e+01,2.035891010240318266e+01
2.749822323133922453e+01,1.322484934959750724e+01
1.528237196552792554e+01,4.281722016191127267e+01
5.506254930234436529e+01,3.298278856597580244e+00
1.017449341470753055e+01,9.659939577699522317e+01
5.736908120932166355e+01,3.038394847735756965e+00
1.850856518550412844e+01,2.919137112235474518e+01
2.581138027321596340e+01,1.500989110677557292e+01
1.457162855543744939e+01,4.709597754440328998e+01
1.528910173008288709e+01,4.277953496645723419e+01
4.671024603865084401e+01,4.583272617402464277e+00
6.134252430077329876e+01,2.657521047095518618e+00
1.144829805816486790e+01,7.629887673479775856e+01
1.546067969229436123e+01,4.183529488329673995e+01
3.118407291806780890e+01,1.028334308332171965e+01
1.064345979883593607e+01,8.827431409882490243e+01
1.231539307380624315e+01,6.593309219835876434e+01
1.349144825940186188e+01,5.493926635796771052e+01
2.919018856559650388e+01,1.173616479300788562e+01
4.180109875378063578e+01,5.723011321407238228e+00
5.334566347274841291e+01,3.514000008055527591e+00
3.675303698614806791e+01,7.403098652062949370e+00
1.689357111592352823e+01,3.503943310924486809e+01
2.918085085350082863e+01,1.174367701137482101e+01
1.566896443300537634e+01,4.073046896253246274e+01
4.298058138647748194e+01,5.413216892975432515e+00
1.055571154851635640e+01,8.974803985776074455e+01
2.520681961515721881e+01,1.573852009838030419e+01
8.026704854994125071e+01,1.552120417119998486e+00
3.272448513216301791e+01,9.338010443753908874e+00
5.201930368166866714e+01,3.695480635812619319e+00
1.332334315387878831e+01,5.633438696940856971e+01
2.256884130582364278e+01,1.963276528180119129e+01
3.711664393302243070e+01,7.258762696907552936e+00
1.963870659064839330e+01,2.592831156226356981e+01
2.324877269701067917e+01,1.850120167068111954e+01
6.229839053776845503e+01,2.576596106273144393e+00
2.170940043870488978e+01,2.121799491985229835e+01
1.603343342436322772e+01,3.889976112112336182e+01
5.200424363950350681e+01,3.697621313142246624e+00
1.071514668031358575e+01,8.709711285305135675e+01
1.600076540325076024e+01,3.905876294759978862e+01
1.604540633821695650e+01,3.884172959327445795e+01
3.044442489703113353e+01,1.078908093334328910e+01
1.695397923786549654e+01,3.479018242785484460e+01
3.010846445734243559e+01,1.103120070126740870e+01
1.175650899981924802e+01,7.235078352660266887e+01
3.677456419963160528e+01,7.394433889182015385e+00
4.232892109702078898e+01,5.581174506991725792e+00
7.059286363675749953e+01,2.006681286908010176e+00
1.438374205987534360e+01,4.833438836262119054e+01
1.602181195342598130e+01,3.895621371221896112e+01
1.973567909644113882e+01,2.567413675904906611e+01
1.654356178304206537e+01,3.653776385746848376e+01
1.791944085136660547e+01,3.114232924799435409e+01
1.506493621964847129e+01,4.406212166390695018e+01
2.626256905536103403e+01,1.449858387384343494e+01
6.008325100218359438e+01,2.770085365375506203e+00
2.398518873137756913e+01,1.738255930377312453e+01
1.136635549298338965e+01,7.740295308730856050e+01
1.611917767776677834e+01,3.848701553248053386e+01
9.039248331307732087e+01,1.223870211947525322e+00
1.506095068812010851e+01,4.408544478798088306e+01
4.363868421261788910e+01,5.251177582351723494e+00
1.571387192588402471e+01,4.049800052633963077e+01
2.764830546145294221e+01,1.308166315404364966e+01
3.343016629005273899e+01,8.947937175924792541e+00
1.867086611645721561e+01,2.868607109906320929e+01
1.167630350491863744e+01,7.334816438455577270e+01
1.037717513889304755e+01,9.286278558322773335e+01
2.247333797941671563e+01,1.979998373479953955e+01
4.244700956260093960e+01,5.550163815592680017e+00
1.016096816888675036e+01,9.685673348586313125e+01
4.365152711162433974e+01,5.248088094910452028e+00
2.194612431671599850e+01,2.076272395806628523e+01
9.628389720694588050e+01,1.078680130199998422e+00
1.712034833428345593e+01,3.411731196449024850e+01
2.346319162015023707e+01,1.816459942946586636e+01
4.267036484618936498e+01,5.492211934408258500e+00
1.771901857498246358e+01,3.185082406538484534e+01
1.018703601607874987e+01,9.636166974419715814e+01
9.769022285434611774e+01,1.047846819033646737e+00
1.477590757138084321e+01,4.580276208630247936e+01
1.154136539869402966e+01,7.507331926897956009e+01
1.001460068281520854e+01,9.970862464075106857e+01
2.854227053515952051e+01,1.227504134278735748e+01
1.477814927157425551e+01,4.578886748133326279e+01
1.385575488555994994e+01,5.208823194703811055e+01
3.329851027205065606e+01,9.018833961479968409e+00
3.413233642006370161e+01,8.583570231451389532e+00
5.065864513073988462e+01,3.896663102963380254e+00
1.328742205250943087e+01,5.663938646428051982e+01
1.158195131895097596e+01,7.454809150749150604e+01
1.147861145742489875e+01,7.589641963815783754e+01
1.348210334424677015e+01,5.501545338878256075e+01
1.345656397582545516e+01,5.522448048890083072e+01
3.614366507580407273e+01,7.654831257105233711e+00
1.969124766127920978e+01,2.579012999084961422e+01
1.051064395223617254e+01,9.051933416664176946e+01
1.383655530081149365e+01,5.223288735460948118e+01
3.754263685225318170e+01,7.094968226593838523e+00
3.622133939176700324e+01,7.622035879105464318e+00
2.591894119748517866e+01,1.488557061154261518e+01
1.271168688833966520e+01,6.188617288644294945e+01
3.080303843374357342e+01,1.053932712408766292e+01
1.665971971127579820e+01,3.603002962128351783e+01
1.183401755618952933e+01,7.140614402353944001e+01
2.924332989017313977e+01,1.169354935421963759e+01
1.102241584687720177e+01,8.230882773986687084e+01
8.848402696420180291e+01,1.277233324153118632e+00
8.220088591592087823e+01,1.479949865938172238e+00
2.429113163582071167e+01,1.694745560947651697e+01
1.278252337586907039e+01,6.120216829548727588e+01
4.538447091133851785e+01,4.854957654804522349e+00
2.606727646984650804e+01,1.471664059475375375e+01
3.644654173149460519e+01,7.528134119198072405e+00
8.192477593536611380e+01,1.489942387061343299e+00
1.339582799498025167e+01,5.572638551134819096e+01
1.751091727860838176e+01,3.261235845197178662e+01
1.816133786118094662e+01,3.031826358521402298e+01
1.552323556330132348e+01,4.149879671051692753e+01
2.804516094226245571e+01,1.271405619783855201e+01
2.684246570024402700e+01,1.387890446537475242e+01
3.387510055508759876e+01,8.714426552533383941e+00
1.168644484289930752e+01,7.322091853956851537e+01
3.320643694104760613e+01,9.068917342961698935e+00
4.229058454269164002e+01,5.591297799497839449e+00
1.015891364458911639e+01,9.689591378436408320e+01
2.547682895483051269e+01,1.540668691911591992e+01
3.766366275025410459e+01,7.049444491830596071e+00
1.048872147394622623e+01,9.089811854925561363e+01
3.211330215819366174e+01,9.696836404811763899e+00
1.502829814283634136e+01,4.427722509450502031e+01
2.830342314650574664e+01,1.248308913090891359e+01
2.764406433845167399e+01,1.308567741169634502e+01
2.001662814303919546e+01,2.495848142783059131e+01
4.465064781238909575e+01,5.015849205550386714e+00
1.313000163631015482e+01,5.800566893908754906e+01
1.361976602636237033e+01,5.390892928942361806e+01
3.221504673445129185e+01,9.635682216079906937e+00
2.128450008076884359e+01,2.207359610401706007e+01
1.427991806285596610e+01,4.903978630124853311e+01
1.389545502660524434e+01,5.179101878201080922e+01
1.256092084318571089e+01,6.338070161589984508e+01
1.454813615441332431e+01,4.724820197885308204e+01
1.168488002618065913e+01,7.324053106262670099e+01
2.506353970672795128e+01,1.591897819218016075e+01
1.814317036196106869e+01,3.037901182180686988e+01
1.063888501674435005e+01,8.835024735245158922e+01
1.433170257515212498e+01,4.868603720082645481e+01
5.449909261702055119e+01,3.366832082449525476e+00
1.064344624016493590e+01,8.827453900401407338e+01
1.399885927428743670e+01,5.102872350690893910e+01
1.746007700328697254e+01,3.280255637567491789e+01
1.078228089403370760e+01,8.601589582447074633e+01
1.004601718324827608e+01,9.908597032342480304e+01
1.554944733914057409e+01,4.135900520351142973e+01
1.021496852297473090e+01,9.583539442190007662e+01
2.304733575351225383e+01,1.882602116775407808e+01
4.070257492660170584e+01,6.036097289974653002e+00
1.033750722391399712e+01,9.357683407610939241e+01
1.377953605980748719e+01,5.266605746834088819e+01
2.439591640885671353e+01,1.680218363062134657e+01
1.932885858489964903e+01,2.676625324594827759e+01
1.269053913811574219e+01,6.209260127812785157e+01
2.015772548311032963e+01,2.461030222283833879e+01
1.834716259159764107e+01,2.970723150562409032e+01
2.630166132707521243e+01,1.445551728823596527e+01
1.830763629340065890e+01,2.983564616745889353e+01
1.102946840457700617e+01,8.220360015403747411e+01
1.164990812923485031e+01,7.368091303886535570e+01
3.663660000064759714e+01,7.450229896157784637e+00
2.932181465428094214e+01,1.163103363363992315e+01
2.179293132497069863e+01,2.105565225673571206e+01
1.099693977301544834e+01,8.269063117208716562e+01
6.810837914187067099e+01,2.155752557780104439e+00
1.477239502539336691e+01,4.582454642597857486e+01
1.279420709592248073e+01,6.109043921469928051e+01
1.403241874192937111e+01,5.078493816220056800e+01
5.940109186435611832e+01,2.834073728032247885e+00
1.530951697665225986e+01,4.266551798651596528e+01
1.291266344599330296e+01,5.997473482628147678e+01
1.662276579011913924e+01,3.619040375624511086e+01
4.147138822738124020e+01,5.814372523756150990e+00
1.109058937975594183e+01,8.130003782194924611e+01
1.035353899059056815e+01,9.328726342976237618e+01
2.707929830375551461e+01,1.363719928754121113e+01
3.985011952465983853e+01,6.297102221780646047e+00
4.925603688823732540e+01,4.121744511822488910e+00
1.670567228626282485e+01,3.583208541810790848e+01
3.239237916437548392e+01,9.530469707140746038e+00
1.358788880072133942e+01,5.416216699141030944e+01
1.310437392665151535e+01,5.823276960739602970e+01
3.247532516176539019e+01,9.481847882672507666e+00
1.020132166170883892e+01,9.609197433731411309e+01
1.321600431949835119e+01,5.725318561073576973e+01
3.494633068594163205e+01,8.188358256533929236e+00
2.294738755837884625e+01,1.899037317341052145e+01
1.182938521130893683e+01,7.146207975401370049e+01
1.542740357549556052e+01,4.201596268180742300e+01
1.369840576404847354e+01,5.329174574063380732e+01
3.770104938034447173e+01,7.035470117143436397e+00
3.428095059479323936e+01,8.509308863689399871e+00
1.530352478643133374e+01,4.269893642518669452e+01
2.151118037796452143e+01,2.161083343500780174e+01
3.468654610774956382e+01,8.311470834320774159e+00
1.737114652109936586e+01,3.313927729697832802e+01
1.661862512393133784e+01,3.620844027232402595e+01
3.303454697593370781e+01,9.163540194311229570e+00
2.034818957261296646e+01,2.415174139846024204e+01
1.611834817773024753e+01,3.849097695606032943e+01
1.278899567510122104e+01,6.114023715994672870e+01
1.170004670806908820e+01,7.305077184326810880e+01
2.268092968714363522e+01,1.943919585987714527e+01
1.144088291499496357e+01,7.639781148368261654e+01
1.655148454669243563e+01,3.650279288151003954e+01
1.356489513348668119e+01,5.434594170567109472e+01
1.960862706852666193e+01,2.600792033937701220e+01
2.413652479051264521e+01,1.716526529921613076e+01
1.048156007493938091e+01,9.102237105951724061e+01
1.322953976533304576e+01,5.713609144522386885e+01
1.278471433000405533e+01,6.118119330137491119e+01
4.538281743029151727e+01,4.855311433047456049e+00
1.655696527695572939e+01,3.647863038001587910e+01
6.395023172773436926e+01,2.445207701447397408e+00
1.201002689002734058e+01,6.932853776969317039e+01
1.702338065283956325e+01,3.450709339759687566e+01
1.351533638357017431e+01,5.474522957477718421e+01
9.818030421541196517e+01,1.037411966162054888e+00
2.310838987945200884e+01,1.872667302070778561e+01
2.774627397203011014e+01,1.298944691700221021e+01
1.968863603991957589e+01,2.579697236645578329e+01
2.168931528016231169e+01,2.125731051004169103e+01
2.169787669216429649e+01,2.124053866723287598e+01
1.699821940724496017e+01,3.460932575837591685e+01
2.314054207935943097e+01,1.867467031121825372e+01
2.995630598004454015e+01,1.114354789928780143e+01
1.055688244200483439e+01,8.972813254736067279e+01
1.480467960355417389e+01,4.562490508319020677e+01
1.928558397924169654e+01,2.688650872792224433e+01
1.224344828737307367e+01,6.671023914177287395e+01
1.337827375991595247e+01,5.587272365341201663e+01
3.343993043271058241e+01,8.942712513163932897e+00
1.415450516789854518e+01,4.991264873492470144e+01
2.437348893715840248e+01,1.683311919923856692e+01
1.720794005567336526e+01,3.377086859887320003e+01
3.934659863120371170e+01,6.459302290686736114e+00
2.106237395700144077e+01,2.254163230784907057e+01
6.206307147779745037e+01,2.596172051461589358e+00
1.439231727345880429e+01,4.827680844425875506e+01
5.282347139111078604e+01,3.583819461069990719e+00
1.801200643301915250e+01,3.082306436617080081e+01
1.900059591736202336e+01,2.769909348497563784e+01
2.388502959094944345e+01,1.752864851671867541e+01
2.771389300535150824e+01,1.301981843997658395e+01
1.427527071065682307e+01,4.907172156340878644e+01
1.391681980351571646e+01,5.163212411517833544e+01
1.768412507454522853e+01,3.197664122708306422e+01
1.458613662476968820e+01,4.700233631263818523e+01
5.815959818985887608e+01,2.956359234629035715e+00
3.819144289426574090e+01,6.855953555212037642e+00
2.071969650112178485e+01,2.329341802965320340e+01
1.467802185260562275e+01,4.641570380901746518e+01
2.884512983538539288e+01,1.201863106236112699e+01
2.060276797955266659e+01,2.355856627098754785e+01
3.468179411809475710e+01,8.313748613209401839e+00
1.385833675864167169e+01,5.206882519157118594e+01
1.663137052070383604e+01,3.615296509591939156e+01
3.449887808177987836e+01,8.402142759168780728e+00
3.611091191133542821e+01,7.668723659004429649e+00
2.205363353586337638e+01,2.056078504392048956e+01
1.840552507320879627e+01,2.951913158531793613e+01
1.440638525364321509e+01,4.818256890107064550e+01
1.508976105336116902e+01,4.391726382534796613e+01
2.042072088616648884e+01,2.398047941911868719e+01
9.039884007440316793e+01,1.223698095197158775e+00
1.138992368439627789e+01,7.708295792574658378e+01
3.717916229075714085e+01,7.234371379406717928e+00
1.280757000570715221e+01,6.096302704266982175e+01
1.393040174139075305e+01,5.153149206538052596e+01
1.736087710729023215e+01,3.317849439461407002e+01
1.746837440688337040e+01,3.277140162690766800e+01
1.408540015688227243e+01,5.040360749704244370e+01
4.075972016283246546e+01,6.019183905641640742e+00
9.772761769903179641e+01,1.047045068756530029e+00
1.035477435278046876e+01,9.326500573884091239e+01
1.016524956282087189e+01,9.677516254145371022e+01
1.747658499746003002e+01,3.274061651006978479e+01
1.074559500846534732e+01,8.660422172506308414e+01
4.171389686428699406e+01,5.746963964150766380e+00
8.413325011826761113e+01,1.412747890232629366e+00
1.667489437531580521e+01,3.596448260121194807e+01
2.739942447230695421e+01,1.332039547450962580e+01
1.327231504730366396e+01,5.676839763815548423e+01
2.041866266192834445e+01,2.398531418155449302e+01
1.561193853255150721e+01,4.102856566902556068e+01
1.939582858477945848e+01,2.658173508206581204e+01
1.007635348872019954e+01,9.849024342332859305e+01
1.136926366274788158e+01,7.736335999755559101e+01
1.257601071835903639e+01,6.322869266744586980e+01
3.334288224173803172e+01,8.994845804329598238e+00
3.525933110916493263e+01,8.043625857936232748e+00
2.892254693481348582e+01,1.195437653514722953e+01
4.486204678813553670e+01,4.968689203719538483e+00
5.160956917733231819e+01,3.754391280581350632e+00
1.272784001545660715e+01,6.172919088853370795e+01
1.605853761082457609e+01,3.877823280190817457e+01
1.074021953739877411e+01,8.669093410320776627e+01
2.892913338023653225e+01,1.194893372534247611e+01
2.530725902036416741e+01,1.561384197955160147e+01
2.970349222276236745e+01,1.133404612856943849e+01
1.127719907980259784e+01,7.863167110627856005e+01
1.441362484465663307e+01,4.813417933988533548e+01
2.091529522099058980e+01,2.285977765258492411e+01
2.117813314492170562e+01,2.229588169616575399e+01
1.532877368650113858e+01,4.255838855099227658e+01
1.362968900424445984e+01,5.383046199869719572e+01
3.294118379242005545e+01,9.215557127807519677e+00
2.034252043687695988e+01,2.416520468382976006e+01
1.302840896997302877e+01,5.891382688066689610e+01
1.601856714727279041e+01,3.897199766636008178e+01
1.934480121481956516e+01,2.672215368380755507e+01
1.456544848641578760e+01,4.713595134119297114e+01
4.513480761576425238e+01,4.908816624068808920e+00
3.696372452331049629e+01,7.318946121344708899e+00
1.120681585704245187e+01,7.962244840570130577e+01
2.332292850341230306e+01,1.838373868390235799e+01
1.850284636861200482e+01,2.920941871370184728e+01
1.464451262956606747e+01,4.662836143347286111e+01
1.978056180405137709e+01,2.555775811880651460e+01
1.538218482227760120e+01,4.226335302795521898e+01
1.269046203423369690e+01,6.209335579677908612e+01
3.722418928607619648e+01,7.216880333878524567e+00
3.871375807998086316e+01,6.672204308558299601e+00
1.231857589665859010e+01,6.589902555886844482e+01
1.874434894416192066e+01,2.846159792088456797e+01
1.463277315456902095e+01,4.670320877190288655e+01
2.416546605881222121e+01,1.712417467299739826e+01
3.258183134191779828e+01,9.419959107535754939e+00
1.224210901502211613e+01,6.672483598382324033e+01
1.985189067367988969e+01,2.537442737722997421e+01
2.056564933713606180e+01,2.364368404527269973e+01
3.289715270125897462e+01,9.240242704165391174e+00
6.149451574479473237e+01,2.644400485483741292e+00
1.594027880508932071e+01,3.935574823010189505e+01
1.309338144766977585e+01,5.833058867793043589e+01
1.388927601248100707e+01,5.183711025868854705e+01
7.146056537643450213e+01,1.958245351130296408e+00
2.860921162366174286e+01,1.221766518650440148e+01
1.034765603804593681e+01,9.339336679223826820e+01
8.296705206495268214e+01,1.452742631927855355e+00
2.951819106623249667e+01,1.147679226882953962e+01
2.360653044807711254e+01,1.794467828612254934e+01
1.846536328670634219e+01,2.932812423293437831e+01
3.268925003135944962e+01,9.358151809136526111e+00
1.935559818234755269e+01,2.669234961864155409e+01
2.577842387947166714e+01,1.504829439240793221e+01
1.568571002429995609e+01,4.064355014096480545e+01
6.301545327166410004e+01,2.518290754320350100e+00
3.822310699475757190e+01,6.844599288042648055e+00
1.931860790328514099e+01,2.679466576242091236e+01
9.661760831944656047e+01,1.071241612522835229e+00
1.334619618705274569e+01,5.614162652106860207e+01
8.497735356821364405e+01,1.384820858473063021e+00
1.424540789184290190e+01,4.927767648301929171e+01
4.027199818981252122e+01,6.165859759774728666e+00
1.958464667262187930e+01,2.607165006287555542e+01
2.391195287209674447e+01,1.748919853499914012e+01
1.037095351899705342e+01,9.297423729379340784e+01
5.137626917272110205e+01,3.788566134075082026e+00
1.524208798326246850e+01,4.304384626168442196e+01
3.012490594274373379e+01,1.101916283253405560e+01
2.799399672714498877e+01,1.276057325444885571e+01
4.383720837747311805e+01,5.203723597628349573e+00
1.401574552821834629e+01,5.090583815626252573e+01
1.150912536177546208e+01,7.549450794232416229e+01
1.981420206474429691e+01,2.547104861711577328e+01
5.613823562393318412e+01,3.173090669090230964e+00
1.677383937888436449e+01,3.554144165308193948e+01
1.172363762243014662e+01,7.275707450012629351e+01
1.035105488696625464e+01,9.333204399334212553e+01
2.043951831334568325e+01,2.393639187945128910e+01
1.595124069640481501e+01,3.930167529538751126e+01
2.443486260834751533e+01,1.674866504089026265e+01
2.236928844059554677e+01,1.998460923935445521e+01
1.061955264110503094e+01,8.867221474805984371e+01
1.209381499787364866e+01,6.837122455984334124e+01
3.355274733858743019e+01,8.882676116497238539e+00
1.379130226058271624e+01,5.257623055404841494e+01
1.130952913029514306e+01,7.818275191974976224e+01
3.076446665004090875e+01,1.056577162539932857e+01
1.105558981714033173e+01,8.181560865453610631e+01
1.443551147981021643e+01,4.798833115346570111e+01
5.400290023444325271e+01,3.428986942944279193e+00
2.059420793813049499e+01,2.357815471201806190e+01
1.457239629828455918e+01,4.709101519687025217e+01
2.649847939574678080e+01,1.424157739357411856e+01
1.512297628105975811e+01,4.372456101808525375e+01
2.118620877113275114e+01,2.227888772685368934e+01
1.772936432954932329e+01,3.181366259038972188e+01
1.518075041856898366e+01,4.339238483625585729e+01
1.196709732204823418e+01,6.982683446356512036e+01
3.246661461873073051e+01,9.486936378926598579e+00
1.394673150583525789e+01,5.141088968825166461e+01
2.315933146659831010e+01,1.864438072586348483e+01
3.070614749033789437e+01,1.060594417225600239e+01
1.428713104196214445e+01,4.899028249773345323e+01
1.019225238422189861e+01,9.626305968317848283e+01
2.910976961529138407e+01,1.180109926383705421e+01
3.000946094450426571e+01,1.110410631784307256e+01
1.483332824589601984e+01,4.544883814428790458e+01
1.293580113165176826e+01,5.976037848137102770e+01
2.694944767096526306e+01,1.376893223454162651e+01
1.085340378099767378e+01,8.489225679496431098e+01
1.071584366866477822e+01,8.708578314337567861e+01
4.500122969539356177e+01,4.938001724007600401e+00
3.209520701567524981e+01,9.707773558140015524e+00
1.542044594969032190e+01,4.205388600728580428e+01
7.991507646529474584e+01,1.565822615292290720e+00
2.830822430656071731e+01,1.247885515100157861e+01
1.507973129474454943e+01,4.397570333351741567e+01
3.172809779643246131e+01,9.933720332718829482e+00
1.627921876865648443e+01,3.773400312087895969e+01
2.221569745443679622e+01,2.026189662856737428e+01
1.643359627188191396e+01,3.702838522766884211e+01
5.920505668359404439e+01,2.852872728669622493e+00
8.296556420953885436e+01,1.452794737651276424e+00
1.215308900758624766e+01,6.770591984501979255e+01
1.975915612816236688e+01,2.561316305793639003e+01
2.946016581040855797e+01,1.152204657180864800e+01
5.545854851886611669e+01,3.251344605782505059e+00
2.259158080304851168e+01,1.959326255426607943e+01
5.034944451427778489e+01,3.944669598172170222e+00
1.152153545117680800e+01,7.533196206935515704e+01
2.020098142780898343e+01,2.450501999830917654e+01
1.027117437009270517e+01,9.478940467928522651e+01
1.259882092124290409e+01,6.299994845250021314e+01
1.094531320665069352e+01,8.347253687171701131e+01
2.444115246196854230e+01,1.674004571769719618e+01
1.008974357752033768e+01,9.822900427275118318e+01
1.083887725143552494e+01,8.511995865466583666e+01
1.340074303582786719e+01,5.568551505645685751e+01
8.034217069246781762e+01,1.549219223419796343e+00
3.609124642346213108e+01,7.677083042163059368e+00
1.594253954453741784e+01,3.934458730008209670e+01
1.139508533700206350e+01,7.701314092557673519e+01
3.755084376031562243e+01,7.091867290202480412e+00
3.373122697814662274e+01,8.788924262356577088e+00
5.993112507353890095e+01,2.784166083529965530e+00
1.029949610096333679e+01,9.426881437022927912e+01
1.959653921386200182e+01,2.604001548824283319e+01
3.015966209420417243e+01,1.099378038527853363e+01
1.131789415075695082e+01,7.806722536930547562e+01
9.074785007888168309e+01,1.214303677332855269e+00
1.550529629826137068e+01,4.159487853428784376e+01
2.293943544030121728e+01,1.900354175074450680e+01
6.634572390882453874e+01,2.271821084093585519e+00
2.244363830792746484e+01,1.985242105264280710e+01
2.811051832575028087e+01,1.265500417733671945e+01
7.919281324752925855e+01,1.594514444242736584e+00
1.944198490021036108e+01,2.645567196922265651e+01
1.342583708599222447e+01,5.547754750972237758e+01
2.589044300672012966e+01,1.491835840899808119e+01
3.268814817230485659e+01,9.358782712914839763e+00
9.686352162486244310e+01,1.065809264714417504e+00
1.659756916274123384e+01,3.630036784373415770e+01
1.058079808591203097e+01,8.932296823614255743e+01
1.115953862080779757e+01,8.029851633224036789e+01
1.363787527481441408e+01,5.376585685171473727e+01
1.123002851132058488e+01,7.929362676721326864e+01
4.987574853268515085e+01,4.019954585521229085e+00
8.554413978200574320e+01,1.366530952411092015e+00
1.827444047777251157e+01,2.994413848121370236e+01
1.326036574362369613e+01,5.687075506527480684e+01
2.155843351933920005e+01,2.151620126951806000e+01
3.714633646421995650e+01,7.247162904458946286e+00
3.910366235628622888e+01,6.539810005916581126e+00
3.727644790699822863e+01,7.196659531111941455e+00
1.146904149746526613e+01,7.602313096383038271e+01
1.335695887184068376e+01,5.605118809157753645e+01
3.454743073650015361e+01,8.378542759660126293e+00
2.564248441695206537e+01,1.520826948509716914e+01
1.299224249930430908e+01,5.924227992657419151e+01
1.030123961974089042e+01,9.423690645528516541e+01
1.327795490481517859e+01,5.672018273150919754e+01
2.023072167759218587e+01,2.443302555832785217e+01
2.791359319589818355e+01,1.283419135182309923e+01
1.573393024079824087e+01,4.039480903589519301e+01
1.227719722295995197e+01,6.634398207621677557e+01
3.086962570508596215e+01,1.049390848833269807e+01
1.337211054265932653e+01,5.592423909526000614e+01
2.770497640951501950e+01,1.302820040997582751e+01
1.181299106752581451e+01,7.166056844375341939e+01
3.265381122676008374e+01,9.378475420033497656e+00
1.013011042766377301e+01,9.744771068421565019e+01
9.825112528427534642e+01,1.035916937079183198e+00
1.876683509404729833e+01,2.839343423327328608e+01
3.203587210679814490e+01,9.743767164488478016e+00
1.608085894738418986e+01,3.867065381688392023e+01
3.362180538891360726e+01,8.846224158315083130e+00
9.691407080020297826e+01,1.064697728928369669e+00
1.055553201160605603e+01,8.975109289626148268e+01
1.673582948376467527e+01,3.570306621576373374e+01
1.743432311799335821e+01,3.289953946248379424e+01
2.187366535195131334e+01,2.090050948979834899e+01
1.706577083535649209e+01,3.433587988464694263e+01
1.323631550240995480e+01,5.707760990722771055e+01
3.793331093545402410e+01,6.949579032200528417e+00
2.716489168031655410e+01,1.355139625856635099e+01
2.023567585239226219e+01,2.442106345110819277e+01
3.120223109001540607e+01,1.027137776081262466e+01
1.779756683348223234e+01,3.157030190515589751e+01
3.085300348541662885e+01,1.050521883225193065e+01
1.117179026967618327e+01,8.012249265793815312e+01
1.383687875108044274e+01,5.223044539579761647e+01
1.332177818677632608e+01,5.634762343671242490e+01
1.591216303625524020e+01,3.949494925378466803e+01
1.089802095121647874e+01,8.419857142813594919e+01
1.781657971557785558e+01,3.150295764891444605e+01
2.972616873300027152e+01,1.131676044448150797e+01
1.720658890323656109e+01,3.377617254182150219e+01
2.568976984827844845e+01,1.515233533233137031e+01
2.550537237618091524e+01,1.537222253417710149e+01
4.316666013375414224e+01,5.366647917681292235e+00
6.307190693488319511e+01,2.513784687496969372e+00
3.643430728975854294e+01,7.533190780837980327e+00
6.511572571928962816e+01,2.358458450981455901e+00
1.364905743532242788e+01,5.367779624149869022e+01
7.848817861712861088e+01,1.623272749037601104e+00
1.139374276181535883e+01,7.703129159406535109e+01
3.454482131233222475e+01,8.379808593257262572e+00
1.032438073743618645e+01,9.381493376171326304e+01
1.570923706465381997e+01,4.052190115266596848e+01
3.032781392623232364e+01,1.087220884762989037e+01
2.581053582412362957e+01,1.501087328679340516e+01
1.347679920223854033e+01,5.505876741278403586e+01
4.712303364578847464e+01,4.503327350999444256e+00
4.364608317572172780e+01,5.249397354981089059e+00
1.606061942293682065e+01,3.876818041719255348e+01
3.590740674873547533e+01,7.755894937363730257e+00
1.250495235376889269e+01,6.394931801880704114e+01
2.264957665944205090e+01,1.949305112568656639e+01
2.989053594197933705e+01,1.119264155935456628e+01
2.464764950931468945e+01,1.646072580367506433e+01
1.304726638768883262e+01,5.874365180124173236e+01
1.365083157448747464e+01,5.366384460907990217e+01
1.191872886722358693e+01,7.039472542282292977e+01
3.237461777524660533e+01,9.540929803747868476e+00
2.890636059613827058e+01,1.196776817342250965e+01
2.307197081854621956e+01,1.878583971476251691e+01
7.264079362253113459e+01,1.895129270193790738e+00
2.011835394148481981e+01,2.470672101063360415e+01
2.235676195544743550e+01,2.000701025101832187e+01
1.193149536435742775e+01,7.024416369703111229e+01
1.181374292034730544e+01,7.165144745873229226e+01
1.058883419328308939e+01,8.918744121408015246e+01
1.994220940772876105e+01,2.514510510560499057e+01
3.859569938210985640e+01,6.713085365968984419e+00
2.641837138633879078e+01,1.432807736071253757e+01
8.043465926479593975e+01,1.545658502291843428e+00
4.714795196778939612e+01,4.498568471656128054e+00
1.394845816333011257e+01,5.139816233119595523e+01
1.024835902151182410e+01,9.521192317264579685e+01
2.077970808685508075e+01,2.315906999907011254e+01
1.195002830762758350e+01,7.002645348215735055e+01
2.058905997463867266e+01,2.358994686321927503e+01
1.062523826040354891e+01,8.857734222761119725e+01
2.109557247440981342e+01,2.247073971387944624e+01
5.566788923072228101e+01,3.226937033564843738e+00
1.079958389736629343e+01,8.574048872571444235e+01
7.500098382180465251e+01,1.777731138254370125e+00
1.087934905977524380e+01,8.448783426728739698e+01
1.267363180101239628e+01,6.225838182434049628e+01
1.820903731610877330e+01,3.015963131123469054e+01
1.550541480617175338e+01,4.159424271727012012e+01
1.613443023057460124e+01,3.841428315102479729e+01
1.081146460749479665e+01,8.555215195015233576e+01
1.628062816929019263e+01,3.772747020023452791e+01
6.180285860065436765e+01,2.618079762126309440e+00
3.261086672440873002e+01,9.403192282167776028e+00
2.728931969765912058e+01,1.342810045929114615e+01
7.040486260257965512e+01,2.017412416452204038e+00
2.921940703623101143e+01,1.171270495105813225e+01
3.167266742821349013e+01,9.968520786829477842e+00
1.209638168765970967e+01,6.834221272635468836e+01
7.776695904553942285e+01,1.653521195432982038e+00
3.057156013235400849e+01,1.069953233252600455e+01
1.004703069199303300e+01,9.906598045074484560e+01
1.513172713167546668e+01,4.367400281549983276e+01
1.799809621546382488e+01,3.087072732034203071e+01
1.300780643826207594e+01,5.910059706605265717e+01
2.337778158178011978e+01,1.829756954876189923e+01
3.039114023719254476e+01,1.082694700097584217e+01
1.037943902336857960e+01,9.282228094878462343e+01
7.629862111664722590e+01,1.717776358258851221e+00
1.191572177926425447e+01,7.043025996208832851e+01
1.313863650598198873e+01,5.792944994909688461e+01
4.574550856457343428e+01,4.778626418569721146e+00
2.575159153290313796e+01,1.507967042704632732e+01
1.259459502059534231e+01,6.304223265254638164e+01
1.763508000485254712e+01,3.215474956552364461e+01
1.304172817932820827e+01,5.879355372470009655e+01
3.284214271314896649e+01,9.271223103164158985e+00
4.481794449360923238e+01,4.978472714003876476e+00
1.013145870647279345e+01,9.742177602964294181e+01
1.188440658944734807e+01,7.080191381242268278e+01
6.551559865429011609e+01,2.329756716510809067e+00
1.374926140872398861e+01,5.289824476641786077e+01
1.404729287227379508e+01,5.067744672246616489e+01
1.021088271094901678e+01,9.591210546817488591e+01
1.653220433513556031e+01,3.658798320912557500e+01
1.252927673322215263e+01,6.370125621009284345e+01
4.724932074994006825e+01,4.479286702814720300e+00
1.205102096828559866e+01,6.885766885671966975e+01
2.940921554615434275e+01,1.156200410402307632e+01
2.138527165785508188e+01,2.186605605082323578e+01
6.538845525295387517e+01,2.338825631666368920e+00
2.117294491430892833e+01,2.230680982629611009e+01
1.676508856017194660e+01,3.557855423757658286e+01
1.353434108161223826e+01,5.459159282465005703e+01
2.394308125196353387e+01,1.744375271154180496e+01
1.098339132144005248e+01,8.289476138383305681e+01
4.836236264379736838e+01,4.275481006536602457e+00
7.931297033590062995e+01,1.589686808017178210e+00
2.341871309568394111e+01,1.823366401221387889e+01
2.005014507484412078e+01,2.487510721577392658e+01
2.667186110252094977e+01,1.405702309376777670e+01
1.100046943849361725e+01,8.263757462893264005e+01
2.835331683930048641e+01,1.243919448400839478e+01
7.964392941983645358e+01,1.576502422233641010e+00
2.011228571156493672e+01,2.472163216329651192e+01
1.081038678883949800e+01,8.556921226518571189e+01
3.523439150317899049e+01,8.055016765915452126e+00
3.568201209024721265e+01,7.854188641593074394e+00
5.795794505208712621e+01,2.976967150386547356e+00
2.851711582389803823e+01,1.229670631806706105e+01
1.587941603466705942e+01,3.965801252340645533e+01
1.337086996686272400e+01,5.593461710000660503e+01
1.427307074750168958e+01,4.908684995464892609e+01
1.852393609766265214e+01,2.914294601041620680e+01
2.600169816532669742e+01,1.479096722921017459e+01
8.848981061704209594e+01,1.277066370857963040e+00
1.338483919393296340e+01,5.581792453209054372e+01
2.772892824145009172e+01,1.300570300277824387e+01
3.358453099184617940e+01,8.865871337818873599e+00
1.042511506278092170e+01,9.201068966718145248e+01
4.955389513178604233e+01,4.072343516606014902e+00
1.683379714244948033e+01,3.528871313084751904e+01
5.279218999875129015e+01,3.588067819643963041e+00
2.921351056971830928e+01,1.171743362221606333e+01
3.664477832346451436e+01,7.446904806539806465e+00
3.258454163425640360e+01,9.418392120251226629e+00
1.210691466025821050e+01,6.822334949122871706e+01
6.910920384015213358e+01,2.093766372512888552e+00
1.084225977642982741e+01,8.506685616838123565e+01
1.233313743316757005e+01,6.574350558920484389e+01
2.457196216117913679e+01,1.656228769431104197e+01
1.516518695149873430e+01,4.348149451762528628e+01
1.052329486247437984e+01,9.030182365380854037e+01
1.435876494634092460e+01,4.850269023548614200e+01
8.790873479980281502e+01,1.294004959091801021e+00
1.796764080718773116e+01,3.097546866331606452e+01
1.239583840262840830e+01,6.508009647771996242e+01
3.233173742873825773e+01,9.566254126384380996e+00
2.086699412363278228e+01,2.296572777047757441e+01
1.030733990812795930e+01,9.412539326270476181e+01
1.058122079396156678e+01,8.931583167142450463e+01
1.013040178693927018e+01,9.744210540089379435e+01
3.239675442509322778e+01,9.527895654601021391e+00
2.161876999643279262e+01,2.139626843559233649e+01
3.021943192185037930e+01,1.095033505924034678e+01
1.388610796693146909e+01,5.186076570773087013e+01
1.448397138983334642e+01,4.766775334418759513e+01
1.051232276730944371e+01,9.049042464938614216e+01
1.072591024929398174e+01,8.692239474022426293e+01
1.737619758817162108e+01,3.312001365975424960e+01
7.442764942391751504e+01,1.805225224813038043e+00
1.363879745900764817e+01,5.375858636511431854e+01
1.755385268682829292e+01,3.245301878728575673e+01
1.687923951986865134e+01,3.509895998413730211e+01
7.185089115631198808e+01,1.937027034188475882e+00
2.222695566580773630e+01,2.024137605457794820e+01
1.013939315290377152e+01,9.726936347283380258e+01
1.047431878053915710e+01,9.114826900800139242e+01
5.755445047946629700e+01,3.018854463861035065e+00
1.028534096353429561e+01,9.452846667521058066e+01
1.020872491717851460e+01,9.595265517786739906e+01
1.223118334755800163e+01,6.684409492210977533e+01
3.458111960753916492e+01,8.362225985690288965e+00
1.153339489598298861e+01,7.517711851660098432e+01
1.227928361322790529e+01,6.632143879382662988e+01
1.290666900022679897e+01,6.003045776810646572e+01
1.585364799457772556e+01,3.978703516187042766e+01
1.091761194007429836e+01,8.389666414469276390e+01
4.524979434025535596e+01,4.883900198384350411e+00
2.427906975735156436e+01,1.696429883531579463e+01
1.008015096779044484e+01,9.841604925932217895e+01
1.293085608851732360e+01,5.980609458145209345e+01
6.924422561958336075e+01,2.085608914430324035e+00
7.945250274749218988e+01,1.584108177882709079e+00
1.141697357142558822e+01,7.671813002695861883e+01
2.037085873619231080e+01,2.409801807257047557e+01
1.829000792510480977e+01,2.989318657147078895e+01
7.604685012226748597e+01,1.729169392550749640e+00
1.308169859211694508e+01,5.843482164673562096e+01
1.020643208816086123e+01,9.599577068415939607e+01
6.467431394213717510e+01,2.390761971106841965e+00
1.327682749187566280e+01,5.672981602425804226e+01
1.083207986577981785e+01,8.522682173794846960e+01
1.849175882015939010e+01,2.924445680185003127e+01
4.325211583258715820e+01,5.345462475645543776e+00
1.003694622055933117e+01,9.926515057822788890e+01
9.896328875912790579e+01,1.021061171265770895e+00
5.970476013017803041e+01,2.805317909264118725e+00
6.448096208469792145e+01,2.405121289391004780e+00
2.072025522958796273e+01,2.329216181730342683e+01
1.307860600697209108e+01,5.846246007047728455e+01
5.262248560627308791e+01,3.611247747888763904e+00
1.273936898332685530e+01,6.161751317020729601e+01
1.524761866977160985e+01,4.301262580037835903e+01
7.613691809427965040e+01,1.725080688554276209e+00
1.376924574356399944e+01,5.274480584824562612e+01
2.741831300735399068e+01,1.330204889776349830e+01
4.189933256508918902e+01,5.696207353737642087e+00
1.251216135532748908e+01,6.387564922373534415e+01
1.455475936420739025e+01,4.720521074209344903e+01
2.663136366846331526e+01,1.409980769995391725e+01
1.676948525698515979e+01,3.555990040209681524e+01
1.290516553069448058e+01,6.004444584464935275e+01
7.477958682329055762e+01,1.788273239108326917e+00
1.202930523143859354e+01,6.910650196358943731e+01
3.051217617904275770e+01,1.074122053107229924e+01
1.057536377456820098e+01,8.941479175110590916e+01
1.001652297715916262e+01,9.967035768249155581e+01
2.547469662356295217e+01,1.540926622639164556e+01
1.306348293076506728e+01,5.859789776439129838e+01
1.577861707520895429e+01,4.016632766937865284e+01
2.303203506332485873e+01,1.885104256042913562e+01
3.090401520601027840e+01,1.047056657095955856e+01
1.117500932668110813e+01,8.007633936788971596e+01
1.328019899796004033e+01,5.670101515444246587e+01
9.954358490267013337e+01,1.009191178862588689e+00
2.488436320405823921e+01,1.614904842869910695e+01
4.911282395113074983e+01,4.145817563554556884e+00
1.344618403680793328e+01,5.530977576564583131e+01
6.062528382511479208e+01,2.720773759287142823e+00
2.097793755896865875e+01,2.272345806661975942e+01
4.047214578261130669e+01,6.105026290172520298e+00
8.250683586370901423e+01,1.468994384112317864e+00
1.441844242720089220e+01,4.810201891160201626e+01
6.042364043601448742e+01,2.738963377271886213e+00
1.395998775131632996e+01,5.131329765498899320e+01
1.250157639013505673e+01,6.398386081807883841e+01
1.077242794043780982e+01,8.617331590111120931e+01
4.414375026481070563e+01,5.131703403989220647e+00
2.976815165900327642e+01,1.128486221376463305e+01
5.394339776229657701e+01,3.436555829530401507e+00
4.127553718401146199e+01,5.869681438949939434e+00
1.171584785464588485e+01,7.285385778704606707e+01
1.455714962858138684e+01,4.718970995067829222e+01
4.345242061677976864e+01,5.296293577209985060e+00
1.315977956794030668e+01,5.774345564265997410e+01
2.509353638938885211e+01,1.588094201271777628e+01
2.285502125035589671e+01,1.914417877177740479e+01
2.054009718446260990e+01,2.370254674709001108e+01
1.607201859821326906e+01,3.871320679182617397e+01
2.875450148696652519e+01,1.209451102138051937e+01
1.290006937649513930e+01,6.009189616255098088e+01
9.935787955604108390e+01,1.012967172077846145e+00
1.883369144660234085e+01,2.819220844925324698e+01
3.021548842337848839e+01,1.095319355663769656e+01
2.090208355042612354e+01,2.288868494300200851e+01
2.365481971708869224e+01,1.787148805014559017e+01
2.879659471008992355e+01,1.205917872798682566e+01
1.015751631648802622e+01,9.692257476956717710e+01
1.218801882514643253e+01,6.731839721611522975e+01
2.085153570292237291e+01,2.299979197397549768e+01
6.976003615749527853e+01,2.054880665918815019e+00
3.022108470689330773e+01,1.094913734874957711e+01
9.198809104425761518e+01,1.181780411884522763e+00
1.573962381584268755e+01,4.036558987774360219e+01
1.111058640834135325e+01,8.100765070831576509e+01
2.022760547617154359e+01,2.444055428869125635e+01
9.889890311177204296e+01,1.022391076495639206e+00
4.059907203698033840e+01,6.066913259429327354e+00
1.285329241213107920e+01,6.053007671221400443e+01
1.379650821009816042e+01,5.253656000011677918e+01
1.166008558033246878e+01,7.355234509349374150e+01
1.028063997750709291e+01,9.461493572795608031e+01
9.374515011511046225e+01,1.137895506193252082e+00
4.553230544630861942e+01,4.823482629119147269e+00
2.501218644051803608e+01,1.598441275424522345e+01
1.052311556771145185e+01,9.030490083791609379e+01
2.483900792535773761e+01,1.620807762223958903e+01
2.761592171211558977e+01,1.311236150923454780e+01
2.175514693124258159e+01,2.112885478999945121e+01
7.673052657755579276e+01,1.698492536057099045e+00
2.332292986171577098e+01,1.838373654260231760e+01
1.112006225429711037e+01,8.086964986915134546e+01
1.967288210080206667e+01,2.583830506524849469e+01
2.003729271326368533e+01,2.490702833500135682e+01
7.973466582152610727e+01,1.572916409455122233e+00
7.638325245225530580e+01,1.713971933471856168e+00
3.131368286637481191e+01,1.019839202616825169e+01
1.861977238580258387e+01,2.884371957219543248e+01
1.018356663408516560e+01,9.642733875819192235e+01
2.239102656822721826e+01,1.994582431765995878e+01
1.066703719977271092e+01,8.788451912072986261e+01
6.188595179560798698e+01,2.611053981344710451e+00
5.421045807023892138e+01,3.402779799476267186e+00
7.495692070993634104e+01,1.779821816178467797e+00
6.415643142876805882e+01,2.429515094144459209e+00
2.550205654951452772e+01,1.537622024620602090e+01
1.598597306506874283e+01,3.913108106586225432e+01
2.552951890848677152e+01,1.534315733084275024e+01
1.295103708566668921e+01,5.961985370329462341e+01
1.449727464493892093e+01,4.758030996676850322e+01
1.353641829114744510e+01,5.457483957810429587e+01
9.555912562379658937e+01,1.095104757005615603e+00
9.534881937705463884e+01,1.099940923024597783e+00
5.631195786928002178e+01,3.153542914934456931e+00
1.923433179969106988e+01,2.702998426944165899e+01
1.245560508419876911e+01,6.445703730994185321e+01
1.228197228939687768e+01,6.629240479995537783e+01
1.594570644499284384e+01,3.932896077155854897e+01
9.408377612830658165e+01,1.129719227317946162e+00
1.342498922155434649e+01,5.548455517642494783e+01
5.882023061536247610e+01,2.890324167002932487e+00
2.242581410443490242e+01,1.988399129698218104e+01
5.059681615655414078e+01,3.906192314724956205e+00
1.338531159834857220e+01,5.581398466584021634e+01
1.179619621403722185e+01,7.186476740570221011e+01
2.116041041515142496e+01,2.233324480522751898e+01
7.303485716597830901e+01,1.874733895142991935e+00
6.015818202540277326e+01,2.763189011276204976e+00
2.879649734414582696e+01,1.205926027646773058e+01
1.791114875147986751e+01,3.117117106985558550e+01
1.563759171870073139e+01,4.089406284572079642e+01
2.945484279012940831e+01,1.152621143053169028e+01
6.945307562140548896e+01,2.073084644955257350e+00
1.162575236216997787e+01,7.398741673066777480e+01
1.079245028745592982e+01,8.585387193803281036e+01
1.077265706009799295e+01,8.616965036329969507e+01
2.024875538385462903e+01,2.438952443554945404e+01
5.998990267224948525e+01,2.778712951594746627e+00
2.831475194781240035e+01,1.247310210041772294e+01
1.126759533256478107e+01,7.876576902076025988e+01
3.982327361975738711e+01,6.305595164374858008e+00
8.271420636654585223e+01,1.461637866831536181e+00
4.339844079667113164e+01,5.309477035827147695e+00
1.282710203353206779e+01,6.077750969593673602e+01
5.176664022094669093e+01,3.731642595063212386e+00
1.228975043924327260e+01,6.620851878621917308e+01
1.236051649236477346e+01,6.545257894384512554e+01
1.118802406720332421e+01,7.989014623741434207e+01
2.079042739400779993e+01,2.313519505097363549e+01
3.236923511198163084e+01,9.544103180081268789e+00
1.063061092653831707e+01,8.848783161864646729e+01
1.112794260933911872e+01,8.075515324977503440e+01
9.019232606976248690e+01,1.229308331055978476e+00
5.743068376861457836e+01,3.031880124185981185e+00
6.515667278757497627e+01,2.355495082526235073e+00
1.701252309617548519e+01,3.455115297376243433e+01
6.730019412449708227e+01,2.207838824837630831e+00
1.021227214430284569e+01,9.588600855048764515e+01
1.061880677599503109e+01,8.868467186030456162e+01
1.114184110507730985e+01,8.055380858705721892e+01
1.790012331451382366e+01,3.120958215987040774e+01
6.503908360781161946e+01,2.364020144896057829e+00
1.958147957397315864e+01,2.608008437601390028e+01
1.183547688388900987e+01,7.138853619233603354e+01
2.587490656921459120e+01,1.493627907104236563e+01
1.305026059452020704e+01,5.871669901139087955e+01
1.344328084219272768e+01,5.533366760928905137e+01
1.052115683281323655e+01,9.033852828570407212e+01
3.972485572670866105e+01,6.336877953117103779e+00
2.530543883567766983e+01,1.561608822379665895e+01
5.787856918477719859e+01,2.985138098139893614e+00
1.891292384333725352e+01,2.795649055191593391e+01
1.370525179961512485e+01,5.323851854415411822e+01
3.018676147389165010e+01,1.097405048466782773e+01
5.047884618105313592e+01,3.924471333015103536e+00
4.547034696201986748e+01,4.836636664880090919e+00
1.106148369506542828e+01,8.172844444491676086e+01
3.016710054678255304e+01,1.098835947106903355e+01
2.216436922663194053e+01,2.035585025830709327e+01
6.262332393208286163e+01,2.549927126710860747e+00
1.209478104563273604e+01,6.836030295155316594e+01
1.348187199281706761e+01,5.501734155579833185e+01
1.023351498989089947e+01,9.548833921118971091e+01
2.013164613485749754e+01,2.467410588381845926e+01
3.965643826168297181e+01,6.358762274532791636e+00
3.933552749895782341e+01,6.462938792244238506e+00
2.962585552557798962e+01,1.139352733928834738e+01
1.089464679331045716e+01,8.425073342562740208e+01
2.425776193952129844e+01,1.699411452459464655e+01
2.581963086952601572e+01,1.500029989562763788e+01
1.000425138000374226e+01,9.991502659190111046e+01
1.812488455100322327e+01,3.044034022191062760e+01
9.488846565236499941e+01,1.110639593531505653e+00
3.313856728425796661e+01,9.106102692347615601e+00
1.160642730460515715e+01,7.423400448579710087e+01
4.451518292635039131e+01,5.046423281703568797e+00
1.190485503252308597e+01,7.055889606902238143e+01
3.176762858544481816e+01,9.909013201910163104e+00
1.212790039028402056e+01,6.798745077019286498e+01
5.377771322799506493e+01,3.457763918529393354e+00
1.726790627323411442e+01,3.353672383087640441e+01
4.203880937502318460e+01,5.658472181859192318e+00
1.868753110485435087e+01,2.863493112957755571e+01
1.018591790815413667e+01,9.638282614090103095e+01
3.463147534788113546e+01,8.337925551646828026e+00
4.499435152528569404e+01,4.939511558496835875e+00
7.027775688994752556e+01,2.024716477979279450e+00
1.767170621376095951e+01,3.202160043899627340e+01
6.651355651572384886e+01,2.260370648156486695e+00
2.794229787867983106e+01,1.280783617039625888e+01
1.572818914228861331e+01,4.042430421831146958e+01
4.199078934636730764e+01,5.671421467546977624e+00
1.127513197687259350e+01,7.866050529775640143e+01
2.168561410288111446e+01,2.126456728298099108e+01
2.156338107558871897e+01,2.150632893982114169e+01
2.475654448483241055e+01,1.631623487279181717e+01
1.946925667477914956e+01,2.638160773406906756e+01
3.329684610468012806e+01,9.019735501777260467e+00
4.156322216163861327e+01,5.788707198128401288e+00
1.560443766754205974e+01,4.106801902261196346e+01
2.290725195900418854e+01,1.905697720992373689e+01
6.346858347487923169e+01,2.482460739455454757e+00
1.153836859251799929e+01,7.511232121306875342e+01
2.695755341453044096e+01,1.376065324476989815e+01
7.114353075696939754e+01,1.975737169681773153e+00
4.752151376389943493e+01,4.428120874687191844e+00
1.263281745194920269e+01,6.266132283895114341e+01
7.821110744069760301e+01,1.634794354344998313e+00
1.065923505748127198e+01,8.801322225334527616e+01
2.339451056513079052e+01,1.827141039554114244e+01
1.292921072813678585e+01,5.982131729564904532e+01
1.830974849228637780e+01,2.982876292886997405e+01
8.259437978409056313e+01,1.465881984123447834e+00
1.108226236343455540e+01,8.142225854865777990e+01
1.017132481243941378e+01,9.665959103110050421e+01
1.012942794097138410e+01,9.746084252278227211e+01
6.015964639749837772e+01,2.763054492944450491e+00
1.787889009860063894e+01,3.128375603718906106e+01
5.704628616162823818e+01,3.072877501478868290e+00
3.662993881734873725e+01,7.452939802914142930e+00
5.507464931195420377e+01,3.296829738998341419e+00
5.490444719295457077e+01,3.317301565061727686e+00
3.845307352332854123e+01,6.762976577708810666e+00
9.638121199797140548e+01,1.076502972741208985e+00
4.201045059642298440e+01,5.666114162298305779e+00
2.210192879561970614e+01,2.047102784973188250e+01
1.008921085020739561e+01,9.823937786010363027e+01
2.501816987332718867e+01,1.597676789267489816e+01
7.132645007687962391e+01,1.965616461682560434e+00
7.228448857942295547e+01,1.913858276592298235e+00
1.632097380105405549e+01,3.754117528098855416e+01
1.812889147395978284e+01,3.042688560789567376e+01
3.721657192504637379e+01,7.219834889124809862e+00
2.467379694329972040e+01,1.642585661135160535e+01
6.627937516581411614e+01,2.276371758206359619e+00
1.072702025257541081e+01,8.690440667845885514e+01
3.611401914372778776e+01,7.667404089373033749e+00
6.030068878413767663e+01,2.750144124997984996e+00
4.666205740272636149e+01,4.592743939990628910e+00
1.016505599275686578e+01,9.677884829641304520e+01
1.455874344826490052e+01,4.717937832117578978e+01
4.448630708952875068e+01,5.052976623516384436e+00
1.128679243234986274e+01,7.849805993803545334e+01
2.065620747593129991e+01,2.343682762183815882e+01
2.585308045255247578e+01,1.496150922348594570e+01
1.323673902795356483e+01,5.707395743074125249e+01
8.496110111176196256e+01,1.385350721977447241e+00
3.660593334327872128e+01,7.462718000062420032e+00
8.627283542441108466e+01,1.343543884903851460e+00
1.263452733560522212e+01,6.264436354655400407e+01
1.198258880869115472e+01,6.964640229685360850e+01
1.726683217326741371e+01,3.354089632922164554e+01
2.706573032810025836e+01,1.365087529502413766e+01
2.933085997983161164e+01,1.162386096543324321e+01
5.221847303317728972e+01,3.667344124745839817e+00
7.997510901114414139e+01,1.563472758220774361e+00
1.033583719628027708e+01,9.360707613992404674e+01
2.022184810577079261e+01,2.445447322966804293e+01
1.112354852248238224e+01,8.081896656317205441e+01
3.862785024799933353e+01,6.701915099691802880e+00
5.594770398297438874e+01,3.194739586812506360e+00
1.051739916319679935e+01,9.040309234368669422e+01
1.039562809128804766e+01,9.253340256288966259e+01
1.019042058588824062e+01,9.629767069054682338e+01
5.368689583275635613e+01,3.469472202715862430e+00
1.085080568774329457e+01,8.493291449560685180e+01
2.588634648912564629e+01,1.492308044679697154e+01
3.203298715240191541e+01,9.745522329538745865e+00
1.967896661943332504e+01,2.582232969954463186e+01
2.071449824694066066e+01,2.330511035251150886e+01
3.811373358148625812e+01,6.883938982904926007e+00
4.404214917818968189e+01,5.155407426009952943e+00
8.503647596005923504e+01,1.382895909003833523e+00
7.195860046779053221e+01,1.931232599574387310e+00
6.087022267021246336e+01,2.698921289366783771e+00
1.174610357946600026e+01,7.247902584397925807e+01
1.506811274870884709e+01,4.404354603214767394e+01
2.852738142386990816e+01,1.228785795209721066e+01
2.341016250062101278e+01,1.824698618803479278e+01
2.828678899781465361e+01,1.249777489917378581e+01
5.284872400710355578e+01,3.580395378600187417e+00
1.017230409941650748e+01,9.664098110331060809e+01
3.134514823320510502e+01,1.017792729074228397e+01
8.199714304148547228e+01,1.487313631107725742e+00
1.426733176334578346e+01,4.912634792343324364e+01
5.332379309653326516e+01,3.516883083620384820e+00
1.458578891551758439e+01,4.700457730791138999e+01
8.506683967139449010e+01,1.381908864970402995e+00
1.004651705769231640e+01,9.907611032680659946e+01
1.974148513326673893e+01,2.565903728074464851e+01
1.160787798687647410e+01,7.421545101286447732e+01
2.493677364797463625e+01,1.608123778264505077e+01
3.020992702273715835e+01,1.095722671465297005e+01
2.286576515896230077e+01,1.912619249547662292e+01
1.747197442950908908e+01,3.275789821509692956e+01
2.362317616279323218e+01,1.791939830214087337e+01
1.642361846247321466e+01,3.707339046213405709e+01
1.715830914121827533e+01,3.396651761425725624e+01
4.106958795795733153e+01,5.928697728126429034e+00
3.768731186208960793e+01,7.040600093757100275e+00
2.483426578563272358e+01,1.621426812593958644e+01
6.662618793649890847e+01,2.252734804816277858e+00
2.800988641801031065e+01,1.274609950406767922e+01
2.670723370749543690e+01,1.401981188364875663e+01
4.895480225882975844e+01,4.172625411853895905e+00
5.001867234554070052e+01,3.997014097431708546e+00
3.201449129820951356e+01,9.756786217952587492e+00
1.060518689129555092e+01,8.891260761181027306e+01
1.420876289124275615e+01,4.953218267617138082e+01
2.822878382211208859e+01,1.254918911814743510e+01
6.778070145478324093e+01,2.176646395721521632e+00
2.912095504908991117e+01,1.179203533969764983e+01
1.135004232808645774e+01,7.762561209012983454e+01
1.265242708247315484e+01,6.246723941652870593e+01
1.458494783732817801e+01,4.700999874172746473e+01
1.829209732543517930e+01,2.988635791036849554e+01
8.399609711328224648e+01,1.417365266937425039e+00
1.708985068075057256e+01,3.423918855526163441e+01
2.845492471702281634e+01,1.235051644049424802e+01
1.002815190348829688e+01,9.943933062605600526e+01
5.641147209439820642e+01,3.142426538624092380e+00
1.978398196436181422e+01,2.554892227631063406e+01
2.596447026509809675e+01,1.483341226263754287e+01
1.146050455771718646e+01,7.613643253923309828e+01
3.783940985702126625e+01,6.984113538442848323e+00
2.251399754087094962e+01,1.972853203468533323e+01
2.613955746054455531e+01,1.463536434146565490e+01
5.741706595193574003e+01,3.033318459050478477e+00
3.801708826925565887e+01,6.918983543703853378e+00
1.849113530864558541e+01,2.924642905100091284e+01
1.278568299168683708e+01,6.117192330262111710e+01
3.635579096599192894e+01,7.565764251430449505e+00
1.791881444630874398e+01,3.114450663016301135e+01
1.097133666864559665e+01,8.307702113304499392e+01
7.658835592892936006e+01,1.704804198133096582e+00
1.452702928902757051e+01,4.738559908851586755e+01
3.600649610921208676e+01,7.713265452964143343e+00
2.609078967757516665e+01,1.469012706205995222e+01
3.399850640071872476e+01,8.651279105285160753e+00
1.127886482084342568e+01,7.860844707944019660e+01
3.957165035646119833e+01,6.386040577405927898e+00
7.075387788487212504e+01,1.997558489829887041e+00
1.549717329781277897e+01,4.163849471652418543e+01
2.120736497881368976e+01,2.223445960707345037e+01
2.752371561004128253e+01,1.320036306678803406e+01
7.213198204822815285e+01,1.921959660499204858e+00
1.388544997182559015e+01,5.186568091589750651e+01
8.140096606663205137e+01,1.509179445909220485e+00
3.753355992257961304e+01,7.098400265276751497e+00
2.570120908859891173e+01,1.513885015884664753e+01
3.247762078360652538e+01,9.480507515533695084e+00
3.971001278422677672e+01,6.341616077686660802e+00
9.015920333724965019e+01,1.230211744773640925e+00
4.490940872304151554e+01,4.958214666098254675e+00
7.058558668731417640e+01,2.007095061778347400e+00
1.662594767666709927e+01,3.617655278762552484e+01
1.597154856053489524e+01,3.920179447733778488e+01
2.552506532511467086e+01,1.534851191001736481e+01
3.835604720453092398e+01,6.797235408932113643e+00
1.019784602123603889e+01,9.615748583225621360e+01
2.025481781517310509e+01,2.437492665537602221e+01
1.144370965908901283e+01,7.636007365272558900e+01
1.692165974685052632e+01,3.492320422110211808e+01
1.594241180536851132e+01,3.934521780255298751e+01
1.030646145132648606e+01,9.414143923853602303e+01
1.122730775138059656e+01,7.933206252909587874e+01
6.634111719159064080e+01,2.272136604879174460e+00
7.872143203634146857e+01,1.613667411361960236e+00
5.590667110546539220e+01,3.199430886160854026e+00
4.699496792288777414e+01,4.527904777432777195e+00
9.605431652396696052e+01,1.083842627393503344e+00
2.132239769292572973e+01,2.199520030800306358e+01
3.011233641831947594e+01,1.102836401453608062e+01
2.037678727736681239e+01,2.408399767698247018e+01
2.773622458676033276e+01,1.299886129162174520e+01
6.733523788714512648e+01,2.205541339930713551e+00
5.269344057318770069e+01,3.601528760366847770e+00
2.645442041376390918e+01,1.428905467011021102e+01
3.538835158139814041e+01,7.985081136589552209e+00
2.487359152055785927e+01,1.616303837494591988e+01
2.598390049607471397e+01,1.481123631063066703e+01
1.056762799242177664e+01,8.954574763241241442e+01
1.039633983670954720e+01,9.252073310956075147e+01
1.232553962548718118e+01,6.582458284533842630e+01
1.641493971629187243e+01,3.711260298534327262e+01
4.197715840351752092e+01,5.675105345945987700e+00
8.064426318451774023e+01,1.537634247573737900e+00
5.020904228576544170e+01,3.966761824744865716e+00
2.469960144466606167e+01,1.639155325391453388e+01
1.307422160539013412e+01,5.850167707149191898e+01
2.314010797265988018e+01,1.867537098863472167e+01
2.588029327165578408e+01,1.493006206902206578e+01
1.019697375925087002e+01,9.617393740089359255e+01
3.797957103170499238e+01,6.932659809800042261e+00
1.352365041734177176e+01,5.467793801304775769e+01
3.057581557073299194e+01,1.069655429048617101e+01
9.777916522947892020e+01,1.045941390673072124e+00
1.190266558388010942e+01,7.058485652075844996e+01
5.218741364066679012e+01,3.671710670936751963e+00
2.491214692309794287e+01,1.611304748296563361e+01
3.349755485207185757e+01,8.911971440986741655e+00
1.432982030502588344e+01,4.869882819053414380e+01
1.733892965014748455e+01,3.326254161811852583e+01
6.066347463530446760e+01,2.717349100646444526e+00
2.421812373525274964e+01,1.704978914659600875e+01
2.353743585411487516e+01,1.805018681422129490e+01
2.195501234776137878e+01,2.074591664512445632e+01
4.977412670097928071e+01,4.036386101247548375e+00
4.011710717715038044e+01,6.213564094080557432e+00
3.856343232374022989e+01,6.724324103115543849e+00
1.920223331246353382e+01,2.712042653723511521e+01
2.129900621036056307e+01,2.204353898283282120e+01
3.638866758109623589e+01,7.552099318315574017e+00
3.262133024168841189e+01,9.397160971703808485e+00
1.594356608866091740e+01,3.933952097371369661e+01
1.046547808150500281e+01,9.130232881546474744e+01
1.208788449145209221e+01,6.843832901522421253e+01
2.103873695916834663e+01,2.259231175922806401e+01
1.033358418914953525e+01,9.364789845228037279e+01
1.695348709600055415e+01,3.479220230184032658e+01
7.898272187951464218e+01,1.603008435052617697e+00
2.967941799820311743e+01,1.135244062910397389e+01
1.105659284874555937e+01,8.180076503678137101e+01
1.594740325213893861e+01,3.932059199698219487e+01
2.621393262624528830e+01,1.455243413134759756e+01
5.186836715244972140e+01,3.717019566905827688e+00
3.697938376062660382e+01,7.312748892702213510e+00
3.556721703523569289e+01,7.904970069469150040e+00
2.413251945641146179e+01,1.717096369536615796e+01
7.619666097357423951e+01,1.722376609849718854e+00
1.997565230291570160e+01,2.506098057534653023e+01
6.189586078716217799e+01,2.610218033980701069e+00
1.664459733034896161e+01,3.609552923500289268e+01
1.100818739201134200e+01,8.252173914112820796e+01
6.383733325699433436e+01,2.453864213457560783e+00
2.093843384834676868e+01,2.280928184015273530e+01
1.174658485967151123e+01,7.247308675508422482e+01
3.445946265683021892e+01,8.421374830915786092e+00
1.100186388545646565e+01,8.261662792146069023e+01
1.149358823684490538e+01,7.569875406473568091e+01
3.526989979006413023e+01,8.038806009923970208e+00
2.035647769324203438e+01,2.413207868479269180e+01
2.079353778104822936e+01,2.312827424417081446e+01
1.127178259564455054e+01,7.870725977716992361e+01
3.306255281499154819e+01,9.148022702834309072e+00
1.226328087983523929e+01,6.649464151030163350e+01
1.080758581452753297e+01,8.561357151947652255e+01
1.684719273038020404e+01,3.523261771663929665e+01
1.617330260303503309e+01,3.822984836388523178e+01
1.281498026701064674e+01,6.089254369613927054e+01
1.108402118542342585e+01,8.139642029118819266e+01
2.686295825284153338e+01,1.385773734791651002e+01
4.173814613245070859e+01,5.740288095660563528e+00
1.609831937973521576e+01,3.858681398857227407e+01
6.491061394768725279e+01,2.373387038507096314e+00
2.638911561707719855e+01,1.435986404795973215e+01
6.931883172981137875e+01,2.081121953789140999e+00
2.601399348382705767e+01,1.477698885439236598e+01
2.904769185061788050e+01,1.185159337336275343e+01
1.631169421813324760e+01,3.758390113590551351e+01
6.433051447439716242e+01,2.416383996381783916e+00
1.677973127656716912e+01,3.551648657250066776e+01
9.699171746778915804e+01,1.062993724875429091e+00
5.666925114544298481e+01,3.113902804179315975e+00
2.857753746227828273e+01,1.224476330565190985e+01
8.664137451230978115e+01,1.332138355959819886e+00
1.062098527423835570e+01,8.864829489845953958e+01
1.497053127338699063e+01,4.461958989766914385e+01
1.061493699208011599e+01,8.874934545633779237e+01
7.238372260963606664e+01,1.908614288622424660e+00
3.294993157771060055e+01,9.210664552314533182e+00
1.064365270351870940e+01,8.827111437506076186e+01
2.760776985681206597e+01,1.312010613005632997e+01
2.063302520119459160e+01,2.348952219232607419e+01
1.674240295205944307e+01,3.567503596211059858e+01
4.233166446794216853e+01,5.580451136630191655e+00
2.168934487487515383e+01,2.125725249966150088e+01
2.498254929545002767e+01,1.602236031129044491e+01
2.660702223799492572e+01,1.412561791488518104e+01
3.658283265360216063e+01,7.472145830020489932e+00
7.065517387064483046e+01,2.003143495150986997e+00
3.753586522524176416e+01,7.097528381363812144e+00
1.645327284490049280e+01,3.693987322536622742e+01
2.173557827801349518e+01,2.116691674986660843e+01
1.836047889919771947e+01,2.966415559460841322e+01
2.476175299832504706e+01,1.630937151448466338e+01
1.168403802882667897e+01,7.325108743966636382e+01
2.173716821123674947e+01,2.116382041707276684e+01
1.647525585587720443e+01,3.684136090059575963e+01
2.610123697983475921e+01,1.467836965122807236e+01
2.478482064783537808e+01,1.627902682935988921e+01
2.575196245885474866e+01,1.507923602125463880e+01
3.972593650036669999e+01,6.336533158848832947e+00
2.284467854215944982e+01,1.916151738096195700e+01
6.400537972725705060e+01,2.440995861128427258e+00
1.116238373204508605e+01,8.025758796040067011e+01
2.277389392154641712e+01,1.928081613561263197e+01
2.101044682020567578e+01,2.265319289506364342e+01
2.514994524623613614e+01,1.580978311744281051e+01
5.993189889476137466e+01,2.784094187496857664e+00
2.723591007802955488e+01,1.348081710730174443e+01
1.360074147374140274e+01,5.405984908415852885e+01
1.600983752882988398e+01,3.901450945595326658e+01
1.348072453991829356e+01,5.502670789135500229e+01
3.276788771001888279e+01,9.313289575947189647e+00
2.016640195939509894e+01,2.458912990178074409e+01
3.803193419307609702e+01,6.913582889940268927e+00
3.692352529471823175e+01,7.334891302345005748e+00
1.581886284040199087e+01,3.996220828894949761e+01
1.678397970554455654e+01,3.549850869400886921e+01
2.473451680756391369e+01,1.634530912535257485e+01
6.603166781032345511e+01,2.293482689648150163e+00
2.728108843464307753e+01,1.343620474747359772e+01
1.045545510076584605e+01,9.147746420818657498e+01
4.441264628340591969e+01,5.069751800177700218e+00
5.462365568810500349e+01,3.351494230705836852e+00
7.477867548325417602e+01,1.788316827335026948e+00
2.593293603621690124e+01,1.486950880125865737e+01
3.555472432000411942e+01,7.910526118144342256e+00
1.969553746955146423e+01,2.577889671887717782e+01
5.835064794852940651e+01,2.937031700343308849e+00
6.518077298720486112e+01,2.353753544206897974e+00
1.933619961810237697e+01,2.674593336320426928e+01
3.841331484259400497e+01,6.776983501081937256e+00
5.054654011122626400e+01,3.913966756651858336e+00
2.509723964885656500e+01,1.587625568779135499e+01
2.493715377814740819e+01,1.608074751682245207e+01
1.103841828631870214e+01,8.207035384547099000e+01
1.200616134542095104e+01,6.937318746070280895e+01
1.996919518969206919e+01,2.507719031743556926e+01
1.117830044736862050e+01,8.002919407914124861e+01
2.618282018476949702e+01,1.458703932324225327e+01
1.178643588142743504e+01,7.198383893233504693e+01
2.612189515872631063e+01,1.465516241591583046e+01
3.033186915493280367e+01,1.086930191526344558e+01
4.624423371231836200e+01,4.676111145051922158e+00
1.709316323927522063e+01,3.422591911831462852e+01
2.348516801455090075e+01,1.813062005767353924e+01
1.395004391995289517e+01,5.138647773087686943e+01
1.782714748773193847e+01,3.146561938108231971e+01
4.784854559112379491e+01,4.367797718232435678e+00
3.881095092724457629e+01,6.638828236948761230e+00
1.118793471279554197e+01,7.989142235591066310e+01
2.722184495619205080e+01,1.349475138101083260e+01
1.768543436584047157e+01,3.197190680129507001e+01
1.100126140654047546e+01,8.262567709092219559e+01
1.721638355168848022e+01,3.373775197232808409e+01
2.065079206466746697e+01,2.344912126185850099e+01
1.042658234644245319e+01,9.198479503022632287e+01
1.480705881506091259e+01,4.561024415971265000e+01
1.114340445458763895e+01,8.053120778783716105e+01
2.974958830065361681e+01,1.129894982378665524e+01
1.799886340689065634e+01,3.086809568166004070e+01
3.351204310980714496e+01,8.904267283543671141e+00
1.369858964980674543e+01,5.329031500541911726e+01
5.784968668435676165e+01,2.988119610411675175e+00
1.509669259990217149e+01,4.387694444132666405e+01
4.729634423327598824e+01,4.470384240741037907e+00
2.074273757658652073e+01,2.324169801787162726e+01
2.870675643918804099e+01,1.213477563416746108e+01
1.537529396811277671e+01,4.230124444834365249e+01
1.461312324264607554e+01,4.682889455959672631e+01
5.621852234254664893e+01,3.164034040938448200e+00
1.164703502555320114e+01,7.371726890323361658e+01
2.521953010791162697e+01,1.572265985560486179e+01
3.094392268089369580e+01,1.044357681728328480e+01
4.809202431967736402e+01,4.323683384931293006e+00
8.532659719158927203e+01,1.373507854181580834e+00
1.167352454287285468e+01,7.338309060173621390e+01
4.623815895789859098e+01,4.677339917714435025e+00
9.203629435772256784e+01,1.180542838938924088e+00
1.681534507236232656e+01,3.536620271788547853e+01
1.096239437497424873e+01,8.321261233609747876e+01
2.636105538650381774e+01,1.439045125679261616e+01
2.522933050438764369e+01,1.571044721506546793e+01
5.705468456463910343e+01,3.071972917939294945e+00
2.045533822647766087e+01,2.389938195998835369e+01
1.291684148702291601e+01,5.993594262190448063e+01
1.457442712382968608e+01,4.707789262636806882e+01
3.045408995056306267e+01,1.078223387286483792e+01
2.236540025672998055e+01,1.999155841876969575e+01
2.631742077168518534e+01,1.443820991477278959e+01
9.983036453917415542e+01,1.003401361640724465e+00
1.073218184830536082e+01,8.682083419469344676e+01
2.711122001816353944e+01,1.360510434689077641e+01
9.892377602161593586e+01,1.021877011118919931e+00
1.085330849527389674e+01,8.489374741059434371e+01
6.667719661313468293e+01,2.249289396976605904e+00
2.493434384042006258e+01,1.608437211151790791e+01
1.339525863697072694e+01,5.573112284999744759e+01
1.460807514450494793e+01,4.686126538175540190e+01
2.100906067445502501e+01,2.265618223984582613e+01
2.624938354631366266e+01,1.451315329965642853e+01
2.106348216224953163e+01,2.253926042100908589e+01
1.195834106626583804e+01,6.992913050450735568e+01
1.231994340244060204e+01,6.588439687202208006e+01
1.058825242538280520e+01,8.919724223010473452e+01
1.062838682039418359e+01,8.852486958597836519e+01
2.329300376854098076e+01,1.843100454013024603e+01
1.031044930203249343e+01,9.406862972431839864e+01
2.268071293715772185e+01,1.943956740600742350e+01
3.030203481573721191e+01,1.089071553179583240e+01
6.097617005265983181e+01,2.689550571946091040e+00
5.035285539951207312e+01,3.944135195129184535e+00
1.608530518533153852e+01,3.864927838593980169e+01
2.476611051658401763e+01,1.630363285544159524e+01
5.317293052499334038e+01,3.536867639039098066e+00
1.133815227306822138e+01,7.778850578326874654e+01
6.989818667460043855e+01,2.046765940788665805e+00
1.187153448241363307e+01,7.095553572300003964e+01
2.449216677800028208e+01,1.667038323188162963e+01
7.345602307701881273e+01,1.853297655241893382e+00
7.728699886225842874e+01,1.674122036246230572e+00
2.908152112116789212e+01,1.182403652278833839e+01
8.157610416778368290e+01,1.502706200034765738e+00
2.603912160572183865e+01,1.474848260758175478e+01
3.268331309834881893e+01,9.361551939738678385e+00
1.566220367314069151e+01,4.076564004810484931e+01
4.004859955796535331e+01,6.234840272079963164e+00
1.897560396688237105e+01,2.777210409830020765e+01
3.522202700384802654e+01,8.060673097435532952e+00
2.928212485538117704e+01,1.166258504894894443e+01
1.035730688651401010e+01,9.321940162596460766e+01
2.413256923844815205e+01,1.717089285295774559e+01
7.066228513477717854e+01,2.002740333388575156e+00
1.571881157653162298e+01,4.047255145962883205e+01
1.463368760207821495e+01,4.669737206146993458e+01
1.841746737711501325e+01,2.948086224674379707e+01
5.947635174834805838e+01,2.826905934227871953e+00
2.141555332419045143e+01,2.180426241244944308e+01
6.640116977596127867e+01,2.268028665978744751e+00
1.633482397058898172e+01,3.747754053210461933e+01
1.044228292849704154e+01,9.170839395943067984e+01
3.515032069749731392e+01,8.093594029096626841e+00
5.165152366711246401e+01,3.748294670514054072e+00
2.553052117716174152e+01,1.534195268139516521e+01
1.184862008910481990e+01,7.123024707867098471e+01
1.401150653635858490e+01,5.093664456171027410e+01
2.972437490138690563e+01,1.131812639247975660e+01
1.462037818660108002e+01,4.678243109499990027e+01
2.170153039357058233e+01,2.123338709297869187e+01
1.716312082076203893e+01,3.394747526292156437e+01
1.185935534759961385e+01,7.110134816381496137e+01
2.587804972408384785e+01,1.493265096245680645e+01
4.823466323337789419e+01,4.298149315710200646e+00
1.469961546425365384e+01,4.627943541309424091e+01
1.074730165553285133e+01,8.657671880192947356e+01
2.035699707058754271e+01,2.413084731505411540e+01
6.866142407413241244e+01,2.121164678393497649e+00
1.143490241583490707e+01,7.647774509575373258e+01
1.370617124049110203e+01,5.323137606396181098e+01
4.664143568484774249e+01,4.596806045099363303e+00
2.566029251062823491e+01,1.518716790878355916e+01
3.565375787709787403e+01,7.866641850582994699e+00
1.418797496870413077e+01,4.967743603405941855e+01
9.040506493739107441e+01,1.223529584931963399e+00
7.165146321705800858e+01,1.947824717421360319e+00
1.141173788438711156e+01,7.678854248583745346e+01
1.515834969197057802e+01,4.352072851299585210e+01
2.638835912955234875e+01,1.436068738173851500e+01
9.110650669495882426e+01,1.204761860457579159e+00
5.797255703193496856e+01,2.975466650694028825e+00
1.034652282311729898e+01,9.341382594651288684e+01
2.446812145232447833e+01,1.670316398735890573e+01
6.913447309265752949e+01,2.092236072515313960e+00
3.001409073606079048e+01,1.110068087790213553e+01
3.513325600218597344e+01,8.101458273626644058e+00
1.676017038938605452e+01,3.559943792498643944e+01
8.853783087254770123e+01,1.275681461776949632e+00
1.192275099682780848e+01,7.034723823614611149e+01
6.721036335597811728e+01,2.213744592633891006e+00
2.547626532669015731e+01,1.540736863115203548e+01
1.916725874078657554e+01,2.721949033175907928e+01
1.416643914982597430e+01,4.982859010206345118e+01
1.384164462693152764e+01,5.219448421183442832e+01
1.786928652124012729e+01,3.131739103467529617e+01
2.120366354394536046e+01,2.224222303788141630e+01
7.502402485385492525e+01,1.776639368774571626e+00
2.457971572494880164e+01,1.655184033999704951e+01
1.001579913881721140e+01,9.968476448766045905e+01
8.572450079643728316e+01,1.360786745654702923e+00
6.029515610218859933e+01,2.750648854460060022e+00
2.245830051363033775e+01,1.982650767035949002e+01
2.059553799921350148e+01,2.357510945305324057e+01
5.589413265830742006e+01,3.200866471353474019e+00
9.863190370065922252e+01,1.027933852909949319e+00
4.966342495033794080e+01,4.054400687016737059e+00
1.538933441625536602e+01,4.222409263944797431e+01
1.099974240522442948e+01,8.264849893049243690e+01
3.653462942468985375e+01,7.491876106231988963e+00
1.117150705347235373e+01,8.012655518517696862e+01
1.572333723599802013e+01,4.044925632544212135e+01
3.044194938332472589e+01,1.079083572265397528e+01
6.757815960487801021e+01,2.189713417813035523e+00
1.080937576880210571e+01,8.558521989335102376e+01
6.133877393179603388e+01,2.657846028784704107e+00
1.797549260286179162e+01,3.094841405760209696e+01
7.392439035124306201e+01,1.829887947816230875e+00
1.540821582144714341e+01,4.212067226535378239e+01
1.461996526696493248e+01,4.678507373564490734e+01
1.304886310630821988e+01,5.872927639656202103e+01
6.742380888714245657e+01,2.199750545940999391e+00
5.434400785009799506e+01,3.386075764572734403e+00
1.656586124613594180e+01,3.643946240267965209e+01
4.640838096250903533e+01,4.643090672691177367e+00
6.628909538201992291e+01,2.275704221464223576e+00
1.057940452921859276e+01,8.934650166246542824e+01
1.208045152208908135e+01,6.852257363152226333e+01
1.535353067742101629e+01,4.242125160163163144e+01
3.450899084239195957e+01,8.397219033128797250e+00
8.116700393992974227e+01,1.517892339176338368e+00
3.299215380100043404e+01,9.187104654366139656e+00
4.755279573965221118e+01,4.422296829821490860e+00
2.981495231924557388e+01,1.124946222481592351e+01
1.629110016317403975e+01,3.767898300746968232e+01
3.856297445480737451e+01,6.724483783608184773e+00
7.090487051080800995e+01,1.989059907097986413e+00
1.057948889431131612e+01,8.934507669838292543e+01
1.532701183844111270e+01,4.256817333157093941e+01
6.685583943768753556e+01,2.237284983550067441e+00
2.764927516722184464e+01,1.308074557904739876e+01
1.776431708856059899e+01,3.168859374313705146e+01
1.569860476545838956e+01,4.057680881901453773e+01
1.946989097755310638e+01,2.637988880771225197e+01
7.665441792613056293e+01,1.701867009562272770e+00
2.843583527962956481e+01,1.236710421041779995e+01
1.225574863044159279e+01,6.657640038902452773e+01
6.398608575170717927e+01,2.442468169193751315e+00
3.249308302381698610e+01,9.471486826047300411e+00
2.547066987027927354e+01,1.541413882836842930e+01
8.979651125612572571e+01,1.240169573609805953e+00
7.830291748340634683e+01,1.630963014367962538e+00
1.312255978715743332e+01,5.807147802601394204e+01
5.431442492027196778e+01,3.389765293504170440e+00
4.878485463411143996e+01,4.201747685428321333e+00
1.912516239585761113e+01,2.733944770351118336e+01
1.440590333426447778e+01,4.818579264921363858e+01
2.427645782589130263e+01,1.696794944775737690e+01
2.500572261183826939e+01,1.599267757114800226e+01
2.473337412982633765e+01,1.634681946132211294e+01
1.137883359917673332e+01,7.723328496002764609e+01
2.582503025692898291e+01,1.499402815362267738e+01
3.544666972609800126e+01,7.958828061309094259e+00
3.730544658912617706e+01,7.185475505765779758e+00
1.803417717461409353e+01,3.074732482674294687e+01
1.071684863769775475e+01,8.706945102659024371e+01
1.109717264688333849e+01,8.120360585192761960e+01
1.124624737299261668e+01,7.906508386285379686e+01
2.876188271615298575e+01,1.208830413266318793e+01
1.063050733875341258e+01,8.848955614652385293e+01
3.770886276773305212e+01,7.032554878953240163e+00
4.877435349374215434e+01,4.203557156551823937e+00
8.614309470920693457e+01,1.347593974156920948e+00
1.362823449104659979e+01,5.384195303896655105e+01
8.313445366373171908e+01,1.446897965118024043e+00
1.038819017833158043e+01,9.266595727673417571e+01
1.502289772933231049e+01,4.430906426522656716e+01
1.682552588216450218e+01,3.532341681578913040e+01
1.204664678493631058e+01,6.890768289908051258e+01
1.695443727400234124e+01,3.478830269038529366e+01
4.721525118044814917e+01,4.485753360302433990e+00
7.847811280536329548e+01,1.623689186314927424e+00
1.400594460170214717e+01,5.097710774344525930e+01
8.946125556360492226e+01,1.249482051109459091e+00
1.267136164248317520e+01,6.228069182719242036e+01
3.047899007779179570e+01,1.076462375348694955e+01
3.912029125840447108e+01,6.534251420141487188e+00
6.064853685385359938e+01,2.718687835854744161e+00
3.287364761609162400e+01,9.253461215360983871e+00
7.609918344041858518e+01,1.726791914847461529e+00
3.265803613388095528e+01,9.376049026453985746e+00
4.418270013528547224e+01,5.122659543873870014e+00
3.826814627092669951e+01,6.828497416553710231e+00
3.415781379831002340e+01,8.570770506591470550e+00
1.051693566125855028e+01,9.041106100171151638e+01
7.888844414114028325e+01,1.606842160417004450e+00
1.456510420884636581e+01,4.713817968673963321e+01
1.197759980732709195e+01,6.970443368314919041e+01
2.639932682002497089e+01,1.434875746719549205e+01
1.006408779141575316e+01,9.873046145404047991e+01
2.200363262219814686e+01,2.065433560730140528e+01
1.002224278998367701e+01,9.955662403587678000e+01
4.869990405378290887e+01,4.216419263512660720e+00
2.468197166297933265e+01,1.641497785832838119e+01
7.925056429327611340e+01,1.592191398958809900e+00
1.537078659560405569e+01,4.232605715666615254e+01
3.955311044782983032e+01,6.392028695951844419e+00
3.085174817454864993e+01,1.050607373250470999e+01
1.334948006687375788e+01,5.611400901423007070e+01
3.610298228920002828e+01,7.672092730208661671e+00
1.349776607978442122e+01,5.488784819246480851e+01
1.903012168138370086e+01,2.761320833267164687e+01
2.101142142463624296e+01,2.265109142941983222e+01
3.728204050596649211e+01,7.194500582118694254e+00
8.042801541810716515e+01,1.545913874557715673e+00
1.154113970698326419e+01,7.507625547666036425e+01
1.625357223545108099e+01,3.785317813719152014e+01
2.422483546628023277e+01,1.704034282886934548e+01
1.843771013136088044e+01,2.941616372981433969e+01
2.560582081009638244e+01,1.525185248203922406e+01
1.336398583575638987e+01,5.599225864792224172e+01
8.811408629985500340e+01,1.287980582489450798e+00
8.792142647339346695e+01,1.293631400475486082e+00
9.045947871396695916e+01,1.222058056629143463e+00
4.956893941077041887e+01,4.069871961813380956e+00
1.248802274472807916e+01,6.412282359652785146e+01
5.689142182273005943e+01,3.089629652283196304e+00
7.893476455245706802e+01,1.604956863061175909e+00
1.086979230869332191e+01,8.463646344539533573e+01
1.066950558787171843e+01,8.784385969080926770e+01
2.251098634469641624e+01,1.973381038655804076e+01
5.071447460416887054e+01,3.888088473897498343e+00
6.606105142341371561e+01,2.291442884982946016e+00
3.683607438977097104e+01,7.369759528853578878e+00
3.966709768514675716e+01,6.355345254551228784e+00
1.528433333943952732e+01,4.280623176113623174e+01
1.285336532581788838e+01,6.052938997244961428e+01
1.159274217414244568e+01,7.440937311775837770e+01
1.713415725972858539e+01,3.406234181754918211e+01
1.866464662569271482e+01,2.870519200539177973e+01
3.317136570640512616e+01,9.088104148127193582e+00
7.229370041538483349e+01,1.913370570881866017e+00
5.661360131960895359e+01,3.120027598000704394e+00
1.090425138315193188e+01,8.410238076272428032e+01
3.000869641072441496e+01,1.110467212532782355e+01
3.081205321038490652e+01,1.053316097990449940e+01
1.237284812889135743e+01,6.532217482340931269e+01
1.429440953939542069e+01,4.894040497562015446e+01
3.215024198675386202e+01,9.674566358236486252e+00
3.713306337197278140e+01,7.252344779845976142e+00
7.344780821400510717e+01,1.853712247266849023e+00
1.678601214883346060e+01,3.548991292543034604e+01
2.035407717777526670e+01,2.413777118990184434e+01
1.814378771709465710e+01,3.037694452250596555e+01
2.053536628222371263e+01,2.371346910869783287e+01
1.414485400750334954e+01,4.998078366479435886e+01
1.038042823887580823e+01,9.280459056790444095e+01
8.170708489756049175e+01,1.497892228415563798e+00
3.363155747061856715e+01,8.841094654978800094e+00
1.086593477874346014e+01,8.469656791917604721e+01
8.274424527979920185e+01,1.460576813140864294e+00
1.800925099107218585e+01,3.083249703628321825e+01
3.869400193730999860e+01,6.679019352999530312e+00
1.020804932730321823e+01,9.596535628958464770e+01
1.473751184267671555e+01,4.604173340398557457e+01
1.081981256238040245e+01,8.542018848254569718e+01
1.173297895732246765e+01,7.264126799495431897e+01
1.448288744589375199e+01,4.767488881438780624e+01
5.060814124606993403e+01,3.904444254956156435e+00
3.384373770696405614e+01,8.730585280394548064e+00
9.546318434843905720e+01,1.097307041451061060e+00
1.609289861421615342e+01,3.861281369246852080e+01
2.733713717332960869e+01,1.338116531083562322e+01
4.202368299696926357e+01,5.662546436552355011e+00
1.256470682758384250e+01,6.334251175619954211e+01
5.429983760587582253e+01,3.391586816961243755e+00
2.190544864998796015e+01,2.083990308858777851e+01
1.707453924159812431e+01,3.430062345591274209e+01
5.732285208685216560e+01,3.043297568437572931e+00
2.495994514729112623e+01,1.605139369246559156e+01
6.240050893179796532e+01,2.568169810884480153e+00
1.056371932237525968e+01,8.961202533694444128e+01
9.997027421700741456e+01,1.000594780851608467e+00
3.579813981187484728e+01,7.803313951067161192e+00
2.370517261192066982e+01,1.779564591727355349e+01
1.954177652878128413e+01,2.618616589202390799e+01
1.552605309734998862e+01,4.148373639057935236e+01
4.294123085830806019e+01,5.423142576989701702e+00
1.442935137428939996e+01,4.802931376964078680e+01
1.980165479089693648e+01,2.550333818887119008e+01
1.149319663880712916e+01,7.570391259277522522e+01
1.794651380745569469e+01,3.104844148942179416e+01
7.222443191547723984e+01,1.917042454805103491e+00
1.771707657627203147e+01,3.185780689338920268e+01
1.184157758105028968e+01,7.131499740094731976e+01
2.795662770066527614e+01,1.279470962473528317e+01
1.197595536154677376e+01,6.972357754735050150e+01
8.264065316334546196e+01,1.464240846987147515e+00
5.036887458019700148e+01,3.941626829882736160e+00
1.010045288808752062e+01,9.802081415765266570e+01
5.721961164162283353e+01,3.054289423579729768e+00
2.970544532498294288e+01,1.133255577401039815e+01
8.966100020928084291e+01,1.243921119427880528e+00
2.176360081396652646e+01,2.111244333583363186e+01
5.713109726258439736e+01,3.063760901389679159e+00
3.264472607677453198e+01,9.383696276354498877e+00
6.221808076688376588e+01,2.583252029700421559e+00
1.473102156644580951e+01,4.608231299247866986e+01
5.519890115456905022e+01,3.282004221897658169e+00
1.135533635628313398e+01,7.755324851229077865e+01
1.802821294689918830e+01,3.076767231006470737e+01
3.357847483017333445e+01,8.869069695842618728e+00
2.773775445124394068e+01,1.299742743742590001e+01
1.790483721899753533e+01,3.119315088813436887e+01
3.520217692127354070e+01,8.069766292972806454e+00
1.028302928561775431e+01,9.457097242423975558e+01
2.844803507120267483e+01,1.235649934845532982e+01
1.021001942308779142e+01,9.592832546804918081e+01
1.130960281643931253e+01,7.818173314537624208e+01
3.338892569979990554e+01,8.970055054879702894e+00
6.880055350483922894e+01,2.112594455485262035e+00
5.142528433381554720e+01,3.781347557272556781e+00
3.839672320168480013e+01,6.782841582754945975e+00
1.158077186914872136e+01,7.456327705992300992e+01
2.946736856855456921e+01,1.151641455401543013e+01
1.088640336601141456e+01,8.437837480057346795e+01
1.691397778338264501e+01,3.495493415543909776e+01
6.230170851086825934e+01,2.576321672421267195e+00
7.422320784213356148e+01,1.815183602733162926e+00
1.128314695147507507e+01,7.854879213283649619e+01
1.718466731877587961e+01,3.386240051092875802e+01
7.434076415524226888e+01,1.809447380387548376e+00
1.621307973594382190e+01,3.804249242961242317e+01
1.043091656970260672e+01,9.190836841789017342e+01
2.262223212708028797e+01,1.954020390108825467e+01
5.861034575496964294e+01,2.911061852925215909e+00
5.272618659654261819e+01,3.597056632567056766e+00
7.803538451897344430e+01,1.642165222973591021e+00
6.664765971779564779e+01,2.251283517927298750e+00
1.133581851903637805e+01,7.782053839314731647e+01
1.812805382617354510e+01,3.042969755919044417e+01
2.087677378243221682e+01,2.294421636472662485e+01
1.509887349775029364e+01,4.386427008878474254e+01
4.081970644902309431e+01,6.001506013413972163e+00
8.413017909627137669e+01,1.412851031794401857e+00
5.601361474035218890e+01,3.187225562940708024e+00
1.978222003557468156e+01,2.555347357401475961e+01
2.017558463060304419e+01,2.456675211044113638e+01
1.083371657587939296e+01,8.520107229877336863e+01
1.035561506244465235e+01,9.324986311169327280e+01
7.348999606839957721e+01,1.851584564601862271e+00
1.255085351103565827e+01,6.348242067138149025e+01
1.087431296728392383e+01,8.456610809935230577e+01
6.519907674328251801e+01,2.352432160976526188e+00
3.004949025804016216e+01,1.107454217587248202e+01
1.102841896506603270e+01,8.221924551730116093e+01
1.230568810846597927e+01,6.603713037828889298e+01
1.855487339478184339e+01,2.904584458375124711e+01
1.550825755994508093e+01,4.157899518185413967e+01
6.181586625011722447e+01,2.616978055304221229e+00
9.554565180492257070e+01,1.095413641465665222e+00
6.702057041199623200e+01,2.226300379864028400e+00
3.080196001509447257e+01,1.054006512945356988e+01
1.809572008638246388e+01,3.053853931271012101e+01
1.118994370352003642e+01,7.986273825831072770e+01
1.247289453730273401e+01,6.427846536221895235e+01
5.186201207879325636e+01,3.717930575926765346e+00
1.009990259250643696e+01,9.803149582311816346e+01
6.191443784546356000e+01,2.608651908221024218e+00
5.434297553355890642e+01,3.386204411750437515e+00
5.055968607110796142e+01,3.911931690184327515e+00
1.014655707663589190e+01,9.713205890746662874e+01
1.774766766242385785e+01,3.174807698175863990e+01
1.480665774965984482e+01,4.561271506691149114e+01
4.127753648384808827e+01,5.869112850320875374e+00
1.109976036978752845e+01,8.116574774880814402e+01
3.720049667372984459e+01,7.226075974433982196e+00
3.109693741688523616e+01,1.034105292313582858e+01
1.375328142350931415e+01,5.286732550562211230e+01
1.864562982510014777e+01,2.876377509335704730e+01
1.802913962888439059e+01,3.076450952853423360e+01
8.713229038114997138e+01,1.317169724215052184e+00
1.839706527191062335e+01,2.954628628653327738e+01
8.484187847046301556e+01,1.389246939812022630e+00
3.825850225442699326e+01,6.831940439043758140e+00
3.373912333020417265e+01,8.784810799287896543e+00
5.302865388844575278e+01,3.556139542299589618e+00
6.331858952917033889e+01,2.494235957906977053e+00
3.785854221768302352e+01,6.977056277003531370e+00
1.090365322146825910e+01,8.411160853263639581e+01
1.853547575026471605e+01,2.910667019078097795e+01
8.271430207848865734e+01,1.461634484197204209e+00
1.378878669517858668e+01,5.259541585496788230e+01
1.676011679064437843e+01,3.559966561888047210e+01
5.312070859670740930e+01,3.543825107851829248e+00
3.384074210772882907e+01,8.732131020263892651e+00
4.318100901519918722e+01,5.363081877786100016e+00
8.854932454711176604e+01,1.275350317162009084e+00
4.778642655373962356e+01,4.379160766700867846e+00
3.402850736101797935e+01,8.636031168336334218e+00
4.248952952613139189e+01,5.539061095239746990e+00
1.617224756996318646e+01,3.823483654747724358e+01
3.705813526353510667e+01,7.281701563662519305e+00
6.070190902745886063e+01,2.713909123261878165e+00
1.357442478379139850e+01,5.426966355196100977e+01
1.172340072713797987e+01,7.276001494086774812e+01
2.256552386568118962e+01,1.963853827529153406e+01
1.180638038311670002e+01,7.174083996008070585e+01
2.287991069166513469e+01,1.910255022247298839e+01
1.209370283115650757e+01,6.837249282506813586e+01
5.648626970849403506e+01,3.134109813588406013e+00
1.770802729137692566e+01,3.189037562937403081e+01
1.037366193167043882e+01,9.292569518167638876e+01
1.904926034716053351e+01,2.755775059042683495e+01
9.202959657285560979e+01,1.180714681693578516e+00
1.312508570409842257e+01,5.804912851625358172e+01
1.119240463077570524e+01,7.982762251882854798e+01
2.984535984033607292e+01,1.122655119234774723e+01
1.814893039508536177e+01,3.035973174935105234e+01
2.620484814292280262e+01,1.456252571895683978e+01
1.978302544153955012e+01,2.555139295180097747e+01
4.150703200492347378e+01,5.804390734868595025e+00
2.245147393803631886e+01,1.983856636463670498e+01
1.089808590381180942e+01,8.419756778410372533e+01
1.685823902421279641e+01,3.518646077940717731e+01
5.197039562207321239e+01,3.702439360271681412e+00
5.609192280079638238e+01,3.178332616483515061e+00
1.773838680584636407e+01,3.178130733507947525e+01
1.063665556789124977e+01,8.838728775469661514e+01
1.038526706640709207e+01,9.271812947103661884e+01
2.055485349782720306e+01,2.366852688308393482e+01
1.499999292396888961e+01,4.444448637651032641e+01
1.093224342294234930e+01,8.367224339135742639e+01
7.737347903186258691e+01,1.670381802506838209e+00
1.087015902676861145e+01,8.463075291303792369e+01
1.136792306362812077e+01,7.738160772268435039e+01
1.875115379331283094e+01,2.844094407316685746e+01
1.929772302257963190e+01,2.685269397762177235e+01
3.669347439769172325e+01,7.427152280626955871e+00
1.108640694047443631e+01,8.136139162460872853e+01
1.019678182397414723e+01,9.617755802264204590e+01
1.168194469329932694e+01,7.327734211669350373e+01
1.971763641360320563e+01,2.572114464955952329e+01
1.862158695080060511e+01,2.883809854171814280e+01
1.923500835511896412e+01,2.702808284464107658e+01
1.030415213515134454e+01,9.418364100479652734e+01
1.014913944109050981e+01,9.708263630037235714e+01
4.228274459275009178e+01,5.593371437773070554e+00
3.923156236537005270e+01,6.497238247148333201e+00
1.670987717602064748e+01,3.581405404540298321e+01
1.288810506576563952e+01,6.020351720018862807e+01
1.327957774232394428e+01,5.670632054139101541e+01
9.666866516503340279e+01,1.070110330245109154e+00
1.583223527160305899e+01,3.989472998417868865e+01
4.669609155577109050e+01,4.586051594566957768e+00
1.216972361604259412e+01,6.752095397931068987e+01
1.076100806935791354e+01,8.635631182903495073e+01
4.115799547682225779e+01,5.903255355565111273e+00
1.002304631848176086e+01,9.954066214655546219e+01
3.784559073437544185e+01,6.981832457697999317e+00
3.016737530666316758e+01,1.098815931135631807e+01
8.257001234801776945e+01,1.466747311745393079e+00
1.633141046920053086e+01,3.749320886723795354e+01
3.051112683417050775e+01,1.074195937225431763e+01
1.760235483524473921e+01,3.227442080260603063e+01
1.191262454429231887e+01,7.046688789761508076e+01
4.653309939443216336e+01,4.618235119584148229e+00
1.184991502604264291e+01,7.121468010827616979e+01
1.129115708059925538e+01,7.843738410163101094e+01
3.630706043421634632e+01,7.586087082879982901e+00
1.224300359188765164e+01,6.671508538407296385e+01
1.921891286904351759e+01,2.707337284610000694e+01
3.394107468107797132e+01,8.680581548272154890e+00
1.955478692547545450e+01,2.615133257259951804e+01
2.899652721107099751e+01,1.189345476471796559e+01
4.428194262864906960e+01,5.099723972783142045e+00
1.837581022282590837e+01,2.961467739001992072e+01
1.145221595942745019e+01,7.624668066496408869e+01
2.125850480894469996e+01,2.212761306973929365e+01
2.153161674739587994e+01,2.156982978998644285e+01
7.829981202111737559e+01,1.631092388741792965e+00
1.815760631696985428e+01,3.033072619333488262e+01
1.411885641979370654e+01,5.016501616453795265e+01
5.062149749308588298e+01,3.902384187794481818e+00
8.718589742178839685e+01,1.315550474644808121e+00
1.803300408003147481e+01,3.075132534637161896e+01
1.178325872038019817e+01,7.202266267162067948e+01
3.761067731751800380e+01,7.069320814043473789e+00
1.144561702446678808e+01,7.633462558387694230e+01
1.049732486603210369e+01,9.074918314047862111e+01
4.312531087942716113e+01,5.376944111219803091e+00
2.903325093913854715e+01,1.186338608475718459e+01
1.200513436328385630e+01,6.938505706074157331e+01
1.272694469629738911e+01,6.173787628358901713e+01
1.256754116819150546e+01,6.331394387552970926e+01
6.791862076133401160e+01,2.167815334218860190e+00
2.056605218776961053e+01,2.364275778293291452e+01
4.225192654728713393e+01,5.601533888772203262e+00
3.302475307448971620e+01,9.168976123967098601e+00
2.316586098455519505e+01,1.863387201546377270e+01
1.762170989308273050e+01,3.220356159249752892e+01
6.021669011616438638e+01,2.757822048319376940e+00
1.816155647536039908e+01,3.031753369596320624e+01
7.203164766134608499e+01,1.927317665068074115e+00
2.687457348203992424e+01,1.384576126860634737e+01
5.865971973090741898e+01,2.906163424860284117e+00
1.024104495783041280e+01,9.534797076321237341e+01
2.117919289592056131e+01,2.229365049766158791e+01
2.263463627010430912e+01,1.951879308033572258e+01
1.840715034549239348e+01,2.951391899049081147e+01
1.208960181218269270e+01,6.841888714849639541e+01
4.233451935874951744e+01,5.579698510087721885e+00
3.375435722364009195e+01,8.776883131072697353e+00
2.104709193619247998e+01,2.257437856627650774e+01
2.970429026605160416e+01,1.133343712981078610e+01
1.024294173657292184e+01,9.531266112979946570e+01
2.324262492691007154e+01,1.851099025327998504e+01
2.154153074413489932e+01,2.154998031721563834e+01
4.170494717946841945e+01,5.749430771487383574e+00
6.828425293978736477e+01,2.144662090681829891e+00
9.935582328162134047e+01,1.013009101377398080e+00
1.067913725978605299e+01,8.768547579365304045e+01
1.990305187861302727e+01,2.524414406392448029e+01
1.829556663811798600e+01,2.987502453197125618e+01
1.826869261199854577e+01,2.996298405145297750e+01
1.095639708843635418e+01,8.330373471147035502e+01
4.048204370035500688e+01,6.102041279769363058e+00
1.089943604352911954e+01,8.417670956004572247e+01
6.231138998687691810e+01,2.575521155572880971e+00
1.844823300697418844e+01,2.938261532978659574e+01
4.263659153129005830e+01,5.500916366999093476e+00
1.732357082899517309e+01,3.332154791644281033e+01
2.164945529777118693e+01,2.133565853594933159e+01
4.329544333022238334e+01,5.334768988919249999e+00
1.161679703472622727e+01,7.410153371693587587e+01
3.194851426578887654e+01,9.797125400791593108e+00
1.034609429408387804e+01,9.342156439629377473e+01
1.944754865223412921e+01,2.644053672046857173e+01
5.262094464296300345e+01,3.611459256131396067e+00
1.895995983994138001e+01,2.781795330572031943e+01
1.627265295008774260e+01,3.776445969143564696e+01
1.270934707074248848e+01,6.190896173385503687e+01
6.214586567941143613e+01,2.589259127905688462e+00
8.525513975889727192e+01,1.375811257281977840e+00
1.187167534105729239e+01,7.095385194359386105e+01
1.969754964631311722e+01,2.577363017066094741e+01
2.905670045453714323e+01,1.184424568706814007e+01
1.187022477917392926e+01,7.097119436864528552e+01
1.178697032702648073e+01,7.197731128822211133e+01
1.047786770064562489e+01,9.108653447349833243e+01
1.252871810056954871e+01,6.370693698202716604e+01
1.852386139177133018e+01,2.914318107524437806e+01
7.446326295776552229e+01,1.803498868137219713e+00
1.928814681224667282e+01,2.687936433454414598e+01
3.323993309457355139e+01,9.050648907278045385e+00
7.687747877123477735e+01,1.692005365714650766e+00
1.941320188744311181e+01,2.653417920864813695e+01
1.825749806590489399e+01,2.999973879588739223e+01
1.792754090946882783e+01,3.111419402403813805e+01
6.472749151970651837e+01,2.386835271565751704e+00
4.958604432003637896e+01,4.067064608065703801e+00
2.077309867677811184e+01,2.317380946032422528e+01
1.255389809879807927e+01,6.345163272606096427e+01
1.475793000043195846e+01,4.591442055555621238e+01
1.030252805198649924e+01,9.421333742909222053e+01
1.968295888230763779e+01,2.581185575870447835e+01
7.293315804401211722e+01,1.879965856159202309e+00
1.860451243328416382e+01,2.889105586290031980e+01
7.605542765030736518e+01,1.728779383236953349e+00
1.884397402234690588e+01,2.816144960540979625e+01
1.642763580443019933e+01,3.705526024817995534e+01
2.673192251905338779e+01,1.399392727661615687e+01
1.326015649254392770e+01,5.687254997030582615e+01
2.922251301163431236e+01,1.171021526509984056e+01
1.464917881194982208e+01,4.659866123125158310e+01
1.169854263454430665e+01,7.306955722509245277e+01
1.123543424358368803e+01,7.921734364528957428e+01
4.439088855547632306e+01,5.074722789345151419e+00
1.792300593207509607e+01,3.112994138452895143e+01
1.232516096201747224e+01,6.582862753861222416e+01
3.917201374909728884e+01,6.517007239889164083e+00
5.393157590763819087e+01,3.438062587511743651e+00
1.084966265539687136e+01,8.495081112252780997e+01
7.166467274029487555e+01,1.947106721690172293e+00
4.344477496120737925e+01,5.298157884238232640e+00
1.052590893473331235e+01,9.025697694615894306e+01
1.130030222137717999e+01,7.831047941394110978e+01
3.330245456597686626e+01,9.016697733032165374e+00
5.885971652708759194e+01,2.886447532499928581e+00
2.340714007665820873e+01,1.825169874059150033e+01
4.103846298760362998e+01,5.937694191673737798e+00
3.048976001505519307e+01,1.075702029274362204e+01
3.113358519255063683e+01,1.031672205754322391e+01
1.034229763381559586e+01,9.349016714931667593e+01
4.019569212079082376e+01,6.189292076954716393e+00
5.081739883863395590e+01,3.872354757364761202e+00
1.141957969166216458e+01,7.668311755499517801e+01
4.889691637899535692e+01,4.182510659453105184e+00
9.572083760085128290e+01,1.091407715286571989e+00
1.162974290698451085e+01,7.393665044123949315e+01
1.572666975111154031e+01,4.043211557305130555e+01
5.682996856747360681e+01,3.096315225459207454e+00
7.651030844418042420e+01,1.708284083309828727e+00
2.790430945925141870e+01,1.284273261840981384e+01
2.160117964871650287e+01,2.143112959135370232e+01
4.476428470607588395e+01,4.990415444909256593e+00
1.840535385191581597e+01,2.951968080892188340e+01
1.466765697022315607e+01,4.648132619078781858e+01
1.885739226563522308e+01,2.812138651132784872e+01
1.977660216930681969e+01,2.556799339756176792e+01
1.067785635395981103e+01,8.770651439350112355e+01
2.731538565967974108e+01,1.340248490637527823e+01
2.115309812022748659e+01,2.234868798031988746e+01
1.121033364943288291e+01,7.957248534393134776e+01
1.169092706123211300e+01,7.316478454293388722e+01
1.556220227238625853e+01,4.129123649618827585e+01
1.014933606665411858e+01,9.707887472561583309e+01
1.037082189206241623e+01,9.297659737511477829e+01
6.958462102842773334e+01,2.065253977958120046e+00
5.296917192386741391e+01,3.564130791765005135e+00
8.388055597382641793e+01,1.421272651295928391e+00
1.083190879868882739e+01,8.522951371401035203e+01
1.064765799735002894e+01,8.820471756690076859e+01
9.567898807978319553e+01,1.092362676873819494e+00
4.990460479796235660e+01,4.015307024884900322e+00
4.472596642177988002e+01,4.998970031305363548e+00
2.230354490978668736e+01,2.010259901997390841e+01
1.277572958417706417e+01,6.126727695860306966e+01
1.901088221035777792e+01,2.766912707873637700e+01
3.310484804205135845e+01,9.124662346001789714e+00
2.029946744691954308e+01,2.426781699018543748e+01
1.107525118645475892e+01,8.152537974170444102e+01
6.230529440593784329e+01,2.576025127692005867e+00
3.137806677615926887e+01,1.015658328675831079e+01
1.087555603437905027e+01,8.454677753117404393e+01
2.341632220428812872e+01,1.823738764871064078e+01
7.257552561857917794e+01,1.898539425949395731e+00
1.025301665720321331e+01,9.512543902058767742e+01
4.166958161700748065e+01,5.759194159094263021e+00
1.094042978597750881e+01,8.354707187560973125e+01
2.770731200191350396e+01,1.302600407397969207e+01
3.645662879622246066e+01,7.523968826174614044e+00
1.930392863864226172e+01,2.683543213131179428e+01
1.772069949589495153e+01,3.184478184599950978e+01
4.056142523165713243e+01,6.078180412640911356e+00
1.232378762511672399e+01,6.584329996292518672e+01
2.379017799552648071e+01,1.766870082878611825e+01
1.279158270748182069e+01,6.111550905832088176e+01
5.343533058934693969e+01,3.502216572770326053e+00
8.273745875826182328e+01,1.460816429940137828e+00
4.793197342516839399e+01,4.352606239428927992e+00
3.775173016252595204e+01,7.016592900743504835e+00
1.794654501713664274e+01,3.104833350082462218e+01
7.315609122892171001e+01,1.868525436543854168e+00
2.689472969046520134e+01,1.382501568195293196e+01
2.627527297506030379e+01,1.448456732540106806e+01
1.081372587035587962e+01,8.551637599663067135e+01
2.169376842222002111e+01,2.124858430757912942e+01
1.896830331334317066e+01,2.779348645659708339e+01
1.926387274170420127e+01,2.694714745155167890e+01
1.046064341809386100e+01,9.138674389719228941e+01
1.935557083147587676e+01,2.669242505527437714e+01
2.661555066562884164e+01,1.411656681459581542e+01
3.097433489644596705e+01,1.042307878972531299e+01
4.187158182582452071e+01,5.703760273431321082e+00
6.658235867275806186e+01,2.255701602848507292e+00
1.250936873312037889e+01,6.390417192082399112e+01
3.833062217839383834e+01,6.806255727129645550e+00
1.073243057938484135e+01,8.681680998239386327e+01
3.892573296018927209e+01,6.599733548415893658e+00
2.077487049221922177e+01,2.316985680391392677e+01
4.787410961352746597e+01,4.363134292941061254e+00
2.144806805253611159e+01,2.173820310259222666e+01
1.322834540802325520e+01,5.714640928725533797e+01
1.466402354984491296e+01,4.650436313154907708e+01
1.831938473398163580e+01,2.979739052468436000e+01
1.171028444300592142e+01,7.292309816847610193e+01
1.759915068511676495e+01,3.228617381332127678e+01
8.459329859896934067e+01,1.397423621076322675e+00
1.600617297795737315e+01,3.903237594048410841e+01
2.453331382909207292e+01,1.661451129451588216e+01
1.125029225943635502e+01,7.900824057611579576e+01
1.081447013764588228e+01,8.550460568325172517e+01
2.679353009586968426e+01,1.392964752123772776e+01
1.255807086778876425e+01,6.340947258541602594e+01
3.670331351479115511e+01,7.423170796715947262e+00
1.091679684518512161e+01,8.390919278217586452e+01
1.003952625829833600e+01,9.921413722963916371e+01
3.927202901039975558e+01,6.483855390146971764e+00
1.009714629949453268e+01,9.808502389899220475e+01
1.763322487600960287e+01,3.216151569498907747e+01
2.005548013840698474e+01,2.486187466030932924e+01
1.909576598830397032e+01,2.742368628805115094e+01
1.288645334658460229e+01,6.021895134242461012e+01
1.101445025294716373e+01,8.242792143239678637e+01
5.149450730281586175e+01,3.771188020581739853e+00
1.122414105456467759e+01,7.937683317610698452e+01
5.540678466221008591e+01,3.257422589025111836e+00
3.850625241780921471e+01,6.744309517149249089e+00
9.501747775682498798e+01,1.107625649575366023e+00
7.669030355756555650e+01,1.700274675705069072e+00
1.136372003046792756e+01,7.743885968053292856e+01
3.209993160539807633e+01,9.704916114551815909e+00
1.241882460148355527e+01,6.483940387534106264e+01
1.230162765969133432e+01,6.608073186674940303e+01
3.209533130875446716e+01,9.707698369214877943e+00
2.368431223989644607e+01,1.782700737471483166e+01
1.051279193440914383e+01,9.048234797803185359e+01
2.585384312431401810e+01,1.496062652668644510e+01
3.250426773073642295e+01,9.464969677045093732e+00
1.668154514260117338e+01,3.593581094991706948e+01
2.838383312212922860e+01,1.241246138443006508e+01
1.130199980637187451e+01,7.828695637143235331e+01
5.294251960662896295e+01,3.567720203669279222e+00
1.781886925266264754e+01,3.149486257228495845e+01
2.636438349580210883e+01,1.438681832740857480e+01
2.819456424731220068e+01,1.257966935603938197e+01
2.576614267026537419e+01,1.506264309010316715e+01
1.813621080680212927e+01,3.040233146409615728e+01
2.099942500235209764e+01,2.267697877392213357e+01
1.464220763569989536e+01,4.664304317401809641e+01
6.345458571371370482e+01,2.483556096862895579e+00
1.093164931998600231e+01,8.368133831866471439e+01
3.856794121152266541e+01,6.722751945019123099e+00
7.365923911081500819e+01,1.843085758362672077e+00
1.100057664691005677e+01,8.263596391330784741e+01
1.002884337712238505e+01,9.942561871486232405e+01
1.946990321753264297e+01,2.637985563967909641e+01
3.395853933654857570e+01,8.671655111230123225e+00
1.871429229408631656e+01,2.855309454225459120e+01
2.094895768886025067e+01,2.278637082426703131e+01
2.591766199940509807e+01,1.488704003909038143e+01
1.236983845938163640e+01,6.535396538807739830e+01
2.665952877798134324e+01,1.407003126568804241e+01
4.520833778361265587e+01,4.892861488652347823e+00
6.190067528013218379e+01,2.609812016191510153e+00
1.549812970666549461e+01,4.163335574854059473e+01
1.560924914757875293e+01,4.104270486464436374e+01
3.013064223674440356e+01,1.101496755914765302e+01
2.208674188789465020e+01,2.049918940452849014e+01
3.285900077864386759e+01,9.261712479613537496e+00
3.498743441145087729e+01,8.169129963230878033e+00
2.217819817137820948e+01,2.033047288874904623e+01
6.346815132257598435e+01,2.482494545537915265e+00
2.158468277461100371e+01,2.146390114105894753e+01
6.214436340724376606e+01,2.589384314446348423e+00
2.670085926759141515e+01,1.402650673306372653e+01
5.718353575824485091e+01,3.058144412420639391e+00
3.141023657747665254e+01,1.013578955937640025e+01
1.092365983878894831e+01,8.380379086343035056e+01
1.457505645294448193e+01,4.707382720830901945e+01
2.232422645930566674e+01,2.006536948214317206e+01
1.007168029663731623e+01,9.858166225155021323e+01
2.471868924459482386e+01,1.636624787600408126e+01
3.353687015981702757e+01,8.891088661851544117e+00
1.089451689885470564e+01,8.425274246714930371e+01
1.006049762058036556e+01,9.880093957201896160e+01
3.759474015552153503e+01,7.075315737322975806e+00
4.843538611471141309e+01,4.262598891358202025e+00
1.720161207931305825e+01,3.379571982379748363e+01
3.341190449318467870e+01,8.957721117873665762e+00
9.283159995755694638e+01,1.160401626283275256e+00
1.984882821921769036e+01,2.538225796775482834e+01
4.999771454772373147e+01,4.000365697437533008e+00
1.004534931854841417e+01,9.909914621598709061e+01
1.010140349591793019e+01,9.800236623224763832e+01
1.957283917764847203e+01,2.610311547555166101e+01
2.064600887749183755e+01,2.345998772320119485e+01
1.804018144677101887e+01,3.072686110975011431e+01
1.256833340472736538e+01,6.330596222242372306e+01
1.225683975925944047e+01,6.656454738334822707e+01
3.573774516566377457e+01,7.829710501787804589e+00
5.859631012431282215e+01,2.912456598852006806e+00
1.042712304558806302e+01,9.197525552247711289e+01
1.642714734905569074e+01,3.705746393086855761e+01
1.163960010782486876e+01,7.381147435203047280e+01
7.082203422712755980e+01,1.993715596281894653e+00
1.075300712525612035e+01,8.648486918329881235e+01
2.448034235585807750e+01,1.668649127901023022e+01
6.299817716255974887e+01,2.519672134963113042e+00
1.085849644573406714e+01,8.481264606372398873e+01
2.391192678904636182e+01,1.748923668933938913e+01
1.384666136993391206e+01,5.215667020424718459e+01
1.786608887279157187e+01,3.132860232654879695e+01
1.471536300896398153e+01,4.618043717235303092e+01
1.948505659839298687e+01,2.633884076670794983e+01
2.057458885628678047e+01,2.362314246848960764e+01
1.046768778879078354e+01,9.126378541779978093e+01
2.313621705511626558e+01,1.868165295241272617e+01
5.961375048021137957e+01,2.813889954634840596e+00
3.274336896470659752e+01,9.327242671089265968e+00
1.072530175275894848e+01,8.693225804806215251e+01
1.031147380315171169e+01,9.404993819085507312e+01
2.659975639022548677e+01,1.413333592594301358e+01
1.202080561724803154e+01,6.920426350868004306e+01
6.991302400476168089e+01,2.045897280908243854e+00
1.829150475061724279e+01,2.988829434919138706e+01
1.006349371930645198e+01,9.874211838876676950e+01
8.700107354048614638e+01,1.321145886332606878e+00
1.112397643664426816e+01,8.081274883781776452e+01
2.208880108866636149e+01,2.049536756024695450e+01
3.366018623465901527e+01,8.826061941066058125e+00
3.335213686406961386e+01,8.989854678762966955e+00
9.261778350091965706e+01,1.165765593118354371e+00
2.223354844807709796e+01,2.022937372392433275e+01
1.893052331969839841e+01,2.790453309949909766e+01
3.024412080244572110e+01,1.093246440134634057e+01
1.969182422938981958e+01,2.578861976521913846e+01
2.614162225671383055e+01,1.463305248411374748e+01
1.646902774092766819e+01,3.686923086600352661e+01
7.838167271780771728e+01,1.627687188769369353e+00
9.559170763752501898e+01,1.094358360936323660e+00
1.623523689236081680e+01,3.793872575534249592e+01
2.654926864932843245e+01,1.418714069826345536e+01
1.028021062331014690e+01,9.462283910067013437e+01
1.717129652538059048e+01,3.391515639209311672e+01
6.050023684589369566e+01,2.732032430652705290e+00
1.057714703799890898e+01,8.938464436137900293e+01
1.280363604606596972e+01,6.100049498237190448e+01
4.400364351118848560e+01,5.164433917478469915e+00
1.001664156239788461e+01,9.966799773717026767e+01
3.969656711516586967e+01,6.345912757111424440e+00
5.914017891666759397e+01,2.859135460290612940e+00
1.478590881200888418e+01,4.574082074391862562e+01
1.023975492226265693e+01,9.537199673309791592e+01
1.029465734266229404e+01,9.435745281494601500e+01
1.033100002173419796e+01,9.369475395784968441e+01
1.680439225288742833e+01,3.541231993120551635e+01
1.921594125876924863e+01,2.708174690724597156e+01
2.408958363774238975e+01,1.723222721980699390e+01
1.036948661227231483e+01,9.300054412763182654e+01
2.800910633812334893e+01,1.274680949561120791e+01
3.175337805669030189e+01,9.917909286205608410e+00
2.973254302754865108e+01,1.131190861382837909e+01
1.603931239003085807e+01,3.887125011727658119e+01
1.604982814882804121e+01,3.882033034695689366e+01
5.753001018812858547e+01,3.021419989386945559e+00
3.540758955697612720e+01,7.976406439126447978e+00
1.302350323091839890e+01,5.895821897548453450e+01
1.629631350026850711e+01,3.765487917326051814e+01
7.740439609856034053e+01,1.669047692444643127e+00
7.378272760247365625e+01,1.836921458850115485e+00
4.777858480791209672e+01,4.380598359877276415e+00
2.211953695674838016e+01,2.043844907673344835e+01
7.586358665500996779e+01,1.737533783211322236e+00
1.985405284849330698e+01,2.536890095290120328e+01
2.667631450860697129e+01,1.405233006117170547e+01
2.519904085350570000e+01,1.574823833276434293e+01
2.760522332300018178e+01,1.312252685562181753e+01
1.373886686534935464e+01,5.297831848848185388e+01
1.940791116927060500e+01,2.654864794748396406e+01
1.953956224858875146e+01,2.619210121372104183e+01
4.987380341979194753e+01,4.020268153664686928e+00
1.892659648818775509e+01,2.791611339257704216e+01
1.990989437868793743e+01,2.522679556649005050e+01
1.811604342557347280e+01,3.047005891162048385e+01
1.116897298214224321e+01,8.016291832092488789e+01
2.871811235900613468e+01,1.212518069337479787e+01
1.143648043397938174e+01,7.645664158508868979e+01
1.195567147697411770e+01,6.996036302883858582e+01
1.031751541171891873e+01,9.393982514019216978e+01
2.626695939245787415e+01,1.449373760670982136e+01
5.741886672577985706e+01,3.033128199813449832e+00
9.643698793648869128e+01,1.075258105984551182e+00
4.192144333488973018e+01,5.690200198208128946e+00
9.510251561128821152e+01,1.105645723026009941e+00
1.630976060607053668e+01,3.759281322164719796e+01
1.017061514295124347e+01,9.667308062926841217e+01
5.906615283721522047e+01,2.866306511956450809e+00
9.051267650001145171e+01,1.220621977598600916e+00
2.301367894457162322e+01,1.888112640554731669e+01
1.877727673634390726e+01,2.836186504924870277e+01
2.468408920365650872e+01,1.641216163998506161e+01
2.258914450187573308e+01,1.959748915635945465e+01
2.095459863958601687e+01,2.277410435271296762e+01
2.400061337505193393e+01,1.736022373909371197e+01
2.318397987386818571e+01,1.860475767574056150e+01
6.896290202812532755e+01,2.102659465160590990e+00
4.765215132137097953e+01,4.403874920024392736e+00
1.555438108957807941e+01,4.133277173959292838e+01
2.327964808332052726e+01,1.845215858038669765e+01
4.078770063377167077e+01,6.010928385983168809e+00
2.447713580135484435e+01,1.669086349387187695e+01
2.510164685102964555e+01,1.587068125464518253e+01
2.895941907441299890e+01,1.192395445873101600e+01
6.044235823537901808e+01,2.737267234691887374e+00
5.297463332224466370e+01,3.563395944404051274e+00
1.053006101448026399e+01,9.018581301247695592e+01
2.532365713451397227e+01,1.559362731116556056e+01
2.140267519737991009e+01,2.183050983551803625e+01
2.232190404052964183e+01,2.006954498750691229e+01
1.421654579692789611e+01,4.947796433246053027e+01
2.596841265364195905e+01,1.482890874242959178e+01
1.454587904932092002e+01,4.726286626019295056e+01
1.023336507540227203e+01,9.549113695959253789e+01
7.547134325909114239e+01,1.755641509371526077e+00
2.142878826522139946e+01,2.177733704389896374e+01
1.034983585112380311e+01,9.335403116471501050e+01
5.101801240886288014e+01,3.841960803793485812e+00
2.725637263051610759e+01,1.346058342585799572e+01
1.987466371687692046e+01,2.531631098567294202e+01
1.698832929354591670e+01,3.464963458411106956e+01
1.535871343378802223e+01,4.239262655860735407e+01
8.053161795747473661e+01,1.541938849960452274e+00
1.158766074093218812e+01,7.447464758030058363e+01
3.226905476626513547e+01,9.603455134085475464e+00
2.025733392762918328e+01,2.436887193485192427e+01
2.100893297579314378e+01,2.265645766296716701e+01
8.738268992148069003e+01,1.309631706384285721e+00
8.730412309474736787e+01,1.311989897539012517e+00
1.084869631268784218e+01,8.496594570657809697e+01
1.959534617287701863e+01,2.604318641986986904e+01
1.346410302791265501e+01,5.516265332197559701e+01
2.184687058087357414e+01,2.095180908391899166e+01
1.033418309233118570e+01,9.363704429987312494e+01
2.685555486705230521e+01,1.386537884462348202e+01
3.207337316957787010e+01,9.720995128417147413e+00
1.116928954015860498e+01,8.015837445898735325e+01
1.135107920384800018e+01,7.761143115841896645e+01
9.764165473518710314e+01,1.048889501205213071e+00
5.368530302922356157e+01,3.469678079156845563e+00
5.300779200415652781e+01,3.558939220143481741e+00
1.002962428569485809e+01,9.941013672009501079e+01
1.100686739883909304e+01,8.254153308610045769e+01
1.039143275359355734e+01,9.260813474792087163e+01
1.915451330207353919e+01,2.725572615381437558e+01
7.517465355340411293e+01,1.769526738256978815e+00
1.152858432329469807e+01,7.523987044440271177e+01
1.546394315998381686e+01,4.181763913722230086e+01
2.296058701998418172e+01,1.896854527750114983e+01
2.052593561712640025e+01,2.373526447666877459e+01
1.010914074451984845e+01,9.785240719781704399e+01
2.086405768137551320e+01,2.297219269500563499e+01
2.651406762367730252e+01,1.422483641682720901e+01
2.038189536193277718e+01,2.407192738825901657e+01
2.476347100699952719e+01,1.630710861121284694e+01
1.682536922928411016e+01,3.532407457737213008e+01
1.005277828231574766e+01,9.895273257390302035e+01
2.980908934507231223e+01,1.125388784090260863e+01
1.379485254199744482e+01,5.254917170816311511e+01
1.876705387366457956e+01,2.839277223608304723e+01
7.321166414746068085e+01,1.865689822785012497e+00
6.471929779266964999e+01,2.387439675981962939e+00
1.719055065830122331e+01,3.383922616220262825e+01
8.638622411963547165e+01,1.340019186173849519e+00
4.008931271932251406e+01,6.222182975372565039e+00
1.809169608038400767e+01,3.055212575936479169e+01
2.612329882342524101e+01,1.465358754731920854e+01
1.427789150951870667e+01,4.905370835626166581e+01
6.912670557852335662e+01,2.092706292705570181e+00
1.028078926632090706e+01,9.461218791383350890e+01
1.152007195753547997e+01,7.535110341686565505e+01
3.374691983617832847e+01,8.780752181876986029e+00
3.021789317888298854e+01,1.095145030443439360e+01
5.305487277893935527e+01,3.552625633398624583e+00
1.094077421514411697e+01,8.354181162714469622e+01
2.578008045561969297e+01,1.504636050824729310e+01
7.400567529520060361e+01,1.825870400450974262e+00
2.126193415065502990e+01,2.212047571089805587e+01
6.866790513185438272e+01,2.120764295072218086e+00
5.706592931347123709e+01,3.070762382654221856e+00
1.410318233175562597e+01,5.027658358214156920e+01
1.969760546661186495e+01,2.577348409303747090e+01
1.075773685467648377e+01,8.640883830160403534e+01
3.077102306833651824e+01,1.056126958215349632e+01
2.066982830602804810e+01,2.340594939093280047e+01
2.721621886958476821e+01,1.350033117794524529e+01
2.098976429556826773e+01,2.269785809922089470e+01
4.857862518207332414e+01,4.237498529944251580e+00
1.545465856862517029e+01,4.186789923392135648e+01
3.728888823727799462e+01,7.191858428617702081e+00
1.572582444982953120e+01,4.043646233881793250e+01
9.432151360779194249e+01,1.124031487213748681e+00
2.776074140948362512e+01,1.297591161259488679e+01
8.037966552100020579e+01,1.547774227085650711e+00
1.324095906720279281e+01,5.703758303251513695e+01
1.931836170062793201e+01,2.679534873544411155e+01
2.332842020526383564e+01,1.837508433631195714e+01
2.594903728973395829e+01,1.485106160805974440e+01
1.107420002680320970e+01,8.154085720403709558e+01
1.987736556513495856e+01,2.530942917009319260e+01
1.600029554836607915e+01,3.906105693272788670e+01
1.572618708180632119e+01,4.043459750214370274e+01
2.114865834866607486e+01,2.235807235664508852e+01
5.918969220566373224e+01,2.854354020006767634e+00
1.258966884268087405e+01,6.309157755853440364e+01
1.015710841259168973e+01,9.693035964064254983e+01
8.921865812694233000e+01,1.256286306240505857e+00
1.037412424732098337e+01,9.291741302793840873e+01
2.093089029276865887e+01,2.282572586989791930e+01
2.046466453717595968e+01,2.387760371173015628e+01
3.785510073434623735e+01,6.978324931103755624e+00
1.520820628886318815e+01,4.323585088970907719e+01
2.125362695412781022e+01,2.213777111666273711e+01
5.326874065566573080e+01,3.524156131328020525e+00
5.079930681584241370e+01,3.875113503911677970e+00
1.150972411594866784e+01,7.548665345763413370e+01
1.976665927903038877e+01,2.559372194251162469e+01
1.551339044018511970e+01,4.155148543835909436e+01
1.781959840582482002e+01,3.149228517314559284e+01
1.389771863676010355e+01,5.177414908825325313e+01
1.008990299373241051e+01,9.822590034358923106e+01
1.133893784974123342e+01,7.777772757466915721e+01
1.660732069125862509e+01,3.625775047610839863e+01
1.052635033473127812e+01,9.024940763811142119e+01
1.985070120861113452e+01,2.537746836796866390e+01
2.784374667295046990e+01,1.289866169760395209e+01
2.221492919921907472e+01,2.026329808043154301e+01
7.438932741412187966e+01,1.807085644319917916e+00
6.895554036830435507e+01,2.103108446921528873e+00
2.575906062542793862e+01,1.507092669791716766e+01
2.930313419527621832e+01,1.164586769884533801e+01
2.634680141673566212e+01,1.440602631962686964e+01
2.224944969263304273e+01,2.020046898454134165e+01
6.080353477741952162e+01,2.704844763261259111e+00
7.295407464063501379e+01,1.878888004082690522e+00
1.095822329667561590e+01,8.327597158122516419e+01
1.011250907808749133e+01,9.778723155192670902e+01
2.255925867394651263e+01,1.964944787961677619e+01
2.674620062890610939e+01,1.397899031404980263e+01
1.936477712421175568e+01,2.666705116498246397e+01
8.087650804006676708e+01,1.528815990765238331e+00
1.722268585765835525e+01,3.371306514539293175e+01
3.636170049442109331e+01,7.563305264905268110e+00
2.369339322778838408e+01,1.781334484750254177e+01
1.984339486548256204e+01,2.539615978927919215e+01
1.120199928028639391e+01,7.969093440966392450e+01
1.917488307169629991e+01,2.719784856825906516e+01
1.879248075070315949e+01,2.831599140725959884e+01
6.090333296679427377e+01,2.695987532247265062e+00
2.163600212848657733e+01,2.136219961891413632e+01
1.720083711745049371e+01,3.379876513883534983e+01
4.621003261639591386e+01,4.683035498919634776e+00
2.494676381534092968e+01,1.606836059421797458e+01
2.736099309633619825e+01,1.335784153124692963e+01
8.389611595171200520e+01,1.420745501261106991e+00
3.564699496727160977e+01,7.869627035515147639e+00
1.461608390320142625e+01,4.680992498883423281e+01
5.712478807512241730e+01,3.064437697224409174e+00
1.091759418033706552e+01,8.389693709565561619e+01
3.432434136411722392e+01,8.487808548342892223e+00
1.699879976725952346e+01,3.460696258848181373e+01
2.271468345035906822e+01,1.938146593352353975e+01
8.240292194239788159e+01,1.472701660795327605e+00
2.111187543537303313e+01,2.243604851398508160e+01
1.822378139223964055e+01,3.011084933711951450e+01
2.098975180944114882e+01,2.269788510367796874e+01
3.768898637145814945e+01,7.039974484524845089e+00
2.328211988428477142e+01,1.844824075482370773e+01
1.301547615413502790e+01,5.903096438769544818e+01
6.738774271745977273e+01,2.202105805335786037e+00
2.809897673042030775e+01,1.266540234487253080e+01
2.182889304754570503e+01,2.098633368836894064e+01
1.028273696090014511e+01,9.457634955794934228e+01
1.298122937310519731e+01,5.934284350939831398e+01
1.989844248703165519e+01,2.525584082083149084e+01
1.041017322421487812e+01,9.227500717295846755e+01
1.725800725303191285e+01,3.357520752279445730e+01
1.547547513363451799e+01,4.175533924253466012e+01
2.504537968286366834e+01,1.594207177946483611e+01
3.598825905720320151e+01,7.721084828975718573e+00
3.695416926577588157e+01,7.322731537602141572e+00
6.252655612083342618e+01,2.557825908330017661e+00
1.669525236307706351e+01,3.587682677134132092e+01
1.988861368764469617e+01,2.528080947219014618e+01
1.040151962240699746e+01,9.242860844676965826e+01
3.945124371071546676e+01,6.425080924009527017e+00
9.432400071516249795e+01,1.123972211735211335e+00
1.225608714495453633e+01,6.657272274439841908e+01
6.081058863341305454e+01,2.704217290997473544e+00
1.605188726181713577e+01,3.881037135358089074e+01
2.486487056632823567e+01,1.617437821576485746e+01
1.721796082762186231e+01,3.373157106537811956e+01
7.064610410082791248e+01,2.003657867935682457e+00
1.121626970738222617e+01,7.948828232369065461e+01
1.194390007611145954e+01,7.009833091056742660e+01
5.724770784875527596e+01,3.051292172039231421e+00
2.171104929227965741e+01,2.121477222547085262e+01
5.582382783599257436e+01,3.208933924383170488e+00
2.723839535169916815e+01,1.347835719797798149e+01
2.349327875488224393e+01,1.811810351037760469e+01
2.417291775867628800e+01,1.711361868275183085e+01
2.456119639434310287e+01,1.657681017950131874e+01
7.269205312426829835e+01,1.892457475213516149e+00
1.685755972341850750e+01,3.518929661955668564e+01
1.497158267212012639e+01,4.461332318104253147e+01
9.458023251918125140e+01,1.117890448008085569e+00
1.951672729725427757e+01,2.625342760713325774e+01
9.018553293826846584e+01,1.229493530774318000e+00
6.979394143325073685e+01,2.052884665367925354e+00
1.000740358047349865e+01,9.985209266736660538e+01
6.837444130885590710e+01,2.139008047852261285e+00
2.760115495967854216e+01,1.312639561702810020e+01
2.073912382773698937e+01,2.324979835785532245e+01
1.006698318008174553e+01,9.867367742150628374e+01
2.079324125453687699e+01,2.312893390038239971e+01
2.252447119929319896e+01,1.971018915209910105e+01
2.170219134825474683e+01,2.123209375879666894e+01
1.543093273826150913e+01,4.199674618762473699e+01
1.821784122496249481e+01,3.013048861710975501e+01
4.984247288040992174e+01,4.025323952473091715e+00
1.002194379904098653e+01,9.956256439505064293e+01
1.434527545837383755e+01,4.859395151248865119e+01
1.680850642942842299e+01,3.539498648089166011e+01
1.732488020850250621e+01,3.331651135599162217e+01
2.228584131621951769e+01,2.013455021214347340e+01
2.324432927660144443e+01,1.850827578098828141e+01
1.017497975819668277e+01,9.659016148552291270e+01
2.469549214535738813e+01,1.639700877609525875e+01
1.037071513547362223e+01,9.297851159517239239e+01
2.403449941503816234e+01,1.731130617874012856e+01
1.513790498101296222e+01,4.363836296255410474e+01
2.614064062868149918e+01,1.463415149958333927e+01
1.906812595764051821e+01,2.750324742599388017e+01
1.170533188653718781e+01,7.298481912915084990e+01
2.265304682428237371e+01,1.948707939746347151e+01
2.169723297092045300e+01,2.124179902967785694e+01
1.939598448371331685e+01,2.658130777222665486e+01
6.351952227947020191e+01,2.478480770024838797e+00
1.849280790114616480e+01,2.924113887051758809e+01
1.811252061096444876e+01,3.048191267947742134e+01
3.282815998454674400e+01,9.279122699432798882e+00
1.386262078762588068e+01,5.203664803078564205e+01
1.062359475423871480e+01,8.860475077849125114e+01
1.542933730381793644e+01,4.200543178678083933e+01
8.773451118699962592e+01,1.299149344396878014e+00
1.526760965034824657e+01,4.290006048788855963e+01
2.192875043441588190e+01,2.079563709864901000e+01
1.497470201514624755e+01,4.459473853556305301e+01
2.638221703775737481e+01,1.436737483545438643e+01
7.790154175648908108e+01,1.647812883786720528e+00
2.264473146295179262e+01,1.950139370791896809e+01
1.118614332269586420e+01,7.991701261674427315e+01
1.930519049790243002e+01,2.683192411808102307e+01
1.082052406632161379e+01,8.540895523687265722e+01
5.507022266159515311e+01,3.297359771323829847e+00
1.704909481855996134e+01,3.440308177938771905e+01
1.927582432768383569e+01,2.691374174080844739e+01
1.847481915040416922e+01,2.929811021518134950e+01
1.902618352028763482e+01,2.762464063248859247e+01
4.347567649369612752e+01,5.290628938100159218e+00
2.094674999029219364e+01,2.279117425098030481e+01
2.533573165291747387e+01,1.557876761215183592e+01
2.839349615162305085e+01,1.240401426892489489e+01
3.979732527495431782e+01,6.313820495973328839e+00
2.009336605267156628e+01,2.476820923241331229e+01
1.062960206170503952e+01,8.850462933081463746e+01
2.507304505614959211e+01,1.590691051013413038e+01
1.874413721400362220e+01,2.846224091795609112e+01
1.246598538071722828e+01,6.434973659198739426e+01
2.044685830750586319e+01,2.391920963669120326e+01
2.130771744556915337e+01,2.202551854490394945e+01
4.950469990648699081e+01,4.080441309377102144e+00
6.706138978570770348e+01,2.223590965999260760e+00
1.609249829549824540e+01,3.861473478937327286e+01
2.552241804396222591e+01,1.535169608586390133e+01
1.140081826770439477e+01,7.693570788835756957e+01
1.183950991627846427e+01,7.133990863203135291e+01
1.962236931201499601e+01,2.597150455127654212e+01
2.380955098408011494e+01,1.763995973389838667e+01
1.025545483977583139e+01,9.508021321231605327e+01
3.065541904350629920e+01,1.064107455056434581e+01
6.198605618431903252e+01,2.602627347272954861e+00
1.565459300605624193e+01,4.080528708735300114e+01
7.016704310273395606e+01,2.031110958041279169e+00
4.942652489139101135e+01,4.093359102984619469e+00
4.996963270093430509e+01,4.004863197867424951e+00
3.189113153265839884e+01,9.832413682188516191e+00
6.594231315375007796e+01,2.299702435211152363e+00
3.819982830715551358e+01,6.852943924335720638e+00
2.035720375705605178e+01,2.413035731708051657e+01
1.860860885516336083e+01,2.887833734882574888e+01
8.281536275357598242e+01,1.458069357286692291e+00
8.514748420888268754e+01,1.379292448821604289e+00
5.824406243862606658e+01,2.947790958589985966e+00
2.296097358621471685e+01,1.896790658182093381e+01
2.297214469069880494e+01,1.894946329334093704e+01
1.636310929855816454e+01,3.734808490231193900e+01
2.657342586689734887e+01,1.416135809375921539e+01
1.010158916648708427e+01,9.799876363317312666e+01
7.542774514858345469e+01,1.757671658188955988e+00
2.508152982006675913e+01,1.589615011771872055e+01
1.522221131892806589e+01,4.315633013833557641e+01
2.069555319431184870e+01,2.334779765096484283e+01
9.977510399492391002e+01,1.004513139193057736e+00
2.320753591949729255e+01,1.856700854939358436e+01
2.623019160523975657e+01,1.453439885406913490e+01
4.568978996172560159e+01,4.790288574975767766e+00
3.972197158083547919e+01,6.337798206729012840e+00
1.934237260777019429e+01,2.672886451358664317e+01
7.919412898911558329e+01,1.594461461741051300e+00
5.404979409176889504e+01,3.423039513451255900e+00
6.501209315666245914e+01,2.365983447783136739e+00
3.619568772083943742e+01,7.632843091218131981e+00
1.031354465147310862e+01,9.401217355996581659e+01
2.179139840613643742e+01,2.105861468627433553e+01
1.985560104863324682e+01,2.536494493014764728e+01
1.712711176944469926e+01,3.409037167598933138e+01
1.565895343686269037e+01,4.078256476962260280e+01
2.280312764536795100e+01,1.923141161868611704e+01
1.141950462751304229e+01,7.668412568487076442e+01
1.123521330729405499e+01,7.922045923510276566e+01
2.879042657231040891e+01,1.206434646273272371e+01
1.703956964270488328e+01,3.444155540309847652e+01
1.024984767089540938e+01,9.518426873667674215e+01
4.645972894620835802e+01,4.632833118435359943e+00
3.144142098979570576e+01,1.011569365509606122e+01
2.111247325792159657e+01,2.243477792994314512e+01
6.873345254570253360e+01,2.116721305049549251e+00
1.637001042373220727e+01,3.731660178488363755e+01
1.430553923945063488e+01,4.886428339308808688e+01
2.126048603704690265e+01,2.212348919354079158e+01
5.252286020348839912e+01,3.624960375798268686e+00
2.268271108598976227e+01,1.943614264448845930e+01
2.834395552307569943e+01,1.244741256513613514e+01
2.035439798459774252e+01,2.413701032233311494e+01
1.656250979400444479e+01,3.645421106958723811e+01
1.843210007964265884e+01,2.943407284631308940e+01
2.770176708904033802e+01,1.303121928542763541e+01
1.581887809714325321e+01,3.996213120474992309e+01
1.190555601824888399e+01,7.055058745700978307e+01
8.322360745072612076e+01,1.443799629373298865e+00
1.025993889519955005e+01,9.499712270190957497e+01
1.508182512982161860e+01,4.396349373982123865e+01
1.746004742783263808e+01,3.280266750381861129e+01
9.776074977460397974e+01,1.046335481362743458e+00
6.046327527833838644e+01,2.735373667649515284e+00
1.803751736453562060e+01,3.073593829352459750e+01
3.244015235268191333e+01,9.502420167287807473e+00
7.939258673412777512e+01,1.586500070257351958e+00
1.130006722700674793e+01,7.831373651193642615e+01
6.073764856675566648e+01,2.710716200017413424e+00
2.296244334551866473e+01,1.896547849831496890e+01
2.893225746614448823e+01,1.194635338883723996e+01
1.862913844571864175e+01,2.881472369617546292e+01
6.101331223574410956e+01,2.686277011798289927e+00
5.208575727364974028e+01,3.686056896390506488e+00
1.788393356693108061e+01,3.126611379035615457e+01
2.537486847274631074e+01,1.553074898024327233e+01
2.112897528108897305e+01,2.239974786842306642e+01
2.442132123902051788e+01,1.676724411250700086e+01
1.335227825570276217e+01,5.609049225740969291e+01
3.882489959776500399e+01,6.634058813516328534e+00
1.556199092021323693e+01,4.129235808170609090e+01
2.815316260663787418e+01,1.261669552693428109e+01
4.254351440633897141e+01,5.525012616540842636e+00
1.049048446922433975e+01,9.086756905681272656e+01
1.485236488316850156e+01,4.533240704613945837e+01
3.590438974646804127e+01,7.757198428992206019e+00
1.095851380101602501e+01,8.327155643680384856e+01
1.016366417901400432e+01,9.680535593214285939e+01
1.853736778768770677e+01,2.910072888353035481e+01
5.015682455394492223e+01,3.975025630525043319e+00
1.928221374148378686e+01,2.689590825507990957e+01
1.168781071798749238e+01,7.320380587626506497e+01
4.136608323384521668e+01,5.844013318922800515e+00
2.190844365845452302e+01,2.083420561222875378e+01
2.412793093133769773e+01,1.717749528645543577e+01
1.173671691686728025e+01,7.259500516286288985e+01
1.930476381936454544e+01,2.683311022248285838e+01
5.347358340606541560e+01,3.497207679708374428e+00
1.726374202414105596e+01,3.355290480890259630e+01
7.904531603100917891e+01,1.600470669886439268e+00
7.227800551724376987e+01,1.914201623605834568e+00
1.766680377851608341e+01,3.203937452033056132e+01
1.972490176009179308e+01,2.570220020923575888e+01
1.555127567116156939e+01,4.134928078603704193e+01
1.127619761730517745e+01,7.864563861008127787e+01
4.806828081920916418e+01,4.327955837834094766e+00
3.476702115077119259e+01,8.273038329000664604e+00
2.110782871603230859e+01,2.244465206064759499e+01
2.512911546288522757e+01,1.583600376525540376e+01
8.021942590831076814e+01,1.553963811381880999e+00
1.841915111948242512e+01,2.947547264896120467e+01
1.062129734426256888e+01,8.864308572895296834e+01
1.483763176324916522e+01,4.542247794041676201e+01
5.459801366988293125e+01,3.354643035984589350e+00
3.737492968533172188e+01,7.158783549488368259e+00
3.445339004160063467e+01,8.424343727493740275e+00
1.146822506451989199e+01,7.603395565513355336e+01
1.108002288896182996e+01,8.145517571837609694e+01
1.442431111405539745e+01,4.806288522177729305e+01
8.181164978404360966e+01,1.494065711349963355e+00
1.129312148671722760e+01,7.841009855861250344e+01
2.662091586666582188e+01,1.411087725927619729e+01
6.037246171903647252e+01,2.743609073091132888e+00
2.360658879420780920e+01,1.794458958196797482e+01
6.763710381174936970e+01,2.185898509361221098e+00
2.137331564508165727e+01,2.189052618644959480e+01
1.426635700352397862e+01,4.913306134383525858e+01
1.006669610342444621e+01,9.867930534810554377e+01
1.700310125871225608e+01,3.458945487364657367e+01
4.560466080494507679e+01,4.808189106586882033e+00
9.256531664049576591e+01,1.167087500654644616e+00
1.782984113268680204e+01,3.145611275632719384e+01
1.701796264924342239e+01,3.452906892088402202e+01
5.190676586010343385e+01,3.711522173546737857e+00
7.937772487959578882e+01,1.587094205213351428e+00
1.061086344595898723e+01,8.881750088007365207e+01
2.120598856576015123e+01,2.223734603639921303e+01
1.617277540403388869e+01,3.823234083235389136e+01
1.253520913632954858e+01,6.364097606582273414e+01
1.462352789982402079e+01,4.676228063964020265e+01
2.245367699741836276e+01,1.983467360394009660e+01
2.171617532602884992e+01,2.120475804921646557e+01
7.326214543948937319e+01,1.863119600905633222e+00
1.823411845108893559e+01,3.007671888049318198e+01
3.963676281263283130e+01,6.365076743554513250e+00
1.122595281750649576e+01,7.935121389867474306e+01
2.577734896101464912e+01,1.504954944983665222e+01
8.185981411615681225e+01,1.492308084413296099e+00
2.059469839700295424e+01,2.357703170674231785e+01
2.360442912576088048e+01,1.794787338405500066e+01
1.025050129871259053e+01,9.517213018844284989e+01
1.082138849224665655e+01,8.539531063546390044e+01
1.671676538816096524e+01,3.578454546879296316e+01
4.100951362013893942e+01,5.946080204913045009e+00
1.000374585977820452e+01,9.992512487781823438e+01
2.175419748039877987e+01,2.113069914640918867e+01
9.457691540965679167e+01,1.117968865242668031e+00
1.859477231036112244e+01,2.892133062308042568e+01
9.109824151628576772e+01,1.204980482103522155e+00
1.570686883580167503e+01,4.053412158579073576e+01
6.718447366746278249e+01,2.215451064314145402e+00
1.578251586820022823e+01,4.014648535077141389e+01
3.413238281034481503e+01,8.583546899123984275e+00
1.675721306203042715e+01,3.561200427251831258e+01
1.539260923342182075e+01,4.220612798225305085e+01
1.901330333663302952e+01,2.766208083493912540e+01
2.409485270536036339e+01,1.722469134949464475e+01
2.589361798167029605e+01,1.491470017086403210e+01
5.511907303410349357e+01,3.291517660224929198e+00
1.511683572276678156e+01,4.376009064247863733e+01
2.368438334797709643e+01,1.782690033013979303e+01
1.073507906870403161e+01,8.677397750232496776e+01
1.942382870703461251e+01,2.650515333476620228e+01
5.396789440073050770e+01,3.433436754365501109e+00
1.048875387469683673e+01,9.089755696438933796e+01
1.578576339103574355e+01,4.012996879546003726e+01
1.226267503630133326e+01,6.650121207400621870e+01
3.873721861879658945e+01,6.664124941333901653e+00
2.142269224489594848e+01,2.178973268269777464e+01
1.575318180368376986e+01,4.029613842637969157e+01
5.533490845391742852e+01,3.265890417061233730e+00
1.502333565834426388e+01,4.430648109164118864e+01
1.252437255084537782e+01,6.375115311961490505e+01
2.661941425958761798e+01,1.411246929962715768e+01
1.762691858906342901e+01,3.218453231317236174e+01
2.699785075964386039e+01,1.371960524006248683e+01
2.950496529514962418e+01,1.148708365172310764e+01
9.955901846058561944e+01,1.008878315126005676e+00
1.746595859244034443e+01,3.278046784564926952e+01
3.695193407953024689e+01,7.323617454090852519e+00
1.483385607252757055e+01,4.544560382945684296e+01
7.784735339837254742e+01,1.650107717156209741e+00
2.534587906260566115e+01,1.556629596009891081e+01
1.718093593256473994e+01,3.387711070083906861e+01
1.493808398185143105e+01,4.481363850840538277e+01
1.013837121822014709e+01,9.728897371276106298e+01
9.985483141978028243e+01,1.002909706038725757e+00
1.901565777137436797e+01,2.765523126571013535e+01
9.111052901707057572e+01,1.204655487827447580e+00
1.020993014346862360e+01,9.593000314491676761e+01
1.008478975684202616e+01,9.832553149832543227e+01
2.089891630376937570e+01,2.289562306391489699e+01
1.198977920839677758e+01,6.956289195047415319e+01
1.128806589731150289e+01,7.848034939469880555e+01
1.708322989348341636e+01,3.426573322078116490e+01
1.836117572861156333e+01,2.966190405426934973e+01
1.510041750204614708e+01,4.385530038196055358e+01
6.070344891292300815e+01,2.713771435658345776e+00
2.332511867811712492e+01,1.838028646488716333e+01
1.907659079152483628e+01,2.747884487200164116e+01
3.085098989900306066e+01,1.050659018897631647e+01
1.826336373979539474e+01,2.998047176172972073e+01
5.533922727978914224e+01,3.265380678767749068e+00
3.555482116933678327e+01,7.910483022546785925e+00
9.868405723944133001e+01,1.026847634461192760e+00
8.265402248568669563e+01,1.463767202170493720e+00
2.339463914121001054e+01,1.827120955808940295e+01
9.542501496436705111e+01,1.098185048344662462e+00
1.465825701484109800e+01,4.654095981370483059e+01
1.926759209087568436e+01,2.693674488786341570e+01
7.585364211075882679e+01,1.737989400470201451e+00
3.209698770964980952e+01,9.706696441837340927e+00
3.121608576886114150e+01,1.026226226432433819e+01
1.653336132514198553e+01,3.658286259887334069e+01
1.210972888594944585e+01,6.819164381138050146e+01
1.515751187672286626e+01,4.352553976934773772e+01
1.035963851489059628e+01,9.317744484492263268e+01
1.071614015421514665e+01,8.708096437116964239e+01
1.805155915882992801e+01,3.068813966746034438e+01
1.581889181278404166e+01,3.996206190710181971e+01
1.066030965239302652e+01,8.799547909259919720e+01
2.257598237948588249e+01,1.962034705367386778e+01
1.175048527568082868e+01,7.242498180178664313e+01
1.058112846524464068e+01,8.931739038080881699e+01
1.205966276338516607e+01,6.875901922229900265e+01
8.147733520778621141e+01,1.506351647886685186e+00
9.121166828303506691e+01,1.201985425442164912e+00
1.735214923799304643e+01,3.321187935288681103e+01
1.519851111626623030e+01,4.329102902278833653e+01
1.476889799827420902e+01,4.584624996185657153e+01
1.183496725880743838e+01,7.139468444287082605e+01
9.667836454859549633e+01,1.069895620574930373e+00
1.784343548265020019e+01,3.140820017709684109e+01
1.825827137353416418e+01,2.999719764233252306e+01
1.558236638283523767e+01,4.118444111917754213e+01
1.045826172140134069e+01,9.142837228539013950e+01
1.816104146249849194e+01,3.031925321642325954e+01
4.544734622572135407e+01,4.841533512084207125e+00
1.533950795968085501e+01,4.249884641591435042e+01
2.858411171054405031e+01,1.223913144573153744e+01
5.115013094781667746e+01,3.822139204438395055e+00
1.735223814401866704e+01,3.321153902461239937e+01
5.157844366178228057e+01,3.758923895962690498e+00
2.656494349314037251e+01,1.417040318058039716e+01
1.059952117574971098e+01,8.900768514774759410e+01
2.010211554745096052e+01,2.474665307776548318e+01
1.040955370106951428e+01,9.228599096831648296e+01
2.141923091723482386e+01,2.179677565251949289e+01
1.423565947511219676e+01,4.934518916915097009e+01
1.079506805604299480e+01,8.581223842209035979e+01
2.486320702466579746e+01,1.617654267122988543e+01
1.986490591621329216e+01,2.534118824299367034e+01
1.474798281982794634e+01,4.597637791779368399e+01
1.304204973592915806e+01,5.879065460644557106e+01
2.282567085582378397e+01,1.919344351901571954e+01
5.158655913182259667e+01,3.757741299749448594e+00
2.109791090369353128e+01,2.246575881089053794e+01
1.017626303740735239e+01,9.656580198730007680e+01
1.662045268475612758e+01,3.620047785516572247e+01
3.799030433611189750e+01,6.928743029563362299e+00
1.663677926394371198e+01,3.612946171027596165e+01
2.119788613466735683e+01,2.225434876932161643e+01
1.676848854799311184e+01,3.556412784641742064e+01
1.518846913988182656e+01,4.334829235839591632e+01
1.466604968082648952e+01,4.649151476073353706e+01
1.878908423803392935e+01,2.832622972597669886e+01
1.806283332249679674e+01,3.064984278147018415e+01
2.437502642258167640e+01,1.683099572591629212e+01
2.339981799025872533e+01,1.826312288278263551e+01
1.706238463916263015e+01,3.434950981569090089e+01
1.076558760766674006e+01,8.628285779413096179e+01
7.526335500612428575e+01,1.765358252807032180e+00
1.636306381318435044e+01,3.734829253995040688e+01
8.102918091918627397e+01,1.523060314964160167e+00
3.392676659735305833e+01,8.687904891476486924e+00
3.153726336114221951e+01,1.005430349112435984e+01
1.358920595101876572e+01,5.415166803256386174e+01
1.331151989450073536e+01,5.643450354047015338e+01
1.600247585256082061e+01,3.905041368160980397e+01
1.139476229753697467e+01,7.701750760490661207e+01
2.654491490405986198e+01,1.419179486741519014e+01
2.920097820769197838e+01,1.172749346546965654e+01
1.992684698084383044e+01,2.518389084450707216e+01
2.003585286894882955e+01,2.491060827062714367e+01
7.954530141114686614e+01,1.580414248224155660e+00
3.842983704049302673e+01,6.771157476236333572e+00
2.580700806738607511e+01,1.501497746877585726e+01
1.062132306271561788e+01,8.864265644904784835e+01
1.407588449807087905e+01,5.047177879395430011e+01
1.206537297410297604e+01,6.869395110062643539e+01
2.035076612828591891e+01,2.414562621177483948e+01
2.412198034289385618e+01,1.718597127484586551e+01
1.100183134914973415e+01,8.261711657536504561e+01
2.344381118299419953e+01,1.819464432153558064e+01
6.269517011434327003e+01,2.544086244316230871e+00
1.869442270023396091e+01,2.861382280352580310e+01
7.865590002495103761e+01,1.616357379248642534e+00
1.012524105702304844e+01,9.754146116734297323e+01
6.295475749038279645e+01,2.523148951331015244e+00
2.904838364409374663e+01,1.185102888361723039e+01
2.335256205319404188e+01,1.833711169846567302e+01
1.357224621124116481e+01,5.428708732787294622e+01
1.624390312985333296e+01,3.789825539546671251e+01
1.309531286018438223e+01,5.831338372497029354e+01
1.608883726891467703e+01,3.863231041060583237e+01
1.181108404368748666e+01,7.168371101800897804e+01
2.015279553195215456e+01,2.462234446559877199e+01
2.037928766184444740e+01,2.407808819077014206e+01
1.055791006962007117e+01,8.971066647331990396e+01
2.167205569034885571e+01,2.129118256735487336e+01
7.932726713289002873e+01,1.589113855428212485e+00
1.376821872033928429e+01,5.275267500867470005e+01
2.770318343913569947e+01,1.302988685394670298e+01
6.024245082394498496e+01,2.755463968353297322e+00
2.783554885834505299e+01,1.290626035560761764e+01
3.375781461302895536e+01,8.775085411106612554e+00
1.732011003519535208e+01,3.333486544472052771e+01
1.325038655696945256e+01,5.695644880492603335e+01
1.115642846865440951e+01,8.034329328126401037e+01
1.073745804861847475e+01,8.673553065949872121e+01
6.152396942697892257e+01,2.641869157011484948e+00
2.154667161535950726e+01,2.153969822266540390e+01
3.686166202559565619e+01,7.359531597571066897e+00
1.454484798570166504e+01,4.726956729264471591e+01
2.007918499721765571e+01,2.480320700560069369e+01
1.355233970132750976e+01,5.444668487937632761e+01
1.064580357778486608e+01,8.823544945087957103e+01
1.602521840346103232e+01,3.893965377673757189e+01
1.465136946027557663e+01,4.658472756478114718e+01
2.702239097999331108e+01,1.369469780252087254e+01
2.057557592965344639e+01,2.362087597392977401e+01
2.100961341211028000e+01,2.265499014172663905e+01
2.471999707968383930e+01,1.636451617781901291e+01
1.186973050799106311e+01,7.097710515938051401e+01
1.084038490667554555e+01,8.509628373375194599e+01
4.733022339618866425e+01,4.463986693473183998e+00
2.222681745215603399e+01,2.024162779041051863e+01
1.632285534645886216e+01,3.753252099186479285e+01
2.344536140709625016e+01,1.819223831523243717e+01
2.157819001764359257e+01,2.147681982051024718e+01
1.959894326273882470e+01,2.603362763051685036e+01
3.061502802750566588e+01,1.066917103549408807e+01
1.052318573034446914e+01,9.030369663822656889e+01
1.256535110399557809e+01,6.333601626879170965e+01
1.599676263759581119e+01,3.907831223250801145e+01
2.943664353779016452e+01,1.154046803386389364e+01
1.712102545925171881e+01,3.411461338466415327e+01
2.726882694850319666e+01,1.344829070028727536e+01
1.033507387975894254e+01,9.362090370751917590e+01
1.023182580189126512e+01,9.551987044994854159e+01
7.254693605680796509e+01,1.900036087511171479e+00
1.350332362908484285e+01,5.484267721711048438e+01
1.125091066501751591e+01,7.899955544908652882e+01
1.164834169948549558e+01,7.370073109322831328e+01
2.294549706775583786e+01,1.899350255441814639e+01
1.802175681022305298e+01,3.078972075742826320e+01
8.586587106362398458e+01,1.356309613594390617e+00
1.143295460409387587e+01,7.650380606500768010e+01
2.014323839376802994e+01,2.464571458796962133e+01
1.223738895858865661e+01,6.677631849055626390e+01
1.683398277600091930e+01,3.528793485596002455e+01
1.348087158504413097e+01,5.502550746970481299e+01
5.129789101294380771e+01,3.800152095376645889e+00
1.103784136517877279e+01,8.207893330551468125e+01
1.209186571420337408e+01,6.839327006664471753e+01
2.915185198778028308e+01,1.176705272664128898e+01
1.012813470537815519e+01,9.748573316276977607e+01
4.325374138743663366e+01,5.345060698648198994e+00
2.550545389241743877e+01,1.537212427411626692e+01
5.456384458732271270e+01,3.358845854392949359e+00
8.206347209132255216e+01,1.484910315017930360e+00
3.395922236559597707e+01,8.671306285058486552e+00
2.023207263804622258e+01,2.442976272412737515e+01
2.925464784939442708e+01,1.168450316679827417e+01
1.921266105122187540e+01,2.709099511432427931e+01
7.444000234675520744e+01,1.804626139457409240e+00
7.902263843109359698e+01,1.601389395004251037e+00
2.074061974971849764e+01,2.324644468466761182e+01
1.674917855715237991e+01,3.564617830051101777e+01
5.272030877760099088e+01,3.597858753294862044e+00
1.691452755433742894e+01,3.495266191991186844e+01
7.932771133652865103e+01,1.589096058666689348e+00
2.398356949189288301e+01,1.738490653374060813e+01
2.593561312688198228e+01,1.486643927916499131e+01
4.465295592047389306e+01,5.015330681181530359e+00
2.207425691605921614e+01,2.052238422186988132e+01
2.271928672571574737e+01,1.937361276567580504e+01
1.151616896481814400e+01,7.540218718356361194e+01
1.712860499978794238e+01,3.408442810282362956e+01
5.277227789978039141e+01,3.590776038558164629e+00
1.191040230924973820e+01,7.049318568204972735e+01
1.778842075466633688e+01,3.160277456855317979e+01
1.611816217628097547e+01,3.849186532270269367e+01
7.633653655188579989e+01,1.716070384514011282e+00
1.071133810665914154e+01,8.715906118094365240e+01
1.151047555300782221e+01,7.547679780621773205e+01
7.157769710824669573e+01,1.951841540931129826e+00
2.385927536948006278e+01,1.756651055018487639e+01
2.149950651925685463e+01,2.163430842111242569e+01
1.274581855402685626e+01,6.155517022077468425e+01
8.582442490816308123e+01,1.357619902419267666e+00
2.328403220265442997e+01,1.844521056996163111e+01
3.742052881526484498e+01,7.141347376253880164e+00
1.074750949859778260e+01,8.657337026865377538e+01
2.114075234259900782e+01,2.237479797784057212e+01
1.168649927674980660e+01,7.322023643842659624e+01
2.019873095465516499e+01,2.451048083265148492e+01
1.608397332704018012e+01,3.865567947752023059e+01
2.472223470948224744e+01,1.636155398024133234e+01
6.466793871531537263e+01,2.391233376301975078e+00
1.011523761164363577e+01,9.773448345706147222e+01
2.024294347978631592e+01,2.440353128441775610e+01
5.632633778616604303e+01,3.151932943534123233e+00
1.155860103937768457e+01,7.484959461186662111e+01
1.115592938415297120e+01,8.035048210220894305e+01
1.056424847340136175e+01,8.960304843570747835e+01
1.284977505671748510e+01,6.056321891607493768e+01
1.090801093437876901e+01,8.404441735909514932e+01
1.091238156522945246e+01,8.397710784280877760e+01
1.100091488361892367e+01,8.263088250197482409e+01
1.028175673686269853e+01,9.459438352484910695e+01
2.003232249101598939e+01,2.491938924059450500e+01
2.281058459571166352e+01,1.921883988994696679e+01
4.696389183813975876e+01,4.533899004101689556e+00
2.519563004087951796e+01,1.575250239965177990e+01
7.780575651857513719e+01,1.651872565506175672e+00
2.716974389423262082e+01,1.354655643362923456e+01
2.186058785134373039e+01,2.092552328928549343e+01
4.834777078072112744e+01,4.278062165791094884e+00
2.015849910281582780e+01,2.460841332730777253e+01
2.243698741874432301e+01,1.986419231403472097e+01
1.676368915280018612e+01,3.558449457311649411e+01
2.172405848285401575e+01,2.118937141195878482e+01
1.256871194158600247e+01,6.330214905854140994e+01
8.973961471644460630e+01,1.241742652036049721e+00
2.106249341329181490e+01,2.254137661807050463e+01
1.190310255063542577e+01,7.057967422992888373e+01
1.004691297916629367e+01,9.906830184139106166e+01
5.055559346907079998e+01,3.912565077175947703e+00
2.944507483609504916e+01,1.153385998830668235e+01
1.048499459157277514e+01,9.096274935091993541e+01
7.198617746650944582e+01,1.929753221181467859e+00
3.769644473103194571e+01,7.037188998139221496e+00
5.219602949224045574e+01,3.670498613102971763e+00
2.812616931577451140e+01,1.264092417695739989e+01
1.056294019662880324e+01,8.962524544607489929e+01
3.118637204485885661e+01,1.028182691862936338e+01
7.326288481871202407e+01,1.863081995371141275e+00
5.876184137794943041e+01,2.896071014510827268e+00
4.433346930769508276e+01,5.087876529265867198e+00
1.602946612817699190e+01,3.891901890184715285e+01
1.029306311595662926e+01,9.438668392308407817e+01
1.997470167570419974e+01,2.506336601442551881e+01
1.408703529034754887e+01,5.039190711573557735e+01
5.913524438417750417e+01,2.859612640544456408e+00
1.987275605862372174e+01,2.532117162880167527e+01
1.047924306003921124e+01,9.106262654445012572e+01
1.143042007296087270e+01,7.653773706219519113e+01
2.321924642521856441e+01,1.854828492449567889e+01
1.677941029027641662e+01,3.551784543006847628e+01
7.108708024735639697e+01,1.978876295763065674e+00
1.774220654984257806e+01,3.176762432561399052e+01
1.172829828564434962e+01,7.269926068325889901e+01
1.697457414654351027e+01,3.470581318643237267e+01
8.012489910895450862e+01,1.557632530444169605e+00
9.036776491579604453e+01,1.224539836732311038e+00
3.617437266830751952e+01,7.641840752918353630e+00
1.035329533563188065e+01,9.329165433546795327e+01
1.054457373607588622e+01,8.993773453428180176e+01
2.809550174120582255e+01,1.266853557657411677e+01
1.063022521994485992e+01,8.849425311180993958e+01
1.084102032762796242e+01,8.508630858835553568e+01
1.848839493134280687e+01,2.925509959166757668e+01
2.181350492895487037e+01,2.101595332997148091e+01
1.337931208806036665e+01,5.586405176207142631e+01
2.093321438699714676e+01,2.282065773349951243e+01
1.096110545312730267e+01,8.323218351174180896e+01
2.462167096506525965e+01,1.649547984535760747e+01
2.457041684987552799e+01,1.656437106923987201e+01
3.459939478658655077e+01,8.353394570084244464e+00
2.051336926300225727e+01,2.376435351539534224e+01
1.015143903023403915e+01,9.703865733550934181e+01
5.449566633363291857e+01,3.367255458627834042e+00
1.062869978454317810e+01,8.851965639844925704e+01
2.047272132310397552e+01,2.385881393925175686e+01
1.551846641685455630e+01,4.152430751101393014e+01
6.974276584127822787e+01,2.055898487120485285e+00
9.205773308750170258e+01,1.179993044999754215e+00
1.187728714156817134e+01,7.088681899377404250e+01
2.129814521851391973e+01,2.204532126863905361e+01
4.316817056828736554e+01,5.366272371142085440e+00
1.001885854640229390e+01,9.962389332980384893e+01
1.804402132055110641e+01,3.071378478801097955e+01
2.494271970888208756e+01,1.607357152787606225e+01
5.462916042240722447e+01,3.350818834796501111e+00
2.228007552233142263e+01,2.014497268023101384e+01
4.786838286493820505e+01,4.364178325193646124e+00
2.254570689122928329e+01,1.967307677524874521e+01
8.198596510343313071e+01,1.487719218404090604e+00
1.919280678122021300e+01,2.714707342974270432e+01
6.367221113130478471e+01,2.466608004102530671e+00
1.808209927235783709e+01,3.058456454734448826e+01
9.246813238295608528e+01,1.169542014074667735e+00
1.584149983267644046e+01,3.984808047650070506e+01
9.818524417524791659e+01,1.037307578897578519e+00
1.200688398530998491e+01,6.936483719697974948e+01
1.259835338019754580e+01,6.300462455697604014e+01
1.029404229372186030e+01,9.436872849916072425e+01
1.159285711708433730e+01,7.440789759023940064e+01
8.943950468854592373e+01,1.250089850374815681e+00
2.641105417854909376e+01,1.433601767553585660e+01
5.132669112340365558e+01,3.795888656911122983e+00
1.769881737223139595e+01,3.192357380223807084e+01
2.311616943539151237e+01,1.871407052736156373e+01
4.766235044276337618e+01,4.401990378082718536e+00
1.154889562837373518e+01,7.497545103076268447e+01
1.799475679445325582e+01,3.088218620497439204e+01
2.423137199495360505e+01,1.703115064063903006e+01
1.703680496538005684e+01,3.445273443736304841e+01
1.076730515266922872e+01,8.625533319638302032e+01
1.010954408707835128e+01,9.784459927836932991e+01
1.095983868071616563e+01,8.325142509552563297e+01
1.203230444331082083e+01,6.907205482832455345e+01
2.154743723791554189e+01,2.153816755471229882e+01
4.221410981090186709e+01,5.611574446972307229e+00
9.369119765413707057e+01,1.139206407129960130e+00
2.005624690301622337e+01,2.485997372228228031e+01
2.084282134377821549e+01,2.301902836655833795e+01
2.918978110173086904e+01,1.173649244852776441e+01
1.860843644273916198e+01,2.887887248322356015e+01
1.092089520126080693e+01,8.384622629145773942e+01
2.476337403498450840e+01,1.630723632694941116e+01
3.453996108000279008e+01,8.382167060426235494e+00
2.077244328645790716e+01,2.317527179480161692e+01
7.541994033973497835e+01,1.758035461211479911e+00
2.377853223780255831e+01,1.768601188859867435e+01
3.181144829487059766e+01,9.881733021717437282e+00
1.790872501003030592e+01,3.117960896499151957e+01
1.019108324197294024e+01,9.628514794663925613e+01
1.132239444385720084e+01,7.800517920458837295e+01
2.191329557766967540e+01,2.082498064729830034e+01
1.697112608981191784e+01,3.471991711432737304e+01
1.044679056902411141e+01,9.162926931632614469e+01
2.183344350951373514e+01,2.097758678029641644e+01
1.021024568277904621e+01,9.592407395961569705e+01
1.254023344327266187e+01,6.358999013413565393e+01
3.753217520021510012e+01,7.098924055591052884e+00
6.799521451427031593e+01,2.162934179151194236e+00
2.901673371670880286e+01,1.187689594145569139e+01
2.173641167045650491e+01,2.116529366593209005e+01
1.173720512893474321e+01,7.258896607262559542e+01
1.027632162198611709e+01,9.469447134251308285e+01
1.234564256217543665e+01,6.561038742401424884e+01
6.884828675175063495e+01,2.109666102712555169e+00
1.232314280984190979e+01,6.585019071750009800e+01
1.163395658330037818e+01,7.388310224519798908e+01
2.044574779911053497e+01,2.392180804539126271e+01
1.277603794655507663e+01,6.126431950100918300e+01
1.190215114147820863e+01,7.059095838040410342e+01
2.308449367257473739e+01,1.876546339443615352e+01
2.514923328461656737e+01,1.581067826346902194e+01
1.732903899787557123e+01,3.330052204148329764e+01
8.867532487323198609e+01,1.271728556785004294e+00
1.034196511244981664e+01,9.349617915525588785e+01
1.144381098146990894e+01,7.635872148949445659e+01
1.432073211331973717e+01,4.876065809125334738e+01
1.061032401784272494e+01,8.882653206045939953e+01
7.452256881407855360e+01,1.800629522990947473e+00
1.955671233282507160e+01,2.614618349759733817e+01
3.463224643792129598e+01,8.337554266475615705e+00
2.966313352243623314e+01,1.136490858288732575e+01
2.891817351318738005e+01,1.195799263366904697e+01
1.092837577892873924e+01,8.373147849138366894e+01
1.485374056832633372e+01,4.532401047675512018e+01
1.189747593879237542e+01,7.064644777718331170e+01
1.203788138257290896e+01,6.900806991078357555e+01
1.878473315688746226e+01,2.833935357470654637e+01
1.089638598584212303e+01,8.422384073795500115e+01
1.001889697831519399e+01,9.962312902821332727e+01
2.084907495595695437e+01,2.300522147225136749e+01
5.947341721171503082e+01,2.827184911427205627e+00
1.055104193127510470e+01,8.982749774182055091e+01
2.745302893796587540e+01,1.326842776067920404e+01
2.197482704406475307e+01,2.070852033667084413e+01
9.212346212080520047e+01,1.178309822694528108e+00
1.044772579676029878e+01,9.161286567015083904e+01
2.186956677466578824e+01,2.090834415623942277e+01
1.808770208394843948e+01,3.056561985089354749e+01
2.612900212989027438e+01,1.464719122348449609e+01
1.198571689638385784e+01,6.961005376189521598e+01
1.157478669737054133e+01,7.464040839969923979e+01
4.813059201374747431e+01,4.316756909284301891e+00
2.045242458265878227e+01,2.390619183685913285e+01
2.840258139199634257e+01,1.239608010084115008e+01
2.310277680764843566e+01,1.873577382538584502e+01
1.575655236051434294e+01,4.027890040444131614e+01
3.719494388880233515e+01,7.228233678500908255e+00
2.714698167404483797e+01,1.356928300976713864e+01
9.294454323921102912e+01,1.157583172753570366e+00
2.398641386082364590e+01,1.738078368683256869e+01
2.289743537218185665e+01,1.907332092436929472e+01
1.836230065576974368e+01,2.965826981910832671e+01
1.808961561072712954e+01,3.055915370590722446e+01
1.798960460139906203e+01,3.089987795233085777e+01
2.569573514172498108e+01,1.514530088600732682e+01
1.135891555339830461e+01,7.750438211663232835e+01
3.154782524001576860e+01,1.004757246869813336e+01
2.337555130558310879e+01,1.830106128079277994e+01
8.724777188505291292e+01,1.313685209447712721e+00
1.710224484202153050e+01,3.418957959952628300e+01
1.710373585853440304e+01,3.418361891278447473e+01
2.109613781157375101e+01,2.246953538215207402e+01
1.023626343056301380e+01,9.543706878349537703e+01
1.919691890610055651e+01,2.713544445944806327e+01
3.728068093208289469e+01,7.195025338277131866e+00
1.394120455992551300e+01,5.145166113371548988e+01
1.966741028069649388e+01,2.585268440881139185e+01
2.673788384969929055e+01,1.398768795503797335e+01
4.136634773142996124e+01,5.843938585592394652e+00
1.737908890189068600e+01,3.310899439577433867e+01
1.172710346546467441e+01,7.271407541888027026e+01
8.033005301816203314e+01,1.549686653707900597e+00
5.123124254925955512e+01,3.810046020758177665e+00
3.737187026694719805e+01,7.159955693688209166e+00
1.044044063987304582e+01,9.174076198741759924e+01
1.192803005547228423e+01,7.028498403066319611e+01
1.110108667702745500e+01,8.114635428018718244e+01
2.550389629993940233e+01,1.537400196652897044e+01
1.067355630250236409e+01,8.777719720698621586e+01
6.567682386417135376e+01,2.318332458818309405e+00
3.216715181358584630e+01,9.664397460295996112e+00
3.653498615260991045e+01,7.491729805460335179e+00
1.078158278376222690e+01,8.602703528806728173e+01
1.737820344029788089e+01,3.311236844878208530e+01
3.878075406873227138e+01,6.649170986130473970e+00
2.746123747471429866e+01,1.326049671977293798e+01
2.323897316286292636e+01,1.851680833132973447e+01
6.505825852328732140e+01,2.362626833505666379e+00
1.928028606338649453e+01,2.690128672767528784e+01
2.902059843027520003e+01,1.187373282649477346e+01
2.759454452387826606e+01,1.313268538120347806e+01
2.178469720158670242e+01,2.107157238662266252e+01
2.608847234495908296e+01,1.469273690613416328e+01
2.876084408093674227e+01,1.208917723395645005e+01
3.064301678561480102e+01,1.064968989407087285e+01
5.629615758358307431e+01,3.155313333145920662e+00
3.774315785181955363e+01,7.019780511340532492e+00
4.470692840623311781e+01,5.003228464451268565e+00
2.149057442199825729e+01,2.165229583281458048e+01
1.382119731696180764e+01,5.234903323054250279e+01
1.324886409756114602e+01,5.696953956696577137e+01
7.835169310131458076e+01,1.628933027152980939e+00
1.202850323616466710e+01,6.911571756332607208e+01
6.326603323812238955e+01,2.498381697185643624e+00
2.767835233948890661e+01,1.305327636403020719e+01
1.039179014159400971e+01,9.260176501440513164e+01
7.449862150335819422e+01,1.801787320658347902e+00
1.787134145834814447e+01,3.131018938513304306e+01
2.124155078610927205e+01,2.216294963961241749e+01
1.258463382330160663e+01,6.314207260961249801e+01
9.486520931851488569e+01,1.111184209864862105e+00
3.103998725161148897e+01,1.037903392672253844e+01
4.596232536993118600e+01,4.733648591419565399e+00
1.089399936410968905e+01,8.426074774709476856e+01
5.209160604597693833e+01,3.685229212281433409e+00
2.017952527270670160e+01,2.455715829452756083e+01
6.446673560181012874e+01,2.406182928140879085e+00
1.188733089449051050e+01,7.076708329772264960e+01
1.198789608228063308e+01,6.958474832734256665e+01
7.925628637414889965e+01,1.591961503779890430e+00
2.183186019974928982e+01,2.098062960139075273e+01
9.555976144207575373e+01,1.095090184233662889e+00
1.963878202095825998e+01,2.592811238730277523e+01
2.471443840561512317e+01,1.637187829060325583e+01
4.630550878341120580e+01,4.663743741192050152e+00
2.809616529573535004e+01,1.266793719136322949e+01
1.152168278967941539e+01,7.533003540157167777e+01
1.302033932732673271e+01,5.898687579927198499e+01
1.586064906871168745e+01,3.975191799819103267e+01
2.438604113967810605e+01,1.681579466994970673e+01
1.136943900808046415e+01,7.736097374094727286e+01
1.643972316339006667e+01,3.700079028326836550e+01
4.073995611568120268e+01,6.025025457869351619e+00
1.847150532345991891e+01,2.930862344345592518e+01
1.132849179918475713e+01,7.792123205520910290e+01
3.284940598028712344e+01,9.267123672842727089e+00
3.426282356679328700e+01,8.518315084845907492e+00
5.781045971064762767e+01,2.992176130901143427e+00
1.419939212292067054e+01,4.959758093572692417e+01
2.215171168263322343e+01,2.037911967300038540e+01
2.306208742923653787e+01,1.880194472281707974e+01
1.244638926051204209e+01,6.455252598526112706e+01
2.427888426566036628e+01,1.696455805221119917e+01
1.049530174508661950e+01,9.078417294317358710e+01
2.404674585974198209e+01,1.729367818272859836e+01
1.811415868970991383e+01,3.047639991827771055e+01
3.982562719383849270e+01,6.304849903201554362e+00
1.848121033495367627e+01,2.927784993476164388e+01
1.765538686887687803e+01,3.208082463596146994e+01
1.252187404189066555e+01,6.377659639070746067e+01
2.405175116225642995e+01,1.728648111142254606e+01
2.253797581880931133e+01,1.968657577519963198e+01
1.029168437352811694e+01,9.441197495183266142e+01
1.608472758529973845e+01,3.865205421476610326e+01
2.087870111743220747e+01,2.293998055044432505e+01
1.137386358743908232e+01,7.730079661865583773e+01
9.984758889772172097e+01,1.003055204977341797e+00
2.865020699303197915e+01,1.218272586803162838e+01
1.086674401616530439e+01,8.468395382242080416e+01
2.088929499716268978e+01,2.291671870545808432e+01
2.729974827470742227e+01,1.341784327803194898e+01
3.053804923777700608e+01,1.072302745658858747e+01
4.187125963722917987e+01,5.703848051711547740e+00
1.922465444687545855e+01,2.705720395572055637e+01
1.745296634226184196e+01,3.282929055590700784e+01
2.293776843478032035e+01,1.900630402121065288e+01
1.176768216909724352e+01,7.221345762562222603e+01
3.577793795842294600e+01,7.812128651949069358e+00
1.889499363229066731e+01,2.800957377819207750e+01
1.258711238971793200e+01,6.311720806448751375e+01
1.875575992216347387e+01,2.842697646348846874e+01
3.011678699436934892e+01,1.102510477269745692e+01
5.714496020634052087e+01,3.062274590326786505e+00
1.050348763370723049e+01,9.064272287103473502e+01
2.126131574144542569e+01,2.212176252729349457e+01
1.768302449887328365e+01,3.198062174620623210e+01
2.981664271325995230e+01,1.124818673013630566e+01
1.068099120042983685e+01,8.765503862616677111e+01
1.037087350433634647e+01,9.297567195226203296e+01
2.365241634797802561e+01,1.787512014962477380e+01
1.873709775208416062e+01,2.848363126354715646e+01
2.268934651674137015e+01,1.942477622452831554e+01
1.881764554062221606e+01,2.824030823879565943e+01
2.982227253827632651e+01,1.124394028341037810e+01
1.046063816443897032e+01,9.138683569169411669e+01
1.328698553255384240e+01,5.664310809527623292e+01
2.827535525650128179e+01,1.250788442497656483e+01
2.128626372880573570e+01,2.206993849250004658e+01
3.051190675593300128e+01,1.074141022395764189e+01
3.612902725658990732e+01,7.661035284355652841e+00
2.654618269308132383e+01,1.419043936012427842e+01
1.404961512817789426e+01,5.066069519259951193e+01
4.550739430451626077e+01,4.828764906842783589e+00
2.033594631560527688e+01,2.418083126567561791e+01
2.472303771558788554e+01,1.636049114851924102e+01
2.222679511425754839e+01,2.024166847604707797e+01
1.052620969702220144e+01,9.025181924781546172e+01
3.504333722138936480e+01,8.143087177405542221e+00
1.075857910461238909e+01,8.639530956531687877e+01
2.746116348752273595e+01,1.326056817400925780e+01
9.504089695120397607e+01,1.107079852864792047e+00
4.157838768822217901e+01,5.784485159348270678e+00
9.635070135427783100e+01,1.077184856703254257e+00
1.670334931286890878e+01,3.584205261300939327e+01
1.038810652147707181e+01,9.266744978621207451e+01
1.004583495234020241e+01,9.908956518442090555e+01
1.191841425908319785e+01,7.039844186453721875e+01
2.207559544396571738e+01,2.051989559579775602e+01
2.326782540543749889e+01,1.847091489703701228e+01
7.037389087444465474e+01,2.019188543863384755e+00
1.030459889232492721e+01,9.417547449476325028e+01
3.028376675586154931e+01,1.090385869538931374e+01
1.557941029940112188e+01,4.120007151749049967e+01
2.361733914744343110e+01,1.792825694008479687e+01
1.024079666268820610e+01,9.535259437321872156e+01
4.975806310854915182e+01,4.038992686924836484e+00
4.626575813050044417e+01,4.671761182454599926e+00
1.600845739381160016e+01,3.902123685141369691e+01
1.710915651706610063e+01,3.416196169413991157e+01
2.786613490156612016e+01,1.287794392079276840e+01
1.087960276559826411e+01,8.448389390180464886e+01
2.217393656095352128e+01,2.033828826972035131e+01
1.694904547873543876e+01,3.481043977662281463e+01
2.647130486783031245e+01,1.427083222547532060e+01
1.146577891409629935e+01,7.606640182981847431e+01
2.253986986798711811e+01,1.968326734651465770e+01
1.349203711550012130e+01,5.493447084550806636e+01
6.887091306763865362e+01,2.108280143721802169e+00
1.555188585107177346e+01,4.134603616275239091e+01
1.286246772129145199e+01,6.044375049685861256e+01
1.410691855590924781e+01,5.024995555422286486e+01
3.199782973796648733e+01,9.766949757590623449e+00
2.359085181506355866e+01,1.796853851130316926e+01
1.912531282333416272e+01,2.733901763598834478e+01
1.478628640767843549e+01,4.573848461775038032e+01
3.478472578079581723e+01,8.264618897523680729e+00
2.409371339963868408e+01,1.722632037637498215e+01
2.180064006722214032e+01,2.104076426274269096e+01
8.660620588765674199e+01,1.333220472086465547e+00
4.979902469461696768e+01,4.032350970313246741e+00
1.031677468857364666e+01,9.395331499585289237e+01
1.801960578078807629e+01,3.079707203352349509e+01
2.372179222486454009e+01,1.777071920515509618e+01
6.475201756899876671e+01,2.385027496141190362e+00
5.013431722094864540e+01,3.978595532868694828e+00
1.363261181850572967e+01,5.380738211088836209e+01
1.090528044577145295e+01,8.408650908784962041e+01
1.368797019320141217e+01,5.337303489808618906e+01
2.263545413273974205e+01,1.951738260250249724e+01
1.237838265775265256e+01,6.526377516811932367e+01
3.309611854074772452e+01,9.129476460778811031e+00
3.335426781701517740e+01,8.988706019439444361e+00
3.084332797044213947e+01,1.051181081512264015e+01
2.615382793181302645e+01,1.461939753401619058e+01
3.725586385867705275e+01,7.204614107666304612e+00
1.122119779303449683e+01,7.941847889402872340e+01
3.883575581567487944e+01,6.630350338159902712e+00
1.232288424045917097e+01,6.585295419745669676e+01
3.660885205219290839e+01,7.461528089314361623e+00
2.173140154840125859e+01,2.117505400541863025e+01
2.143874629181801694e+01,2.175711114688673575e+01
2.392304583288617792e+01,1.747298304011177095e+01
2.991953406418804562e+01,1.117095617468239332e+01
2.543844375383431000e+01,1.545321767125123102e+01
1.201502165641139541e+01,6.927090859784728138e+01
1.261948717269499021e+01,6.279377419625754442e+01
2.407987473115852950e+01,1.724612594766502482e+01
1.026450577566861710e+01,9.491260933094396535e+01
5.709200178712754337e+01,3.067958343994142467e+00
1.636203034942976231e+01,3.735301069836771148e+01
1.199731794709702726e+01,6.947549713364560375e+01
2.874808302212299793e+01,1.209991220653728483e+01
2.403437762700806246e+01,1.731148162037230520e+01
3.824913781749516062e+01,6.835286140971143176e+00
1.594535834003688812e+01,3.933067798045480856e+01
2.565487361178427861e+01,1.519358434407417136e+01
1.840546567522236998e+01,2.951932211348357882e+01
1.115273219948126915e+01,8.039655729662655403e+01
3.159431850710943124e+01,1.001802280442453608e+01
1.794654265970440576e+01,3.104834165775474375e+01
5.664368174474631701e+01,3.116714718827676478e+00
4.204214332857144854e+01,5.657574780636905665e+00
2.328224665615168476e+01,1.844803985397516399e+01
1.001365929300741087e+01,9.972737285104581417e+01
1.006287693848242704e+01,9.875422310036155693e+01
3.142906322540917330e+01,1.012365010827197054e+01
4.589390071292046258e+01,4.747774204248227825e+00
2.245468814824462456e+01,1.983288730480236239e+01
2.217595316389435212e+01,2.033458945354885472e+01
1.565040792808417791e+01,4.082711350135780037e+01
1.014038009639999061e+01,9.725043031785686765e+01
1.783060217774928091e+01,3.145342759649170361e+01
2.331544480425283439e+01,1.839554205720893520e+01
1.793267929259621241e+01,3.109636581870774208e+01
2.601257122939486521e+01,1.477860478172661729e+01
1.615722848077868434e+01,3.830595262055327765e+01
1.839364877023603384e+01,2.955726337028348993e+01
2.336126555817199346e+01,1.832345084497408294e+01
3.549982422599494214e+01,7.935012123264410633e+00
1.749889839282223747e+01,3.265717256659244327e+01
2.119412015349622536e+01,2.226225821815755523e+01
1.934178871061480720e+01,2.673047833987368804e+01
3.883631174583849344e+01,6.630160516562508377e+00
3.327472958272774406e+01,9.031729677300948111e+00
1.020601149467481505e+01,9.600368288919602833e+01
3.721267439379877118e+01,7.221347331117311086e+00
3.102608311844698719e+01,1.038833860146337251e+01
3.041987569516303580e+01,1.080650179346697115e+01
2.528258712685851606e+01,1.564433023644137677e+01
4.154477932480396873e+01,5.793847862294724926e+00
1.066201925802407224e+01,8.796726201627662078e+01
1.200682779205615525e+01,6.936548646839300147e+01
1.060010362081425939e+01,8.899790398626291221e+01
1.055852883680710796e+01,8.970015205581781004e+01
2.479916045987130957e+01,1.626020597501305787e+01
1.482122376745917869e+01,4.552310449868195263e+01
1.007662350594162071e+01,9.848496512637959199e+01
2.380081124289588956e+01,1.765291702234041793e+01
5.282144567908382271e+01,3.584094346594174585e+00
1.049025507566796556e+01,9.087154315707634566e+01
1.001762154586692333e+01,9.964849845537959538e+01
7.278536512127097069e+01,1.887608264358704213e+00
1.040671199967688310e+01,9.233639786619406209e+01
1.023524841172672240e+01,9.545599850984255852e+01
1.785613378971167720e+01,3.136354446815207098e+01
2.588871694201707641e+01,1.492034776291969500e+01
3.064141837132033430e+01,1.065080100846810574e+01
6.424936210438511353e+01,2.422492045526337012e+00
1.392821548863946290e+01,5.154767069333849605e+01
2.527906289109247595e+01,1.564869259367103460e+01
1.038817680350921080e+01,9.266619589252589151e+01
5.574937251909926061e+01,3.217510944215683288e+00
7.010992847045577037e+01,2.034421570671347101e+00
1.444929270375694230e+01,4.789683566345810561e+01
2.536856045914655411e+01,1.553847353016929134e+01
4.062428019150887337e+01,6.059386320541903181e+00
1.430457904088862620e+01,4.887084366854288220e+01
5.729591752353685052e+01,3.046159523056123142e+00
8.900624294400408587e+01,1.262289766296264215e+00
2.337384094386675670e+01,1.830373970920229354e+01
1.086337468003887174e+01,8.473649236803693441e+01
2.570379224567030718e+01,1.513580749008825777e+01
3.886453760303904659e+01,6.620533539457033712e+00
1.546353521823041355e+01,4.181984553903274815e+01
1.129929121848203089e+01,7.832449368471894502e+01
2.315723020134176124e+01,1.864776442646506638e+01
2.381375653996504838e+01,1.763372978142006531e+01
1.363689927715384087e+01,5.377355320955665974e+01
4.617097615212745865e+01,4.690961697734843838e+00
7.466067499185867007e+01,1.793974130159223135e+00
2.860082913264397320e+01,1.222482787932786152e+01
1.708206747788206314e+01,3.427039686915598793e+01
1.766184665424557210e+01,3.205736193155507152e+01
1.115373564203790124e+01,8.038209224192003433e+01
1.009636979872633944e+01,9.810011170317024209e+01
1.084722419150985218e+01,8.498900942379179924e+01
2.900030813935228124e+01,1.189035373779888261e+01
4.081408879592744654e+01,6.003158222249393106e+00
5.455189031273410194e+01,3.360318102736580492e+00
1.322109586949662763e+01,5.720909678042317381e+01
2.106660033724232051e+01,2.253258861295989846e+01
2.771785474868674015e+01,1.301609683214502766e+01
3.767924653470672780e+01,7.043614528885302484e+00
2.634996596968130689e+01,1.440256628513974668e+01
2.224958503038787683e+01,2.020022323813298826e+01
1.806099776706028237e+01,3.065607304018816848e+01
1.040768837190022111e+01,9.231907404518106830e+01
3.980695474303981030e+01,6.310766186512954512e+00
2.361238760907206924e+01,1.793577687084917471e+01
1.003357039950307517e+01,9.933195785519892240e+01
3.923440888607555621e+01,6.496295510768701043e+00
2.664005823823055152e+01,1.409060563625007845e+01
6.060223107104307161e+01,2.722844087612434461e+00
4.051387625448676744e+01,6.092456057776335143e+00
1.626832467028132356e+01,3.778455726087558020e+01
3.270212388478273624e+01,9.350785207424499035e+00
1.073029393194815739e+01,8.685138785771206926e+01
3.507203416535418938e+01,8.129766814361353511e+00
1.001309539579649588e+01,9.973860565542281620e+01
3.209046783060426122e+01,9.710641097059093951e+00
2.106927991683041768e+01,2.252685761262760522e+01
7.216809018278043197e+01,1.920036898883298537e+00
3.430564984193041767e+01,8.497060277021899921e+00
1.180432215747175384e+01,7.176585989899349727e+01
1.902940854399130899e+01,2.761527801132978865e+01
5.943979540345685564e+01,2.830384180605621580e+00
2.089515283154137038e+01,2.290387136935749979e+01
3.314362406174517872e+01,9.103324238052399764e+00
2.838257222227564469e+01,1.241356425969209276e+01
3.307578368516229261e+01,9.140705440539125703e+00
1.138005416873152775e+01,7.721671851149504562e+01
3.482545271012577359e+01,8.245299939230022801e+00
2.746973332473489293e+01,1.325229556482480398e+01
1.429229609503656206e+01,4.895487997244192258e+01
3.824925369090004068e+01,6.835244727003426668e+00
3.591663949493231200e+01,7.751907982755788851e+00
1.249501351410283156e+01,6.405109218600973975e+01
1.551145898586568528e+01,4.156183389013030904e+01
1.737231248960723917e+01,3.313482906280611928e+01
1.083716073395958723e+01,8.514692539834976515e+01
1.274526157579277097e+01,6.156055035972958223e+01
2.722700691245418270e+01,1.348963493811414871e+01
9.360105526773213569e+01,1.141401686488129341e+00
5.763724087141719110e+01,3.010188100284229673e+00
2.202891489271987879e+01,2.060695344175436716e+01
2.532436012760469879e+01,1.559276157872053403e+01
1.001955559800505569e+01,9.961003232004232189e+01
1.058639863588392771e+01,8.922848371159014391e+01
4.169421396209013153e+01,5.752391270189892047e+00
1.010414935796462998e+01,9.794910803039321934e+01
2.350866526281624402e+01,1.809439454086537680e+01
1.869989399407275954e+01,2.859708134715693006e+01
2.962627815121178187e+01,1.139320227906016925e+01
7.620766415486774292e+01,1.721879277878012537e+00
2.284763928166123037e+01,1.915655156503108358e+01
2.012747831273707888e+01,2.468432553776901628e+01
3.555954560847724366e+01,7.908381189561477953e+00
1.531419340221089698e+01,4.263946481479944595e+01
2.963525637153600556e+01,1.138630001480315279e+01
1.372794071950506734e+01,5.306268353648966496e+01
4.793990969308430294e+01,4.351165244224640460e+00
1.509403325242446492e+01,4.389240675263697256e+01
1.958533600680549114e+01,2.606981483642566744e+01
1.015903576754950777e+01,9.689358420407954497e+01
6.926611042239173344e+01,2.084291215803487862e+00
3.735896847157447098e+01,7.164901881334102107e+00
1.000315607858958167e+01,9.993690829813465371e+01
5.221244970625597404e+01,3.668190317057072658e+00
1.323253663006227576e+01,5.711021435872456209e+01
2.575160337420777878e+01,1.507965655894438939e+01
1.480922560207933536e+01,4.559689836328762169e+01
3.232498824656125436e+01,9.570249248152434163e+00
1.004969242763867676e+01,9.901351067944679585e+01
2.470534819454573494e+01,1.638392841089210350e+01
1.434924580540459083e+01,4.856706394476839250e+01
3.207840810961425149e+01,9.717943805777302657e+00
3.589294930287275776e+01,7.762144243484028650e+00
1.882853748627085722e+01,2.820764474226315244e+01
1.123758080451939811e+01,7.918708293035651025e+01
3.294253222240887879e+01,9.214802706187192882e+00
4.069259131325214440e+01,6.039059473111894505e+00
4.246212299571551796e+01,5.546213607938016210e+00
2.566844651480910144e+01,1.517752053403926915e+01
1.048352986950448518e+01,9.098816911994798318e+01
3.760905521323578427e+01,7.069930636480830088e+00
5.109804812211044833e+01,3.829934776656234607e+00
1.463618581191749080e+01,4.668143213290110083e+01
1.806252585284242684e+01,3.065088626529437121e+01
4.668778177616488279e+01,4.587684247394232528e+00
1.545512394486262231e+01,4.186537786532744576e+01
2.421300082449346291e+01,1.705700459163221794e+01
2.988033374338395731e+01,1.120028598843920697e+01
3.188320060944564815e+01,9.837305902239688038e+00
1.614783618540522880e+01,3.835052645071317556e+01
1.081320154091895169e+01,8.552466953304811170e+01
8.318514123823395323e+01,1.445135212705895844e+00
4.299020653651432866e+01,5.410793215758832986e+00
1.031367562851293407e+01,9.400978578698216381e+01
1.032070606658093759e+01,9.388175096831555777e+01
1.019844869541764965e+01,9.614612137409329762e+01
1.175129090701987344e+01,7.241505168679597659e+01
2.295982320559790679e+01,1.896980736812237822e+01
3.984885754077751585e+01,6.297501077247777523e+00
1.974745034518149467e+01,2.564353771252807590e+01
3.621335827224448423e+01,7.625395914502955286e+00
2.828451750999230896e+01,1.249978233546120876e+01
2.672180037013745846e+01,1.400453101153783031e+01
2.240028628150100687e+01,1.992933752474699460e+01
1.930930627786377940e+01,2.682048688419164861e+01
1.189101731675648743e+01,7.072321204493415792e+01
4.986185226408745308e+01,4.022195583415470566e+00
2.007465738840878089e+01,2.481439642520119193e+01
5.376617423926447970e+01,3.459248248813691973e+00
5.492785984159316115e+01,3.314474210648014729e+00
2.779658673613413811e+01,1.294246679497900132e+01
1.041328994475374969e+01,9.221977921471716400e+01
2.472157610960059770e+01,1.636242575807649402e+01
8.976918530127613849e+01,1.240924709697521777e+00
2.637095370531604388e+01,1.437965039282939550e+01
5.814635630165254554e+01,2.957705913547829635e+00
2.299501174413286009e+01,1.891179399871964151e+01
2.734090419285216811e+01,1.337747826098031645e+01
1.870336585928757955e+01,2.858646550424690957e+01
5.675096360431955844e+01,3.104942199511190104e+00
5.338647947768296831e+01,3.508628887307736033e+00
8.423984333356143850e+01,1.409174900073606240e+00
3.820650705385595813e+01,6.850548255127232977e+00
2.390862276888152138e+01,1.749407082671265101e+01
1.269958373577054189e+01,6.200418852036958128e+01
1.955553661101377472e+01,2.614932752406198446e+01
1.405561469066360303e+01,5.061745593980678848e+01
2.401923679728910344e+01,1.733331352201415854e+01
1.490859731256727017e+01,4.499108131774192287e+01
1.946232833220486924e+01,2.640039411427497384e+01
1.923187550274954205e+01,2.703688925461419501e+01
2.483276624280109246e+01,1.621622640343543509e+01
6.903955926990754222e+01,2.097992732281255712e+00
4.080028429116251942e+01,6.007221166764913356e+00
3.248741257123980830e+01,9.474793479287891174e+00
2.763282267491413435e+01,1.309632668246734788e+01
1.825543760872286470e+01,3.000651120714971043e+01
1.650170595292984999e+01,3.672335169481781492e+01
1.008721382960941071e+01,9.827827967867217751e+01
1.054829014769916640e+01,8.987437132451027821e+01
1.573040270464827728e+01,4.041292810492948462e+01
1.342979591475685197e+01,5.544484504102862843e+01
5.207028146038871341e+01,3.688248288629320637e+00
1.390207307574556239e+01,5.174172053397492022e+01
2.731385109162385660e+01,1.340399092637180800e+01
1.274071219016253664e+01,6.160452163553588889e+01
1.040663950567707197e+01,9.233768432530909820e+01
2.630044371836985917e+01,1.445685578817245975e+01
9.576375366324472793e+01,1.090429716315214570e+00
1.620242526863124155e+01,3.809254120345918437e+01
1.971087599418576630e+01,2.573879130771594603e+01
3.254060044113464301e+01,9.443845541897212925e+00
6.996309720831210655e+01,2.042969795567682212e+00
1.747582590680713821e+01,3.274346085469331058e+01
3.788337551987876139e+01,6.967912078219208993e+00
1.937086822475952630e+01,2.665028308313494065e+01
1.754799796093030650e+01,3.247467769406678428e+01
1.060151998785519289e+01,8.897412526818249034e+01
2.957169435358460419e+01,1.143530052212223502e+01
2.751594466898400171e+01,1.320782010521190664e+01
1.222181071029094745e+01,6.694665675956885309e+01
1.075508181354812010e+01,8.645150600811827246e+01
1.079741318828607177e+01,8.577496668125728263e+01
1.609680583417136646e+01,3.859407078814880521e+01
4.058346540371177014e+01,6.071580297843063079e+00
8.200103237331305195e+01,1.487172547053251526e+00
6.486814677159256348e+01,2.376495622387420514e+00
2.322263715303595077e+01,1.854286886482832486e+01
1.760618873148239771e+01,3.226036627780110422e+01
2.767984800415537450e+01,1.305186574958098156e+01
5.963208568421779887e+01,2.812159835218910775e+00
1.439689410654655610e+01,4.824611852303277004e+01
1.929953865408075586e+01,2.684764180465322525e+01
3.451588620238583616e+01,8.393864284291495892e+00
1.476453140992944313e+01,4.587337189324409081e+01
7.466121589072649556e+01,1.793948136608237709e+00
5.544853313068578871e+01,3.252519259732192136e+00
1.657509466814784105e+01,3.639887533810978226e+01
2.506622041854943816e+01,1.591557345780749877e+01
1.013468637952734674e+01,9.735973255682903016e+01
1.446967389103426527e+01,4.776200099086993589e+01
2.979127048358818541e+01,1.126735429846814540e+01
3.098516268650139338e+01,1.041579535599352013e+01
1.568969715116135077e+01,4.062289577161217835e+01
1.693954858052808277e+01,3.484948259668200876e+01
1.383423653292462774e+01,5.225039841735873125e+01
2.961348452725492919e+01,1.140304859290387895e+01
3.046918116803061949e+01,1.077155575592832903e+01
2.082792595650495926e+01,2.305196491047466623e+01
2.274017624449044561e+01,1.933803524344862268e+01
4.876219799088325857e+01,4.205653153935916322e+00
2.613413929151994708e+01,1.464143342197587394e+01
3.499150909799505627e+01,8.167227518511142037e+00
4.007509935287995262e+01,6.226597379889886597e+00
3.957364982250260965e+01,6.385395281924660438e+00
3.436612391031410851e+01,8.467182034536261170e+00
1.612389821102769005e+01,3.846448343263939051e+01
1.589455602230436781e+01,3.958249788058144958e+01
1.748087779153632937e+01,3.272453820222396814e+01
1.051067090562099615e+01,9.051886991477023514e+01
5.164849559593725559e+01,3.748734196801760010e+00
1.019417170226779490e+01,9.622681504455277945e+01
3.124182415331545570e+01,1.024536022636211285e+01
1.725973272397659386e+01,3.356849477119401826e+01
1.483834796146293478e+01,4.541809325924386798e+01
3.844632495995201538e+01,6.765351024773450739e+00
3.779078075274457404e+01,7.002099390925982547e+00
2.781301792387895944e+01,1.292717918502465224e+01
1.309816292529443693e+01,5.828800934846756121e+01
2.583855522840462626e+01,1.497833526940784488e+01
4.919936168309745739e+01,4.131246068587412168e+00
2.665214730351214101e+01,1.407782590657605581e+01
3.123438545787949039e+01,1.025024082115994517e+01
2.398593294368820139e+01,1.738148066205701170e+01
2.383714621549975021e+01,1.759914134017414256e+01
5.280113009806859026e+01,3.586852884775494577e+00
2.535273955279778946e+01,1.555787257283985170e+01
3.153306194662989625e+01,1.005698290810063078e+01
6.549245477011967864e+01,2.331403597724993393e+00
1.227111787422235523e+01,6.640973453921277780e+01
4.763172659030799139e+01,4.407652538531742437e+00
2.759728098938829532e+01,1.313008111313063608e+01
2.740784945674615258e+01,1.331220753723189709e+01
4.964029623105261635e+01,4.058179670953459883e+00
1.583825742736714126e+01,3.986439753076845705e+01
1.399141690489623535e+01,5.108302474288560546e+01
6.007631623460640213e+01,2.770724918800434367e+00
2.730576338616802801e+01,1.341193236962300617e+01
1.378559420291776227e+01,5.261977895431640206e+01
4.575917584748336964e+01,4.775772298734663579e+00
1.966597384404384741e+01,2.585646119606617077e+01
1.966091776693803439e+01,2.586976159972441636e+01
2.319956620802707903e+01,1.857976733257651603e+01
3.065831151555709866e+01,1.063906677144822588e+01
2.915258181669371851e+01,1.176646356250747694e+01
1.143713490796468868e+01,7.644789158753742697e+01
2.438198696863416970e+01,1.682138730485864642e+01
1.858220196588427697e+01,2.896047281467267354e+01
5.539102860212468471e+01,3.259276009947102981e+00
1.428922363877538793e+01,4.897593470599323950e+01
1.769368132598870247e+01,3.194210976942335733e+01
2.976311231076293851e+01,1.128868393538329329e+01
1.029414612259099293e+01,9.436682486405946690e+01
1.552003249092576276e+01,4.151592777851402616e+01
4.561273731669882636e+01,4.806486513843673869e+00
3.858798961623343615e+01,6.715768143038951976e+00
1.729403404988523008e+01,3.343546600787392009e+01
8.551680692734278466e+01,1.367404632389215280e+00
1.856513865404149399e+01,2.901373271013093813e+01
2.806643410911742720e+01,1.269479007118197522e+01
1.799619370231286908e+01,3.087725481945404482e+01
1.084512283286875878e+01,8.502194767524302677e+01
1.935573133681753433e+01,2.669198236892322740e+01
4.318255226939380975e+01,5.362698553953909375e+00
2.568397355411261884e+01,1.515917518544306652e+01
2.003902233154203572e+01,2.490272894438254170e+01
2.309114320190363046e+01,1.875465721376940209e+01
7.904515154477329020e+01,1.600477330779989549e+00
1.242334994810257953e+01,6.479217549694016043e+01
3.460562505406950606e+01,8.350387012926244523e+00
1.070356447222932772e+01,8.728570847095883778e+01
8.227592142255124941e+01,1.477251673127882858e+00
2.815925387870052887e+01,1.261123775356978882e+01
1.325264672153354262e+01,5.693702325577809376e+01
2.344527718357898394e+01,1.819236902104905340e+01
1.589593835809941069e+01,3.957561386740310638e+01
6.503809138009330582e+01,2.364092276908463575e+00
2.198252270725347302e+01,2.069402355626924361e+01
2.770487960323107401e+01,1.302829145631060648e+01
2.413279263054685586e+01,1.717057495986547266e+01
1.167176700515230436e+01,7.340519235550864607e+01
1.074317815583319025e+01,8.664319216416399172e+01
1.445488228624343563e+01,4.785980021131182838e+01
1.663062965500470725e+01,3.615618627141525110e+01
4.128715937260984248e+01,5.866377315145181015e+00
5.073032560016888937e+01,3.885659140130197642e+00
1.065382628942504972e+01,8.810261059733443290e+01
1.690334380759722066e+01,3.499892862776157187e+01
3.177683527690906828e+01,9.903272163788265914e+00
2.396442991400429179e+01,1.741268709416887361e+01
1.807218431836950856e+01,3.061813301140192323e+01
8.770610155979851186e+01,1.299991117672499641e+00
3.868117367416920871e+01,6.683450160918706473e+00
1.993388513731915879e+01,2.516611037950963947e+01
1.751216218969676675e+01,3.260772189788556119e+01
1.882272652232633803e+01,2.822506399426347912e+01
3.062844829003305236e+01,1.065982340507517456e+01
1.426886551433542216e+01,4.911578737324261823e+01
2.218147055856410077e+01,2.032447470469434236e+01
7.769444846899187951e+01,1.656609028002751227e+00
9.265954889654835824e+01,1.164714914827449599e+00
1.178236291168064120e+01,7.203361480082092783e+01
1.434746227725662315e+01,4.857913940561743260e+01
5.322309574311253044e+01,3.530203459994652349e+00
2.652452938520635684e+01,1.421361755626435297e+01
1.039093488804787491e+01,9.261700931110425472e+01
1.640996898909595458e+01,3.713508987302813580e+01
1.134211893394946280e+01,7.773410560134614400e+01
1.107277062355781716e+01,8.156191106544380887e+01
1.989472175441293089e+01,2.526528845414078006e+01
3.953138169704318727e+01,6.399057489979740332e+00
1.341560023381314437e+01,5.556224474559947168e+01
1.850211986227201777e+01,2.921171263944338392e+01
1.008635166070153311e+01,9.829508180917942184e+01
1.823879511065885950e+01,3.006129674969943721e+01
6.970246033683278597e+01,2.058276824507906166e+00
8.109295095554263355e+01,1.520665842408946311e+00
1.561217247312268164e+01,4.102733609329659714e+01
6.612995112914843787e+01,2.286670539271520752e+00
6.604934185091390475e+01,2.292255434942755965e+00
5.801179631626077793e+01,2.971442789941165952e+00
1.153577307573138278e+01,7.514612514133756349e+01
3.875831522213711366e+01,6.656872193777899405e+00
3.217659120316164945e+01,9.658727957834168265e+00
2.393862195004403759e+01,1.745025218383512566e+01
9.669893646441532553e+01,1.069440445735506895e+00
1.337331667170814065e+01,5.591415202273395835e+01
6.690580628443984779e+01,2.233944516156370685e+00
1.660170212453415672e+01,3.628229628002980434e+01
9.920005056871322324e+01,1.016193032638396554e+00
2.081730628696994501e+01,2.307549021080971841e+01
1.668067905804321427e+01,3.593954272352412715e+01
2.044752052045607371e+01,2.391766036778363258e+01
1.683647742073002007e+01,3.527747847167422890e+01
1.056897436129275114e+01,8.952293483640767136e+01
2.810757974946242044e+01,1.265765041294074145e+01
5.829259534029012002e+01,2.942884493477393004e+00
1.537587224301855571e+01,4.229806267266717157e+01
1.828314922029923295e+01,2.991561892127266375e+01
9.451824651092677243e+01,1.119357176196608350e+00
3.853614338488610258e+01,6.733850984883183344e+00
3.008885212508683438e+01,1.104558596805062010e+01
1.841378264879494253e+01,2.949266208589751415e+01
2.435731321697994645e+01,1.685548441142784171e+01
3.883300585011137684e+01,6.631289430063784351e+00
2.039398931745340349e+01,2.404338579261461462e+01
3.255618579932610857e+01,9.434805755364980229e+00
9.079008512225733796e+01,1.213174165461730958e+00
6.701155829233523775e+01,2.226899232810560125e+00
8.385795572148026622e+01,1.422038838563879581e+00
1.869837361390231578e+01,2.860173204073533881e+01
1.376038223539362448e+01,5.281277701021270587e+01
2.734037712924898500e+01,1.337799404390623437e+01
6.922284024631973409e+01,2.086897749573443317e+00
1.329484872982479793e+01,5.657612512645629010e+01
6.326507853038869911e+01,2.498457101891703669e+00
4.066732048119217069e+01,6.046567195420802676e+00
2.363500568183403061e+01,1.790146517211194421e+01
3.727418729427954958e+01,7.197532486612121971e+00
5.850216886600020416e+01,2.921837547982809369e+00
2.235611937550324058e+01,2.000816038696773447e+01
1.287896264942691538e+01,6.028902113293311515e+01
2.026323794498852138e+01,2.435467348509829222e+01
2.650657071375997020e+01,1.423288403636234101e+01
2.250470582206364512e+01,1.974482638809054080e+01
6.899004994121675338e+01,2.101004977729732381e+00
2.137385372199899081e+01,2.188942403250583979e+01
1.599104465714224155e+01,3.910626399927087249e+01
4.321568161751903148e+01,5.354479564823252602e+00
4.223242433479357061e+01,5.606708468684451496e+00
1.439377367549686682e+01,4.826703937511936005e+01
1.701240910081386559e+01,3.455161601040236263e+01
6.497569781340115469e+01,2.368634743562386014e+00
3.483789161151488400e+01,8.239413006461623112e+00
8.619266790467520423e+01,1.346044298761057911e+00
1.421174082012728590e+01,4.951142689889600490e+01
1.539467352702688885e+01,4.219480978202985710e+01
2.977785555899288994e+01,1.127750847190764460e+01
2.084983059056956023e+01,2.300355400291299901e+01
1.115050879846315723e+01,8.042862248974842032e+01
1.164101759151348858e+01,7.379349994556476133e+01
3.644766534743276054e+01,7.527669968695344771e+00
1.417089359294338280e+01,4.979726903768357005e+01
1.773035199886504643e+01,3.181011832875302403e+01
7.270554443333041661e+01,1.891755208005746924e+00
5.981595578821715264e+01,2.794897638448087029e+00
2.155841468866411148e+01,2.151623885714015927e+01
1.495769928086185985e+01,4.469617972983225229e+01
1.701575661618975133e+01,3.453802264616390261e+01
7.236215677453475337e+01,1.909752093142566665e+00
4.242950505809864126e+01,5.554744255916749474e+00
2.111356857045002400e+01,2.243245028401577201e+01
1.436953012446702438e+01,4.843004422543757670e+01
1.157396913587317222e+01,7.465095366357775220e+01
1.012287573922278483e+01,9.758704969672886875e+01
2.936653305701928574e+01,1.159563788342229529e+01
1.358805629103580870e+01,5.416083176254789322e+01
1.938925662330176891e+01,2.659975781996973510e+01
5.338563278097955589e+01,3.508740181973196925e+00
3.704055485090444222e+01,7.288615374665674551e+00
1.298008844507764969e+01,5.935327624093152110e+01
2.874862026466064790e+01,1.209945997427436737e+01
1.083374647231423005e+01,8.520060206351394072e+01
1.566735985243351337e+01,4.073881225285000340e+01
1.434459858851370306e+01,4.859853756723015294e+01
3.155466033799352488e+01,1.004322010340500348e+01
3.795948834494838309e+01,6.939997277753249705e+00
2.113144063569367859e+01,2.239452152336526680e+01
8.106082791459111547e+01,1.521871309742245160e+00
7.973355317203314030e+01,1.572960308586337286e+00
1.679980651892272903e+01,3.543165511123481082e+01
1.415301217310978465e+01,4.992317981538272420e+01
4.815708030498526426e+01,4.312009442586848706e+00
5.656856437900110990e+01,3.124997582129611651e+00
2.665363372858365665e+01,1.407625576044883964e+01
8.630402015350767897e+01,1.342573119408263516e+00
1.422790740246665209e+01,4.939897525171944892e+01
2.500253500833443354e+01,1.599675568280252946e+01
5.260528120854237955e+01,3.613610229401562624e+00
1.024946113317481000e+01,9.519144823686120560e+01
1.526327850793106222e+01,4.292441077855333020e+01
2.152411614527530759e+01,2.158486547361028940e+01
4.285116562255362993e+01,5.445963422555936795e+00
3.943093538525651809e+01,6.431700915892249348e+00
1.045150647912000430e+01,9.154659838119495419e+01
5.487883789600356721e+01,3.320398335548030655e+00
1.184630385000982500e+01,7.125810427607609654e+01
1.290350512748174694e+01,6.005989969293234054e+01
5.689791237580013217e+01,3.088924801767419126e+00
1.453862909853349272e+01,4.731001498203084310e+01
5.427999397847401752e+01,3.394067056259383541e+00
4.399288810741085598e+01,5.166959433049743033e+00
8.532130252295033301e+01,1.373678327308185843e+00
3.686431485131444674e+01,7.358472424096498266e+00
1.692064174980315627e+01,3.492740651895311998e+01
1.446489856626700465e+01,4.779354171869610468e+01
1.429285270003557251e+01,4.895106715761451710e+01
1.204222408479277995e+01,6.895830709948396020e+01
1.854118772953147243e+01,2.908873918336673015e+01
2.492814316435111266e+01,1.609237482432271449e+01
1.971675304679051877e+01,2.572344946257830500e+01
2.016235822738091343e+01,2.459899400811336179e+01
2.657319126133783982e+01,1.416160814637594534e+01
8.422275078241291624e+01,1.409746926941277012e+00
1.747224885605504596e+01,3.275686920431114402e+01
9.824686374674242018e+01,1.036006806505715527e+00
5.174168904621848952e+01,3.735242451112590789e+00
1.619603170434007211e+01,3.812262205130087267e+01
3.018081142515842430e+01,1.097837790785900758e+01
1.050328169864295269e+01,9.064627732163239671e+01
4.517320574583301607e+01,4.900474985868494393e+00
1.095766365983459245e+01,8.328447804632904194e+01
2.246821500419073914e+01,1.980901394838802076e+01
1.178321516980408923e+01,7.202319506183904707e+01
7.441853036189283443e+01,1.805667667557269818e+00
1.649565616123249612e+01,3.675029325643239986e+01
5.886254571887396736e+01,2.886170068543974399e+00
1.660007580873889665e+01,3.628940580924541592e+01
1.925057100594691661e+01,2.698440013078298705e+01
1.696652073454795939e+01,3.473876826910090898e+01
1.245552106755531696e+01,6.445790688130010437e+01
7.890984982398241243e+01,1.605970510336794721e+00
2.716417379508559549e+01,1.355211253109905734e+01
2.772019189829342167e+01,1.301390209386245189e+01
1.922817822916646691e+01,2.704728778388160748e+01
7.094051832573525473e+01,1.987061392681223504e+00
3.600276414712881490e+01,7.714864613851661446e+00
5.178419164213635639e+01,3.729113462928796530e+00
1.588378852296616905e+01,3.963618141829878283e+01
4.884494994313370597e+01,4.191414990085260861e+00
1.551993477232024610e+01,4.151645057598715027e+01
1.179197501401856485e+01,7.191622780204656351e+01
2.552644636859566418e+01,1.534685117051557235e+01
1.439847290361272414e+01,4.823553869907360792e+01
1.355765534178362763e+01,5.440399869856828019e+01
1.375711258765534772e+01,5.283788397885899712e+01
1.995776050301035198e+01,2.510593421983297802e+01
2.845888415615342737e+01,1.234708006427920068e+01
2.737127956880991064e+01,1.334780332681487103e+01
3.493741067201811035e+01,8.192539997101397020e+00
5.652020171003130855e+01,3.130347806620733753e+00
3.847681730361495056e+01,6.754632380074662379e+00
9.479629875566237729e+01,1.112800310109674617e+00
2.674540864282126051e+01,1.397981821912141598e+01
2.923213773549965921e+01,1.170250532374821439e+01
3.114840838648161281e+01,1.030690515892114689e+01
1.316887528876028490e+01,5.766371656753601371e+01
2.707941693186219823e+01,1.363707980553076027e+01
2.145576510493001976e+01,2.172260915148734384e+01
1.597911022113143176e+01,3.916470098191654614e+01
1.202390694271227112e+01,6.916856841114187660e+01
5.044200350467595939e+01,3.930206269002502584e+00
1.547488350187497019e+01,4.175853206231361980e+01
1.025451221221623577e+01,9.509769417031974115e+01
1.556562837007835043e+01,4.127306154845085473e+01
3.014483635561143160e+01,1.100459689747015801e+01
4.711320134399559123e+01,4.505207193278718769e+00
4.356389695183671051e+01,5.269222721195411019e+00
1.720678794016846780e+01,3.377539114474777904e+01
1.056068085908051479e+01,8.966359815185653304e+01
2.978448177293666888e+01,1.127249116980359211e+01
2.560476462409744158e+01,1.525311077326169595e+01
1.378109099531647175e+01,5.265417340155640602e+01
1.433444147004034797e+01,4.866743400663427366e+01
1.385767778606249934e+01,5.207377735518421247e+01
1.161888776360773612e+01,7.407486812192000514e+01
1.840925938560628694e+01,2.950715690710822159e+01
2.467173900956483834e+01,1.642859697223521920e+01
8.245290008180521113e+01,1.470916870158582190e+00
2.407998185084241172e+01,1.724597250938903059e+01
1.571158976305757449e+01,4.050976633045282682e+01
9.178918359609812683e+01,1.186907805113413872e+00
1.112926860553424824e+01,8.073591125811152835e+01
2.291065454722768280e+01,1.905131711575259956e+01
1.012339381516928150e+01,9.757706170053073436e+01
1.520873510967412479e+01,4.323284424647894042e+01
3.949862243703140763e+01,6.409676357459992424e+00
1.158279914357628115e+01,7.453717853320793552e+01
8.408405670142676058e+01,1.414401431426304034e+00
3.822824958034412646e+01,6.842757897422133695e+00
1.858579892143572820e+01,2.894926431577411563e+01
2.913889690349857275e+01,1.177751825992891632e+01
1.810155180545402587e+01,3.051886547520194881e+01
2.654689524715957205e+01,1.418967758970694071e+01
2.260254581744183611e+01,1.957425688157367816e+01
5.281304986535926105e+01,3.585233980848627766e+00
1.967923266898791823e+01,2.582163150434650234e+01
1.875863284313227553e+01,2.841826983720036992e+01
1.297823384561263538e+01,5.937024070939222753e+01
2.171783844243396189e+01,2.120151052246410117e+01
8.313646236302722059e+01,1.446828047593766708e+00
2.587490071707045658e+01,1.493628582734019972e+01
4.557110353207971798e+01,4.815272942966188907e+00
1.797595533166775894e+01,3.094682075831975254e+01
5.038417272732552732e+01,3.939233600837841021e+00
5.353366623499390187e+01,3.489361991879861957e+00
1.340894484420662813e+01,5.561741391227023712e+01
1.355780504742554626e+01,5.440279724441649023e+01
8.802920607683148546e+01,1.290465593785902865e+00
4.530686705046670681e+01,4.871603525620544772e+00
1.194474726197589298e+01,7.008838776019906902e+01
1.192242070715378510e+01,7.035113598288698711e+01
3.865412743453074285e+01,6.692806234704065105e+00
5.188269410181610652e+01,3.714967005862073623e+00
7.860619185830648803e+01,1.618402296176946642e+00
7.621342129859773706e+01,1.721619147000729377e+00
1.784320375002087999e+01,3.140901598934373240e+01
3.149290922857302633e+01,1.008264408939807488e+01
1.080809153643228271e+01,8.560555980984818802e+01
4.019386255516576512e+01,6.189855544759354622e+00
1.152082291020545668e+01,7.534128063448869739e+01
1.020884246739957035e+01,9.595044548741027768e+01
1.901547909254375313e+01,2.765575099256789926e+01
1.027660125634932520e+01,9.468931799127092575e+01
1.229075983091888880e+01,6.619764434324228830e+01
2.569740189462100588e+01,1.514333627841306651e+01
6.878457921059613511e+01,2.113575812775023266e+00
4.408009373100202311e+01,5.146535601238229063e+00
1.645460361965863783e+01,3.693389840347106912e+01
1.174216929829809786e+01,7.252760300723629427e+01
2.191336518112218812e+01,2.082484835467801432e+01
2.304644098061378443e+01,1.882748302822468034e+01
1.703145896682023874e+01,3.447436654484249630e+01
1.042857067978854779e+01,9.194972234285675938e+01
1.849921812407907140e+01,2.922087750140293139e+01
1.009054701293982426e+01,9.821336240136028550e+01
1.431503263890521360e+01,4.879949355249942045e+01
1.635986295767269638e+01,3.736290857715663094e+01
3.924501402414070128e+01,6.492785011209675439e+00
5.240686899040463231e+01,3.641024256805352799e+00
6.917702863580431938e+01,2.089662707973428013e+00
1.412970732611910663e+01,5.008799731802859156e+01
4.219532255619854055e+01,5.616572609908331515e+00
1.669164194162796377e+01,3.589234884809668813e+01
1.205708117107278099e+01,6.878846693959944503e+01
7.238153941383313850e+01,1.908729426862905809e+00
1.335239812848483432e+01,5.608948514346528924e+01
1.206532838272599406e+01,6.869445886360365705e+01
1.592634523430215054e+01,3.942464112069749405e+01
1.055832151980317235e+01,8.970367468947044642e+01
4.606065665566216438e+01,4.713459174126060525e+00
2.344981949778480512e+01,1.818532184929086881e+01
1.061127936289435958e+01,8.881053848137486284e+01
6.511419797861405812e+01,2.358569122856040146e+00
1.281095356258296469e+01,6.093082887277856230e+01
2.409614519125543808e+01,1.722284357895963325e+01
4.192692475179872247e+01,5.688712451568304296e+00
1.577922491294079954e+01,4.016323320315494527e+01
3.305543578740199706e+01,9.151962371898937576e+00
1.319638135543925195e+01,5.742358270311804347e+01
1.519169477921307632e+01,4.332988610231404891e+01
2.141410018159252715e+01,2.180722175020424558e+01
1.601960649796978942e+01,3.896694083067013992e+01
3.233520932038546647e+01,9.564199943626709555e+00
4.722954003392846545e+01,4.483039525841809869e+00
5.442453144210983851e+01,3.376063467895900949e+00
1.184970180588121558e+01,7.121724296470061688e+01
2.614211785682986644e+01,1.463249766496664961e+01
1.727161989237468021e+01,3.352230373233577154e+01
1.009206459275648626e+01,9.818382723364490516e+01
1.225221315849421977e+01,6.661482821477527239e+01
1.038123134623587518e+01,9.279023212345931881e+01
1.112097949377683292e+01,8.085631043684266217e+01
3.893009702442094522e+01,6.598253970968865012e+00
5.234441572731410020e+01,3.649717810719145028e+00
2.634412962346414133e+01,1.440894855517183792e+01
5.088949922420989225e+01,3.861389804244831581e+00
2.363133438953069998e+01,1.790702783864345804e+01
3.373734805850174467e+01,8.785735343583116475e+00
2.050349072110918414e+01,2.378725827027139417e+01
3.116483274348671983e+01,1.029604421937436598e+01
1.387626845189453917e+01,5.193433962344838761e+01
4.668531535180313341e+01,4.588169002611226510e+00
1.201567002418182994e+01,6.926343305753775326e+01
1.207023441687465493e+01,6.863862749234799310e+01
1.545604987538911601e+01,4.186036193039650755e+01
1.533449199733431989e+01,4.252665398569351396e+01
8.068699441514795012e+01,1.536006039565889880e+00
1.503056512816268153e+01,4.426386987477350488e+01
1.867492075344157954e+01,2.867361600168909774e+01
1.879604551596828799e+01,2.830525188328342168e+01
2.549848826345320418e+01,1.538052407715237457e+01
1.781170444265680786e+01,3.152020546884476104e+01
3.194726362135182285e+01,9.797892474952083930e+00
3.092318634260720955e+01,1.045758793178235635e+01
1.730690764549573757e+01,3.338574313540360805e+01
1.148278060608365614e+01,7.584131695462778566e+01
5.887364579558314404e+01,2.885081850255048597e+00
1.878158193986397606e+01,2.834886405635549522e+01
1.408130427143583674e+01,5.043293396048742494e+01
1.316158939612421896e+01,5.772757632214494805e+01
3.279286582976886422e+01,9.299107231062620826e+00
2.274597200971584954e+01,1.932818168053293206e+01
2.690853005996168079e+01,1.381083866078513545e+01
1.324806308177509706e+01,5.697642885784571121e+01
1.014392639008225672e+01,9.718244514348006646e+01
2.498985385443998553e+01,1.601299497671712402e+01
5.069185468886633572e+01,3.891559163806487032e+00
7.281517869862713610e+01,1.886062849376077377e+00
2.196815684854941608e+01,2.072109770951388441e+01
1.070343589795219330e+01,8.728780551052331305e+01
2.712133998007121960e+01,1.359495311907241977e+01
1.325081866471896852e+01,5.695273417834334140e+01
1.020909563785361485e+01,9.594568668848998527e+01
2.874726192288038362e+01,1.210060342858574067e+01
3.127699689645524828e+01,1.022233021464406377e+01
1.285911199859116572e+01,6.047530149840595470e+01
1.143251385268743370e+01,7.650970499686710014e+01
1.306273902612461946e+01,5.860457209038226978e+01
4.997995288574416861e+01,4.003209468369296253e+00
5.238403710186873496e+01,3.644198871869570588e+00
1.214494186627714534e+01,6.779678807963887266e+01
3.418193743642055438e+01,8.558677265392068634e+00
3.004445878553842419e+01,1.107825173979417244e+01
3.187094620231935593e+01,9.844872262312284406e+00
1.711994598189514960e+01,3.411891563114596693e+01
8.786083592428332167e+01,1.295416242672789764e+00
1.722520444027617970e+01,3.370320715703989833e+01
1.073799593613268044e+01,8.672684136761175466e+01
1.009580680489674087e+01,9.811105313629909119e+01
1.626013243503358652e+01,3.782264034043142686e+01
1.017232947542206745e+01,9.664049894059243684e+01
3.360714251219484083e+01,8.853945099828829157e+00
2.433402081004050288e+01,1.688776783099477896e+01
2.778944586688435336e+01,1.294911912895726935e+01
6.632033494271387042e+01,2.273560828895253128e+00
4.301574647116662220e+01,5.404369973481062850e+00
1.634925286896826435e+01,3.741141873354897740e+01
1.001396713205673805e+01,9.972124151321094132e+01
1.290913926574540582e+01,6.000748536406056388e+01
1.475198198434503816e+01,4.595145351416947932e+01
1.570662092740622029e+01,4.053540115170031299e+01
1.702379694191830595e+01,3.450540578929958713e+01
2.696596037947753999e+01,1.375207448141798849e+01
1.262886383765684073e+01,6.270056270779382146e+01
2.229518943762936445e+01,2.011766937234304820e+01
1.732921069872737263e+01,3.329986214995410165e+01
2.715962031422084877e+01,1.355665710553329362e+01
1.683432205530225545e+01,3.528651248264466034e+01
1.059022081277198346e+01,8.916408741436251262e+01
1.192812487723208825e+01,7.028386658438350310e+01
2.223407398850764594e+01,2.022841742341575610e+01
3.612324115380085487e+01,7.663489720133284777e+00
1.622287845716537547e+01,3.799655049620932346e+01
2.928717401617357297e+01,1.165856409485578737e+01
1.857675723028307146e+01,2.897745158262943121e+01
6.897564096237044851e+01,2.101882867312213410e+00
1.004110435525305789e+01,9.918295396159084021e+01
1.174949089678770520e+01,7.243724121308660813e+01
1.583431270656605427e+01,3.988426242910745145e+01
5.819804970871143013e+01,2.952453985215508059e+00
7.307069929501331274e+01,1.872895183458363588e+00
6.295819449646268851e+01,2.522873471970686232e+00
1.806064733599604111e+01,3.065726269239972623e+01
2.395580107443218765e+01,1.742523339501005353e+01
1.471813370180748493e+01,4.616305184811377416e+01
1.190888687482248187e+01,7.051112767757618371e+01
4.559939549824088800e+01,4.809299562183902310e+00
1.491554443038955213e+01,4.494918066099104692e+01
1.478339245187041051e+01,4.575639364767811657e+01
1.729048253929071777e+01,3.344920288385782925e+01
8.370455514576732980e+01,1.427255793936726525e+00
2.579785194099731171e+01,1.502563753680370162e+01
4.145333710300354824e+01,5.819437438709591959e+00
1.818620111097672165e+01,3.023542107505433663e+01
3.921014091719936090e+01,6.504339383123674878e+00
1.590598746687257758e+01,3.952562338178198331e+01
9.855239897751123124e+01,1.029593042585601692e+00
2.787242107132832913e+01,1.287213575560613954e+01
6.551208078113388922e+01,2.330006930168042167e+00
2.079506630231990627e+01,2.312487432619161964e+01
1.328435924473028784e+01,5.666550673825260276e+01
3.096136321787339796e+01,1.043181439673225874e+01
1.562862066504008851e+01,4.094102388372076007e+01
1.766615763933427630e+01,3.204171824150031256e+01
2.455852658169707325e+01,1.658041458002906410e+01
1.832054531908871553e+01,2.979361538462243786e+01
2.480332368473962390e+01,1.625474789903394779e+01
1.680670955786891696e+01,3.540255532049277321e+01
4.216945989937033090e+01,5.623464044342112444e+00
1.701490714687140482e+01,3.454147135413222713e+01
1.720371724472833463e+01,3.378744937542709437e+01
3.850342100202774986e+01,6.745301462593661590e+00
1.460371607118287329e+01,4.688924486004268033e+01
1.043979575864069886e+01,9.175209625568730587e+01
4.112783678988137837e+01,5.911916142013192932e+00
3.034924569246009085e+01,1.085685898568934959e+01
3.407373217208685645e+01,8.613121808942851843e+00
1.025406397085299659e+01,9.510600846441411704e+01
2.782753072318654475e+01,1.291369896377916504e+01
1.480419356608769377e+01,4.562790096097270975e+01
1.099828674997933220e+01,8.267037791678205849e+01
2.297355001416918796e+01,1.894714503508305015e+01
1.566416097654234285e+01,4.075545300508848356e+01
2.371593346341007091e+01,1.777950041252518076e+01
1.355011587319187250e+01,5.446455779007542475e+01
2.457167013062025163e+01,1.656268137718629774e+01
1.554461501030585424e+01,4.138472361190054016e+01
1.034719704041702038e+01,9.340165276273556572e+01
3.476317558321103007e+01,8.274868788213872506e+00
3.852935543208943159e+01,6.736223881524482593e+00
4.601306023184917393e+01,4.723215527266379610e+00
4.313782816587089286e+01,5.373824112481013771e+00
1.114255091111691698e+01,8.054354598935709930e+01
7.913380814958155440e+01,1.596893188791976392e+00
1.824954327949030031e+01,3.002589764508579151e+01
2.171006421071764336e+01,2.121669748509997788e+01
1.112513251103597867e+01,8.079595430612508267e+01
1.102693056933391169e+01,8.224144263413666067e+01
1.880779463389953321e+01,2.826989868273587092e+01
3.470995585509336934e+01,8.300263455060839846e+00
1.339664645680994504e+01,5.571957656459624530e+01
8.618511242858276944e+01,1.346280312870972606e+00
3.816907072398792877e+01,6.863992918433135415e+00
1.188110667102946749e+01,7.084124903465929890e+01
4.216746224600139925e+01,5.623996872138232739e+00
9.396552859147467984e+01,1.132564325334563859e+00
2.741275916637799170e+01,1.330743944948383550e+01
2.358918842246167102e+01,1.797107270512906396e+01
6.786840145532178781e+01,2.171024676332226733e+00
1.191908229693949828e+01,7.039055073582639466e+01
1.472974460845281541e+01,4.609030331820294180e+01
2.273556258703382582e+01,1.934588445524013522e+01
1.063400027799972491e+01,8.843143354497073005e+01
1.027540729249374252e+01,9.471132435818040562e+01
1.631768453012603004e+01,3.755631168614549864e+01
1.939858905580848258e+01,2.657417031656316198e+01
1.702394033118967087e+01,3.450482452737534800e+01
2.569269044161574911e+01,1.514889067211092311e+01
6.397328757673410848e+01,2.443445522803439296e+00
1.203677581344230241e+01,6.902074717532281056e+01
1.691813626355649092e+01,3.493775241228262729e+01
1.979687788564257289e+01,2.551564737510579661e+01
1.046278649129901517e+01,9.134931057583492020e+01
1.526064565826895425e+01,4.293922316222297297e+01
2.639642149343715261e+01,1.435191623784709947e+01
7.284230079858632223e+01,1.884658597691746484e+00
1.476312164572597929e+01,4.588213341765778353e+01
8.989750412445286543e+01,1.237384670284444876e+00
1.551616894488654630e+01,4.153660539147945485e+01
1.257592160063739684e+01,6.322958879532848186e+01
1.002747991915639858e+01,9.945265878262118520e+01
2.101286332528270151e+01,2.264798290467619779e+01
1.613428662547103798e+01,3.841496697570058672e+01
3.386886941741647661e+01,8.717633378600627481e+00
1.425792275175003532e+01,4.919120770723340286e+01
1.326177150675122896e+01,5.685869897258194072e+01
1.556868624147593749e+01,4.125685012018907116e+01
6.966956248593889711e+01,2.060221113193226650e+00
1.306524920422988423e+01,5.858205529337669049e+01
1.239232502841730899e+01,6.511700369968549751e+01
1.213211711152075978e+01,6.794019862056129000e+01
1.904351676191183884e+01,2.757437610772776893e+01
3.982635958374601159e+01,6.304618018287749592e+00
4.592939660292793036e+01,4.740438538564180959e+00
9.199732997180164773e+01,1.181543060749295382e+00
7.398195504289753899e+01,1.827041417076195495e+00
2.109745485838513446e+01,2.246673006687444740e+01
1.344090175074606286e+01,5.535325788805135261e+01
1.748212943451914470e+01,3.271985250618185859e+01
1.618463892818207839e+01,3.817631189471391906e+01
5.552878073432014361e+01,3.243125274291208449e+00
1.604896677046625442e+01,3.882449757970195492e+01
4.332859744622036402e+01,5.326608010170640561e+00
2.281263638448437803e+01,1.921538292636532219e+01
1.756630968810122084e+01,3.240700753482162355e+01
1.712980674020517924e+01,3.407964588914480686e+01
3.358694362259261368e+01,8.864597669945203151e+00
1.542554023054244361e+01,4.202611402294949272e+01
1.282770964784378620e+01,6.077175209600427053e+01
1.354813122205283271e+01,5.448051586755606479e+01
1.008905926316511525e+01,9.824232995468666729e+01
1.084350291152006740e+01,8.504735259411371828e+01
3.408488544250332097e+01,8.607485952563163067e+00
1.344692997302111515e+01,5.530363958133654023e+01
2.913991229013147333e+01,1.177669749381689535e+01
5.373087403768486325e+01,3.463795067580849540e+00
6.164326851498368853e+01,2.631653358606520055e+00
2.639480780655051717e+01,1.435367114412612999e+01
1.100662868409823147e+01,8.254511349113055019e+01
1.252522973631449688e+01,6.374242758031082445e+01
2.721211750028113130e+01,1.350440098372285824e+01
7.361896767668881125e+01,1.845102738773310769e+00
1.723031523878157856e+01,3.368321625702159139e+01
1.621724976969950660e+01,3.802293077963761903e+01
1.519695884619367199e+01,4.329987326609131770e+01
1.654206779853661047e+01,3.654436391723335475e+01
1.322442210658583406e+01,5.718032167224832563e+01
1.306848468252952955e+01,5.855305154732624118e+01
1.330180048730318987e+01,5.651700520090639657e+01
1.207986542681550723e+01,6.852922299877702983e+01
8.276399187907298938e+01,1.459879940412619259e+00
6.629467308999232955e+01,2.275321304435900860e+00
1.886797423021998910e+01,2.808985201113552677e+01
2.143250981336437277e+01,2.176977485239040888e+01
1.952695215688062547e+01,2.622594074393951402e+01
1.301442705134681077e+01,5.904048183247880388e+01
1.201496202511918732e+01,6.927159619453449579e+01
2.074092292880704136e+01,2.324576508285577958e+01
1.723939261730840755e+01,3.364775389320938359e+01
1.073720652312408674e+01,8.673959437061610345e+01
1.386917882852799622e+01,5.198744860976959359e+01
1.291799153137945844e+01,5.992527131527862139e+01
2.355776429810078554e+01,1.801904855419406104e+01
4.451302172094554521e+01,5.046913323566095677e+00
1.060205366590007081e+01,8.896516807109233582e+01
1.025929875991435480e+01,9.500897788009025646e+01
1.459854711190045329e+01,4.692245522046563622e+01
1.144908799361848928e+01,7.628834854100315965e+01
1.416937835352045738e+01,4.980792000878397374e+01
1.333400195334933969e+01,5.624435894293740290e+01
3.768706045652558601e+01,7.040694027957330015e+00
1.165439403486916170e+01,7.362420275251965052e+01
3.140431887315101633e+01,1.013960981462309796e+01
2.117763303033088818e+01,2.229693475317133178e+01
1.291703209846358114e+01,5.993417373382083468e+01
9.291664040890103138e+01,1.158278520680755319e+00
1.010770961843497062e+01,9.788011852938397794e+01
3.722911471101678416e+01,7.214970868596951803e+00
7.626371365017463688e+01,1.719349241113903748e+00
1.719549220116162402e+01,3.381977990763662234e+01
1.318888842386834703e+01,5.748884873398815643e+01
1.440338821358196597e+01,4.820262253163719635e+01
1.508915881058192632e+01,4.392076957184742980e+01
1.464191723322175065e+01,4.664489339478304686e+01
1.106030317438475841e+01,8.174589193552365884e+01
1.492690201676353823e+01,4.488080478753616376e+01
1.627113001151356286e+01,3.777152934718706945e+01
3.875290202637518888e+01,6.658732052897203602e+00
1.043766865047700776e+01,9.178949666111651595e+01
3.747964347656075290e+01,7.118837802085039357e+00
1.988095212060206762e+01,2.530029827101439110e+01
9.112791645055490619e+01,1.204195829147208130e+00
1.514446251137271915e+01,4.360058044813961686e+01
2.677310161723948667e+01,1.395091289976563331e+01
1.496220399342464447e+01,4.466927017387251198e+01
1.197720012039104631e+01,6.970908592509221080e+01
4.631398541963627480e+01,4.662036730187750777e+00
1.691775143736938247e+01,3.493934188060082136e+01
7.783629208445444192e+01,1.650576744030191945e+00
3.563649776558015958e+01,7.874263923773229479e+00
1.389411417682999961e+01,5.180101543611208115e+01
2.084582010627892856e+01,2.301240606686627288e+01
2.243661655000515509e+01,1.986484901455180463e+01
5.773892523185947567e+01,2.999594916467709815e+00
1.288036530255197754e+01,6.027589107374109290e+01
1.255911663258888389e+01,6.339891314312791337e+01
1.210254101226410484e+01,6.827266786675210142e+01
2.415870818898507721e+01,1.713375623902421196e+01
8.926799638150772864e+01,1.254897995823349710e+00
1.526696407857376769e+01,4.290368866878717569e+01
1.377074806138795005e+01,5.273329810163890841e+01
1.384120039311811645e+01,5.219783463321242323e+01
1.916719621590238631e+01,2.721966791623594872e+01
1.394680667076566039e+01,5.141033554196952338e+01
1.945717592008669428e+01,2.641437802658094824e+01
5.496298006018383120e+01,3.310239801653473535e+00
1.065543906458469792e+01,8.807594272417109948e+01
1.019982744736810609e+01,9.612013021029963511e+01
6.839331349380755398e+01,2.137827751593182057e+00
1.734733898852573830e+01,3.323030057295591888e+01
2.409787035863065441e+01,1.722037769929003304e+01
1.340721260982721574e+01,5.563178656721000692e+01
2.095313958030586221e+01,2.277727618527851661e+01
1.549051682635216487e+01,4.167428758329620564e+01
3.161893389337593874e+01,1.000243078519129547e+01
1.366466791367679967e+01,5.355522356666819661e+01
2.445158326521559644e+01,1.672576648862370874e+01
1.861693664106897828e+01,2.885250723225650304e+01
2.984738333983514735e+01,1.122502903876999270e+01
1.198275853014553149e+01,6.964442939471280170e+01
5.569106736256970436e+01,3.224251546962083825e+00
1.316775321543185306e+01,5.767354446666329437e+01
4.069773025952621026e+01,6.037534452300826970e+00
8.189534211647215045e+01,1.491013573141227511e+00
5.636407338167202852e+01,3.147713935060880708e+00
1.155768206394100517e+01,7.486149798022893265e+01
5.386551498866279530e+01,3.446500670598964255e+00
1.722976904507194007e+01,3.368535184600117560e+01
7.769439040305236688e+01,1.656611504181406014e+00
1.543351185808756654e+01,4.198271106828204324e+01
1.844435437859279858e+01,2.939497425827612886e+01
1.502382579891216530e+01,4.430359021020336030e+01
4.290076524761834520e+01,5.433378024868972034e+00
2.059126170966501945e+01,2.358490238986802368e+01
1.568268067791664144e+01,4.065925348731532551e+01
1.385713802673786077e+01,5.207783416031328017e+01
9.895580524677637868e+01,1.021215612186078481e+00
1.165351487796378827e+01,7.363531179017651596e+01
1.276457459555887297e+01,6.137440695341874175e+01
2.086995557368161514e+01,2.295921055198703797e+01
1.597231564994232045e+01,3.919802914238571390e+01
1.759097807003438163e+01,3.231618053200519824e+01
3.910765162659566840e+01,6.538475855786789026e+00
1.284313766509128563e+01,6.062583378256331912e+01
1.432270468082968229e+01,4.874722807664384305e+01
1.349691873594675329e+01,5.489474018622500040e+01
3.916205257605720647e+01,6.520322964608689986e+00
2.097532863267920433e+01,2.272911113790725324e+01
1.458380846641415651e+01,4.701734441108902018e+01
1.376957629793050408e+01,5.274227348033065965e+01
3.602513535389467592e+01,7.705285899364530344e+00
1.478977046404061824e+01,4.571693773994433485e+01
1.600351839788266162e+01,3.904532598789064934e+01
8.825666448274209586e+01,1.283822492014155880e+00
3.176155658887986277e+01,9.912802263393849955e+00
1.038102131705265130e+01,9.279398683182881769e+01
1.842590287596201293e+01,2.945387536244547988e+01
1.796892961172902758e+01,3.097102545007131269e+01
2.493209901679260199e+01,1.608726863491109071e+01
1.511359918945295178e+01,4.377883484157211313e+01
6.609617778878444483e+01,2.289007988601706067e+00
1.071555483417182941e+01,8.709047794778055618e+01
1.204735686659309835e+01,6.889956018134425619e+01
2.709545607412842827e+01,1.362093965828183251e+01
1.336753651602882265e+01,5.596251731092265658e+01
1.391693429478452693e+01,5.163127458855700525e+01
1.699823340174395980e+01,3.460926877128039081e+01
1.189427217183737007e+01,7.068451067563823642e+01
1.467458294555849818e+01,4.643746088306388486e+01
2.628497772927534726e+01,1.447387352019617346e+01
1.742487300470531153e+01,3.293523426290806810e+01
1.292747985244886344e+01,5.983733746302488044e+01
7.820098125918153187e+01,1.635217758141306099e+00
1.448590196817409570e+01,4.765504855023662145e+01
1.201659751453328084e+01,6.925274139767427073e+01
1.427055128467046963e+01,4.910418403077136418e+01
1.285612226856353857e+01,6.050343219666721950e+01
1.287360627493925413e+01,6.033920097365727031e+01
1.802497044127979819e+01,3.077874287730619329e+01
3.679093386985552172e+01,7.387855229554965319e+00
1.527730458107446943e+01,4.284562927015907974e+01
2.276966378670343616e+01,1.928798075859758754e+01
1.185843925232696350e+01,7.111233411626513146e+01
1.294195105789101063e+01,5.970359653310059400e+01
1.642301022673060018e+01,3.707613658217318431e+01
2.029936399705408334e+01,2.426806433870335411e+01
1.814622213682901730e+01,3.036879458669744025e+01
5.691340852928897931e+01,3.087242950771739380e+00
1.940637169377340143e+01,2.655286023556730512e+01
1.363988480370510814e+01,5.375001564992940928e+01
1.267233533373778087e+01,6.227112139938791557e+01
2.074667051582101251e+01,2.323288701161096625e+01
1.118727219633119851e+01,7.990088506478113572e+01
2.940003984718936181e+01,1.156922219112819938e+01
1.527967067838836535e+01,4.283236078012161840e+01
5.196043098003017491e+01,3.703859557133576619e+00
1.495483577127746599e+01,4.471329796427946945e+01
1.332401442089552290e+01,5.632871083275617963e+01
1.812967228503006467e+01,3.042426480624580165e+01
3.564786402433695400e+01,7.869243333893838788e+00
1.425889971995014172e+01,4.918446713114266089e+01
1.047242741068357041e+01,9.118119559690252629e+01
1.938545080190866798e+01,2.661020316536833974e+01
4.351004907553561196e+01,5.282273132993162257e+00
1.800623520167640734e+01,3.084282591440172183e+01
1.334188347600390756e+01,5.617792750451236827e+01
2.153871552416491042e+01,2.155561407004347529e+01
6.293209275626874444e+01,2.524966682010173713e+00
4.526495447237861214e+01,4.880629315896198861e+00
2.227940339181314755e+01,2.014618817554118024e+01
1.927042748842322695e+01,2.692881867433911935e+01
6.927688840309961904e+01,2.083642725273939345e+00
1.682276819243070065e+01,3.533499862050793894e+01
4.098982076974719746e+01,5.951794960132327894e+00
1.532322002327053667e+01,4.258924339597694342e+01
3.043999753697122301e+01,1.079221960769483424e+01
1.749060196478744800e+01,3.268816088139200815e+01
3.292985215832149493e+01,9.221900629646127001e+00
1.952301141465721201e+01,2.623652928486364644e+01
1.313776938463717947e+01,5.793709714075922079e+01
1.264427840482412790e+01,6.254778010117581033e+01
1.901341519104959588e+01,2.766175536823254077e+01
4.304897724529099889e+01,5.396029608928184729e+00
1.591626564972059121e+01,3.947459125885671938e+01
1.694881598669806166e+01,3.481138247053576151e+01
1.268989842592255179e+01,6.209887153967657980e+01
1.319661416552330913e+01,5.742155662718304399e+01
8.183918900816436803e+01,1.493060362001453756e+00
1.329924875587902910e+01,5.653869515591450323e+01
1.274435080750818194e+01,6.156934945842196072e+01
1.260957921888842925e+01,6.289249315157780273e+01
1.216072085411988013e+01,6.762096451161863797e+01
2.001758194108495914e+01,2.495610304029684201e+01
1.867241204262967003e+01,2.868132134180354953e+01
5.208250650570986551e+01,3.686517046653466245e+00
2.106850536809117713e+01,2.252851396836658537e+01
1.023088082300152912e+01,9.553751671742679719e+01
4.132546648220871788e+01,5.855506545972091637e+00
2.397690209120851179e+01,1.739457652809356958e+01
1.443365573496215859e+01,4.800067173090678807e+01
1.940633585231351077e+01,2.655295831633444692e+01
1.548685867787059678e+01,4.169397766250419579e+01
1.753611970617854610e+01,3.251868664750012528e+01
1.486909114177345970e+01,4.523047545088759591e+01
1.851393603482017625e+01,2.917443688273965208e+01
1.819751106115228012e+01,3.019784947106058226e+01
1.289851821134476850e+01,6.010635023525080811e+01
1.445928501613427564e+01,4.783065884056704675e+01
1.720329606905604436e+01,3.378910378233207723e+01
1.791013027152962067e+01,3.117471633892396099e+01
1.399191157729323542e+01,5.107941281102521458e+01
1.655677856070553133e+01,3.647945314773699721e+01
2.939796565862691580e+01,1.157085479354534385e+01
1.405020518848565203e+01,5.065644013193715978e+01
1.068877323125523837e+01,8.752744944793010973e+01
1.948939852351969648e+01,2.632710633216731111e+01
1.843655546192790950e+01,2.941984847545965920e+01
7.192711729617245453e+01,1.932923606702369179e+00
6.674047838979392111e+01,2.245025970899727774e+00
4.203168979640030756e+01,5.660389275828795697e+00
1.472391214107160451e+01,4.612682532824077697e+01
1.494486224671984509e+01,4.477299713996686137e+01
1.364383357613575498e+01,5.371890769705681379e+01
1.373263475758718677e+01,5.302641435841064776e+01
6.235420551301600511e+01,2.571985405796054280e+00
3.907722059184043673e+01,6.548663379723069333e+00
1.923247563294712847e+01,2.703520196267658804e+01
1.275333738293124419e+01,6.148261096059119524e+01
1.536514817583760539e+01,4.235712693388582295e+01
4.244474949522521001e+01,5.550754893560101877e+00
1.756381168450003116e+01,3.241622632852261887e+01
1.143248473236108964e+01,7.651009476172883694e+01
2.051855752259745103e+01,2.375233707155558704e+01
1.301215581387697817e+01,5.906109435194957769e+01
1.670208647923013601e+01,3.584747280538048386e+01
1.753235540792163150e+01,3.253265204732095128e+01
7.104648469540715894e+01,1.981138378873336769e+00
1.458900276952898523e+01,4.698387003787340177e+01
3.298013110553805660e+01,9.193804075523221542e+00
1.720230172872785346e+01,3.379301010139315764e+01
3.591738859712237542e+01,7.751584634599477219e+00
2.025190175010213167e+01,2.438194663704656762e+01
1.190174465683233684e+01,7.059578030047498487e+01
6.259416443841045918e+01,2.552303447367152867e+00
1.299327532664525364e+01,5.923286203723530008e+01
1.381371492862349015e+01,5.240575973481648475e+01
3.212723336617155212e+01,9.688428624772917885e+00
5.196761789016639455e+01,3.702835170555776934e+00
3.558374893802634631e+01,7.897626613915672777e+00
1.513343793976080676e+01,4.366412883787830168e+01
2.527392790915939713e+01,1.565505202597588763e+01
1.129690638601703867e+01,7.835756654647198616e+01
1.264064371050215563e+01,6.258375528588852177e+01
2.185153114266866226e+01,2.094287270439764015e+01
2.075871355208008850e+01,2.320593800636765991e+01
1.886327356202421512e+01,2.810385356029906490e+01
2.183548418806040203e+01,2.097366595943826795e+01
1.245465138111159753e+01,6.446690916057899301e+01
1.650397187516187003e+01,3.671326848002180299e+01
2.370910012695584967e+01,1.778975055409947714e+01
1.298625443550716163e+01,5.929692668275164635e+01
1.493347385233136748e+01,4.484131171682007988e+01
1.546506711792670430e+01,4.181156097935306093e+01
1.144780159450537305e+01,7.630549467635105998e+01
1.175938418425991294e+01,7.231540813397958800e+01
3.792211400338420901e+01,6.953683521315028315e+00
6.842682608050199633e+01,2.135734227815437425e+00
1.084968735573753307e+01,8.495042432583646530e+01
3.610493704355285871e+01,7.671262004445896565e+00
1.202884047911589427e+01,6.911184213379272023e+01
1.354250634806173359e+01,5.452578218236661201e+01
1.389179060743294158e+01,5.181834557355914939e+01
1.076088880088442146e+01,8.635822610261527643e+01
1.208761645864558609e+01,6.844136417452787668e+01
1.033774334406921547e+01,9.357255942476321309e+01
1.284999698173094096e+01,6.056112702809543435e+01
6.597563879902673989e+01,2.297379768450760196e+00
4.762060076888245419e+01,4.409712339661226110e+00
2.738437372362985300e+01,1.333504156575201804e+01
1.540011741542794255e+01,4.216498361517608373e+01
1.545040885873301306e+01,4.189093433893746266e+01
1.523457838245670715e+01,4.308629204029816151e+01
2.015900121832306269e+01,2.460718746180750571e+01
1.682852815431525073e+01,3.531081428160435109e+01
2.400837032131461513e+01,1.734900760350468829e+01
1.441095347723033804e+01,4.815202631952323031e+01
1.148807413053427595e+01,7.577144007778025525e+01
1.895381580041316738e+01,2.783599107797799377e+01
3.589941794469556413e+01,7.759347206089185711e+00
3.411934165934764707e+01,8.590109788006097702e+00
1.427120678926206310e+01,4.909967323090076263e+01
1.958493309997576048e+01,2.607088747879175727e+01
1.208439621275904585e+01,6.847784549860351433e+01
2.375348764952329716e+01,1.772332618953985062e+01
6.880586111489735401e+01,2.112268541531820532e+00
4.194701108533390510e+01,5.683265674087159880e+00
2.517997630276076748e+01,1.577209433192626520e+01
1.524752970177243760e+01,4.301312775164466728e+01
2.213440585367461111e+01,2.041099904058258474e+01
2.612801564310409219e+01,1.464829728018366950e+01
2.274125820172596590e+01,1.933619520194842067e+01
1.004374874329304390e+01,9.913073368075500014e+01
2.048943023664044105e+01,2.381991658533008049e+01
2.277446058667172935e+01,1.927985667225895483e+01
1.347750186388158689e+01,5.505302648603713322e+01
1.591541613628066543e+01,3.947880542334933551e+01
1.116705281541173989e+01,8.019048860380463850e+01
3.583519163592793433e+01,7.787185808266563036e+00
1.124990727603973006e+01,7.901364815513313999e+01
1.086312018430336757e+01,8.474046274269745993e+01
1.702783551986830801e+01,3.448904008676353783e+01
1.260344190198713576e+01,6.295375977135821444e+01
2.147983770671485004e+01,2.167394707991076075e+01
1.034065593948400341e+01,9.351985471689029339e+01
2.419010965883912689e+01,1.708930204438100375e+01
1.161811607015916614e+01,7.408470878602064147e+01
1.153552797920304585e+01,7.514931844988633713e+01
1.500395972787154442e+01,4.442098867864439171e+01
1.657972031295065563e+01,3.637856802550398072e+01
2.335527446791967066e+01,1.833285270646291565e+01
1.178875552006941874e+01,7.195551362414362018e+01
1.207973976854415987e+01,6.853064874281668040e+01
2.020421890711707391e+01,2.449716736719666699e+01
1.164949319679875828e+01,7.368616187582206578e+01
1.996587034619448886e+01,2.508554303875584424e+01
2.304538056270753543e+01,1.882921573638427049e+01
1.188356172920136089e+01,7.081198147564512624e+01
1.868763994830892727e+01,2.863459757052377341e+01
1.126613611588859598e+01,7.878617420065475585e+01
1.870226194684547849e+01,2.858984027103926806e+01
9.998063264963836616e+01,1.000387459564576087e+00
6.554488789879023614e+01,2.327675041792723665e+00
5.259090478205114749e+01,3.615586156713297861e+00
1.508141022391144581e+01,4.396591273963949931e+01
1.872450312514528648e+01,2.852196193184538586e+01
5.472594207231576036e+01,3.338977612652442861e+00
5.413231579643818492e+01,3.412611001650434073e+00
1.443016240238778103e+01,4.802391507387108760e+01
1.226397059969245973e+01,6.648716246676869446e+01
1.110757536257650280e+01,8.105157583081641803e+01
2.070104280165365651e+01,2.333541631846765085e+01
1.301942119241524942e+01,5.899519564987198805e+01
4.465867214394604900e+01,5.014046858138349272e+00
7.118336390353672982e+01,1.973526602371657557e+00
2.166409823158778281e+01,2.130682640547150086e+01
1.207945012811376806e+01,6.853393523091976647e+01
1.016071572509309107e+01,9.686154637220819552e+01
2.512716281063973511e+01,1.583846511833691473e+01
2.393838592650399022e+01,1.745059629146310698e+01
1.226593623086744245e+01,6.646585487715358909e+01
1.494074448487184803e+01,4.479767997228962884e+01
1.837252675578351813e+01,2.962526357748850714e+01
1.194407243993859069e+01,7.009630775984194884e+01
1.421510537577946032e+01,4.948799207621375018e+01
1.853865325512441231e+01,2.909669334309325350e+01
1.351625692707444770e+01,5.473777282848661230e+01
1.335531287939726397e+01,5.606500514224742204e+01
1.056521414834822714e+01,8.958666950321064348e+01
1.523767783103037843e+01,4.306876572611417942e+01
3.491909181538659368e+01,8.201138006038506845e+00
1.838933830125476021e+01,2.957112146531809671e+01
1.241788136455433644e+01,6.484925438706066814e+01
4.161323329825749084e+01,5.774801724223720178e+00
1.364443740869131361e+01,5.371415315766575560e+01
2.082591511816088570e+01,2.305641667286021601e+01
5.525239282256955420e+01,3.275652464495379057e+00
1.300814409246198267e+01,5.909752894108726906e+01
1.276067205543121830e+01,6.141195242280794275e+01
2.430258287373965587e+01,1.693148828409958995e+01
2.040211675332113117e+01,2.402423364715602006e+01
3.704046468589636731e+01,7.288650859040374463e+00
2.792565070026478224e+01,1.282311086442759596e+01
1.256911898992353649e+01,6.329804907073364006e+01
2.101373092768962891e+01,2.264611279042466307e+01
1.113955980034788062e+01,8.058680569017120376e+01
1.092467379509305125e+01,8.378823535297532032e+01
1.381881227310765325e+01,5.236710504628153018e+01
1.217458564424976331e+01,6.746703457048607788e+01
2.534027135780453222e+01,1.557318624552336495e+01
1.254202891016546850e+01,6.357178485802125323e+01
1.326610459106453277e+01,5.682156172575481179e+01
1.994189430070521851e+01,2.514589976048650399e+01
2.247288053919186268e+01,1.980078980869626193e+01
1.563498123957458041e+01,4.090771965896141893e+01
1.486977508544226900e+01,4.522631474425881493e+01
1.172539562643257938e+01,7.273525900773665853e+01
1.566702740286242346e+01,4.074054120168087678e+01
3.768813893633011958e+01,7.040291082208903539e+00
1.557892074837814178e+01,4.120266089507154561e+01
5.123529594267910170e+01,3.809443193965168284e+00
2.348436841365658267e+01,1.813185470929884247e+01
1.590614801911679521e+01,3.952482546446052680e+01
5.616633247793377137e+01,3.169916825899905088e+00
1.319277952193106174e+01,5.745494204144722517e+01
2.262260748767453578e+01,1.953955547347415234e+01
1.490514005348197912e+01,4.501195517247572297e+01
2.198482101026482738e+01,2.068969705749056587e+01
1.645259488226780320e+01,3.694291765329675314e+01
1.908025311705614158e+01,2.746829712755791419e+01
1.435049356203048276e+01,4.855861862669826934e+01
1.723392720013897161e+01,3.366909878689128277e+01
3.031151996310681440e+01,1.088390070499286999e+01
1.112982841857151506e+01,8.072778968115125053e+01
1.400670999505650904e+01,5.097153663167767945e+01
3.176008790341408172e+01,9.913719082344449873e+00
2.047767643264594639e+01,2.384726880780864988e+01
1.392411041847643105e+01,5.157806947520124652e+01
4.432028195763032841e+01,5.090904740637699710e+00
2.256412835992872346e+01,1.964096748861323860e+01
1.128237501106597307e+01,7.855954112159066938e+01
1.396538006910082785e+01,5.127367908580355760e+01
2.512759926296605428e+01,1.583791491257800388e+01
1.465424122015161856e+01,4.656647113769711410e+01
1.268501136609124380e+01,6.214672949609835229e+01
1.888596449959689849e+01,2.803636220225717324e+01
1.081442189839794032e+01,8.550536849556138463e+01
1.335129075710732138e+01,5.609878978185165010e+01
1.115716060472088245e+01,8.033274932750572361e+01
2.117581129582392663e+01,2.230077128553201149e+01
1.460796415915054070e+01,4.686197745002814941e+01
3.595411309544246592e+01,7.735757367784304783e+00
1.706887338840612500e+01,3.432339877886791157e+01
1.162110167128283500e+01,7.404664716618452758e+01
1.207452886945183224e+01,6.858981185482157628e+01
1.070030363298556608e+01,8.733891593908451512e+01
2.314773084126686342e+01,1.866307289689820337e+01
1.128689068702837695e+01,7.849669326083684950e+01
1.102840812929710701e+01,8.221940708353497484e+01
1.862640272566960675e+01,2.882318854120436669e+01
1.248366327170420043e+01,6.416761662299353475e+01
2.939938750201803330e+01,1.156973561746837298e+01
1.201868687936066316e+01,6.922866527912883328e+01
2.393239508739006993e+01,1.745933397102361440e+01
1.356595726252786349e+01,5.433743214866915139e+01
2.043506616314280677e+01,2.394682297079624789e+01
2.324676284331569676e+01,1.850440093900384042e+01
1.983910805812184108e+01,2.540713611003636530e+01
9.872433814937454599e+01,1.026009869029808064e+00
1.329546938222846819e+01,5.657084313340270398e+01
4.514796751724527013e+01,4.905955360014072397e+00
3.589509299112065577e+01,7.761217146260425359e+00
1.133668564550922930e+01,7.780863409054080648e+01
6.659002105565011220e+01,2.255182514412238159e+00
6.651178127949515329e+01,2.260491310852273728e+00
1.252786419704170129e+01,6.371562185142367696e+01
2.558075955825612624e+01,1.528175134013992142e+01
1.574644710758695787e+01,4.033061481065916354e+01
6.357839625594050403e+01,2.473892719157088305e+00
1.494052475014115977e+01,4.479899768752323297e+01
1.322243577136569925e+01,5.719750274538827739e+01
1.673883638124287998e+01,3.569024025643523856e+01
1.383484124842457419e+01,5.224583082822692148e+01
1.149902333432678248e+01,7.562721183668473657e+01
2.341091053533326161e+01,1.824582013676337766e+01
1.169025964950109397e+01,7.317313892185759983e+01
1.072219207401422914e+01,8.698269001091681218e+01
1.356070936254970505e+01,5.437949670124166346e+01
4.980120854545169351e+01,4.031997329901260585e+00
2.366946761303064406e+01,1.784937528444015697e+01
8.414595048749724526e+01,1.412321462919559067e+00
3.372584802043835595e+01,8.791727988558522000e+00
2.087163781103465610e+01,2.295550971303501697e+01
2.062398941503122884e+01,2.351010916898048109e+01
1.620464585096486232e+01,3.808210199619232128e+01
2.247485916610396117e+01,1.979730354426838446e+01
1.382396452852207069e+01,5.232807739679917347e+01
2.206852637439297027e+01,2.053304371449416621e+01
1.540686930992525561e+01,4.212803501345945278e+01
5.487530709310792076e+01,3.320825633356201845e+00
2.181537246532083785e+01,2.101235528210606773e+01
2.204450927042408992e+01,2.057780886445635460e+01
1.091198827606259236e+01,8.398316134673984834e+01
2.336639480950697845e+01,1.831540721908337233e+01
1.529105964458393885e+01,4.276858042027844675e+01
1.463192896401310961e+01,4.670859801965389835e+01
4.152213256406014352e+01,5.800169679630771569e+00
2.500736968127006321e+01,1.599057097751255796e+01
1.464695247777067166e+01,4.661282828435135883e+01
1.040580062590590771e+01,9.235257281694356379e+01
1.141329381821375222e+01,7.676760729418172957e+01
1.522623451707859665e+01,4.313352692603634608e+01
1.420719594609956893e+01,4.954310932116137423e+01
1.143594906728591987e+01,7.646374680328096929e+01
3.225855476923199916e+01,9.609707904055053262e+00
1.842852388938814556e+01,2.944549775028391636e+01
1.307310680810577352e+01,5.851165485142887235e+01
1.095931908262833687e+01,8.325931943757542797e+01
2.238161137127700329e+01,1.996260893253642266e+01
3.832151365086475181e+01,6.809491629339873953e+00
2.182010095328015353e+01,2.100324937524506552e+01
1.620659672148153163e+01,3.807293427520245643e+01
1.279780049796249486e+01,6.105613774393265203e+01
2.138145330365889762e+01,2.187386653973877770e+01
5.909846662836196884e+01,2.863172897376980330e+00
2.248791549628808895e+01,1.977432185919648333e+01
1.597726064084260500e+01,3.917376917619941423e+01
1.195101094505902672e+01,7.001493850893510285e+01
1.098995788319056999e+01,8.279573080445904054e+01
1.347506879910116595e+01,5.507290908175743027e+01
5.873589478230922367e+01,2.898630259793361752e+00
1.248721819261242594e+01,6.413108673641514201e+01
1.623570544735110133e+01,3.793653599859599979e+01
1.629988401795454322e+01,3.763838424772155378e+01
1.341368967899387776e+01,5.557807369005647757e+01
1.197651815239774820e+01,6.971702491342479391e+01
2.389107334017948148e+01,1.751978115820776694e+01
1.592768222636616748e+01,3.941802267875948473e+01
1.395531983079752614e+01,5.134763100708062922e+01
2.658090399680110494e+01,1.415339105255446839e+01
1.119334087354816099e+01,7.981426905987123632e+01
4.432487455353835060e+01,5.089849836037740438e+00
1.400768990423230420e+01,5.096440544448675780e+01
1.443224266432291181e+01,4.801007174752569995e+01
1.872061756018290168e+01,2.853380293405984958e+01
5.529816514611668765e+01,3.270231952946652143e+00
1.180728252701808856e+01,7.172987755808989618e+01
4.281336210229008543e+01,5.455585067358771134e+00
1.053265950304654730e+01,9.014131942635057726e+01
2.073706460061051260e+01,2.325441607916757292e+01
1.338401357842860229e+01,5.582481119057069918e+01
6.838273598100798267e+01,2.138489165588244312e+00
1.797470553776186364e+01,3.095112441631669853e+01
2.883028998618801708e+01,1.203100697498395277e+01
3.253689657235783983e+01,9.445995762676774987e+00
1.364145468503067349e+01,5.373764507913555377e+01
2.323130846080477951e+01,1.852902884245150972e+01
1.957329192429562426e+01,2.610190791564030377e+01
1.950804933395099994e+01,2.627678995880624058e+01
2.211845072908902665e+01,2.044045657301874641e+01
3.344084925999505487e+01,8.942221096495227783e+00
6.906178639904395311e+01,2.096642496394108601e+00
1.262723024634432356e+01,6.271678696569586009e+01
1.367759642393828834e+01,5.345402712812261825e+01
6.131197199117497831e+01,2.660170240486671389e+00
4.878163927894602381e+01,4.202301605164160847e+00
1.416136579178888155e+01,4.986429902515963164e+01
3.811483546213899842e+01,6.883540966256307847e+00
1.697933376765132962e+01,3.468635855165710069e+01
1.226255801348876773e+01,6.650248133544421592e+01
1.191024222633732954e+01,7.049508066119329897e+01
2.757499106828403512e+01,1.315131678707484220e+01
1.300525770329331188e+01,5.912376408389339844e+01
1.610788779209200783e+01,3.854098490258989784e+01
1.685898240385256841e+01,3.518335782559518776e+01
1.497216583547450064e+01,4.460984788577718518e+01
1.446892486397478805e+01,4.776694620379956291e+01
1.222564241876143498e+01,6.690469906699442504e+01
2.360312588352016050e+01,1.794985541580703980e+01
1.833447965840951710e+01,2.974834586032537231e+01
1.109103190883721801e+01,8.129355025368832344e+01
3.227053402531254989e+01,9.602574722730288670e+00
1.007279640654401831e+01,9.855981690302385800e+01
1.176131454652452213e+01,7.229167210026778889e+01
2.646548512532224606e+01,1.427710920850714693e+01
2.003527672919774716e+01,2.491204096339173191e+01
5.762329203106298081e+01,3.011645626012112942e+00
2.069224109838569348e+01,2.335527256236060367e+01
1.141056220525960541e+01,7.680436700629633151e+01
1.890413159144866384e+01,2.798250155021900909e+01
1.209811863138975241e+01,6.832259016187593659e+01
1.556921103549258412e+01,4.125406886388306305e+01
1.840956268340718083e+01,2.950618465347751851e+01
1.460893301664289368e+01,4.685576192800904494e+01
1.052395705193307052e+01,9.029046005090604865e+01
6.932048125687695972e+01,2.081022911598907399e+00
2.172387299177172792e+01,2.118973326789652489e+01
2.062087948001460802e+01,2.351720105128623928e+01
1.459379560075825566e+01,4.695301462664492220e+01
1.086836067075211965e+01,8.465876243904199328e+01
1.447101347740970567e+01,4.775315871254505851e+01
1.729404430057965314e+01,3.343542637149535324e+01
1.257861424361384728e+01,6.320252118961666099e+01
1.196734822210729554e+01,6.982390660136645977e+01
4.999672508659015335e+01,4.000524037630349028e+00
1.493260039543105400e+01,4.484655770179293910e+01
5.150789147907955368e+01,3.769228410667660789e+00
1.715097728167885549e+01,3.399556446827445200e+01
1.169744496727503602e+01,7.308327130107520020e+01
5.000372835530057358e+01,3.999403529868314155e+00
1.432448721836774119e+01,4.873509663262446168e+01
1.150881522487025954e+01,7.549857681441362445e+01
1.424266906248327480e+01,4.929663025117471875e+01
1.023491837901677570e+01,9.546215471131499442e+01
1.153806482111508913e+01,7.511627634348349147e+01
1.481272890651390384e+01,4.557533300183312264e+01
2.239841101918795019e+01,1.993267475255581189e+01
3.082756939283526521e+01,1.052256051280864213e+01
2.488607864623572397e+01,1.614682213950392509e+01
2.357705842143379016e+01,1.798956909279228711e+01
1.421785866224903216e+01,4.946882724564655121e+01
2.180758071309949386e+01,2.102737320792400766e+01
1.627757855889444727e+01,3.774160803561642297e+01
1.171141528447778057e+01,7.290901609891865576e+01
1.525613108972154741e+01,4.296463992711390034e+01
1.067963145005896664e+01,8.767736084946028541e+01
2.545669560075912941e+01,1.543106643400046529e+01
3.025787235985878709e+01,1.092252951582012166e+01
1.279031082515006190e+01,6.112766444720772085e+01
2.688753154425358005e+01,1.383241895024936419e+01
1.565110041532813412e+01,4.082350076754354262e+01
2.401182525700462023e+01,1.734401544712265775e+01
3.501835635571872984e+01,8.154709306193410612e+00
1.146245483404764798e+01,7.611052631717700478e+01
2.651643314600248047e+01,1.422229854402847238e+01
4.966665403450343064e+01,4.053873509346954229e+00
2.446754206061586245e+01,1.670395505899836053e+01
1.646504142611806287e+01,3.688708568322416426e+01
2.022029286190518249e+01,2.445823520605269152e+01
1.007344973651220599e+01,9.854703280311777291e+01
1.155207898728538041e+01,7.493413537056309792e+01
2.747837735296097961e+01,1.324395917744459972e+01
9.671534526048465352e+01,1.069077592425882850e+00
1.040629223175042384e+01,9.234384732833703424e+01
1.017014691962444140e+01,9.668198229681564726e+01
1.201663100546293528e+01,6.925235537675753505e+01
4.754879654220935237e+01,4.423040755355028608e+00
1.386222484581815806e+01,5.203962068185187917e+01
1.194124859810951200e+01,7.012946414020130703e+01
1.343892495199426307e+01,5.536954346137294181e+01
1.317342990630650235e+01,5.762384983960672002e+01
1.813538946651675587e+01,3.040508533106984856e+01
1.331100568836577658e+01,5.643886377126364806e+01
1.160738486982475237e+01,7.422175694347333774e+01
3.290692232223948821e+01,9.234756911991512496e+00
1.516951098862873160e+01,4.345670943389014695e+01
1.749243975158274367e+01,3.268129268969895662e+01
1.191440103030653930e+01,7.044587566077406393e+01
1.635969116845967974e+01,3.736369325925048201e+01
1.061931902278586293e+01,8.867611625654365071e+01
2.089528690540949896e+01,2.290357744654211558e+01
2.192056141524485469e+01,2.081117754735965164e+01
6.885212928808357447e+01,2.109430634542469374e+00
6.541638809172164315e+01,2.336828698078418753e+00
1.123812580544767137e+01,7.917940264843304021e+01
1.558578749757426607e+01,4.116636295213140073e+01
1.204211391037745216e+01,6.895956891713127845e+01
8.993398985254715683e+01,1.236380873549068449e+00
5.575377074463392546e+01,3.217003327226611198e+00
6.138355065362378582e+01,2.653969868974423107e+00
1.401815178635083825e+01,5.088836337416426403e+01
1.226582150366942336e+01,6.646709824710701753e+01
5.922490822930493692e+01,2.850960545315221584e+00
1.585057898454447667e+01,3.980244389002665883e+01
2.124708524110470975e+01,2.215140510343766422e+01
1.199100731521658503e+01,6.954864355834106959e+01
1.041996285190098881e+01,9.210170259757097710e+01
2.369347477612905450e+01,1.781322222756367779e+01
1.363373698307861481e+01,5.379850124983385484e+01
1.381612143349981281e+01,5.238750515684871090e+01
4.891273020277535011e+01,4.179806627424939691e+00
1.001350261628229887e+01,9.973049365323048221e+01
8.098200501875764701e+01,1.524835343139643529e+00
1.136656159255112364e+01,7.740014615745302251e+01
1.304261170363496625e+01,5.878558848345146970e+01
1.655084235560118344e+01,3.650562563439041242e+01
2.027672959522534057e+01,2.432227423466262195e+01
1.943824798703200329e+01,2.646584490787677169e+01
2.069817498956461321e+01,2.334188319056405447e+01
2.518363375001560911e+01,1.576751346684398847e+01
1.577056838018663676e+01,4.020733684676790887e+01
1.602074085918106050e+01,3.896142285597855448e+01
1.172472066288824344e+01,7.274363363135974225e+01
1.095773763201392903e+01,8.328335359641825164e+01
1.494851182912112186e+01,4.475113773383719007e+01
3.269250180323464150e+01,9.356290277605802785e+00
2.281732850874668017e+01,1.920748088874379178e+01
1.378295740897541677e+01,5.263991407946429035e+01
2.956926673737563149e+01,1.143717825961963541e+01
1.101328872508779355e+01,8.244530904082247957e+01
1.099065387848710174e+01,8.278524487427642953e+01
9.826719261198155664e+01,1.035578206405666446e+00
3.077007636129868473e+01,1.056191947212685811e+01
4.549826985213069719e+01,4.830701870758446148e+00
2.213918442579904067e+01,2.040218887819933968e+01
1.778091269415593345e+01,3.162946899567360859e+01
5.520087646578069496e+01,3.281769339259642315e+00
1.232261344288018812e+01,6.585584855368919932e+01
2.043416560849046348e+01,2.394893373944259807e+01
1.978389244790909984e+01,2.554915347996006858e+01
1.158596365188201105e+01,7.449646697649565397e+01
1.873623798326131151e+01,2.848624543828461597e+01
2.316908883716488177e+01,1.862868033934278245e+01
1.215642089127627834e+01,6.766881067662679072e+01
3.670554548578056142e+01,7.422268055840681278e+00
1.199854647814272113e+01,6.946127067118820264e+01
1.351365156415470814e+01,5.475888118848372699e+01
5.964917776125446380e+01,2.810548454546135666e+00
1.884531700976486235e+01,2.815743596903976353e+01
2.017527548390369319e+01,2.456750499121563180e+01
1.480450490455026014e+01,4.562598187333636446e+01
1.461904157824305273e+01,4.679098605349047801e+01
8.579012552219988663e+01,1.358705687929526729e+00
1.220053282192326805e+01,6.718037206837070130e+01
1.536906458869549574e+01,4.233554242437526938e+01
1.690244596890201834e+01,3.500264693303618202e+01
2.479672473338652949e+01,1.626340053880666758e+01
2.125460794092033723e+01,2.213572766707468276e+01
7.908086720202469166e+01,1.599031995299607711e+00
1.452045829058817539e+01,4.742849596467682716e+01
1.081303856327488155e+01,8.552724766390605282e+01
1.308927195345058792e+01,5.836722124958983926e+01
2.124482680479710694e+01,2.215611497441983602e+01
1.962837270109809040e+01,2.595562007573182584e+01
8.600678883284977871e+01,1.351868765358096747e+00
1.134752637398832675e+01,7.766003794145386507e+01
3.192312537779758586e+01,9.812715167073355005e+00
8.903842154111470109e+01,1.261377544958631525e+00
1.268543881999230294e+01,6.214254132180376189e+01
2.693630211334712854e+01,1.378237464824016456e+01
1.246642103598159679e+01,6.434523910043330375e+01
1.601162812521571155e+01,3.900578388065687108e+01
1.215845137523293573e+01,6.764621092981019501e+01
1.676225071944937284e+01,3.559060212046836824e+01
1.604314044828815256e+01,3.885270217054642927e+01
1.326450367554054743e+01,5.683527833542844832e+01
2.996036177025670355e+01,1.114053105765424334e+01
4.888248923443110527e+01,4.184979870472129271e+00
4.051461488602647165e+01,6.092233913782609811e+00
1.388267863372561983e+01,5.188639041846860778e+01
1.272841875917615972e+01,6.172357753309282913e+01
1.197830546274970231e+01,6.969622119217181933e+01
5.804205413235251143e+01,2.968345520709412266e+00
1.001521224121067632e+01,9.969644800718735667e+01
8.513909335213705276e+01,1.379564333691440936e+00
1.341102793331519649e+01,5.560013752868756143e+01
3.436238169352424165e+01,8.469026362815380793e+00
1.334359854827150826e+01,5.616348716996341750e+01
3.669387845050150077e+01,7.426988714094777677e+00
1.251972993491133224e+01,6.379844279720440170e+01
1.341560865239199352e+01,5.556217501264828229e+01
2.718319620521387847e+01,1.353315202031054021e+01
6.906563739348391096e+01,2.096408691746833863e+00
1.069905837949499450e+01,8.735924771320198090e+01
7.159453708520807425e+01,1.950923451302705836e+00
1.429912171995917980e+01,4.890815431986172257e+01
1.489131008771556886e+01,4.509560165733389425e+01
1.277475761834486967e+01,6.127660033944994211e+01
2.909707692730417961e+01,1.181139722890928212e+01
5.771800230712029389e+01,3.001770032430191470e+00
1.352216261545821752e+01,5.468997076502979127e+01
2.453476113036642658e+01,1.661255117809161064e+01
1.048766559911496721e+01,9.091642231114715855e+01
6.221306581194244245e+01,2.583668515032070623e+00
1.480185103086892440e+01,4.564234421168821854e+01
1.096949156908110901e+01,8.310497106419053637e+01
1.714690258653505239e+01,3.401172342403916105e+01
4.289688100656782410e+01,5.434362036058729473e+00
1.968526924011405654e+01,2.580579730735997401e+01
1.967596754937438774e+01,2.583020213353854189e+01
1.186731791852644768e+01,7.100596694996465885e+01
1.827780099730300378e+01,2.993312855594018629e+01
1.518090655736187777e+01,4.339149224137408822e+01
1.542244473357663104e+01,4.204298615525910776e+01
1.004989914965520192e+01,9.900943739238704211e+01
2.514154407595286500e+01,1.582035071592051700e+01
7.670578718119834605e+01,1.699588319250650237e+00
1.393583994034774420e+01,5.149128152497492295e+01
1.322033129554470854e+01,5.721571414107201292e+01
1.402205018212518617e+01,5.086007144808351654e+01
6.565453953711330826e+01,2.319906493049342266e+00
1.361189801347156880e+01,5.397126868346234829e+01
1.226004981341623079e+01,6.652969469810462044e+01
2.165347915549377333e+01,2.132772967824845622e+01
1.520803808706147642e+01,4.323680727713957594e+01
2.995497937671829902e+01,1.114453494019803514e+01
7.288970885197230132e+01,1.882207800713879831e+00
1.031735790988916612e+01,9.394269327899453970e+01
1.117385076616177919e+01,8.009294565642244379e+01
4.680104989066451537e+01,4.565504850552147609e+00
1.080514753184435151e+01,8.565221488671825512e+01
1.021117185955302986e+01,9.590667368049534502e+01
1.719194053675687428e+01,3.383375493454965266e+01
6.746942064423687668e+01,2.196777330171563847e+00
1.300289019002316415e+01,5.914529607211458995e+01
8.482333713084950944e+01,1.389854350824963891e+00
8.391907530073733312e+01,1.419968206478799511e+00
4.238983485153787001e+01,5.565145851625331375e+00
4.086955822995326315e+01,5.986873934874267889e+00
6.187214797373358266e+01,2.612219175889571421e+00
3.195486960898216822e+01,9.793228786391633633e+00
2.357657554487892426e+01,1.799030599625716675e+01
1.182413556700890034e+01,7.152554888063536964e+01
1.002560752941569078e+01,9.948980995299922370e+01
1.114089381080210650e+01,8.056750791984023863e+01
1.096945890852458838e+01,8.310546593976607710e+01
1.765893866558113245e+01,3.206792090370907999e+01
1.128117684762931283e+01,7.857622948125816720e+01
7.452894046334155576e+01,1.800321656294435302e+00
2.295819036746946296e+01,1.897250581479928044e+01
2.862496658794520954e+01,1.220421986730440622e+01
1.246559920402527766e+01,6.435372368525469255e+01
2.681838976200556601e+01,1.390383494319449476e+01
4.905463421537670854e+01,4.155659125599703074e+00
2.016640906769269748e+01,2.458911256732901762e+01
1.508482983447821368e+01,4.394598155575764054e+01
1.334346778086939622e+01,5.616458799164173143e+01
7.185171501088608181e+01,1.936982614387693813e+00
2.468250957118658917e+01,1.641426239987205093e+01
1.278811342721376576e+01,6.114867354206999295e+01
1.380371686243259077e+01,5.248170246984080478e+01
1.252630973985576013e+01,6.373143646142501240e+01
1.014197981415207472e+01,9.721975367026621484e+01
6.607973204415627322e+01,2.290147494592149613e+00
2.492212237055729673e+01,1.610015109413190970e+01
3.306568025433765712e+01,9.146292296387466436e+00
1.007075933617288754e+01,9.859969345689181353e+01
3.503592437873120247e+01,8.146533343640044222e+00
5.085964605316330989e+01,3.865924187424896630e+00
1.647381571444804038e+01,3.684780252774172737e+01
2.243964272744629085e+01,1.985949148678643539e+01
1.756489460757702048e+01,3.241222935635654068e+01
2.981808552263016665e+01,1.124709822319220187e+01
4.633954980714612759e+01,4.656894287538468902e+00
1.433443900378367708e+01,4.866745075321139780e+01
3.307080934169037789e+01,9.143455444482235350e+00
1.277559685610849627e+01,6.126854999964695025e+01
2.124179946779106842e+01,2.216243071113499497e+01
3.067560868149001507e+01,1.062707197639073442e+01
1.085920610391347196e+01,8.480156127156654122e+01
1.357376063500468710e+01,5.427497438864766366e+01
6.105407663684091801e+01,2.682691078711151977e+00
4.710691647078927247e+01,4.506409417789706495e+00
1.598208256785030379e+01,3.915013463927587622e+01
1.041891925230362048e+01,9.212015405326651774e+01
1.457292486630139550e+01,4.708759922466973080e+01
3.128782039361425404e+01,1.021525895027458297e+01
5.840789255915115774e+01,2.931277449047346106e+00
1.068910713116527589e+01,8.752198127352133383e+01
1.179420794067050160e+01,7.188899944361793359e+01
1.399838845398194920e+01,5.103215615393146010e+01
1.509004758843896887e+01,4.391559600858860080e+01
8.481481532652414046e+01,1.390133657259617017e+00
5.718523550905810282e+01,3.057962617027023100e+00
3.524768556862475322e+01,8.048941829398822634e+00
1.169572270959706195e+01,7.310479669042302930e+01
2.605656407469239610e+01,1.472874371591989373e+01
1.301388116337538037e+01,5.904543503043932873e+01
4.843179698915557907e+01,4.263230689905702420e+00
1.014262901958312568e+01,9.720730846064111574e+01
1.510333174064412809e+01,4.383837795966196182e+01
8.476536411378982905e+01,1.391756108791159630e+00
1.044526684523857973e+01,9.165600446492111075e+01
4.108753301474666841e+01,5.923520119425232267e+00
1.505035701440392160e+01,4.414752852235727687e+01
1.492187552251085059e+01,4.491104644220704500e+01
1.686270695327665692e+01,3.516781729778721655e+01
2.073702126589720862e+01,2.325451327003156976e+01
1.444536311320078781e+01,4.792289808249105221e+01
1.530721966796724764e+01,4.267832543584528793e+01
1.058655932950182788e+01,8.922577492989833559e+01
1.337377685965782526e+01,5.591030410803504935e+01
5.172944605210877711e+01,3.737010726879096634e+00
1.215091507401504600e+01,6.773014869330363297e+01
5.478370975890260297e+01,3.331939633022043878e+00
1.386311072588705251e+01,5.203297002592067599e+01
6.288431646770300176e+01,2.528804820649317886e+00
1.648007949082503032e+01,3.681979750112713390e+01
1.307254630457821598e+01,5.851667249547006122e+01
1.324322264177122399e+01,5.701808660146659236e+01
1.114654499580447222e+01,8.048583481379880311e+01
5.723717161791645935e+01,3.052415640470000469e+00
1.298835961226549607e+01,5.927770633480285056e+01
2.948493173668654421e+01,1.150269876957362492e+01
2.588485465009408415e+01,1.492480063999310502e+01
4.585367014079641734e+01,4.756108955344895861e+00
1.002406613219980969e+01,9.952040933344844120e+01
4.974440330198916627e+01,4.041211205199472190e+00
1.429484758272754519e+01,4.893740561665817523e+01
1.678838202935602908e+01,3.547989398293792362e+01
2.988957359082015586e+01,1.119336230734025506e+01
1.842018260989767242e+01,2.947217161586111445e+01
1.700970716298105145e+01,3.456259371063738683e+01
1.126591377252375281e+01,7.878928406928886830e+01
1.074651188593056261e+01,8.658944445170158133e+01
1.236782449456974575e+01,6.537525147653259694e+01
1.105917298620186173e+01,8.176260077296973350e+01
6.657016193441421592e+01,2.256528241143324731e+00
1.174732341264098068e+01,7.246397429108075983e+01
5.134025752361822725e+01,3.793882833671269772e+00
4.914958148564052465e+01,4.139618810949347250e+00
3.623882915634878543e+01,7.614680484493145940e+00
3.700342115184670888e+01,7.303251267483716447e+00
1.505857584374728830e+01,4.409935106002433969e+01
1.369580243834726296e+01,5.331200727077209223e+01
1.022047242676454459e+01,9.573220413030942666e+01
2.783476966999722535e+01,1.290698294455364525e+01
1.349289785426888599e+01,5.492746231092467468e+01
1.103260202376416999e+01,8.215690977302344322e+01
5.385501455634121726e+01,3.447844771065787128e+00
1.374598100614280938e+01,5.292349552797344359e+01
1.211802944427746453e+01,6.809825653888343311e+01
1.119046913296421231e+01,7.985523879630565602e+01
2.263309336447802522e+01,1.952145437648946924e+01
7.068146037481385235e+01,2.001653830160611935e+00
2.923558281137594150e+01,1.169974747598069520e+01
2.211528113133647722e+01,2.044631611128030002e+01
3.851548898232645968e+01,6.741075141468213516e+00
2.058409663010623092e+01,2.360132449634691199e+01
1.041263765239921568e+01,9.223133366289586377e+01
6.780373937316713295e+01,2.175167513186791801e+00
9.599615308831762661e+01,1.085156411470198590e+00
3.687424177495006461e+01,7.354511005078038011e+00
6.451216894741330066e+01,2.402794964376700371e+00
6.746785843463243282e+01,2.196879063543732080e+00
1.626534490138361377e+01,3.779840259428241467e+01
1.212116248481361502e+01,6.806305743569065214e+01
1.233940507279129584e+01,6.567673544124073715e+01
5.657851384343419454e+01,3.123898602450586370e+00
1.365188616991980730e+01,5.365555396575066993e+01
5.161917659528126023e+01,3.752993867764614855e+00
7.803064064853842297e+01,1.642364899813073542e+00
1.329287616782746539e+01,5.659291730796195452e+01
1.159247593152814026e+01,7.441279105429620699e+01
2.752526782543879236e+01,1.319887430895284020e+01
1.619445056829683338e+01,3.813006657608939065e+01
4.417729687704396468e+01,5.123912709959038025e+00
4.341510680928901422e+01,5.305401457826450340e+00
2.446897056046981689e+01,1.670200476028983161e+01
5.130411984863845021e+01,3.799229398089686516e+00
1.665420084897375830e+01,3.605391281094499334e+01
7.492637859582133331e+01,1.781273123482337795e+00
1.348786575783889674e+01,5.496845498569199862e+01
3.559874099519211654e+01,7.890976000185229822e+00
1.130596468767739893e+01,7.823205719712291284e+01
9.848929903563518451e+01,1.030912740732137456e+00
1.290183881253250853e+01,6.007541456223269449e+01
1.585065242616104264e+01,3.980207505359368980e+01
1.565365655910228071e+01,4.081016941368102380e+01
2.459546014974910122e+01,1.653065628451975755e+01
1.330267271706308208e+01,5.650959402890954664e+01
1.221970815485713047e+01,6.696969678063157971e+01
1.338139445692512020e+01,5.584666635264945000e+01
5.859696940408450416e+01,2.912391062598533864e+00
1.301001516616384457e+01,5.908053159259231535e+01
6.612451897950936086e+01,2.287046256084370732e+00
5.016922846783665335e+01,3.973060291136122135e+00
4.441608816387160630e+01,5.068966102728292178e+00
1.164932430593546187e+01,7.368829848209689715e+01
6.941583377972328606e+01,2.075309676232597322e+00
1.358193947742704566e+01,5.420962690174459908e+01
1.211592407563135154e+01,6.812192528920833468e+01
5.352056117032778104e+01,3.491071014060240341e+00
4.149197599092300948e+01,5.808603927500469943e+00
1.745645820911837731e+01,3.281615798974693377e+01
1.681738790790245019e+01,3.535761125906605429e+01
2.175481691008081242e+01,2.112949584546073112e+01
1.267210265833476157e+01,6.227340816925970302e+01
1.026903070569318821e+01,9.482898346462168604e+01
1.488010021014974349e+01,4.516357251515317017e+01
1.056294092143697050e+01,8.962523314626029958e+01
3.847048076790812132e+01,6.756857696385621281e+00
1.139824003323267831e+01,7.697051689878649938e+01
1.438248128844723617e+01,4.834286273996492156e+01
2.128732778589676045e+01,2.206773219513230089e+01
1.378593722661890553e+01,5.261716040086236745e+01
2.371123953369001569e+01,1.778654044818557267e+01
6.920791308671363140e+01,2.087798074806853421e+00
1.076080931111202865e+01,8.635950195852774414e+01
1.403689365957097657e+01,5.075256316576820126e+01
1.390610071986967000e+01,5.171175281524767797e+01
1.268287947374934888e+01,6.216762400546208767e+01
1.402229738945749382e+01,5.085827817963310338e+01
1.373557861089911292e+01,5.300368721136999284e+01
5.060624258042027890e+01,3.904737237516260784e+00
1.654344243822102811e+01,3.653829102811433671e+01
2.113683084840763371e+01,2.238310109388790892e+01
2.754988489105104321e+01,1.317529726738584550e+01
2.818764059782254350e+01,1.258584993136886609e+01
4.365288121504357832e+01,5.247762510728350094e+00
1.043564072750099392e+01,9.182517441589442342e+01
3.674142941537347440e+01,7.407777052821738373e+00
4.862594423924926446e+01,4.229255322508976178e+00
1.529472942276253988e+01,4.274805931531692238e+01
1.716783385621702607e+01,3.392883881824361936e+01
4.466628060145502133e+01,5.012338817406551961e+00
1.328235412396704440e+01,5.668261662092218955e+01
1.377410153265959458e+01,5.270762411151242333e+01
1.401395027003354521e+01,5.091888158435359202e+01
1.201222365846497731e+01,6.930318279431075723e+01
1.936996804166271602e+01,2.665276018498182253e+01
2.250672133530972729e+01,1.974129018424834570e+01
1.391014833070059176e+01,5.168166275536307808e+01
1.384349243970392074e+01,5.218055142742018404e+01
1.229567044519551011e+01,6.614477920086616791e+01
2.730637979987979946e+01,1.341132685503179012e+01
3.644973511996892057e+01,7.526815086093562535e+00
1.108912759795582303e+01,8.132147336727840070e+01
1.163138318740329602e+01,7.391579852936507677e+01
4.333644190058856793e+01,5.324679815335560562e+00
2.263020430858016141e+01,1.952643905733086527e+01
1.624300431048129667e+01,3.790244977083411015e+01
1.423781829002177446e+01,4.933022633540564073e+01
2.387015665914434592e+01,1.755049869696726006e+01
1.230970203019502307e+01,6.599407090284228161e+01
1.586497138841184729e+01,3.973026058850195597e+01
1.316814924641064444e+01,5.767007546485067593e+01
1.061703652324209379e+01,8.871424835701111533e+01
1.043191251656224061e+01,9.189082005727321700e+01
1.815645134098404867e+01,3.033458513844912119e+01
4.915091342688283049e+01,4.139394454821292868e+00
1.211801217453150947e+01,6.809845063679509281e+01
1.134431583110117536e+01,7.770400113281364440e+01
1.195070706272380434e+01,7.001849923105967832e+01
1.200301058650404151e+01,6.940961280174747117e+01
1.037846005277197214e+01,9.283979309780566780e+01
1.534538363601135558e+01,4.246630742365681499e+01
5.264836599530761418e+01,3.607698254048541830e+00
1.876945707511493211e+01,2.838550200094468323e+01
1.945367003749666424e+01,2.642389952585939383e+01
5.929141161249915370e+01,2.844568651912881219e+00
3.361277381255157337e+01,8.850978665228321773e+00
2.623952270771391682e+01,1.452406346404055348e+01
1.082862731163729642e+01,8.528117712699797437e+01
4.321929211428425077e+01,5.353584986374569255e+00
2.112661845433183672e+01,2.240474585425085152e+01
1.659405477818313557e+01,3.631574527414875320e+01
3.402866399652911156e+01,8.635951664419103224e+00
1.541768213708826174e+01,4.206896473012316306e+01
1.733501370125449270e+01,3.327757121398653339e+01
2.056911086768746344e+01,2.363572682742510978e+01
3.071899496543805341e+01,1.059707466918914243e+01
1.429935864549773505e+01,4.890653361852930203e+01
1.852380180359155659e+01,2.914336857367743860e+01
1.642197406041683649e+01,3.708081546616324431e+01
1.021479466525276081e+01,9.583865672245474343e+01
1.180839376857621481e+01,7.171637775923443314e+01
1.892554722905587283e+01,2.791920889608065082e+01
1.166868020446561438e+01,7.344403430928180398e+01
1.957118941036106463e+01,2.610751642228678548e+01
2.156579776670079340e+01,2.150150915597460255e+01
1.322785815353899785e+01,5.715061939545279301e+01
3.121813984914950169e+01,1.026091184323955652e+01
1.122380715764267478e+01,7.938155600751925078e+01
1.303543641304978884e+01,5.885032275947874325e+01
2.888733297556062141e+01,1.198353931777120351e+01
3.321015550663274496e+01,9.066886549946934437e+00
4.497852181945698646e+01,4.942988985988329809e+00
2.696301894516403763e+01,1.375507511204194877e+01
2.234062126026239170e+01,2.003593010107469397e+01
3.520481822516500614e+01,8.068555441356428659e+00
1.806741372652655286e+01,3.063430421352385835e+01
4.311018627550318172e+01,5.380717623827807827e+00
4.186981683466461845e+01,5.704241159157946051e+00
1.114482852958085779e+01,8.051062870905205671e+01
1.385015108026647113e+01,5.213039052832652231e+01
1.290271708089299985e+01,6.006723635607711742e+01
1.436210800238223051e+01,4.848011300098155374e+01
6.410125054303050263e+01,2.433699739434315390e+00
1.729907053243417892e+01,3.341599991840679706e+01
1.186603484675245745e+01,7.102132349977725312e+01
1.586434125787373617e+01,3.973341681759160338e+01
2.591389713095596647e+01,1.489136604366427186e+01
1.490038817507110203e+01,4.504066924911772674e+01
1.465999562969910386e+01,4.652992133755755333e+01
1.179181315460138002e+01,7.191820212074640040e+01
1.063219705672471171e+01,8.846143204176921415e+01
3.175518453677512198e+01,9.916780903785204160e+00
1.644622414821817813e+01,3.697154417394043691e+01
2.225514723295287922e+01,2.019012726423398263e+01
1.412710006342276969e+01,5.010648725825354433e+01
1.856260258713283307e+01,2.902166110201102356e+01
1.847503037936598602e+01,2.929744027592830946e+01
1.746029080004135636e+01,3.280175306292002801e+01
1.692846912273921944e+01,3.489511456985396620e+01
1.134429177537357347e+01,7.770433067798113314e+01
2.081113114014861409e+01,2.308918631216902639e+01
1.426258192267482094e+01,4.915907428131491486e+01
1.400423055116344706e+01,5.098958721326733468e+01
1.034799978399347964e+01,9.338716210363867276e+01
2.881344541137341508e+01,1.204507793607275623e+01
2.418464354252794024e+01,1.709702782862117232e+01
1.481484753938892318e+01,4.556229871385688313e+01
1.343277455553467092e+01,5.542025861398591502e+01
5.219259638621924324e+01,3.670981502485795911e+00
2.910787387561025596e+01,1.180263647955864847e+01
1.428495498415313847e+01,4.900520922401985047e+01
6.510786259781959018e+01,2.359028150688341707e+00
9.581950170011498358e+01,1.089161255693739339e+00
3.214778974521453137e+01,9.676042371271117659e+00
1.435691972004878458e+01,4.851515867473504073e+01
1.995576540930884235e+01,2.511095444271430210e+01
1.167323878840096363e+01,7.338668340118839239e+01
1.612386215163248693e+01,3.846465547672502083e+01
2.589597336019009788e+01,1.491198714932185609e+01
1.395245778320965080e+01,5.136869889899357844e+01
6.506877162871418818e+01,2.361863440013146409e+00
1.213674243695199984e+01,6.788842432437547814e+01
1.508755799440565148e+01,4.393009020655702557e+01
1.288545977565210698e+01,6.022823841598403760e+01
1.433209797276265185e+01,4.868335091201233666e+01
4.882833559346971697e+01,4.194267820551453418e+00
1.957101765339236721e+01,2.610797466800879363e+01
7.457543771647253550e+01,1.798077380751845977e+00
2.033378504464549863e+01,2.418597188319491309e+01
3.512148390966687828e+01,8.106890111297701651e+00
3.074559105973052908e+01,1.057874886142526627e+01
1.401655298775568426e+01,5.089997320207599074e+01
1.383951192746498648e+01,5.221057202275927267e+01
6.209794171390120709e+01,2.593257181428396674e+00
1.248832246967602799e+01,6.411974568444206568e+01
1.458007920249458067e+01,4.704139949443141688e+01
1.207107908257974493e+01,6.862902194410322920e+01
2.159913950260638416e+01,2.143517833603412370e+01
1.637169771576045818e+01,3.730891036995244292e+01
6.726215684435904052e+01,2.210336631436444321e+00
3.971583022552621145e+01,6.339758416539482688e+00
1.419020250636044977e+01,4.966184081278357354e+01
1.284286652923247907e+01,6.062839364892759164e+01
1.309713308284863587e+01,5.829717621357345081e+01
1.600278175028885386e+01,3.904892077633368785e+01
1.765504852218950660e+01,3.208205426098787427e+01
3.551746878092155413e+01,7.927130087485121379e+00
1.188385755414138067e+01,7.080845607333388614e+01
1.020002150563856702e+01,9.611647282020955174e+01
2.158150522229639279e+01,2.147022208011836497e+01
1.270664879424906424e+01,6.193525745277838013e+01
2.435028169720894198e+01,1.686522037962363285e+01
1.325870606689355036e+01,5.688499370603610572e+01
1.290603511128070835e+01,6.003635478880585197e+01
1.180922941450268127e+01,7.170622851469642001e+01
1.803673579449436559e+01,3.073860205811062229e+01
1.183189022554854830e+01,7.143182345956778079e+01
1.716290039585875249e+01,3.394834725038646184e+01
5.732884982528231177e+01,3.042660822784108987e+00
1.444459720949536852e+01,4.792798030081533511e+01
1.834483459393297977e+01,2.971477180296334808e+01
1.233293387158230026e+01,6.574567586965940791e+01
1.529952175942218950e+01,4.272128318336694264e+01
1.800218393578055043e+01,3.085670940198829371e+01
1.418226814829421478e+01,4.971742360754281265e+01
2.724818134238003964e+01,1.346867762406678715e+01
1.001329964078998636e+01,9.973453688611898826e+01
1.134669939638803093e+01,7.767135849379205581e+01
2.865129905945566335e+01,1.218179717769273118e+01
1.998603970410101027e+01,2.503493731563521862e+01
3.263527779964148579e+01,9.389130432453377750e+00
1.201056621534132596e+01,6.932231161928001484e+01
1.269619925658097870e+01,6.203725036069218390e+01
1.245264536234333619e+01,6.448768101142452736e+01
1.671833574255420629e+01,3.577782329502165481e+01
2.769458805241545463e+01,1.303797610922582351e+01
2.538118462908579076e+01,1.552302022884395427e+01
1.525515480104450994e+01,4.297013934475111796e+01
1.827139021644917705e+01,2.995413718086523858e+01
1.728028299684595481e+01,3.348870076129127682e+01
1.386828111247920781e+01,5.199417928923663368e+01
1.205521096670377545e+01,6.880981181208777286e+01
1.611856721979726714e+01,3.848993082264760801e+01
2.132157759414245035e+01,2.199689235764959960e+01
1.176675735788652410e+01,7.222480934089790594e+01
1.695122930866486399e+01,3.480147108390843158e+01
1.414321930860364773e+01,4.999233807146816133e+01
1.217717473672343864e+01,6.743834814275943756e+01
1.592651475765043223e+01,3.942380184585300640e+01
1.165698956295330646e+01,7.359142029002089203e+01
1.225022991086816582e+01,6.663639913958793670e+01
3.295081344429285508e+01,9.210171546665977260e+00
3.611732720963478016e+01,7.665999604687286251e+00
2.037566633855476184e+01,2.408664764483033593e+01
2.600656941870909478e+01,1.478542679824124484e+01
1.234253030240724236e+01,6.564347987896228176e+01
2.191277123370295854e+01,2.082597728834264927e+01
1.367827548581379915e+01,5.344871977911859062e+01
3.123073059757288306e+01,1.025264008558375828e+01
2.790512211221148320e+01,1.284198461718859363e+01
3.375033170363091273e+01,8.778976954981125402e+00
3.077786583134473375e+01,1.055657398489508658e+01
1.442019282094369004e+01,4.809034190231191985e+01
1.458120019224255515e+01,4.703416677026083192e+01
1.849637102259650234e+01,2.922987399120534846e+01
1.483901165755860063e+01,4.541403057127625686e+01
1.428035747268884847e+01,4.903676841702297651e+01
1.661013628546672294e+01,3.624545937168145571e+01
2.889433987801416492e+01,1.197772798514982284e+01
1.115828757132853966e+01,8.031652322585435400e+01
1.361035601807925843e+01,5.398349880616415675e+01
1.280927667173429363e+01,6.094678309718837284e+01
2.078039188562500783e+01,2.315754588122734248e+01
1.392016055624205961e+01,5.160734430600583522e+01
1.478923220872692568e+01,4.572026554386421537e+01
1.558361244150824554e+01,4.117785520354972562e+01
1.094931558320419640e+01,8.341152347574863768e+01
3.312326110891079622e+01,9.114520450947033225e+00
1.887618982122648248e+01,2.806540592142738433e+01
1.565147803442002505e+01,4.082153091558603819e+01
1.166340396209936792e+01,7.351049795512324181e+01
1.615338167655487212e+01,3.832419933187119909e+01
2.362922482015081016e+01,1.791022538779612461e+01
1.280276590697402206e+01,6.100878705292140580e+01
1.345304317870607314e+01,5.525338987868518359e+01
1.423246387556976167e+01,4.936735049947381526e+01
1.373691775816682537e+01,5.299335355655495761e+01
2.770662422357019139e+01,1.302665078681104127e+01
1.438898006751427339e+01,4.829920451879340959e+01
2.705870589318490715e+01,1.365796374425730342e+01
1.545302061386585990e+01,4.187677534442433824e+01
6.102030068530545748e+01,2.685661746511335934e+00
2.004315598018170164e+01,2.489245825479886776e+01
1.048722905600893718e+01,9.092399147230916867e+01
4.336389634426113560e+01,5.317939653224438068e+00
1.252279073830483114e+01,6.376725955220224762e+01
2.071194916886400605e+01,2.331084715700585974e+01
4.314011237646747077e+01,5.373255054111212736e+00
1.455429236333524301e+01,4.720824012032923633e+01
1.719113502686185768e+01,3.383692564583050455e+01
6.910110442746335480e+01,2.094257226368672953e+00
1.289649920302759156e+01,6.012517157870195206e+01
3.365359879507055041e+01,8.829517550110544732e+00
2.988979766742428623e+01,1.119319448009425066e+01
3.271324362036610012e+01,9.344429335881851983e+00
1.305708636434242109e+01,5.865532514854823631e+01
1.274410601117516251e+01,6.157171480216850057e+01
5.595260778539024926e+01,3.194179624165285336e+00
1.343278647220328281e+01,5.542016028374524694e+01
1.004285535233997528e+01,9.914837138172738662e+01
1.289202782581614315e+01,6.016688556618672123e+01
1.571551253816676130e+01,4.048954543473944767e+01
1.652709102862637636e+01,3.661062657855121927e+01
1.660706235243709017e+01,3.625887853321874132e+01
1.106002120092972874e+01,8.175006018529370522e+01
2.602172135862058866e+01,1.476821328098063191e+01
2.285745996516823553e+01,1.914009391704462715e+01
1.525468882724080011e+01,4.297276453957698550e+01
1.233856889291105752e+01,6.568563751507491588e+01
1.660539843177409480e+01,3.626614543743580299e+01
1.543503981804304637e+01,4.197439949578254215e+01
1.546307236904368665e+01,4.182234912573612462e+01
3.053442007726418694e+01,1.072557657331494951e+01
3.267050467647157319e+01,9.368893743146919917e+00
1.564004241889738367e+01,4.088124814441616195e+01
1.256692967632629454e+01,6.332010558798738487e+01
1.517129331430423278e+01,4.344649943297086025e+01
1.241923154374189231e+01,6.483515474590745953e+01
1.624889809405110697e+01,3.787495888243811493e+01
1.679170541019775698e+01,3.546585115304344527e+01
8.128066699693540897e+01,1.513650059729391817e+00
2.143163060854737267e+01,2.177156104251877977e+01
1.034592586638863665e+01,9.342460615535107138e+01
1.116017131292651499e+01,8.028941202785159703e+01
1.261896271032449768e+01,6.279899390516613522e+01
1.656274931362961667e+01,3.645315672339490476e+01
3.431079753383782815e+01,8.494510819103904709e+00
2.691076824036187531e+01,1.380854144929879723e+01
5.521101985787965560e+01,3.280563593906476338e+00
1.348145663784761084e+01,5.502073170552159809e+01
1.955196070464224078e+01,2.615889342890706004e+01
7.452950168992613555e+01,1.800294542613352089e+00
2.144329760793300466e+01,2.174787628165511677e+01
3.066992047031380864e+01,1.063101425170565228e+01
1.260472463616108918e+01,6.294094730104870195e+01
2.818791515977001438e+01,1.258560474979948296e+01
1.415807591620578165e+01,4.988747539466505287e+01
4.043611149515753311e+01,6.115912020047105102e+00
2.151610173417013527e+01,2.160094851743708944e+01
1.804399734120405085e+01,3.071386642147393076e+01
1.740710965403796706e+01,3.300248708473928616e+01
1.095895231367193290e+01,8.326489249671917037e+01
1.495615921264905701e+01,4.470538512925468666e+01
3.194075886767314287e+01,9.801883574036619251e+00
1.237791077184513000e+01,6.526875139446039498e+01
1.536491975352510408e+01,4.235838634623021903e+01
1.317728644074324684e+01,5.759012577312019943e+01
2.318445030222475367e+01,1.860400267687972686e+01
1.823127398291896029e+01,3.008610483383728251e+01
5.979822819043285875e+01,2.796555017501979989e+00
1.462290038008404203e+01,4.676629419140589050e+01
1.280963210268468444e+01,6.094340094345731274e+01
2.827567364342541723e+01,1.250760274649357484e+01
1.397320838707683599e+01,5.121624428391709216e+01
1.460944664982912045e+01,4.685246731298280309e+01
1.477037814966974594e+01,4.583706184357663460e+01
1.546449618886849819e+01,4.181464829309309295e+01
1.257022366556016202e+01,6.328692425035651326e+01
1.068741883929180680e+01,8.754963515758655035e+01
1.717790983742105482e+01,3.388904747205282320e+01
1.995881988235071347e+01,2.510326913218387901e+01
1.219563181153985809e+01,6.723437793927557493e+01
1.709735893793770245e+01,3.420912307120137541e+01
2.630881452606924498e+01,1.444765763083577781e+01
1.287976255542974435e+01,6.028153278799479864e+01
2.744100655307523695e+01,1.328005656802405099e+01
1.536187552519879951e+01,4.237517614199274618e+01
1.277618201682778754e+01,6.126293781789897253e+01
1.452933062431813305e+01,4.737058924148166028e+01
2.297271042485461479e+01,1.894852999235734714e+01
1.388122530567974700e+01,5.189725572642826990e+01
2.971914985683474697e+01,1.132210651395386236e+01
1.776498332086268661e+01,3.168621698111012108e+01
2.702916077978040477e+01,1.368783863639479392e+01
2.618235464971852977e+01,1.458755805721842336e+01
1.390005925417146848e+01,5.175671415943527620e+01
3.387797784729445283e+01,8.712946364610640870e+00
3.009230754911699890e+01,1.104304943994966770e+01
2.578442518778918924e+01,1.504129024599703257e+01
1.423937839313910025e+01,4.931941743325021577e+01
1.610976915404301835e+01,3.853198349383193744e+01
4.053103269804392994e+01,6.087299379089686546e+00
1.574932874548737693e+01,4.031585766158940487e+01
1.164761365675976990e+01,7.370994481883398919e+01
2.585552815142175120e+01,1.495867659631562674e+01
1.248300693810918105e+01,6.417436443141582458e+01
2.356431087413326253e+01,1.800903793381777263e+01
4.056145413523394438e+01,6.078171750175740407e+00
1.654875671969745099e+01,3.651482780499367209e+01
1.179506048290360098e+01,7.187860760319303211e+01
1.257996254613367526e+01,6.318897400271596609e+01
1.652466996271457234e+01,3.662135517203011403e+01
1.191871991692131338e+01,7.039483114798670726e+01
1.704353644783279265e+01,3.442552503993735513e+01
1.617589354071584395e+01,3.821760258324140125e+01
1.572835535655733175e+01,4.042344983010511328e+01
5.033280889630999866e+01,3.947277553592459132e+00
1.698635782306584474e+01,3.465767806189237632e+01
1.244286942982024335e+01,6.458905230269064646e+01
1.427057298501939364e+01,4.910403469169184376e+01
8.261427095123926279e+01,1.465176183708829738e+00
1.405966844563176288e+01,5.058827158407837743e+01
1.922289726786588204e+01,2.706215081916347387e+01
1.498753113274322324e+01,4.451842626234951439e+01
1.817675661579241719e+01,3.026684939658173334e+01
1.419818232089190779e+01,4.960603354030224921e+01
2.152537222061319966e+01,2.158234645318431433e+01
1.848478317701985318e+01,2.926653305605980293e+01
3.637466236020198096e+01,7.557915959582908627e+00
1.566585030167321158e+01,4.074666376001306389e+01
1.345591487499733141e+01,5.522980857263888765e+01
1.449430746743265352e+01,4.759979260523527245e+01
1.514799167343752018e+01,4.358026678634225703e+01
1.322033792691949650e+01,5.721565674182077288e+01
1.569955632436599124e+01,4.057189020183171380e+01
1.126943110329262332e+01,7.874010949729552067e+01
1.103065024476521216e+01,8.218598626697860254e+01
1.008034868558065966e+01,9.841218859664951424e+01
2.448758251838157207e+01,1.667662545836095589e+01
1.313657818122206500e+01,5.794760489949234739e+01
1.173825687451136268e+01,7.257595874035470729e+01
2.643063604168425940e+01,1.431478307915153181e+01
1.691076763532523231e+01,3.496820631040933591e+01
2.597508905717567274e+01,1.482128674313709560e+01
2.815200591315565504e+01,1.261773232334132366e+01
2.473211556113307097e+01,1.634848321860421905e+01
1.940616632028127952e+01,2.655342225100074671e+01
1.396537152298236073e+01,5.127374183974734478e+01
1.981181973153167064e+01,2.547717467461695406e+01
4.735987563777995035e+01,4.458398597126002727e+00
3.621953191559956764e+01,7.622796628415056119e+00
1.590957354878388585e+01,3.950780692077056955e+01
1.616202635600680537e+01,3.828321290988863268e+01
1.100678947615584313e+01,8.254270179756146320e+01
1.025901540994963312e+01,9.501422617365950885e+01
1.564355869812392896e+01,4.086287205356665453e+01
1.064630932195149349e+01,8.822706654510940893e+01
1.747459680047854391e+01,3.274806715385707889e+01
2.147340852962136992e+01,2.168692746018595230e+01
1.100490995018329521e+01,8.257089910237094443e+01
1.580576674817436178e+01,4.002845823274974180e+01
1.732736859737937962e+01,3.330694285367201957e+01
1.388892191765747874e+01,5.183975344244312566e+01
3.041930603850517656e+01,1.080690653993476502e+01
1.446550209092966099e+01,4.778955375073760337e+01
3.958247928179769559e+01,6.382546885331225717e+00
1.591128349042450196e+01,3.949931578751996852e+01
2.672580207541514596e+01,1.400033747527919026e+01
1.543289323164375837e+01,4.198607688380282355e+01
1.334327874389524027e+01,5.616617939345238852e+01
1.629107722998891816e+01,3.767908909004341922e+01
2.452504264968402836e+01,1.662571981950642908e+01
1.640096529936708336e+01,3.717587339967182203e+01
8.992972873433086534e+01,1.236498042586527291e+00
1.313094819722262407e+01,5.799730641733902559e+01
6.146865604941843486e+01,2.646625937600517453e+00
1.566576802352922471e+01,4.074709177205394184e+01
1.790797599818317565e+01,3.118221723126364608e+01
1.375102515635862410e+01,5.288467586233863926e+01
3.466904676221912496e+01,8.319863450827007512e+00
1.697890210540633760e+01,3.468812226778432972e+01
1.586286137869054969e+01,3.974083078885932707e+01
2.903484769649771735e+01,1.186208127831532799e+01
1.843288352193698643e+01,2.943157086039386172e+01
1.245623594022379166e+01,6.445050851892835908e+01
2.387412138383281501e+01,1.754467003281511595e+01
2.062396734864872982e+01,2.351015947776252091e+01
1.933486254243297608e+01,2.674963264714691391e+01
1.635190060593668093e+01,3.739930423026831363e+01
2.278202559093901414e+01,1.926705465151148644e+01
2.350945001295993109e+01,1.809318657200896752e+01
5.389252639258147326e+01,3.443046704048072115e+00
1.498038062218244626e+01,4.456093592328289787e+01
1.431338958731344668e+01,4.881069770327796675e+01
1.674349929269763493e+01,3.567036421333076390e+01
2.169620329489725918e+01,2.124381529859521223e+01
1.389776040507489085e+01,5.177383788477236237e+01
1.222737139760477199e+01,6.688577944364121208e+01
1.255527227104231613e+01,6.343774394706731101e+01
1.682029957818198440e+01,3.534537119225285551e+01
1.847451278334143510e+01,2.929908193773781377e+01
6.079544200076804827e+01,2.705564921245081855e+00
1.324510250087389274e+01,5.700190275347762281e+01
2.968661780888359658e+01,1.134693474680457292e+01
1.852148765298693078e+01,2.915065161254756276e+01
1.721473583919227934e+01,3.374421071516889725e+01
1.379678511020295595e+01,5.253445121421177078e+01
1.483293526000091411e+01,4.545124643214587223e+01
1.005662984720835773e+01,9.887695174196922210e+01
1.275105037178683354e+01,6.150466781430768748e+01
1.595100699009323364e+01,3.930282696146920784e+01
1.581360607478375790e+01,3.998878121326210078e+01
4.648519594718472092e+01,4.627758296476661926e+00
2.141630407785088508e+01,2.180273373197879749e+01
2.133228466147448188e+01,2.197481660675519066e+01
1.833476416595262393e+01,2.974742263458339409e+01
1.451210137223445429e+01,4.748313590699423514e+01
2.079782342117625760e+01,2.311874351147720219e+01
2.109743091870507214e+01,2.246678105380618007e+01
7.081240178552484110e+01,1.994258033898193450e+00
1.591918827121583746e+01,3.946009822107416909e+01
1.512304016833761189e+01,4.372419159008040879e+01
1.432462858679858186e+01,4.873413471307455325e+01
1.338763467736251300e+01,5.579461618888599617e+01
1.586677300479582442e+01,3.972123863745495953e+01
1.984167778359560685e+01,2.540055550352439440e+01
1.518777396892029508e+01,4.335226070343384208e+01
1.921357980950705269e+01,2.708840429248236248e+01
1.481583258321347429e+01,4.555624041524202283e+01
1.270732786426600214e+01,6.192863808275932058e+01
1.507407234406607976e+01,4.400872732889921934e+01
2.737342263609934889e+01,1.334571340760216707e+01
8.630248306592018537e+01,1.342620943544514223e+00
1.359306884671120308e+01,5.412089462521915095e+01
1.226048740030047668e+01,6.652494578375279843e+01
1.472323870919306366e+01,4.613104504995460076e+01
1.435566088574068822e+01,4.852366754442561358e+01
3.685456692980130811e+01,7.362365526296962948e+00
1.365871040541003367e+01,5.360195202913363488e+01
4.065619148224825352e+01,6.049877955606623559e+00
5.092614400298691635e+01,3.855834745301147670e+00
1.306987281957839109e+01,5.854061449533861605e+01
1.938584460970128376e+01,2.660912204673345016e+01
2.067503030585884005e+01,2.339417263168571282e+01
1.453422785127829364e+01,4.733867210819055771e+01
1.980430259536138493e+01,2.549651913142594850e+01
2.282183721451229275e+01,1.919989233883587687e+01
1.135563509387308301e+01,7.754916811245131214e+01
2.265319851858489741e+01,1.948681841277140236e+01
1.468384410985562916e+01,4.637890273852828216e+01
1.438426034477905269e+01,4.833090531491389186e+01
1.201471840599544727e+01,6.927440542502806409e+01
1.802495613105996242e+01,3.077879174852101940e+01
1.237155451253614480e+01,6.533583620307490492e+01
1.438107515377456025e+01,4.835231681735652387e+01
1.593174286485165148e+01,3.939793172660869658e+01
1.338670605672206726e+01,5.580235727606162044e+01
5.333391888137867198e+01,3.515547804995782233e+00
1.069311330983278907e+01,8.745641327614264071e+01
1.555201004731874015e+01,4.134537579769360605e+01
1.300315573947863790e+01,5.914288037532421072e+01
1.661585426547758360e+01,3.622051751212232773e+01
1.698836933828113160e+01,3.464947123308198940e+01
1.553748072940742908e+01,4.142273724264440204e+01
1.464295176434024270e+01,4.663830266227603261e+01
1.334719163408476383e+01,5.613325263493475603e+01
2.382077892777737560e+01,1.762333443400110866e+01
1.492577160202649189e+01,4.488760320917645430e+01
1.071338812719859312e+01,8.712570837632577536e+01
1.491695736434937558e+01,4.494066589294185832e+01
1.803625365148344173e+01,3.074024548146481450e+01
3.308668005678559609e+01,9.134685850626475201e+00
1.719798032830983558e+01,3.380999482545185941e+01
1.320897890644618400e+01,5.731410390667969779e+01
2.596342141466242381e+01,1.483461074452607242e+01
1.973889580851721703e+01,2.566576956594001402e+01
1.654474737830849307e+01,3.653252745865660245e+01
1.408740375838806180e+01,5.038927106373299125e+01
1.952134003703712750e+01,2.624102211425092079e+01
1.749153662244015450e+01,3.268466760071542865e+01
1.057965279876139952e+01,8.934230837649062096e+01
1.351159841147213569e+01,5.477552420619309004e+01
1.524180265752836050e+01,4.304545783378833335e+01
1.349648295755214633e+01,5.489828515835222333e+01
1.664027398831240845e+01,3.611428777121948741e+01
1.946859023714040049e+01,2.638341392517728679e+01
2.683321727271459523e+01,1.388847321451056338e+01
1.724948205029680537e+01,3.360840343942209074e+01
4.059822697559953752e+01,6.067165830432401208e+00
1.828443053596315337e+01,2.991142628229779632e+01
1.331773462245497264e+01,5.638184544753580241e+01
2.199091526591066525e+01,2.067823133808765235e+01
1.412138960741562599e+01,5.014701991862381192e+01
2.325959602592703845e+01,1.848398744209758249e+01
1.513120693162903585e+01,4.367700582893164807e+01
1.709186608984577660e+01,3.423111431653304493e+01
1.917186516954715358e+01,2.720641183585852829e+01
1.388008145004250871e+01,5.190580977054978717e+01
1.841112433189872277e+01,2.950117938234651405e+01
5.002204851843631417e+01,3.996474569137356880e+00
1.592861816489852878e+01,3.941339054280994247e+01
1.630304577264324806e+01,3.762378675471466494e+01
1.545622169977493776e+01,4.185943122544946959e+01
1.079430933736503206e+01,8.582430211865697345e+01
1.026511884983436573e+01,9.490127254429563664e+01
3.279768979416166985e+01,9.296371961383838922e+00
1.446197474776421288e+01,4.781286878430211118e+01
1.000587499738958108e+01,9.988260351793928749e+01
1.584196852451242243e+01,3.984572266425104203e+01
1.437821882499252268e+01,4.837152974409399775e+01
1.547067930346416098e+01,4.178123113134558508e+01
1.795970520104443580e+01,3.100284811334590174e+01
2.385166613024250992e+01,1.757772059330633141e+01
1.478408468577407398e+01,4.575210885276140971e+01
4.904423946108114052e+01,4.157420866988847941e+00
1.589877135372139172e+01,3.956151119880819067e+01
5.269792638921665429e+01,3.600915639170913618e+00
7.676845173851394577e+01,1.696814771557350499e+00
1.421059546764578663e+01,4.951940831263497245e+01
1.916389715602128163e+01,2.722904044032460646e+01
2.215809108710511666e+01,2.036738689945566705e+01
1.719147359786255080e+01,3.383559288178313551e+01
6.256335471288852546e+01,2.554817862758318459e+00
1.333603136616256180e+01,5.622724225586465963e+01
3.504528751631436023e+01,8.142180865555063818e+00
1.443424800250088147e+01,4.799673267478935657e+01
1.234351910924781670e+01,6.563296324727315323e+01
1.685286930625040114e+01,3.520888680878107380e+01
1.702539910145018709e+01,3.449891189587933127e+01
2.123182590394516112e+01,2.218325702486109208e+01
1.047960946895918788e+01,9.105625883095197537e+01
1.974111608857062450e+01,2.565999664090283261e+01
1.700623421988207085e+01,3.457671161306947027e+01
1.460732889156686909e+01,4.686605356041668813e+01
5.217360318170457845e+01,3.673654746779937419e+00
1.500691359046649964e+01,4.440350332664377220e+01
1.356709556884655754e+01,5.432831449378676325e+01
1.850852073725057778e+01,2.919151132880792687e+01
1.122964058116393637e+01,7.929910528990373564e+01
1.649622722734438796e+01,3.674774885842788308e+01
1.230306938199490574e+01,6.606524557142758169e+01
1.324743013098719757e+01,5.698187355718992819e+01
1.221977535860769493e+01,6.696896017094934450e+01
1.260522817321703037e+01,6.293591883732722181e+01
1.289594231836482230e+01,6.013036445379622563e+01
1.819230306967974542e+01,3.021514169108826309e+01
1.604172405360419518e+01,3.885956342686554166e+01
1.494339540424938306e+01,4.478178739884459958e+01
1.215079878235330924e+01,6.773144514950767814e+01
3.530521257353655074e+01,8.022732992452727530e+00
1.869861141125575443e+01,2.860100456715077044e+01
1.298390480139475933e+01,5.931838997756280207e+01
2.399362463199775775e+01,1.737033841035101034e+01
1.801416450338777508e+01,3.081567969313013577e+01
1.567038886167961387e+01,4.072306455010424031e+01
2.615506169159136718e+01,1.461801834405545542e+01
2.494484580572549604e+01,1.607083168225043579e+01
1.105111994085917893e+01,8.188180639910594039e+01
2.345937736697848308e+01,1.817050666326554875e+01
3.374027249794345806e+01,8.784212401675715043e+00
1.175292552685507985e+01,7.239490983395367607e+01
1.851547295728480336e+01,2.916959369168945315e+01
1.379040597745708219e+01,5.258306497497502363e+01
2.691308910360294959e+01,1.380615997950072682e+01
1.341942414245658100e+01,5.553058397172622307e+01
1.339825845890270806e+01,5.570616964742327326e+01
1.280071923195145445e+01,6.102829769768204216e+01
3.358716978744234893e+01,8.864478287832177728e+00
1.900234994759703966e+01,2.769398013791653668e+01
1.480982684647939251e+01,4.559319618316155243e+01
4.003844311338448136e+01,6.238003823724826091e+00
1.339580596959849679e+01,5.572656876212482047e+01
2.045368524528572607e+01,2.390324501202308838e+01
1.883500948621504989e+01,2.818826290864782891e+01
1.772992560313272392e+01,3.181164838162563413e+01
1.732642187244737642e+01,3.331058277135580425e+01
1.670905432940038082e+01,3.581758149804854696e+01
1.465646749595985554e+01,4.655232558255257658e+01
1.720894695991184875e+01,3.376691681309430493e+01
1.685113839763812038e+01,3.521612032546656934e+01
5.665204016894031724e+01,3.115795108452876772e+00
7.860553888721545945e+01,1.618429184213522110e+00
1.720464052779959374e+01,3.378382308135457635e+01
1.805551569001985612e+01,3.067469166846380446e+01
2.282567679076904454e+01,1.919343353797350105e+01
2.129025707327471295e+01,2.206166009538080530e+01
1.416758783337137828e+01,4.982051039761918787e+01
1.083945671375226283e+01,8.511085810814323338e+01
1.448368419207923807e+01,4.766964377582817036e+01
2.145445667758034602e+01,2.172525879422004280e+01
1.898725735955466121e+01,2.773802440877078368e+01
1.428346491376140115e+01,4.901543433684538087e+01
1.882414777199391054e+01,2.822080209099534187e+01
2.942016355011771367e+01,1.155340066342478167e+01
2.298215240891740052e+01,1.893296356820467707e+01
1.052796622707765728e+01,9.022170577580361339e+01
1.347361125994765985e+01,5.508482500562994488e+01
1.475311673138107871e+01,4.594438500501216538e+01
1.090640779649527126e+01,8.406912662987309659e+01
1.658241485290458783e+01,3.636674640099704447e+01
1.322950314649375514e+01,5.713640774738922801e+01
4.021641859146564002e+01,6.182914128414615185e+00
1.238095753327200654e+01,6.523663209421681586e+01
1.489226772642075858e+01,4.508980215038552330e+01
1.666876658774274134e+01,3.599093005514250621e+01
1.297133005436638165e+01,5.943345532539232323e+01
1.975574870839477626e+01,2.562199920237887341e+01
1.876256000408371705e+01,2.840637471842616080e+01
1.793297242254211454e+01,3.109534923302223319e+01
1.294460686023322893e+01,5.967910066582407325e+01
4.021986045711589242e+01,6.181855952232441886e+00
1.635883095807056975e+01,3.736762281659338925e+01
1.683258307064103931e+01,3.529380380251009086e+01
1.367229039495585674e+01,5.349552473315718970e+01
3.965634883080441142e+01,6.358790954446840615e+00
1.161334409133588430e+01,7.414560481947968640e+01
3.569586135525917570e+01,7.848095294373883313e+00
1.963912875998510899e+01,2.592719684678130676e+01
1.116883204984888955e+01,8.016494138209165499e+01
1.530801688472601896e+01,4.267388031528189885e+01
1.064015442279719004e+01,8.832916764923901098e+01
1.481585320635233494e+01,4.555611359000893401e+01
1.151502710621154968e+01,7.541714206026071565e+01
6.090074802603476201e+01,2.696216400239351607e+00
1.842920455323100271e+01,2.944332271169543702e+01
1.660742656460933375e+01,3.625728818686918942e+01
2.329037149719155764e+01,1.843517090963592153e+01
1.357066799505201615e+01,5.429971481858330407e+01
3.216921812841943051e+01,9.663155960027205893e+00
1.866582740386770212e+01,2.870156040723826507e+01
1.379984226816294601e+01,5.251117727780189881e+01
1.431278621126006634e+01,4.881481316011316807e+01
1.325357271187302644e+01,5.692906747014496460e+01
1.270223089992064303e+01,6.197834767976742398e+01
1.934910174856229048e+01,2.671027646551856805e+01
1.532624877141519981e+01,4.257241222636212541e+01
1.377956563396722345e+01,5.266583140131292140e+01
2.335763113649040079e+01,1.832915350614799976e+01
1.562734956791245722e+01,4.094768427536936883e+01
1.152245609347196265e+01,7.531992452818906258e+01
1.255143814044672723e+01,6.347650695449236480e+01
2.371577306079766601e+01,1.777974091811195123e+01
2.551631899923131641e+01,1.535903584918749942e+01
1.580568686871174577e+01,4.002886282887254765e+01
3.846083232784749129e+01,6.760248226951003581e+00
1.371613377247180310e+01,5.315407633795805964e+01
1.390936281304830757e+01,5.168750026284250509e+01
1.847879905214801610e+01,2.928549131686855489e+01
1.886404783828140452e+01,2.810154655809462199e+01
1.384085815627707383e+01,5.220041601114294139e+01
1.986350987313958427e+01,2.534475041642075865e+01
2.690744619364854628e+01,1.381195131964990352e+01
1.816564018262695512e+01,3.030390422679405660e+01
1.917422445149406229e+01,2.719971705167228393e+01
1.164688336067263386e+01,7.371918879772081823e+01
2.733344684691103765e+01,1.338477877397651561e+01
2.029637357756762484e+01,2.427521606346740057e+01
1.296106334919818259e+01,5.952764936123489292e+01
1.505530846945371337e+01,4.411849443682819327e+01
4.030227886864716424e+01,6.156597937146042199e+00
1.385669897945347095e+01,5.208113436823870046e+01
1.560982532030122094e+01,4.103967507410085602e+01
1.343261635676884858e+01,5.542156401390344200e+01
1.186085413448503623e+01,7.108337997469325842e+01
1.791544202394251428e+01,3.115623308562127036e+01
6.669413883692917011e+01,2.248146774109027302e+00
1.680420331895166086e+01,3.541311623513784923e+01
1.242325801328673407e+01,6.479313445291714402e+01
1.100895347610235220e+01,8.251025459955971542e+01
2.253652803595395682e+01,1.968910525111056486e+01
1.867033621646754327e+01,2.868769945372336849e+01
1.693382964604778707e+01,3.487302547696056365e+01
1.288578530285576029e+01,6.022519542218516619e+01
1.335692987362119410e+01,5.605143146882585370e+01
1.211674963946289552e+01,6.811264275330876217e+01
1.466960085451840712e+01,4.646900842775833240e+01
1.482370911444698613e+01,4.550784094687217873e+01
2.107763800920511699e+01,2.250899562768182705e+01
1.652483561080065755e+01,3.662062097689106821e+01
1.450887249094869169e+01,4.750427255548969185e+01
3.809049486854045341e+01,6.892341219836706223e+00
1.508353968699261571e+01,4.395349958183371797e+01
1.922386045265899668e+01,2.705943906423729572e+01
1.596253944053429485e+01,3.924605727600997795e+01
1.798006766887088759e+01,3.093266628337464041e+01
2.275114201236954514e+01,1.931939835029175612e+01
1.937596347269769836e+01,2.663626861144451041e+01
2.144656097498876690e+01,2.174125835316952760e+01
1.585651736364026476e+01,3.977263687304949258e+01
1.275658607186672633e+01,6.145129969228698741e+01
5.456742256921744882e+01,3.358405390281494984e+00
2.071994693072427296e+01,2.329285496583985449e+01
5.290256547506398022e+01,3.573111208397517391e+00
1.789193353205991954e+01,3.123816019885100559e+01
7.507721630592813256e+01,1.774122798352385288e+00
1.427305050968936051e+01,4.908698915560821519e+01
1.941830553418910554e+01,2.652023326665970160e+01
1.963477773715409924e+01,2.593868893761495187e+01
2.339952902112852229e+01,1.826357396120529586e+01
4.059927897131856867e+01,6.066851413528969061e+00
7.064547750006182980e+01,2.003693411587374129e+00
3.386762813800977057e+01,8.718272408711861488e+00
1.288936185192688377e+01,6.019177740121943287e+01
2.384799621058855479e+01,1.758313100894655534e+01
1.364655285017285280e+01,5.369750128348420048e+01
1.349552746520215507e+01,5.490605910398753053e+01
1.739502135144172001e+01,3.304837178486305760e+01
1.124638350714092994e+01,7.906316975549619031e+01
1.194456457896584212e+01,7.009053167352037406e+01
3.890063023733527814e+01,6.608253962368851653e+00
1.319981617750615044e+01,5.739370135874737144e+01
2.038373258434843294e+01,2.406758829174255609e+01
2.994001786431747902e+01,1.115567593280400693e+01
2.502811742649538118e+01,1.596407032044920449e+01
3.276528669157289642e+01,9.314768275016762189e+00
2.420316913644006007e+01,1.707086502522020410e+01
3.772277931533094630e+01,7.027366988041114482e+00
2.301876381670652805e+01,1.887278560061559318e+01
2.295724994297616561e+01,1.897406023221925508e+01
1.345410213963820745e+01,5.524469232637590466e+01
1.261963661396513281e+01,6.279228700195906043e+01
1.788009410964917478e+01,3.127954300346563343e+01
3.093555146451314641e+01,1.044922968370567240e+01
1.285103487034137260e+01,6.055134522197588609e+01
2.168272038720968098e+01,2.127024348195847736e+01
1.753441237286778076e+01,3.252501967295540197e+01
1.167735623587744875e+01,7.333494008938198760e+01
2.103327850357620932e+01,2.260403937763383908e+01
1.194282923381892658e+01,7.011090207292561161e+01
1.841149326294883437e+01,2.949999709996589914e+01
1.530754817746008989e+01,4.267649364875041584e+01
1.338125579828889578e+01,5.584782374218466572e+01
1.536060811523901570e+01,4.238216921616905353e+01
2.078458026772820944e+01,2.314821368622610720e+01
3.666067021462522035e+01,7.440449946362205580e+00
1.421729199578788716e+01,4.947277073698520411e+01
2.361898321450217608e+01,1.792576113147751116e+01
3.543623611898691905e+01,7.963515438915557354e+00
1.810394091933280691e+01,3.051081107043381380e+01
3.311947149680278102e+01,9.116606382370648021e+00
3.541653216535577542e+01,7.972378892138038964e+00
1.311520737979936158e+01,5.813660621326398825e+01
1.555623343403129688e+01,4.132292900066959618e+01
1.266325796928072300e+01,6.236042863160642469e+01
1.502630325509266207e+01,4.428898233850200938e+01
8.148244654634233086e+01,1.506162668981611219e+00
1.411162076151639155e+01,5.021647304221583852e+01
7.576133189545605262e+01,1.742227232910493973e+00
1.602544572645857102e+01,3.893854905663327770e+01
2.028504177577312007e+01,2.430234529241274188e+01
1.522940155945132368e+01,4.311558905724326252e+01
3.639039265207733109e+01,7.551383327217937591e+00
2.321615452219130660e+01,1.855322573561291577e+01
1.628673764968354831e+01,3.769917085474823182e+01
1.713315019120709692e+01,3.406634623238010562e+01
1.243562357200958068e+01,6.466434236465636332e+01
1.821296151860466495e+01,3.014663619782514559e+01
2.701592465991829783e+01,1.370125429823724872e+01
1.704258574554888384e+01,3.442936592871195955e+01
2.516436350460897486e+01,1.579167145454324306e+01
1.176269393674403041e+01,7.227471806251386965e+01
1.350316267622261535e+01,5.484398463503765697e+01
1.867031211906727606e+01,2.868777350705661533e+01
1.398637920435392168e+01,5.111983016951140968e+01
1.428602283343150781e+01,4.899788343123166356e+01
1.615597641390979788e+01,3.831189017225667470e+01
1.737738797908541599e+01,3.311547622144704661e+01
2.428157834690128425e+01,1.696079376955258411e+01
1.649152466239329584e+01,3.676870911741951176e+01
1.978558603454433751e+01,2.554477980581956587e+01
1.175156652433857829e+01,7.241165492972797324e+01
1.385574342784776114e+01,5.208831809358376574e+01
2.624300374031439276e+01,1.452021059828632943e+01
1.698786496588756378e+01,3.465152876017122452e+01
1.719093896692821133e+01,3.383769745977736676e+01
3.431588850060295215e+01,8.491990583358401068e+00
1.845497850429566356e+01,2.936113991806980295e+01
1.092660449524271726e+01,8.375862767998607694e+01
1.845913561050144480e+01,2.934791680345415799e+01
1.415486371853526393e+01,4.991012013617878296e+01
2.408711237644468639e+01,1.723576334485977313e+01
1.946585595591976414e+01,2.639082636467780674e+01
3.897939581492680361e+01,6.581574377435053691e+00
6.183065046372030338e+01,2.615726723263202214e+00
2.352775376110620087e+01,1.806504582273615611e+01
1.873428691924516087e+01,2.849217909167139240e+01
1.361205364811919338e+01,5.397003451974531885e+01
5.596424674882224082e+01,3.192851166225437520e+00
1.300079224952846957e+01,5.916438618923872639e+01
2.180507133341549419e+01,2.103221324706244033e+01
1.571138359148892150e+01,4.051082951076669758e+01
1.590935601233569940e+01,3.950888734750112263e+01
1.326625228651949406e+01,5.682029652447369017e+01
2.332750334714192775e+01,1.837652878376486854e+01
1.739097663360513835e+01,3.306374606613485412e+01
1.708904322688754718e+01,3.424242422127827723e+01
1.636953028207663152e+01,3.731879091522788627e+01
1.032966766334650899e+01,9.371892570203822004e+01
1.319949467352254402e+01,5.739649730341060518e+01
1.628534799834163138e+01,3.770560497437197256e+01
1.334926222204922830e+01,5.611584046318748875e+01
2.206920031931502990e+01,2.053178966549806361e+01
1.744238650914720523e+01,3.286912842473595475e+01
1.509241442256706200e+01,4.390182315842338312e+01
1.260266079848685905e+01,6.296156366718063424e+01
1.388889852870902786e+01,5.183992803920317272e+01
1.292379064468905980e+01,5.987150450945897262e+01
1.717145589810751005e+01,3.391452684432421449e+01
1.272708931262249443e+01,6.173647325201707758e+01
3.039831414772033469e+01,1.082183735025173021e+01
1.677882810578898898e+01,3.552031023836651968e+01
1.185466169519875557e+01,7.115766205761936192e+01
1.820258829457181804e+01,3.018100569641427811e+01
1.933801443106907669e+01,2.674091355217500521e+01
8.120216695933957851e+01,1.516578036281083008e+00
1.080724409836901145e+01,8.561898566632629581e+01
1.378859715550991361e+01,5.259686183037775464e+01
1.673247814261226907e+01,3.571736955286618098e+01
1.769123425697531005e+01,3.195094690896968714e+01
1.738556078656718284e+01,3.308434891979328540e+01
1.532271334301674415e+01,4.259206006231416808e+01
1.233566018538728848e+01,6.571661807563893376e+01
1.439703398114801480e+01,4.824518105579790728e+01
4.385484057309631822e+01,5.199540039954495541e+00
2.859608181776257751e+01,1.222888717143427861e+01
1.344681923397907042e+01,5.530455047292807080e+01
1.644278931969448720e+01,3.698699218290708757e+01
1.788121339547615563e+01,3.127562720059207990e+01
5.670873235472341634e+01,3.109568450477209645e+00
1.559444690128342614e+01,4.112065729999849850e+01
1.722720436095103835e+01,3.369538234380708985e+01
1.719645729812755874e+01,3.381598395704973825e+01
1.458681142986128521e+01,4.699798763337150120e+01
1.263308870340925338e+01,6.265863200170105074e+01
1.956353831349647976e+01,2.612794117307958786e+01
2.402759557360901610e+01,1.732125571218027460e+01
1.310076967235557532e+01,5.826481575230415899e+01
2.967256027633901638e+01,1.135768863439159126e+01
1.272170397028430067e+01,6.178875279175508695e+01
1.162231020358439260e+01,7.403124865922424647e+01
4.340584512822756835e+01,5.307665769387888588e+00
1.224740750795942468e+01,6.666711526256483467e+01
1.588414967039310888e+01,3.963437907539717031e+01
2.405257931210716293e+01,1.728529075673217008e+01
1.832880982091000277e+01,2.976675342486399245e+01
1.123788055087270266e+01,7.918285869560409651e+01
1.349122857370919881e+01,5.494105558998385419e+01
1.332375260813102891e+01,5.633092458151492110e+01
1.830189806054365675e+01,2.985435796702633482e+01
1.526035453014155863e+01,4.294086151667247009e+01
1.546546683444930892e+01,4.180939970534029726e+01
1.432010153232875105e+01,4.876495250508971679e+01
6.476217997227487899e+01,2.384279043585009639e+00
1.400511014159355128e+01,5.098318261607467150e+01
4.441229147241545405e+01,5.069832805268108089e+00
1.317574653804563845e+01,5.760358814083633661e+01
1.806902942484909858e+01,3.062882593576399870e+01
1.419359135112616954e+01,4.963812924126874293e+01
1.718275029713002766e+01,3.386995676063370553e+01
1.227638815186803178e+01,6.635272711851074234e+01
1.756578849408575849e+01,3.240893065816655394e+01
2.250675181297639682e+01,1.974123671868747820e+01
1.285898953945807577e+01,6.047645334447217635e+01
1.408493492121194102e+01,5.040693728784803085e+01
3.791184918095989786e+01,6.957449520130834841e+00
4.836749489189593731e+01,4.274573716831210568e+00
1.722925864662424189e+01,3.368734766094672040e+01
1.208021399074181268e+01,6.852526835518597181e+01
1.056597638555491692e+01,8.957374427470061562e+01
3.872073201366737294e+01,6.669801083329313762e+00
2.573867835252964298e+01,1.509480526411887524e+01
2.031961905217973907e+01,2.421970654369225784e+01
2.285704434418822473e+01,1.914078999102484957e+01
1.269715801434742808e+01,6.202788189415534248e+01
1.695410414114554243e+01,3.478966982136665820e+01
1.461572658297299121e+01,4.681221380252440412e+01
1.480200816851282575e+01,4.564137514150796449e+01
1.523273180435397478e+01,4.309673888947398268e+01
3.268164946015249939e+01,9.362505051471973871e+00
1.473878438680623049e+01,4.603378327639199341e+01
1.356081798140927930e+01,5.437862557159909471e+01
1.176237926681629453e+01,7.227858513464317980e+01
1.436944974426256749e+01,4.843058604545349510e+01
1.191863670395505359e+01,7.039581410993166344e+01
2.565244563385989451e+01,1.519646059483730838e+01
1.008466810755755105e+01,9.832790367410113674e+01
1.938124878653902172e+01,2.662174304138892467e+01
1.738337151965254535e+01,3.309268274978224156e+01
1.366679752949629112e+01,5.353853448276960592e+01
1.808141527800352577e+01,3.058687853270885526e+01
1.709719288201846510e+01,3.420978758437655642e+01
1.961142217510073138e+01,2.600050734014936538e+01
1.720657542971299492e+01,3.377622543837105695e+01
1.887450983456625053e+01,2.807040224782974391e+01
8.810668629433560284e+01,1.288196944358751317e+00
1.291301566296468728e+01,5.997146311471239954e+01
4.197261722143765894e+01,5.676333436190268422e+00
2.203562869201856600e+01,2.059439833155846955e+01
1.669206647512331898e+01,3.589052315316957475e+01
1.749060128478243570e+01,3.268816342311293965e+01
1.259598210961946840e+01,6.302834880078982849e+01
1.866462412770614421e+01,2.870526120682965043e+01
1.648909140068624879e+01,3.677956168546418070e+01
2.407298954078253317e+01,1.725599259436495103e+01
1.446211203148698132e+01,4.781196104725039930e+01
1.312992173853130495e+01,5.800637488970967581e+01
1.305803700041608018e+01,5.864678514543536636e+01
1.116821353086676005e+01,8.017382103161286011e+01
4.095609185506045691e+01,5.961602060225131616e+00
9.268396936510247031e+01,1.164101235092614317e+00
1.249199499753167331e+01,6.408205003414764178e+01
3.466475579814784425e+01,8.321923320795432844e+00
1.120076163400275959e+01,7.970854654018332042e+01
1.783804599021405934e+01,3.142718205764501604e+01
1.683748254391398191e+01,3.527326677873949734e+01
1.313845299388388810e+01,5.793106822624865515e+01
2.131684601307771132e+01,2.200665849569227106e+01
2.760092830617698922e+01,1.312661120077311239e+01
1.226480442521846470e+01,6.647812248426455994e+01
1.160803413576549836e+01,7.421345436431151654e+01
1.243657719998121536e+01,6.465442591249873772e+01
1.556794216871305103e+01,4.126079397246382285e+01
2.510388801970957928e+01,1.586784764687812732e+01
1.387654875710237690e+01,5.193224150538069495e+01
2.641937797318094994e+01,1.432698557275225149e+01
1.202590414210811254e+01,6.914559600917687021e+01
1.712255118208293680e+01,3.410853401891947101e+01
1.090665283778213812e+01,8.406534908677797091e+01
1.319438068689473909e+01,5.744099833912586917e+01
1.518574776704076967e+01,4.336383027427712733e+01
1.313687305354486767e+01,5.794500352654499409e+01
1.429251312968652599e+01,4.895339320458356269e+01
3.258120585370405564e+01,9.420320796417355425e+00
3.320624739779957224e+01,9.069020875103390722e+00
1.790185724288680902e+01,3.120353669111792527e+01
1.402839000080916954e+01,5.081411168069684692e+01
1.023325900939048161e+01,9.549311646906041062e+01
2.030426892957008178e+01,2.425634080994473152e+01
1.527399440167014788e+01,4.286420228834742829e+01
1.284670660895484140e+01,6.059215353296602302e+01
2.909145486017888516e+01,1.181596289156720836e+01
1.302264858005274561e+01,5.896595785379804511e+01
1.036377813088722633e+01,9.310302375981808609e+01
2.543143905317692344e+01,1.546173154818843720e+01
2.081614681436890280e+01,2.307806092132977938e+01
1.866090564230060878e+01,2.871670231603900447e+01
1.263301821320531104e+01,6.265933125377155477e+01
1.086700981409213718e+01,8.467981127640793204e+01
5.171119122611973040e+01,3.739649634241077880e+00
3.065710967157477640e+01,1.063990094982622203e+01
1.900996076367957954e+01,2.767180948754947423e+01
1.388843982134565103e+01,5.184335243383737435e+01
1.757940712417229534e+01,3.235873621487192509e+01
3.063248286797296416e+01,1.065701559767197715e+01
1.282591067181168931e+01,6.078880111426160227e+01
5.811723441012651392e+01,2.960670802432890714e+00
1.903500291713499237e+01,2.759904817747458949e+01
1.650664665358755911e+01,3.670137122381320438e+01
1.595282340871829696e+01,3.929387728268704905e+01
1.520342461272798218e+01,4.326305164912278656e+01
1.394989549132592543e+01,5.138757125375186519e+01
1.654312688078869797e+01,3.653968496522760034e+01
1.359600011927270735e+01,5.409756041067837629e+01
1.413964066279840992e+01,5.001764670766291943e+01
1.756329131677138022e+01,3.241814722223790568e+01
1.789491188189419191e+01,3.122776278226298885e+01
2.001629125882014648e+01,2.495932156241618571e+01
1.826255234576590425e+01,2.998313584895284123e+01
1.404968675466447792e+01,5.066017864893297684e+01
1.365685305728251642e+01,5.361653287799869361e+01
5.688212211956343367e+01,3.090639986861134503e+00
1.931823374250497949e+01,2.679570370515086708e+01
1.446126623462828320e+01,4.781755397229456861e+01
1.679082865278762071e+01,3.546955505119905183e+01
1.265919108774041746e+01,6.240050278989335908e+01
1.463044250145884462e+01,4.671808975020242372e+01
1.699598712658674415e+01,3.461841764594760917e+01
4.041874849701119388e+01,6.121167669050291416e+00
1.292874901077687610e+01,5.982559010407987898e+01
1.745645800456786745e+01,3.281615875881038136e+01
1.585295936825899332e+01,3.979049180286607879e+01
1.859033092247970487e+01,2.893515137666232562e+01
1.828947225897280049e+01,2.989493763370924029e+01
2.388300730202040612e+01,1.753161711210232454e+01
2.973497881796840403e+01,1.131005542198611202e+01
1.389562494774870416e+01,5.178975214803670468e+01
6.467469357903682692e+01,2.390733903906259172e+00
1.060555555584516441e+01,8.890642625590751891e+01
1.745353720487857885e+01,3.282714305904078600e+01
1.263517747388527113e+01,6.263791702832408248e+01
1.305182024449928058e+01,5.870266694152435605e+01
2.461133111205976931e+01,1.650934310733037691e+01
2.827547236330646285e+01,1.250778081890183557e+01
8.002418774256133815e+01,1.561555594634661759e+00
1.685499443679391618e+01,3.520000887481892704e+01
1.487298398955255507e+01,4.520680134311070475e+01
9.970955638093693096e+01,1.005834277991456860e+00
1.409756153573488824e+01,5.031668282290753069e+01
2.421891514884451269e+01,1.704867487584370522e+01
1.716508940780297365e+01,3.393968914236562284e+01
1.326486846075432879e+01,5.683215242669532330e+01
2.016269645167611202e+01,2.459816873083478228e+01
1.430263988106784012e+01,4.888409643888632417e+01
4.362121483603866778e+01,5.255384396304130235e+00
2.428057330743866871e+01,1.696219790607240796e+01
1.696945497901711164e+01,3.472675571759796043e+01
1.956627607876153618e+01,2.612062990291067521e+01
1.098495579293059343e+01,8.287115141062888313e+01
1.459236122703458172e+01,4.696224568656930387e+01
1.854222777932434951e+01,2.908547604917988139e+01
1.796568106509240081e+01,3.098222679739530605e+01
1.841514496372696996e+01,2.948829863311233979e+01
1.505995641384956230e+01,4.409126611564014553e+01
1.546836314351520336e+01,4.179374431821089786e+01
1.615890090211620489e+01,3.829802381677409784e+01
4.144290298413226026e+01,5.822368138128839909e+00
7.111348686605803948e+01,1.977406933703064196e+00
9.187052610464249369e+01,1.184806950328980424e+00
3.732755345604422814e+01,7.176966975316850572e+00
2.470017144198934389e+01,1.639079673822014627e+01
1.724153753547978241e+01,3.363938257604858961e+01
2.336061568445484227e+01,1.832447034676351549e+01
1.790415149982849385e+01,3.119554029498391401e+01
7.386649841154221008e+01,1.832757375173004633e+00
1.513054119569931899e+01,4.368084944449051221e+01
1.409824563879984716e+01,5.031179980942084740e+01
1.705536227683629846e+01,3.437780172277840762e+01
1.271321465884329527e+01,6.187129982859575961e+01
1.748455757884081052e+01,3.271076528655307669e+01
1.414541744581384997e+01,4.997680208877383023e+01
1.099668018073774256e+01,8.269453527810897242e+01
3.018230631195964975e+01,1.097729044783218200e+01
8.426305866203227879e+01,1.408398523043987494e+00
9.099205444876933768e+01,1.207794530096981900e+00
1.299841725084977462e+01,5.918600854116125021e+01
1.849028542929703534e+01,2.924911765279649245e+01
1.674311099950031334e+01,3.567201871115690892e+01
3.621437731832636331e+01,7.624966774416893855e+00
1.764988746868955971e+01,3.210081941256986227e+01
1.472448756747463428e+01,4.612322016718864148e+01
1.397707314736026696e+01,5.118792488700403709e+01
1.049887996488227415e+01,9.072230151136083975e+01
2.513998353515757245e+01,1.582231484361416207e+01
1.661412029186001860e+01,3.622807839384202566e+01
1.363777899769924318e+01,5.376661598410204590e+01
1.540737431344122577e+01,4.212527341934087843e+01
1.246808420349564273e+01,6.432807370887796594e+01
1.320330482801198535e+01,5.736337560085609510e+01
1.851122565551166943e+01,2.918298084200574039e+01
1.540131477997061715e+01,4.215842769517681887e+01
1.450372894397922785e+01,4.753797199706998811e+01
1.778629205513562184e+01,3.161033958962201140e+01
1.497150611557047561e+01,4.461377944119394101e+01
1.399762062484835567e+01,5.103775496990159155e+01
1.815600698793517509e+01,3.033606998369603502e+01
5.257929816241102117e+01,3.617182578366585410e+00
1.366885419974410176e+01,5.352242445255127734e+01
1.590896189443163955e+01,3.951084490486422851e+01
2.356996758906412381e+01,1.800039475101206321e+01
2.543188921009001291e+01,1.546118419256827714e+01
1.864950032311229933e+01,2.875183712400433578e+01
3.068444573806030817e+01,1.062095170856527737e+01
1.639828607448083631e+01,3.718802231102507250e+01
1.500956209444563605e+01,4.438783431794986711e+01
2.102062260787102232e+01,2.263126601964899010e+01
2.148517863910256764e+01,2.166317270379026283e+01
1.171632445454562621e+01,7.284793076868237449e+01
1.967628537277514766e+01,2.582936768981841169e+01
1.769783096294144187e+01,3.192713249679120224e+01
1.287696188103620720e+01,6.030775749947027009e+01
1.879703565402996190e+01,2.830226999086059436e+01
2.263683615667672910e+01,1.951499952508260449e+01
1.079740365206036401e+01,8.577511819357079048e+01
1.234451507092888889e+01,6.562237307356835458e+01
2.226887890598231223e+01,2.016523523904105630e+01
1.687366672488132835e+01,3.512214778455203401e+01
2.242273092879704421e+01,1.988945985945031225e+01
4.321532311689705352e+01,5.354568403322099712e+00
1.227599073829346743e+01,6.635702329335498462e+01
2.975889084840319398e+01,1.129188688636769378e+01
1.739947850316001166e+01,3.303144222686024989e+01
8.336222294716399972e+01,1.439002093900183521e+00
1.191551030527466537e+01,7.043275994737635415e+01
1.253452563817097953e+01,6.364791684318855403e+01
2.446650522663514593e+01,1.670537083906433651e+01
1.858653421811022710e+01,2.894697385360615982e+01
1.054462260324905998e+01,8.993690093542676323e+01
1.139936030805609590e+01,7.695538905075783020e+01
1.771769126130030259e+01,3.185559642736955510e+01
2.956683902578494738e+01,1.143905653346090645e+01
1.807333096376508408e+01,3.061424805764242407e+01
1.314148087703829582e+01,5.790437590753562347e+01
1.716351566399822914e+01,3.394591337116484908e+01
1.634646297616832555e+01,3.742419002906271430e+01
1.633429395484366964e+01,3.747997271667302499e+01
2.611734427565135874e+01,1.466027011297125071e+01
1.407996366633868313e+01,5.044253822775164053e+01
1.253214761657766729e+01,6.367207399253707223e+01
2.821392670636121380e+01,1.256240910323040261e+01
1.004669053769451459e+01,9.907268878707081683e+01
2.119806513063791442e+01,2.225397294049814434e+01
1.678869759591480459e+01,3.547856020909855346e+01
2.195061431060544876e+01,2.075423080449400004e+01
1.401101290865993931e+01,5.094023376424978267e+01
2.472170025137358707e+01,1.636226142832382280e+01
2.112645129357990470e+01,2.240510040589121488e+01
9.247329753341402636e+01,1.169411366808423614e+00
5.182372064199940809e+01,3.723426804181943606e+00
1.301451014842566778e+01,5.903972789309021607e+01
1.383343922567689965e+01,5.225642162261187451e+01
1.613343521621547438e+01,3.841902162630857021e+01
9.592454657875994428e+01,1.086777128343333620e+00
2.743700358359085456e+01,1.328393188472483111e+01
1.007268027102466590e+01,9.856208965688914247e+01
1.164221161604666577e+01,7.377836420780505478e+01
1.705487892883588685e+01,3.437975033551870041e+01
9.107547561943417236e+01,1.205582968992275461e+00
8.850618878433193970e+01,1.276593769525006916e+00
1.602851320269560276e+01,3.892364665824566572e+01
1.005081998234315854e+01,9.899129619593055907e+01
1.575032062150796897e+01,4.031078004135639503e+01
8.119769731087225750e+01,1.516745005480658604e+00
1.134358681907858291e+01,7.771398897390631078e+01
1.792222210245022751e+01,3.113266438435771377e+01
5.010665504648114421e+01,3.982989639117114233e+00
3.388648260543446611e+01,8.708573399528303227e+00
1.860304077333383788e+01,2.889562710392652178e+01
1.281783659750962556e+01,6.086540809502965743e+01
3.308839353418546381e+01,9.133739798502572782e+00
9.567981105764089023e+01,1.092343885314358554e+00
1.081032126641755831e+01,8.557024955517634623e+01
1.354804915806258769e+01,5.448117587432326303e+01
1.437160796674699093e+01,4.841604123854569508e+01
1.949872309243855639e+01,2.630193235353239345e+01
1.753303128654320275e+01,3.253014390142720202e+01
1.276664287462995162e+01,6.135452245909328184e+01
1.861850947582471960e+01,2.884763269496524885e+01
1.686060567205261407e+01,3.517658354028337442e+01
1.967431074584565565e+01,2.583455271766171180e+01
1.801158838599761580e+01,3.082449518276644795e+01
1.941621806185800381e+01,2.652593604862497045e+01
1.755981155201835975e+01,3.243099687077302917e+01
3.130757614437472824e+01,1.020237092370904719e+01
1.345082917716816340e+01,5.527158075099215040e+01
1.964564638329562740e+01,2.590999652989661328e+01
1.244504749637206054e+01,6.456644621074850932e+01
1.991267428359276437e+01,2.521975249466348501e+01
3.892557684094268211e+01,6.599786487772435706e+00
2.432624279877921936e+01,1.689856886169496164e+01
1.579467700065339564e+01,4.008468747159314205e+01
2.412487816284460251e+01,1.718184285114479692e+01
3.226871627814830390e+01,9.603656609251984833e+00
3.841199051240235463e+01,6.777450809255973319e+00
1.262095305151766844e+01,6.277918849613062235e+01
1.321086604738179737e+01,5.729773070811764057e+01
1.409243613151762453e+01,5.035328972801607961e+01
2.435905892722575317e+01,1.685306857610775921e+01
1.567139774401292485e+01,4.071782143668318810e+01
1.508471329495276869e+01,4.394666058273269016e+01
1.585736452129765972e+01,3.976838739088400843e+01
1.103261144736286248e+01,8.215676942304001784e+01
1.421399531399880445e+01,4.949572204551424193e+01
1.881983121805745185e+01,2.823374913424931876e+01
2.061007171576257235e+01,2.354187199957901555e+01
1.393009656941124064e+01,5.153374993051733099e+01
2.371645658004603519e+01,1.777871609216605719e+01
2.105849578685771917e+01,2.254993568678267124e+01
1.934354230417895693e+01,2.672563204343619603e+01
1.811316602747655935e+01,3.047974042762193392e+01
3.545251286332629093e+01,7.956204794948501302e+00
1.911195028710042720e+01,2.737726033947992121e+01
1.382836211387530945e+01,5.229480077375256286e+01
2.579953177904842931e+01,1.502368092641488850e+01
1.374567868610963828e+01,5.292582353363071945e+01
2.382841466472784120e+01,1.761204156479247729e+01
9.226795131122963767e+01,1.174622307711431946e+00
1.797464024172275643e+01,3.095134928752123571e+01
1.563674979043942592e+01,4.089846667574853711e+01
1.771761290419697943e+01,3.185587819419600919e+01
1.025226681472310553e+01,9.513935432437007478e+01
1.822713446315363228e+01,3.009977194844491777e+01
2.155180080047061253e+01,2.152944683313549135e+01
1.405325722195283511e+01,5.063443977146735619e+01
1.500488502996842932e+01,4.441551025391144947e+01
2.115218493608231753e+01,2.235061770135142822e+01
1.351215288697143357e+01,5.477102883624993268e+01
1.247551019573359987e+01,6.425151449899982481e+01
2.102078784813678780e+01,2.263091022121359686e+01
1.603116240298447437e+01,3.891078320976798466e+01
1.347761168788373887e+01,5.505212927676810608e+01
1.412800364914254203e+01,5.010007813497831819e+01
1.717379654633026576e+01,3.390528292819745104e+01
1.258160236694101997e+01,6.317250362974001376e+01
1.655638741464078478e+01,3.648117682848161536e+01
1.973446869211082344e+01,2.567728627777325201e+01
1.967853137357856141e+01,2.582347197851254350e+01
1.106635140793694738e+01,8.165656111314213206e+01
1.966370007932781050e+01,2.586244124132921129e+01
1.590587049477529291e+01,3.952620472840683874e+01
1.392077054081875787e+01,5.160282171233394877e+01
2.430259843196810365e+01,1.693146660544007176e+01
1.418962816353360168e+01,4.966586114354355175e+01
1.340790918444567836e+01,5.562600629478341574e+01
1.210715150766184323e+01,6.822068026467573532e+01
2.121428244726622836e+01,2.221996172367603961e+01
2.389895027353588475e+01,1.750823425721567617e+01
1.780220115802646674e+01,3.155386708564804721e+01
6.025761413523107990e+01,2.754077365134640853e+00
5.024745695141113799e+01,3.960698887842341698e+00
1.513777024686400452e+01,4.363913977495982977e+01
1.399155792666947562e+01,5.108199501017598010e+01
1.360604430396915809e+01,5.401771864096797771e+01
1.265481840114683187e+01,6.244363339427518866e+01
2.043767445886971501e+01,2.394071108066952291e+01
1.390380005417367926e+01,5.172886774763135520e+01
3.303591331330174086e+01,9.162782217478330438e+00
2.879132948485079879e+01,1.206358978500358781e+01
1.590665759557200687e+01,3.952229311626348363e+01
1.379139585967698878e+01,5.257551691042437625e+01
1.203836215462164994e+01,6.900255811636633041e+01
3.440990213249854435e+01,8.445650884805287362e+00
1.216151699273895836e+01,6.761211135634255243e+01
1.752205261675693393e+01,3.257092104100594554e+01
1.743315017236133002e+01,3.290396673683422080e+01
2.431357525512336082e+01,1.691618199516363674e+01
1.242582485498182976e+01,6.476636817493776732e+01
1.755432437272845547e+01,3.245127478103452745e+01
3.021696925471516337e+01,1.095212002509460447e+01
1.364908235954204230e+01,5.367760020253794551e+01
2.168841918628817211e+01,2.125906711010337347e+01
1.717723084278093992e+01,3.389172670907194629e+01
1.259905996209351287e+01,6.299755789027575048e+01
1.346006254304449179e+01,5.519577609808754204e+01
1.957099824185498704e+01,2.610802645853794601e+01
1.801044845087421820e+01,3.082839725514491391e+01
1.563978851123185443e+01,4.088257554683359984e+01
2.983516573363431590e+01,1.123422429954933932e+01
1.948961728066212373e+01,2.632651532926100657e+01
1.899726727707467333e+01,2.770880102813692147e+01
2.686441645933640032e+01,1.385623298662109448e+01
2.313395479937735999e+01,1.868530686661731366e+01
1.326238779562583048e+01,5.685341477037439262e+01
1.340558524184945810e+01,5.564529420324551978e+01
1.653570951098933506e+01,3.657247329435447369e+01
1.315689483813807215e+01,5.776877963143395789e+01
1.366014505610254837e+01,5.359069357776512987e+01
2.072555648003975648e+01,2.328024785091834659e+01
1.639685198146976930e+01,3.719452763474937740e+01
3.464230272460829241e+01,8.332714364982177102e+00
1.001424971680435050e+01,9.971561367187081260e+01
2.456607836823553015e+01,1.657022227303881934e+01
1.415522146536162396e+01,4.990759739762644642e+01
2.931364392547723696e+01,1.163751848188377025e+01
1.442805112688922620e+01,4.803797090618539301e+01
2.366815868523301347e+01,1.785134959852446102e+01
2.043093404563210314e+01,2.395651034902738630e+01
1.359074041460467264e+01,5.413944072642402716e+01
1.643293039045529014e+01,3.703138615482552609e+01
1.846337043022831281e+01,2.933445567678764831e+01
1.321174641423520768e+01,5.729009487547750012e+01
1.462803398876592098e+01,4.673347532772650936e+01
1.384842797364933809e+01,5.214336410329251947e+01
1.156655277278233740e+01,7.474671531049325779e+01
1.929664847794184368e+01,2.685568467538403681e+01
2.407583828341049070e+01,1.725190924965719219e+01
1.330072404243336059e+01,5.652615356033992100e+01
1.452252020632511176e+01,4.741502907071814121e+01
6.166174703635701349e+01,2.630076310316480370e+00
1.395729808317349629e+01,5.133307641725074433e+01
1.585310850466232857e+01,3.978974315689296049e+01
1.714627650473594755e+01,3.401420728807279659e+01
2.745626156048485811e+01,1.326530357035230701e+01
2.036870228987476494e+01,2.410312088495712501e+01
1.881977908752533679e+01,2.823390554866817226e+01
1.100021877134994774e+01,8.264134087417529884e+01
1.933900851432385082e+01,2.673816449591965494e+01
2.811814514219427608e+01,1.264813997603933871e+01
1.292942926071658860e+01,5.981929511879136641e+01
1.816610058290968155e+01,3.030236820653347962e+01
1.005481589674833742e+01,9.891263097718780273e+01
1.682132838463305902e+01,3.534104781979922194e+01
1.651759256970781209e+01,3.665274464345688443e+01
1.610385389739083450e+01,3.856029577660012819e+01
1.641989696094834628e+01,3.709019742681591225e+01
4.830617098002383614e+01,4.285433611696658929e+00
1.298409518413832231e+01,5.931665044702598522e+01
1.301971357898909609e+01,5.899254594343443614e+01
1.179989427657817025e+01,7.181972992422190316e+01
2.057925155893361691e+01,2.361243894894195350e+01
1.730882749584205627e+01,3.337833742570140316e+01
2.007857226345314317e+01,2.480472085769083890e+01
2.058922239797130160e+01,2.358957467406138520e+01
1.928086839177392164e+01,2.689966178568248267e+01
1.315263627829424742e+01,5.780619443205693386e+01
1.520032904330807355e+01,4.328067461191561449e+01
2.299294489345861336e+01,1.891519413829940177e+01
1.482910726512044164e+01,4.547471508634276915e+01
1.111249255492653099e+01,8.097986230482675296e+01
1.848762818270772357e+01,2.925752627102450631e+01
2.132741095436036716e+01,2.198486105680921554e+01
1.558994054337254909e+01,4.114443303928829465e+01
1.703442348665449302e+01,3.446236836357264366e+01
1.505202947491422627e+01,4.413771843047185683e+01
2.000712282438058054e+01,2.498220244727597716e+01
1.381543724610314783e+01,5.239269409986410864e+01
1.267930107801955764e+01,6.220271927619749874e+01
5.925243728725327941e+01,2.848312012039261099e+00
1.216798351238725751e+01,6.754026726320688567e+01
5.272210734811083199e+01,3.597613281609403302e+00
2.777554603237014419e+01,1.296208273727093463e+01
1.805538124700994373e+01,3.067514848664710314e+01
1.339670898819788825e+01,5.571905640485706357e+01
3.610706519072187604e+01,7.670357744112504150e+00
1.725736135037889696e+01,3.357772085273039409e+01
1.529217810886415840e+01,4.276232449259393320e+01
1.604912099052424779e+01,3.882375143447642785e+01
2.097758296866118499e+01,2.272422627581659782e+01
1.781343659332512885e+01,3.151407581607585939e+01
2.368347790800357444e+01,1.782826343202638597e+01
1.077397308811802112e+01,8.614860060802618591e+01
1.742460990653784236e+01,3.293622886367618463e+01
1.694136514357517598e+01,3.484200942227087694e+01
1.371625013383914293e+01,5.315317447998572931e+01
2.782615481424980786e+01,1.291497607254353852e+01
1.896716514365152406e+01,2.779682218471440436e+01
2.007307670846429914e+01,2.481830466146116265e+01
1.815759051596784346e+01,3.033077898184486898e+01
1.136382976232067143e+01,7.743736415152594077e+01
1.224856538201271228e+01,6.665451158662027353e+01
8.866680781985184012e+01,1.271972884972374596e+00
1.014132797070058700e+01,9.723225185524115943e+01
1.529457958222417879e+01,4.274889692233501393e+01
1.968031419989894459e+01,2.581879352879379397e+01
2.073576998980952979e+01,2.325731988819300611e+01
2.553793956900257456e+01,1.533304075756121776e+01
1.556528911985916253e+01,4.127486068596212476e+01
1.421667300010317803e+01,4.947707893177459937e+01
1.899126534294511970e+01,2.772631778386931956e+01
2.496598581373667258e+01,1.604362717478422340e+01
2.097067104815512550e+01,2.273920852697926875e+01
1.488462191915508548e+01,4.513613674757864658e+01
2.136224140651644277e+01,2.191322827472681567e+01
1.352944390405475872e+01,5.463112040756408305e+01
2.607350834721932387e+01,1.470960653258290129e+01
2.143647981310137141e+01,2.176171214823212097e+01
2.629595463248926990e+01,1.446179218296060753e+01
1.285285399247813665e+01,6.053420622739369605e+01
1.073527609044334952e+01,8.677079245092089366e+01
1.933431897699613700e+01,2.675113674772204320e+01
3.465825229961953369e+01,8.325046772807180417e+00
1.266918402722686388e+01,6.230210363083673997e+01
9.093532374578802546e+01,1.209301984032142840e+00
1.236669926017251875e+01,6.538714888372780365e+01
1.255447133926713477e+01,6.344583842181319255e+01
1.183691745940104489e+01,7.137116100669605601e+01
2.012788571639505619e+01,2.468332628897705661e+01
2.191028287034222899e+01,2.083070799327270706e+01
1.121153246474746723e+01,7.955546936251714385e+01
1.016590723680518416e+01,9.676264138687841410e+01
1.265324179780830960e+01,6.245919541005763165e+01
2.432697129218808385e+01,1.689755679064324312e+01
3.657385732247011845e+01,7.475813652720792568e+00
1.436977435940358383e+01,4.842839796322585499e+01
2.344514026919418725e+01,1.819258150041635247e+01
1.848707277045669883e+01,2.925928428137354942e+01
1.387153436864231537e+01,5.196979402016457783e+01
1.001756773684556379e+01,9.964956897523504153e+01
1.453852890762013317e+01,4.731066704937204292e+01
1.884023533004598505e+01,2.817262753813241360e+01
2.181684010364175208e+01,2.100952833737803260e+01
3.139892999366108128e+01,1.014309055898620748e+01
2.116563685605938971e+01,2.232221664918661475e+01
1.960515217594316439e+01,2.601714064410821692e+01
1.178973846502659484e+01,7.194351584131668176e+01
1.939062687727577838e+01,2.659599856697984066e+01
1.209621691271243371e+01,6.834407465744922661e+01
1.573686670909892626e+01,4.037973525894975069e+01
2.068875676058353363e+01,2.336314007346338073e+01
1.141168529749528027e+01,7.678925019551861908e+01
1.831560075093968365e+01,2.980970401298080219e+01
1.230275483952554261e+01,6.606862377271595221e+01
1.711393909553697767e+01,3.414287088955052951e+01
1.739887401993292926e+01,3.303373746730192551e+01
1.957444856619510176e+01,2.609882331601249916e+01
1.647522527317984142e+01,3.684149767678157161e+01
1.049690958635374649e+01,9.075636373715805405e+01
2.225723514659447488e+01,2.018633943842301548e+01
3.115511815131763385e+01,1.030246611539505786e+01
2.391359706244824679e+01,1.748679366191706563e+01
1.080427866297313066e+01,8.566599156501379753e+01
4.355450797924874706e+01,5.271494721148862972e+00
1.849490948207349561e+01,2.923449389305874391e+01
1.346810626559550172e+01,5.512986528353057025e+01
1.679833244238199796e+01,3.543787373601313817e+01
1.111630758723189061e+01,8.092428849575634331e+01
1.284851367408651335e+01,6.057511089739742971e+01
2.204688425505270644e+01,2.057337564415827558e+01
2.427513822119848896e+01,1.696979426479656183e+01
2.863233503440048366e+01,1.219793923602512997e+01
1.736774602652959842e+01,3.315225548819662293e+01
1.255733823459585174e+01,6.341687180309764216e+01
2.043908711885272567e+01,2.393740184131221582e+01
1.372558400642235021e+01,5.308090706073734566e+01
1.603777522902572983e+01,3.887870180337651504e+01
1.983631965207049319e+01,2.541427961172571415e+01
1.293045070619647952e+01,5.980984459976386347e+01
1.328195952210304931e+01,5.668598470804757028e+01
1.467181319107486104e+01,4.645499552644199781e+01
1.984881222391417310e+01,2.538229887670990337e+01
3.355533229077298074e+01,8.881307606215511186e+00
2.088712322152230527e+01,2.292148456606748042e+01
1.774576689507011551e+01,3.175487848439003713e+01
1.741918394734398134e+01,3.295675088904055627e+01
1.243638194294584665e+01,6.465645613812033332e+01
1.193198520727884571e+01,7.023839635832374029e+01
1.193268461300551841e+01,7.023016288889714076e+01
1.829804658894424918e+01,2.986692710247071858e+01
2.779563242395136768e+01,1.294335552206938011e+01
1.919981132912850441e+01,2.712726924656768546e+01
1.447895025010377879e+01,4.770082037561609667e+01
2.562656241651137634e+01,1.522717340933100871e+01
2.348629620928655370e+01,1.812887824375508927e+01
2.105511774058572172e+01,2.255717201172647179e+01
2.044922634185180144e+01,2.391367023589061702e+01
2.466202546459387435e+01,1.644154086788709890e+01
1.589580097004782466e+01,3.957629797762654533e+01
3.160215113118192676e+01,1.001305746632844773e+01
1.665069202768426493e+01,3.606910978487162112e+01
2.545148672691205505e+01,1.543738329119073249e+01
1.892871636334011498e+01,2.790986094944140916e+01
1.186970733846811754e+01,7.097738225252606981e+01
1.591513605491110006e+01,3.948019496537386175e+01
2.251213081561033036e+01,1.973180398404455715e+01
2.038429039226666362e+01,2.406627110999354002e+01
1.900373018409698744e+01,2.768995746934188773e+01
2.121878264924864510e+01,2.221053764749176906e+01
6.514828828750829359e+01,2.356101419855204604e+00
1.587210088145645592e+01,3.969457621357544497e+01
3.402972748203870168e+01,8.635411897184672725e+00
2.225356472029133315e+01,2.019299891814671355e+01
2.278244543820471435e+01,1.926634453058094465e+01
1.801513865947431725e+01,3.081234711036566409e+01
5.234911673606679727e+01,3.649062342735423847e+00
1.101048893763495151e+01,8.248724336202671736e+01
1.275335197998055037e+01,6.148247021889574881e+01
1.132868865954607251e+01,7.791852398032449400e+01
2.352742360534850263e+01,1.806555283283971036e+01
1.238869939766877337e+01,6.515512307766518063e+01
1.908849810358577415e+01,2.744457322563502188e+01
1.856886903075011475e+01,2.900207650414973415e+01
1.529841688124525767e+01,4.272745421640188113e+01
1.667929920543968692e+01,3.594548941496366012e+01
1.724170156540579768e+01,3.363874251866597831e+01
2.449389723916927508e+01,1.666802783440801505e+01
2.632444780089635827e+01,1.443050269279650699e+01
2.037118108017101648e+01,2.409725544721885981e+01
1.886127247812282448e+01,2.810981722497565727e+01
1.310094215138599871e+01,5.826328160420090541e+01
1.892458431722914369e+01,2.792205011255664715e+01
2.346110706973691862e+01,1.816782747026671530e+01
1.292494295815358996e+01,5.986082938839997070e+01
1.776003540723842988e+01,3.170387488555803301e+01
1.384748727468479501e+01,5.215044883624663896e+01
2.141682082275492149e+01,2.180168163225542344e+01
2.092211515343893069e+01,2.284487698611735951e+01
1.608297990414318690e+01,3.866045503818398288e+01
1.007687889361561417e+01,9.847997319828178320e+01
1.031947703968221397e+01,9.390411451789027808e+01
2.087816839261609658e+01,2.294115123291047098e+01
2.068061001135616550e+01,2.338155066507281887e+01
1.121447429825881592e+01,7.951373610914102130e+01
1.307167089837024498e+01,5.852451044886736753e+01
2.275636654034894235e+01,1.931052846761697595e+01
2.644324043367207011e+01,1.430113980906343762e+01
1.331196994009933476e+01,5.643068777605398623e+01
1.129564924533781500e+01,7.837500900841337170e+01
1.568849133198345669e+01,4.062914057210944918e+01
2.072545460759345914e+01,2.328047671167652766e+01
1.892137602743209612e+01,2.793151978570081440e+01
1.615407246396525665e+01,3.832092173008664560e+01
1.613038057008072812e+01,3.843357399566331623e+01
1.853999926648592123e+01,2.909246863330974620e+01
2.809295837758331160e+01,1.267082954295775821e+01
1.425941151004086827e+01,4.918093659677995078e+01
2.270359681043286670e+01,1.940039930341162133e+01
1.016034168828394968e+01,9.686867811082800017e+01
1.951726639936519092e+01,2.625197729309003236e+01
1.759101962846544254e+01,3.231602783952884295e+01
1.195346987547955564e+01,6.998613613499604469e+01
1.528602463952908685e+01,4.279675981795644901e+01
1.848345862579908072e+01,2.927072777003088788e+01
1.878553812722154603e+01,2.833692491389312451e+01
2.520016947661225615e+01,1.574682775275422131e+01
1.947600403636031885e+01,2.636333135545802264e+01
2.151513825446889427e+01,2.160288320557858910e+01
3.267455124050707838e+01,9.366573314590246113e+00
2.042990859834164397e+01,2.395891532847577565e+01
2.414942348707598896e+01,1.714693356396965029e+01
2.005635752532311855e+01,2.485969948903181148e+01
1.722120983733269739e+01,3.371884444921256829e+01
1.978135118875589882e+01,2.555571836928651308e+01
1.205808898179499877e+01,6.877696878967859107e+01
2.239647553330150842e+01,1.993612003372127361e+01
1.080001937537406853e+01,8.573357441507378951e+01
1.995308023147807930e+01,2.511771349088159511e+01
1.090202798180920674e+01,8.413668858411234908e+01
2.426102579806279280e+01,1.698954236385128880e+01
2.265221220496822951e+01,1.948851542431353323e+01
2.099607671040016754e+01,2.268421204905887834e+01
1.128633350799654700e+01,7.850444383654152603e+01
3.335685034781723601e+01,8.987314238662195365e+00
2.419691490098538011e+01,1.707969086170815132e+01
1.428374030081194235e+01,4.901354434368005997e+01
1.755834703648185524e+01,3.243640713854545510e+01
1.621017454669682678e+01,3.805612961080100121e+01
1.729140913435360360e+01,3.344561809379538175e+01
2.622001225236708777e+01,1.454568637694656097e+01
1.595437465283997192e+01,3.928623656543170028e+01
1.170542648142311037e+01,7.298363951168813912e+01
1.879264788600927005e+01,2.831548774424464554e+01
1.821310238548600324e+01,3.014616986912270136e+01
3.850465626863645241e+01,6.744868677948035796e+00
3.569295629125032576e+01,7.849372865601686122e+00
1.458615345077269687e+01,4.700222787267165359e+01
1.664143054705022706e+01,3.610926814943378105e+01
1.123945889093325334e+01,7.916062120107652333e+01
1.796594483787882979e+01,3.098131705305690176e+01
1.760582357825777322e+01,3.226170448261530055e+01
1.788948698201816612e+01,3.124670498810872843e+01
2.262732384824815668e+01,1.953141080860930501e+01
2.742784434801285798e+01,1.329280542034060275e+01
2.243306930984282133e+01,1.987113178936581548e+01
1.218985779148110282e+01,6.729808739292826658e+01
9.887586012011541925e+01,1.022867667935049019e+00
1.813198465043316787e+01,3.041650531022532533e+01
1.007407942982451310e+01,9.853471356967502004e+01
3.510799208351687639e+01,8.113122183368842499e+00
6.847178200694693828e+01,2.132930667325953600e+00
1.481125657706489385e+01,4.558439438561884316e+01
1.518661583347892474e+01,4.335887306586725742e+01
1.064056607112729935e+01,8.832233345436912941e+01
1.634089023911704786e+01,3.744971993950729683e+01
1.268204842710579783e+01,6.217577188288510825e+01
1.112123314131387630e+01,8.085262221812509154e+01
1.164716938079385855e+01,7.371556819056171150e+01
1.725646243192860751e+01,3.358121918491412572e+01
1.406957184073210776e+01,5.051707974905497878e+01
1.049396857423942464e+01,9.080724114656563017e+01
1.001309545789954392e+01,9.973860441822868950e+01
2.258023173973239750e+01,1.961296306588229754e+01
1.773550504720206433e+01,3.179163616389936564e+01
1.137219345880901678e+01,7.732350318868640215e+01
1.301535625989646938e+01,5.903205194995394578e+01
1.896475558449995091e+01,2.780388606085221426e+01
1.890303076864634946e+01,2.798576078130021472e+01
1.537057220522060419e+01,4.232723790163612421e+01
2.113162478882291850e+01,2.239413120759087406e+01
1.372964640246267720e+01,5.304950002246938112e+01
2.691900257922599948e+01,1.380009486451111655e+01
1.995097045663754898e+01,2.512302606673112138e+01
1.162639660373010742e+01,7.397921738055406138e+01
1.222595673531512261e+01,6.690125901161530919e+01
1.584824845878045529e+01,3.981415085455869018e+01
3.350615790350865808e+01,8.907395547444705741e+00
1.019594192057349602e+01,9.619340416728458365e+01
1.298027553746251250e+01,5.935156526554565914e+01
1.655635240862702062e+01,3.648133109699400478e+01
2.218585278762443380e+01,2.031644637166860079e+01
2.294327456618718486e+01,1.899718251158191507e+01
1.709758967409409181e+01,3.420819975645813571e+01
1.197311455958465665e+01,6.975666741257602155e+01
1.355869183432048608e+01,5.439568120245917271e+01
1.682891418015783458e+01,3.530919436360428421e+01
2.224151428320301704e+01,2.021488595148539957e+01
1.013846812954678533e+01,9.728711379500478529e+01
1.129972354325294859e+01,7.831850044587710613e+01
1.091283929935849706e+01,8.397006322662659272e+01
1.350484314716861967e+01,5.483033649598768733e+01
1.365282652687937670e+01,5.364816302206575216e+01
1.711839589695085095e+01,3.412509490311101956e+01
1.915985606702967203e+01,2.724052764348201805e+01
2.935200598154155571e+01,1.160711869275309205e+01
2.421837260380669221e+01,1.704943874034551499e+01
5.538091229267198656e+01,3.260466848262705497e+00
1.355637284969319545e+01,5.441429289734747243e+01
2.229291513453418716e+01,2.012177435469458331e+01
4.983152854472460547e+01,4.027092284115216358e+00
1.775407416019501383e+01,3.172516874271776999e+01
1.636012515665427713e+01,3.736171097775186212e+01
1.781659348013742772e+01,3.150290897247467470e+01
1.100538950106748537e+01,8.256370333979175768e+01
1.911694597555813147e+01,2.736295361984563712e+01
2.580375995751597173e+01,1.501875779893973828e+01
1.090549337345228764e+01,8.408322557375869621e+01
1.206268167745960440e+01,6.872460704077597882e+01
2.002853231429321568e+01,2.492882156686419748e+01
1.167497527981630512e+01,7.336485451238165467e+01
1.706331427657449140e+01,3.434576708212622265e+01
1.624115999167488766e+01,3.791105853647140833e+01
1.028572489021220449e+01,9.452141003637467520e+01
1.617795606474070880e+01,3.820785849708960313e+01
1.217661519940170045e+01,6.744454611141706835e+01
1.088188948049015181e+01,8.444839082484917014e+01
1.003569893068246266e+01,9.928982651008456628e+01
9.209625112896894450e+01,1.179006218373556347e+00
1.939246222997252644e+01,2.659096457725559759e+01
1.619077084978524539e+01,3.814740038399781241e+01
1.911903175386810716e+01,2.735698365832060830e+01
1.272160664033292399e+01,6.178969825713226527e+01
2.051392733627604770e+01,2.376306053332015367e+01
1.443156429375842187e+01,4.801458537948830241e+01
3.260462147174929015e+01,9.406794896351083679e+00
2.704189210487335160e+01,1.367495319916318763e+01
1.931582952885028348e+01,2.680237456605623336e+01
1.212303368729367037e+01,6.804204785407850409e+01
1.414324637277503882e+01,4.999214674341297382e+01
2.179185803298731727e+01,2.105772637260569624e+01
1.089082140449766456e+01,8.430992977151586842e+01
2.188641241601702347e+01,2.087617086870997696e+01
1.256487183235938510e+01,6.334084811037070040e+01
1.308889856354989867e+01,5.837055140631728989e+01
1.390098915810672153e+01,5.174978988061700136e+01
1.021102038329604511e+01,9.590951917314136210e+01
1.435442199470966251e+01,4.853204379680824587e+01
3.547167532233734022e+01,7.947610937122716379e+00
1.147442019189808171e+01,7.595187518859803788e+01
3.469451888947593687e+01,8.307651330202258322e+00
2.091003673534870799e+01,2.287127671679985497e+01
2.817397411055136303e+01,1.259806305222331524e+01
1.120899047984311103e+01,7.959155677526973705e+01
1.106542391734279818e+01,8.167025039734602387e+01
3.402761861959191236e+01,8.636482290054447120e+00
2.624101742951065930e+01,1.452240889283371672e+01
1.331214050701008134e+01,5.642924170561673236e+01
1.574374346747356235e+01,4.034446778416386081e+01
1.720269697155865529e+01,3.379145728771987223e+01
2.010096977218308112e+01,2.474947432584323082e+01
2.009070703208812958e+01,2.477476584949156901e+01
2.545853929929968373e+01,1.542883149002736332e+01
1.682460156229080539e+01,3.532729815977520360e+01
1.006967500021652206e+01,9.862092968336202148e+01
7.407448083145959572e+01,1.822479984650815288e+00
1.316786766493673788e+01,5.767254192318521433e+01
5.914468431734697162e+01,2.858699882339291953e+00
1.897518864982376030e+01,2.777331982848612668e+01
1.811407377533977225e+01,3.047668565084135039e+01
1.060022320739122392e+01,8.899589593521490372e+01
2.000704066011643789e+01,2.498240763989096536e+01
1.600570398806789996e+01,3.903466338224671262e+01
1.908681775013470272e+01,2.744940573505887471e+01
1.005780401007045732e+01,9.885386700740258448e+01
1.692465900153704794e+01,3.491082768778434087e+01
1.870693786809971471e+01,2.857554962281597710e+01
2.073553450735644077e+01,2.325784813325325118e+01
1.480710912764339682e+01,4.560993420518298080e+01
2.070543791132992695e+01,2.332551062806921038e+01
2.187811556033325999e+01,2.089200764579304348e+01
1.555496429601627284e+01,4.132967239635684820e+01
1.101394462795816942e+01,8.243548976053661193e+01
2.011133465291307232e+01,2.472397037490641480e+01
1.110338887931469642e+01,8.111270762382032729e+01
1.238281091958759994e+01,6.521710508479485213e+01
1.314967531605750573e+01,5.783223024286476033e+01
1.679175706393729328e+01,3.546563295776902436e+01
2.090851809908380687e+01,2.287459922980230687e+01
1.282221837819312960e+01,6.082381571348387439e+01
1.885509757116233942e+01,2.812823176011571391e+01
1.064403539362455575e+01,8.826476718180344960e+01
1.293182777369515790e+01,5.979710737354927375e+01
1.466579700793429808e+01,4.649311675299958324e+01
1.537746028705336343e+01,4.228932680647817222e+01
1.779715019691089495e+01,3.157178006274384430e+01
1.151436648381258721e+01,7.542579623721879045e+01
2.175294445493338102e+01,2.113313358159724586e+01
2.190977066086368552e+01,2.083168197067874061e+01
1.948341819024229338e+01,2.634327074767161747e+01
4.245743305899643616e+01,5.547438968286666494e+00
1.014741913975026932e+01,9.711555610861897492e+01
1.286686619405737275e+01,6.040243278282559203e+01
1.926071494877727019e+01,2.695598414192247105e+01
2.560326913823878670e+01,1.525489269240085122e+01
1.306995742803894167e+01,5.853985657163953249e+01
4.964085466459359708e+01,4.058088366687569781e+00
1.384722196173784958e+01,5.215244726190260849e+01
3.370956163659651850e+01,8.800225283622470585e+00
2.410539056730847918e+01,1.720963482141578282e+01
1.227539601198382968e+01,6.636345326490757657e+01
1.015282735027141037e+01,9.701212058929530713e+01
1.186691581213427504e+01,7.101077905740380913e+01
1.422197640119649265e+01,4.944018562482808221e+01
1.898457048869395436e+01,2.774587644456376978e+01
2.219699571711955244e+01,2.029605371046019613e+01
1.939996047936161361e+01,2.657041328263011692e+01
1.281167824512056086e+01,6.092393605857736105e+01
2.397154315847518902e+01,1.740235464937386922e+01
3.082326322041751965e+01,1.052550083257168190e+01
2.326591907698993467e+01,1.847394190602500430e+01
1.340992228905266970e+01,5.560930633757175912e+01
1.212123025758742401e+01,6.806229632329485923e+01
1.493568828893971201e+01,4.482801592768805676e+01
2.032001026914441510e+01,2.421877395864508387e+01
2.184138649363397988e+01,2.096233185673079191e+01
1.129428393306227285e+01,7.839395891799141225e+01
1.563257136960259963e+01,4.092033305204576976e+01
6.788462149915406485e+01,2.169987330680651638e+00
4.217257905878753377e+01,5.622632232176008493e+00
2.631043134377417303e+01,1.444588202247601672e+01
1.202503231481590440e+01,6.915562262722646381e+01
1.119466592873683553e+01,7.979537576676418098e+01
1.278463014812592213e+01,6.118199901333612445e+01
2.854602533294386291e+01,1.227181236318278046e+01
1.124975731160093240e+01,7.901575474571153279e+01
1.820774260283494073e+01,3.016392063629343312e+01
1.409750869967254161e+01,5.031705998747317210e+01
1.783131970761925444e+01,3.145089628416021199e+01
1.080425469265558647e+01,8.566637168254284518e+01
1.890936812158247449e+01,2.796700542973943016e+01
1.122226541315172987e+01,7.940336880181925494e+01
1.698081054870450401e+01,3.468032563237521515e+01
1.131070046397010564e+01,7.816655958073187094e+01
2.592635746358362070e+01,1.487705575838787553e+01
1.539726585887996357e+01,4.218060287771230321e+01
2.857487419845736554e+01,1.224704590921503922e+01
1.848894054011044119e+01,2.925337298074753178e+01
2.056580069357416818e+01,2.364333602958535607e+01
1.120245912373497532e+01,7.968439216718348916e+01
2.144326022075217253e+01,2.174795211830343078e+01
1.553442137124579148e+01,4.143905448614848552e+01
1.861228571183028890e+01,2.886692864591012508e+01
1.130110568132183602e+01,7.829934473409944928e+01
5.155070676199715507e+01,3.762969968297395607e+00
5.888070961578670648e+01,2.884389654894751409e+00
3.696886788029340210e+01,7.316909741214110419e+00
1.454066212326027596e+01,4.729678646389027108e+01
1.361372133565422260e+01,5.395681261828619313e+01
1.029250794246825507e+01,9.439686655264452497e+01
1.882782740012854461e+01,2.820977246894380386e+01
1.024275613299994703e+01,9.531611538185909183e+01
2.067869989503764572e+01,2.338587042834823393e+01
1.759284950676830661e+01,3.230930563994499494e+01
1.694635893082199729e+01,3.482147782057084839e+01
2.180417632928429938e+01,2.103393991665052809e+01
1.096430189192181359e+01,8.318366098792247953e+01
2.142683994870353104e+01,2.178129759754053651e+01
4.143909545401221806e+01,5.823438135447942088e+00
1.837818810313742901e+01,2.960701443628246921e+01
1.236013474655292121e+01,6.545662204438606580e+01
1.882421437671684927e+01,2.822060238700328938e+01
5.387930420280025601e+01,3.444736785372572108e+00
2.019718644773202954e+01,2.451422967706672651e+01
1.583610732960280743e+01,3.987522319251552005e+01
2.068062778307909255e+01,2.338151047961366658e+01
1.764892125894986563e+01,3.210433429859826049e+01
1.091159362721311332e+01,8.398923643686958940e+01
1.697927490950096896e+01,3.468659903052989790e+01
2.494593794663733277e+01,1.606942454104793327e+01
3.183528689646696463e+01,9.866939468894894816e+00
1.996865091141255988e+01,2.507855737583866329e+01
2.556460483259309058e+01,1.530107106001951323e+01
1.229514285754254210e+01,6.615045590067229853e+01
1.393008691413345446e+01,5.153382136910152411e+01
1.024346192829505320e+01,9.530298088717178473e+01
1.762029551628886992e+01,3.220873174395340754e+01
1.193694011402642374e+01,7.018009792172094308e+01
3.438344459331420211e+01,8.458653486086078033e+00
2.439543569417083901e+01,1.680284581481899053e+01
1.037252023913837107e+01,9.294615277703982770e+01
2.589528475940101515e+01,1.491278023136290365e+01
1.725761821597763301e+01,3.357672130608666095e+01
2.315977626108120901e+01,1.864366458439857865e+01
1.287330931484668284e+01,6.034198480195466630e+01
2.044476809005904272e+01,2.392410075649475232e+01
2.692810493627835200e+01,1.379076690319237386e+01
1.016485948496466918e+01,9.678259020384719236e+01
1.955871783558109200e+01,2.614082184197522807e+01
5.156477564000842762e+01,3.760916879046593220e+00
2.947859001968331327e+01,1.150764844368188200e+01
1.680639043583588688e+01,3.540389979035176538e+01
1.173485899567328339e+01,7.261799418656114824e+01
1.301468334202665567e+01,5.903815655481488989e+01
1.488436441777832719e+01,4.513769848277461705e+01
1.149974424577522747e+01,7.561773009296351233e+01
2.049982539345099042e+01,2.379576525884377247e+01
1.355283238611112751e+01,5.444272636136177823e+01
1.238670754536303065e+01,6.517607938365456732e+01
2.145925800975133768e+01,2.171553818648493106e+01
1.659031597253232704e+01,3.633211540396769834e+01
2.091729430359671227e+01,2.285540840678318375e+01
1.035403979076763470e+01,9.327823948371582219e+01
1.044995004827419827e+01,9.157387058056886531e+01
1.516393510312174442e+01,4.348867398453531052e+01
1.365630174089982951e+01,5.362086205440292730e+01
1.061784922583600910e+01,8.870066829216381166e+01
1.823137611028653637e+01,3.008576776590969359e+01
1.331846915694948841e+01,5.637562652435134680e+01
1.024810201534700838e+01,9.521669876094843232e+01
2.394161222838419434e+01,1.744589342537231857e+01
2.497154309457507537e+01,1.603648712575954960e+01
1.105645958508527649e+01,8.180273694016946706e+01
1.706088193291450850e+01,3.435556102645723797e+01
1.456826915826555791e+01,4.711770041812123822e+01
2.935070317185960675e+01,1.160814914181158208e+01
6.683937009743614510e+01,2.238387661421348707e+00
2.310064728906640497e+01,1.873922827555815118e+01
1.315390301180546118e+01,5.779506138390292591e+01
2.038217561113855325e+01,2.407126542829144356e+01
1.934308014832515354e+01,2.672690914664356043e+01
1.944508617653054117e+01,2.644723386763493522e+01
2.462961720374775254e+01,1.648483770875443000e+01
1.178398730171288911e+01,7.201375690076146441e+01
1.058132450086599086e+01,8.931408092216310024e+01
2.187944101404674058e+01,2.088947645221017169e+01
1.215610183262911903e+01,6.767236290131609167e+01
1.773620284586338869e+01,3.178913464483674289e+01
1.340382138281649027e+01,5.565994031199496561e+01
1.846340952115626877e+01,2.933433146247303824e+01
1.965055695715637540e+01,2.589704859620326971e+01
1.486875476065930179e+01,4.523252200422369640e+01
1.009198498835645985e+01,9.818537616489948050e+01
2.108301342487188990e+01,2.249751911049015263e+01
1.185864753289451912e+01,7.110983616071010260e+01
1.904909352597729821e+01,2.755823326291562125e+01
1.129494198654894888e+01,7.838482457886915711e+01
1.527079038088982443e+01,4.288219116765390027e+01
1.679575434563620107e+01,3.544875378069470884e+01
2.454503241161781801e+01,1.659865048481569261e+01
1.211949976518088157e+01,6.808173436908698761e+01
1.830575547172137973e+01,2.984177739902744619e+01
1.023245286575517277e+01,9.550816353577494056e+01
1.302447739306261631e+01,5.894939977831126754e+01
2.275298708948431781e+01,1.931626519381083540e+01
1.282429423790775047e+01,6.080412628848490897e+01
2.607934839919582970e+01,1.470301930909245236e+01
1.695703040625920011e+01,3.477766359025622478e+01
1.316533040135947452e+01,5.769477372993794972e+01
1.396228526104590983e+01,5.129641172281975514e+01
2.166521084345061254e+01,2.130463804743747502e+01
2.424473758687254943e+01,1.701237801714030340e+01
1.160090796744454522e+01,7.430465757037508467e+01
1.165056339715645706e+01,7.367262513391764855e+01
1.874069273114892553e+01,2.847270442768562049e+01
1.019378862404391484e+01,9.623404750569022781e+01
1.392959442343088305e+01,5.153746546321990962e+01
4.928305351251295008e+01,4.117226727605970638e+00
1.055754911379780836e+01,8.971680087830092987e+01
1.151759577981921012e+01,7.538350649534376657e+01
2.087678212394910560e+01,2.294419802957047949e+01
1.422110369064414215e+01,4.944625383114312456e+01
1.225641499630543230e+01,6.656916123555983233e+01
1.458482890247739405e+01,4.701076544938239010e+01
2.116078328420302768e+01,2.233245775473600503e+01
1.045956732671398726e+01,9.140554879474827032e+01
2.092924481651953172e+01,2.282931516961571461e+01
2.025120172914369476e+01,2.438363228206392108e+01
2.033744050079848975e+01,2.417727828045291361e+01
1.283257203415740477e+01,6.072570680566710877e+01
1.331065538856523922e+01,5.644183444134672811e+01
2.045408324431320679e+01,2.390231479426681105e+01
2.846071515344636893e+01,1.234549143638739643e+01
1.203899820258402542e+01,6.899526718129460789e+01
1.669122136104842369e+01,3.589415768098442783e+01
2.671320353963871952e+01,1.401354632501792530e+01
2.166978914617435947e+01,2.129563668817940325e+01
1.536323099204362741e+01,4.236769911941746614e+01
1.305558722293283580e+01,5.866879641933312683e+01
1.219743971975398367e+01,6.721444841659112512e+01
1.220875530354014948e+01,6.708991184599750568e+01
1.152277869562858648e+01,7.531570713747250068e+01
1.212710918031583773e+01,6.799632248112581578e+01
1.281122537738824541e+01,6.092824337058005568e+01
1.445902944086300401e+01,4.783234974820311436e+01
1.812103603267818741e+01,3.045327134207895625e+01
1.950824857761682907e+01,2.627625321587916929e+01
2.760486369212560476e+01,1.312286877337973401e+01
1.277168085930739672e+01,6.130612754816244347e+01
1.024036222159404907e+01,9.536068509564644557e+01
1.729477943881308732e+01,3.343258399493105770e+01
2.083410727051360212e+01,2.303828827017131786e+01
1.499930655821765768e+01,4.444855401405308015e+01
1.134524710902707234e+01,7.769124494508101009e+01
2.654936472694014782e+01,1.418703801677611764e+01
2.204095836268192699e+01,2.058443977274744086e+01
1.459602393651313434e+01,4.693867933983266738e+01
1.813594801651611377e+01,3.040321253138387902e+01
1.863637386865628898e+01,2.879235386794665530e+01
1.748009066425086999e+01,3.272748543600745563e+01
1.458205952318657417e+01,4.702862342105976268e+01
1.811727984949479264e+01,3.046590016102472731e+01
1.304455840419753976e+01,5.876804409512163829e+01
1.115953870925536329e+01,8.029851505939058143e+01
1.583850589887272520e+01,3.986314677021797337e+01
2.735913016901299244e+01,1.335966070715151410e+01
1.784603058029153644e+01,3.139906633418458881e+01
2.169970513498479647e+01,2.123695931221789834e+01
1.549536020406282155e+01,4.164823942852761007e+01
1.018257705909842947e+01,9.644608189534245923e+01
1.037588732755048682e+01,9.288583848777221874e+01
1.026639519606610307e+01,9.487767724139256131e+01
1.781050262037689436e+01,3.152445947156472883e+01
2.291977390171645368e+01,1.903615979771915434e+01
1.235704227877181260e+01,6.548938843285444023e+01
1.964466291964963673e+01,2.591259084038142291e+01
1.400370309146940428e+01,5.099342840561541834e+01
2.310660818926024973e+01,1.872956106171501389e+01
1.598502677910302694e+01,3.913571418776811583e+01
1.094660266811461113e+01,8.345287263735806960e+01
1.379183128618936216e+01,5.257219720441698740e+01
1.784941400985535509e+01,3.138716381901316410e+01
1.974354200257667458e+01,2.565369127574243180e+01
1.019325253575696166e+01,9.624417014360471967e+01
1.992043834570575811e+01,2.520009734821892877e+01
1.759616089340724443e+01,3.229714633580235272e+01
1.906097023602268692e+01,2.752390141383836664e+01
1.768457706037006716e+01,3.197500671766674429e+01
1.271522994765856751e+01,6.185168891194764029e+01
1.074000850550990371e+01,8.669434094060429175e+01
1.167301162668361414e+01,7.338953970044930486e+01
1.779343175333273663e+01,3.158497708412409821e+01
1.210790881823796994e+01,6.821214656530040088e+01
1.002760291137137472e+01,9.945021915115937361e+01
2.418718807841585061e+01,1.709343074140328156e+01
1.174850790769032827e+01,7.244936326258466863e+01
1.069997329184375978e+01,8.734430886517843362e+01
1.006157555881891952e+01,9.877977079876191624e+01
3.249702035039506143e+01,9.469191841630307138e+00
1.001455561764804791e+01,9.970952201375862956e+01
1.219627380136550165e+01,6.722729993311702401e+01
1.822866117718792012e+01,3.009473023754550880e+01
1.713814741344488013e+01,3.404648267541848128e+01
1.105399830252063254e+01,8.183916938023271825e+01
1.005720607993325011e+01,9.886562165632912524e+01
2.504578729015899086e+01,1.594155288566382112e+01
2.430538624376706736e+01,1.692758277204622175e+01
2.077226585946952753e+01,2.317566770117681330e+01
2.533556921215162916e+01,1.557896738149850258e+01
1.036310573782205680e+01,9.311510582479253628e+01
1.857234415122564997e+01,2.899122420893792906e+01
5.916391250018733672e+01,2.856842037936971668e+00
1.731073447561319156e+01,3.337098380262332142e+01
1.086618548298418219e+01,8.469265973192254648e+01
1.454450623406068033e+01,4.727178870074495620e+01
1.332619136401953774e+01,5.631030881817754619e+01
1.118693783141552878e+01,7.990566143028088675e+01
1.141623980136834504e+01,7.672799234182771499e+01
1.044372000935651634e+01,9.168315710704071364e+01
1.923179888601618970e+01,2.703710467723516331e+01
2.025524383047017807e+01,2.437390134237498174e+01
1.673954837712824073e+01,3.568720424098028587e+01
2.353651006202220231e+01,1.805160682499027658e+01
1.214283177514741574e+01,6.782035257160032415e+01
1.762228369061928035e+01,3.220146447230597886e+01
1.049481150620455949e+01,9.079265465261974555e+01
1.939244010668207352e+01,2.659102524831763503e+01
7.638721873230930726e+01,1.713793947774358450e+00
1.021477414013877194e+01,9.583904187073174796e+01
1.031240580624417191e+01,9.403293907854293820e+01
1.609814830267933417e+01,3.858763412682486660e+01
2.946600574157114494e+01,1.151747986592738293e+01
2.335402703905037214e+01,1.833481121584062734e+01
2.426573787956880679e+01,1.698294472104699793e+01
1.058622502730245074e+01,8.923141033698594526e+01
1.141589901515237315e+01,7.673257336210758695e+01
2.068642889552359065e+01,2.336839852554438934e+01
1.400850536983994665e+01,5.095847211910822949e+01
1.239086993499580913e+01,6.513229832995125435e+01
2.693109718749258974e+01,1.378770255373264852e+01
1.236596121218162736e+01,6.539495422828169069e+01
1.129746761559054669e+01,7.834978152901007320e+01
2.147407621325747229e+01,2.168557887770644754e+01
1.612324419808321707e+01,3.846760399323746782e+01
2.083250017098779594e+01,2.304184293235487146e+01
1.539889744217474110e+01,4.217166489740307611e+01
1.326835595609286678e+01,5.680228047883229436e+01
2.243614830608932920e+01,1.986567818465938373e+01
1.072347363739288006e+01,8.696190063375424018e+01
2.230283178913316533e+01,2.010388457939275497e+01
1.632295077424822694e+01,3.753208214534892306e+01
1.118868220660590218e+01,7.988074793549603214e+01
1.096463633748074962e+01,8.317858649555530803e+01
1.497755712018423324e+01,4.457773836308327731e+01
1.136256834963903195e+01,7.745455848508753149e+01
1.747570470121637598e+01,3.274391505145928960e+01
1.133345037586662585e+01,7.785306325084165735e+01
1.185416451916382030e+01,7.116363103605094409e+01
2.366680427920421081e+01,1.785339285430694645e+01
1.081255817062888092e+01,8.553484763662008561e+01
3.182953282847071463e+01,9.870507235519307088e+00
1.128707888474705712e+01,7.849407561714237147e+01
1.684841168582505588e+01,3.522751985478380732e+01
1.107007849151425383e+01,8.160158596634960304e+01
1.040046851652004101e+01,9.244729167504384293e+01
1.550251520681566753e+01,4.160980379454800726e+01
2.585152258272766801e+01,1.496331250497364707e+01
2.101971862575209471e+01,2.263321263940090944e+01
1.358929108453544288e+01,5.415098954132186293e+01
1.127133010392438273e+01,7.871357936818786527e+01
1.892765429842983593e+01,2.791299318285324915e+01
1.352929663382717607e+01,5.463230976448961940e+01
1.475872500626215000e+01,4.590947415959231392e+01
1.778071608086428057e+01,3.163016849600495561e+01
1.782383860593273539e+01,3.147730324804379620e+01
2.231758009969356138e+01,2.007732252712691334e+01
1.597473822279701317e+01,3.918614126295081945e+01
1.062198993293545257e+01,8.863152646445097105e+01
2.027280159224876854e+01,2.433170038336184504e+01
1.631880446934183837e+01,3.755115697728827939e+01
2.192917146144315765e+01,2.079483857862895846e+01
1.015365551131799116e+01,9.699629606525436998e+01
1.672116209217737293e+01,3.576572938782722844e+01
1.290742119525588905e+01,6.002346128205007858e+01
1.226036957963933993e+01,6.652622438317912668e+01
1.225467794674536037e+01,6.658803437576887063e+01
2.028633427813823076e+01,2.429924864245136717e+01
1.810721575608160450e+01,3.049977581341897448e+01
1.690160909111643406e+01,3.500611330865902460e+01
1.051329318863822593e+01,9.047372012421770648e+01
1.206825984200355961e+01,6.866109024977937736e+01
1.237460579294264029e+01,6.530361968131362005e+01
1.450907252069264253e+01,4.750296272648984086e+01
1.724017230877436901e+01,3.364471050444853262e+01
1.072663454621822510e+01,8.691065657624820062e+01
1.655939801194188377e+01,3.646791304334462325e+01
1.060912338279089973e+01,8.884663820472212592e+01
1.340056949867918767e+01,5.568695731875440202e+01
2.647381934858924168e+01,1.426812146973164452e+01
1.533725559796520344e+01,4.251132971877480315e+01
1.605488189167023094e+01,3.879589452861821286e+01
2.793822110566735617e+01,1.281157430749928494e+01
2.803143500334140015e+01,1.272651043607910459e+01
2.652804628703719914e+01,1.420984912314691329e+01
1.781379299570292218e+01,3.151281481801658302e+01
1.057168790368366906e+01,8.947698321469289340e+01
1.190484267779980776e+01,7.055904251969151630e+01
2.095383291037242302e+01,2.277576888022251111e+01
1.342747848594504845e+01,5.546398498147299705e+01
1.200271295941835881e+01,6.941305509633089343e+01
1.083294930601897121e+01,8.521314187060950474e+01
1.127492895171768161e+01,7.866333816794592337e+01
1.135442743230366425e+01,7.756566531252975949e+01
1.551562898545458502e+01,4.153949647274128409e+01
1.190713895787788168e+01,7.053183065944206476e+01
1.134828521121207068e+01,7.764965234465572053e+01
1.380542820200423115e+01,5.246869187050607763e+01
1.188925277249309786e+01,7.074420638346209955e+01
2.151005870093982608e+01,2.161308735794800029e+01
2.316539754575379462e+01,1.863461758831018855e+01
1.051442891502551369e+01,9.045417596397328452e+01
1.261297768517574802e+01,6.285860595570179044e+01
1.761142806754330792e+01,3.224117444873659366e+01
2.020640979091767520e+01,2.449185543518236940e+01
1.643129112978405715e+01,3.703877536392714376e+01
1.842136165592740582e+01,2.946839904621762685e+01
1.093933053288723478e+01,8.356386339515786688e+01
1.458317009295778277e+01,4.702146083864353443e+01
2.009126646795373361e+01,2.477338617542893218e+01
1.419458348412073612e+01,4.963119055162307802e+01
1.170776501817701032e+01,7.295448657299155570e+01
1.182138268655504554e+01,7.155886549294365295e+01
2.093748233199720232e+01,2.281135505004594677e+01
1.458802845940086179e+01,4.699014619633359757e+01
1.201791117467182524e+01,6.923760239516559523e+01
1.257836942014702686e+01,6.320498154205490238e+01
2.350157974487731138e+01,1.810530678466488297e+01
1.856937428938170243e+01,2.900049827648268064e+01
1.018526691879122126e+01,9.639514711397464453e+01
2.583678602330287077e+01,1.498038665880678977e+01
1.176326143883365027e+01,7.226774464542891963e+01
1.137947633137819459e+01,7.722456067150361037e+01
1.064766294861587781e+01,8.820463553483303087e+01
1.365072626735488548e+01,5.366467258076237812e+01
1.047186497767707536e+01,9.119099035481268345e+01
1.599311133093413417e+01,3.909615781450798266e+01
1.105406604313590790e+01,8.183816634321824779e+01
1.758162971717801071e+01,3.235055543117708510e+01
2.131613127543378639e+01,2.200813430298018147e+01
1.039178087152854779e+01,9.260193022666604179e+01
1.853338516419881543e+01,2.911323708944084032e+01
2.285399111465599020e+01,1.914590464507105949e+01
1.163316307940034022e+01,7.389318179602193482e+01
1.105415492155595558e+01,8.183685034615929510e+01
1.073017231516079661e+01,8.685335663254953431e+01
1.202342750446209685e+01,6.917408476137859452e+01
1.069940289635495922e+01,8.735362193212790771e+01
1.751562166575947188e+01,3.259484259556814578e+01
1.628453896830102465e+01,3.770935156184853554e+01
1.185027625007928620e+01,7.121033859562221835e+01
1.098811062820182372e+01,8.282357138379659034e+01
1.715417249305014025e+01,3.398290132198665248e+01
1.670651603020545295e+01,3.582846619055334969e+01
1.036465685422750482e+01,9.308723774140065643e+01
1.224043467538281149e+01,6.674309149218296966e+01
1.401663896995503045e+01,5.089934873308188656e+01
2.091874195194220221e+01,2.285224517169103109e+01
2.151398858495148048e+01,2.160519210704632798e+01
1.042711323559309022e+01,9.197542858614265526e+01
1.610282693972186863e+01,3.856521429859031258e+01
6.021198534486067189e+01,2.758253039885881552e+00
1.049680857015816393e+01,9.075811053603351297e+01
2.171835442340522349e+01,2.120050313066746384e+01
1.198964499041472109e+01,6.956444940163309809e+01
2.127551138801801756e+01,2.209225179537796890e+01
1.461798350685353221e+01,4.679775990097035532e+01
1.863689762502302116e+01,2.879073557642042047e+01
1.144846357206797904e+01,7.629667059883468028e+01
1.000254872940959672e+01,9.994904489325233499e+01
1.762078972706689584e+01,3.220692505090548252e+01
1.427738276374135040e+01,4.905720427873274048e+01
1.512189968531535555e+01,4.373078713424664699e+01
2.110082910383733790e+01,2.245954530649274972e+01
4.902012553964081576e+01,4.161512100005086978e+00
2.298161824675268861e+01,1.893384369685592361e+01
1.061557116433827552e+01,8.873874203410123584e+01
2.882677623722360849e+01,1.203394011703045763e+01
1.728333134362019408e+01,3.347688866693563625e+01
1.429625600299899801e+01,4.892776378610006560e+01
2.691724583933059378e+01,1.380189623516119468e+01
1.371136660580596534e+01,5.319104397192459288e+01
2.881043965886521008e+01,1.204759135913953294e+01
1.008062825357734660e+01,9.840673010414026578e+01
1.808937281854239743e+01,3.055997402992375456e+01
1.082016824175683745e+01,8.541457272882811935e+01
1.931755772192406084e+01,2.679757917661619970e+01
1.747162589988531067e+01,3.275920515835247926e+01
1.639936047358979820e+01,3.718314974672150441e+01
1.561346619340211817e+01,4.102053738542994665e+01
1.347045533083527680e+01,5.511063915416996650e+01
1.512666835133401122e+01,4.370321931255339365e+01
1.696269358176849451e+01,3.475444568155506175e+01
1.432060172337190629e+01,4.876154603279827171e+01
2.482834910123712646e+01,1.622199688290264064e+01
1.242757060999675112e+01,6.474817342487182259e+01
1.030840562539390604e+01,9.410593227617322043e+01
1.057425933682306685e+01,8.943347073844917361e+01
2.348554822614381976e+01,1.813003302295188490e+01
1.108260935565042260e+01,8.141716002957899434e+01
1.116352351169979862e+01,8.024120042898809402e+01
2.578460411891415660e+01,1.504108148997859828e+01
1.198734809669642054e+01,6.959111042014586701e+01
1.421149337978800808e+01,4.951315102887961217e+01
1.736921244142049048e+01,3.314665789313090727e+01
1.383684128820719117e+01,5.223072822121475411e+01
1.033469049398901163e+01,9.362784994128011817e+01
1.028945152267139918e+01,9.445295492666461712e+01
1.439715843767641346e+01,4.824434694650898336e+01
2.160184088365149790e+01,2.142981759255042107e+01
2.672570817809424781e+01,1.400043585220384657e+01
1.693219214473800349e+01,3.487977089842543421e+01
4.147250587897334384e+01,5.814059142396305724e+00
2.156000969407173784e+01,2.151305544039989215e+01
1.543916668387706714e+01,4.195196310816596252e+01
1.048550899045634388e+01,9.095382465513006309e+01
1.845922238860697817e+01,2.934764087085183348e+01
1.039056783733946610e+01,9.262355288790507757e+01
1.554623032725189091e+01,4.137612397443412959e+01
1.016043716851456402e+01,9.686685751982111015e+01
2.057809044118359765e+01,2.361510368555195782e+01
1.450706133383864049e+01,4.751613478861511197e+01
1.994262121147504629e+01,2.514406665218779935e+01
1.803269464211150819e+01,3.075238073027109209e+01
2.077628489658683009e+01,2.316670220420415660e+01
1.791939242826340362e+01,3.114249755841746037e+01
1.669478865655800348e+01,3.587881979441463898e+01
1.081787788329773292e+01,8.545074446244494482e+01
1.117969880176816666e+01,8.000917526131287616e+01
5.684490771484116323e+01,3.094687982734911191e+00
1.100806711782593972e+01,8.252354241668392376e+01
1.136029731546497423e+01,7.748552942301780888e+01
1.262134368166039700e+01,6.277530252891803997e+01
1.978970325267028940e+01,2.553415180513558269e+01
1.133009922426621685e+01,7.789912392440045608e+01
1.031833798417808445e+01,9.392484807062078289e+01
1.033472626507575320e+01,9.362720180333052156e+01
1.436970246731184808e+01,4.842888254215798582e+01
3.014315967755946346e+01,1.100582116721814430e+01
2.010743806596738281e+01,2.473355373749982888e+01
1.683687618753474524e+01,3.527580745852142030e+01
1.631898824464206754e+01,3.755031122187910597e+01
1.377944433274886649e+01,5.266675864590701650e+01
1.091981879070861083e+01,8.386275722713916991e+01
2.518245241298047432e+01,1.576899284496060005e+01
2.323976509417045477e+01,1.851554637447916818e+01
1.409203183104800061e+01,5.035617904177320270e+01
1.102013550966849387e+01,8.234289470780392151e+01
2.056311972221245554e+01,2.364950155697401968e+01
1.677568180086294447e+01,3.553363526545885520e+01
1.043654684512587139e+01,9.180923029218939746e+01
1.705749259285883568e+01,3.436921534840683279e+01
2.048052831797515339e+01,2.384062787161090569e+01
1.018519101585230757e+01,9.639658384740744168e+01
1.008851288734578944e+01,9.825297150070090879e+01
1.548126997441675634e+01,4.172408595934883380e+01
2.227662672760479978e+01,2.015121072106290967e+01
2.014637781144994122e+01,2.463803408437359721e+01
1.199814861883134931e+01,6.946587742717979097e+01
1.457720701391678375e+01,4.705993872226988373e+01
1.047526377989430557e+01,9.113182432994508986e+01
2.212249677803617942e+01,2.043298042548260085e+01
1.594839591715630789e+01,3.931569734028894914e+01
1.089208611106767499e+01,8.429035204680211280e+01
2.584068204486619180e+01,1.497586978811737168e+01
2.582427895929262718e+01,1.499490059941628317e+01
2.001630168891124484e+01,2.495929555082484441e+01
1.263371136483838164e+01,6.265245580362607569e+01
1.584137059533515846e+01,3.984873065773999201e+01
2.162222970034146385e+01,2.138942188624648111e+01
1.216034785695826770e+01,6.762511288220007089e+01
1.191720948568927518e+01,7.041267648162423143e+01
1.634818419720058102e+01,3.741631002095555658e+01
1.061294036903295002e+01,8.878274160306209239e+01
1.768948746780225534e+01,3.195725736017432794e+01
1.109544322321446685e+01,8.122892189921343231e+01
1.819018153197237808e+01,3.022219014197799325e+01
2.927244323380176994e+01,1.167030093427236004e+01
3.783443414580080599e+01,6.985950659466513279e+00
1.879637235003328755e+01,2.830426754014191815e+01
2.194539142252679653e+01,2.076411077624067048e+01
1.577522371193320971e+01,4.018360965575953969e+01
3.077458742617106324e+01,1.055882328037491291e+01
1.017117220969424984e+01,9.666249150889956354e+01
1.114836557362445824e+01,8.045954956863764096e+01
1.199956834021562635e+01,6.944944077635140900e+01
1.882822578339363417e+01,2.820857870990370486e+01
1.923321993304685051e+01,2.703310955025333229e+01
1.043359041179760638e+01,9.186126728292585142e+01
1.245065317515495806e+01,6.450831957684930273e+01
1.492018349111834397e+01,4.492123334230652176e+01
1.094938584377883473e+01,8.341045300059114709e+01
1.423824667709756753e+01,4.932725797645234422e+01
1.498036996679840804e+01,4.456099931478193810e+01
1.508818988751161250e+01,4.392641070092023625e+01
2.075829465941798446e+01,2.320687458573394935e+01
1.529278483085162854e+01,4.275893147711278175e+01
1.630947322192189830e+01,3.759413805582899926e+01
6.712230744634180724e+01,2.219556703839306255e+00
1.583023384270282996e+01,3.990481846598840576e+01
2.115275670561055321e+01,2.234940942106910811e+01
1.111933471852402278e+01,8.088023278432129359e+01
1.072365526619207188e+01,8.695895487478759378e+01
1.595501905640993634e+01,3.928306318409523357e+01
1.799182557974134156e+01,3.089224962983953660e+01
1.260882818917936632e+01,6.289998560636379921e+01
1.482462605608461637e+01,4.550221156457932636e+01
1.406919555262926025e+01,5.051978199741476061e+01
1.250667912888788358e+01,6.393166049886499991e+01
1.501620519445601332e+01,4.434856905837046526e+01
1.043769690049305154e+01,9.178899979839498258e+01
1.949619730058846301e+01,2.630874778616967546e+01
1.045162048732239235e+01,9.154460117775570893e+01
1.534902567226791170e+01,4.244615689616326648e+01
1.007836021140230365e+01,9.845102614496408933e+01
2.008870831564910375e+01,2.477969600173130260e+01
1.227393685938860735e+01,6.637923306923805455e+01
1.690756798898451052e+01,3.498144257008562619e+01
1.099476630033656122e+01,8.272332738173206224e+01
4.020759950778248282e+01,6.185626730896887082e+00
1.082293246606989889e+01,8.537094778924047489e+01
1.051427193276479599e+01,9.045687701776540734e+01
2.824593873942534472e+01,1.253395047238130466e+01
1.577116454401127577e+01,4.020429715916592528e+01
2.429965813844997413e+01,1.693556431687001407e+01
2.071064750482291927e+01,2.331377742222617044e+01
1.678802087510201346e+01,3.548142053005953045e+01
1.181419057486652235e+01,7.164601763493230635e+01
2.414078502511344837e+01,1.715920736825303194e+01
1.940757847419197191e+01,2.654955817749898728e+01
1.631324215307378012e+01,3.757676893336151380e+01
1.061017496784231540e+01,8.882902771914058349e+01
1.921954314801737596e+01,2.707159720578086137e+01
1.189999039066118947e+01,7.061659593368281662e+01
1.925830284905444145e+01,2.696273703123911147e+01
1.000289758782747107e+01,9.994207342176848385e+01
1.206666776976590860e+01,6.867920968905916368e+01
1.393202985567792851e+01,5.151944870098061102e+01
1.794992720739438141e+01,3.103663412438026015e+01
1.543961389539563989e+01,4.194953284928229920e+01
1.109674118531421172e+01,8.120992066377209539e+01
1.052472898037201965e+01,9.027721596299778639e+01
1.767086324471309666e+01,3.202465562215287065e+01
1.132482150991227066e+01,7.797174760744509570e+01
2.316423995375911460e+01,1.863648009907511494e+01
2.472061210496225669e+01,1.636370192080329034e+01
2.072968461239112514e+01,2.327097666546857369e+01
1.272116478771721226e+01,6.179399069644937725e+01
1.075467181184345478e+01,8.645809773701458312e+01
1.460615876214690090e+01,4.687356293308727828e+01
4.424606544278568521e+01,5.107997608940990197e+00
1.750723066349671342e+01,3.262609470467145201e+01
1.967052592192460025e+01,2.584449537404005781e+01
2.704316444154488863e+01,1.367366646105427996e+01
1.100475809868176569e+01,8.257317786241394231e+01
1.792616194450889822e+01,3.111898110938196993e+01
1.000389710926839193e+01,9.992210335335076365e+01
1.066887788137140092e+01,8.785419663241600574e+01
1.000656509015341200e+01,9.986882738506750457e+01
1.045022765953607369e+01,9.156900530855243403e+01
1.381220473160088780e+01,5.241722022943285708e+01
1.487022592493619477e+01,4.522357241877398337e+01
1.092368940581425107e+01,8.380333720251789487e+01
1.815484992708657330e+01,3.033993691705579820e+01
1.080227784950133163e+01,8.569772886079876173e+01
1.123093833507663142e+01,7.928078005734720080e+01
1.174639795297956013e+01,7.247539313236235614e+01
1.362592173275980123e+01,5.386023202123737263e+01
4.850380675688757037e+01,4.250581523284346908e+00
1.898480906316603622e+01,2.774517910636971862e+01
1.412705721248401858e+01,5.010679123002071833e+01
1.158938111108296809e+01,7.445253864284063638e+01
1.671806263477995458e+01,3.577899224404555412e+01
1.108343841290187370e+01,8.140498024206706873e+01
2.830034591825941703e+01,1.248580396718796237e+01
1.594254557758524804e+01,3.934455752218609348e+01
1.160597273913607275e+01,7.423981957370936868e+01
1.014502608301609676e+01,9.716137766566581035e+01
1.055734533481895632e+01,8.972026435779002895e+01
1.634889628201885969e+01,3.741305071762099033e+01
1.969942723072675861e+01,2.576871735166812982e+01
1.045193583434322626e+01,9.153907724760206577e+01
2.034526190706358051e+01,2.415869272786547484e+01
2.265872281568887558e+01,1.947731762559054403e+01
1.600337176206462431e+01,3.904604152079615176e+01
1.137047983187664180e+01,7.734681154932471259e+01
1.900111908295784602e+01,2.769756820499741679e+01
2.158405212935519657e+01,2.146515542872415239e+01
4.064750464732947677e+01,6.052464087634188417e+00
1.157537396906966087e+01,7.463283489276524563e+01
2.506333455764739426e+01,1.591923879414415843e+01
1.579986429827376959e+01,4.005837116067139192e+01
1.450572610746865010e+01,4.752488274313874683e+01
1.185658241809289670e+01,7.113460936411412661e+01
1.169342840254551419e+01,7.313348653209932593e+01
1.306038054286306860e+01,5.862573998541817843e+01
2.233966694107453677e+01,2.003764195121073399e+01
1.303167409737691251e+01,5.888430848558896713e+01
1.027846547144983269e+01,9.465497332201424285e+01
2.529233455659195329e+01,1.563227420224125375e+01
1.879739039457190586e+01,2.830120177153355243e+01
1.555493001214304805e+01,4.132985458204450424e+01
1.404265433612562752e+01,5.071093155897007421e+01
1.697695740294096467e+01,3.469606973904641478e+01
1.923720558901753819e+01,2.702190901362039099e+01
1.606171296621032241e+01,3.876290162285553009e+01
3.299903084795103325e+01,9.183275840912754617e+00
1.823666677450425411e+01,3.006831385200087681e+01
1.854740802769900654e+01,2.906923130501787611e+01
1.314353815939824344e+01,5.788625044897985816e+01
2.102376309054329440e+01,2.262450530891323908e+01
1.146916903225136686e+01,7.602144025026386487e+01
1.525583282641314042e+01,4.296631992729015082e+01
1.135600675829403805e+01,7.754409206844717062e+01
1.116815053711461481e+01,8.017472547215335510e+01
1.097398432126603396e+01,8.303693859749473916e+01
1.368064213291899556e+01,5.343022893410703489e+01
1.711447590695422249e+01,3.414072907748818153e+01
4.053715302583013624e+01,6.085461388394072024e+00
1.875523391398134621e+01,2.842857100845277074e+01
1.814966667972239378e+01,3.035726856905619897e+01
1.760490083775107095e+01,3.226508649106558835e+01
1.053156424885683329e+01,9.016006930797117036e+01
1.619697786654732496e+01,3.811816824133878612e+01
1.173993575363537012e+01,7.255520265578515193e+01
2.909012897697074607e+01,1.181704002283931310e+01
1.073394392862746116e+01,8.679233158139572879e+01
1.057778677756463814e+01,8.937383280588601053e+01
1.531297315865797870e+01,4.264626070016766590e+01
2.176608581815767707e+01,2.110762285357396806e+01
2.156328508716336501e+01,2.150652041002027559e+01
1.249530611227307908e+01,6.404809249752204892e+01
1.619220001069903958e+01,3.814066672611570397e+01
1.638385630422990147e+01,3.725355644592374915e+01
1.795319982992759478e+01,3.102532004871306270e+01
1.825720843186474696e+01,3.000069064068932789e+01
2.971793523375037083e+01,1.132303204076878167e+01
2.179264006203575832e+01,2.105621508639183048e+01
1.648629183379370033e+01,3.679205395319154803e+01
2.215190153181683996e+01,2.037877036279349241e+01
1.270068421959328653e+01,6.199344395747095149e+01
1.726153019295008662e+01,3.356150405998783270e+01
1.940727287608579132e+01,2.655039431337759481e+01
1.461099626505303561e+01,4.684252966804421447e+01
1.409064605412333293e+01,5.036608431682149956e+01
1.016571780747560183e+01,9.676624759618161420e+01
3.792155650769105790e+01,6.953887979014949927e+00
1.252960886197401358e+01,6.369787913128054413e+01
8.027167451968485068e+01,1.551941528234438872e+00
1.075867787462251890e+01,8.639372326883500364e+01
1.015196655528525582e+01,9.702857278836179944e+01
1.382284445286060759e+01,5.233655810867678326e+01
1.673932896010079929e+01,3.568813981391880930e+01
1.258662831499078649e+01,6.312206306330715933e+01
4.619478607141664384e+01,4.686127271832388530e+00
1.052042195518172996e+01,9.035114946813543213e+01
1.198857684867561169e+01,6.957684586921230618e+01
3.573194042291087413e+01,7.832254620379922372e+00
6.548749149161707805e+01,2.331757003958479402e+00
8.499061528429004397e+01,1.384388724450762886e+00
1.854449777626070528e+01,2.907835588864627141e+01
1.929262354645493716e+01,2.686689140068930470e+01
1.809226977690773097e+01,3.055018820585046768e+01
1.529157455624549655e+01,4.276570018450512833e+01
1.172042632381315386e+01,7.279694961978607637e+01
1.232838034654893278e+01,6.579425157221729137e+01
1.571040175640353986e+01,4.051589318733631728e+01
1.154604604705798465e+01,7.501246370296712485e+01
2.623998261444985403e+01,1.452355434357496833e+01
1.016223830086295443e+01,9.683252363311972033e+01
2.144328334928136215e+01,2.174790520404446070e+01
2.242311263529186505e+01,1.988878271248040974e+01
1.522135490104295741e+01,4.316118659073227093e+01
1.087076665011298182e+01,8.462129227689133870e+01
1.584898665043170141e+01,3.981044212668142990e+01
1.328979685187189830e+01,5.661914610055028163e+01
2.504178833059418707e+01,1.594664475168260864e+01
3.357365130397895570e+01,8.871618317243676444e+00
1.378025587193297419e+01,5.266055558550021232e+01
1.205548080146977696e+01,6.880673154146541037e+01
1.353603646279133166e+01,5.457791854664043285e+01
1.499334860210731257e+01,4.448388636811390029e+01
1.342025997833150441e+01,5.552366711483528405e+01
1.054359701216635870e+01,8.995439837384076043e+01
1.941479124545977442e+01,2.652983503788406949e+01
1.092981093821354222e+01,8.370949089799823639e+01
4.256231917214944360e+01,5.520131603535561204e+00
1.476162282428862582e+01,4.589145117590337009e+01
3.102841672001842710e+01,1.038677607689809790e+01
2.557683769616337344e+01,1.528643819916097613e+01
1.285568590599840633e+01,6.050753962137246589e+01
1.105323534621947168e+01,8.185046776717085493e+01
1.985173813521089059e+01,2.537481732708202742e+01
1.660900304797229410e+01,3.625040561857110788e+01
2.243759651574357150e+01,1.986311385131273255e+01
1.166711424918804774e+01,7.346375088854523483e+01
1.563608732894830133e+01,4.090193227843975876e+01
1.615889208656738418e+01,3.829806560406855453e+01
1.007409721928177504e+01,9.853436557272998186e+01
1.200814916358137019e+01,6.935022141223433323e+01
1.321413593211831383e+01,5.726937716385741339e+01
1.312183976274098463e+01,5.807785122215362605e+01
1.830672777007632135e+01,2.983860759818488972e+01
1.693651735683561910e+01,3.486195812849026510e+01
1.139838634369214887e+01,7.696854091392755493e+01
4.396238904044211182e+01,5.174131113599597320e+00
1.566757666508156888e+01,4.073768474872639445e+01
1.107951626265652223e+01,8.146262519130382884e+01
1.615506344403330985e+01,3.831622052850726590e+01
1.686416246936857988e+01,3.516174701529985214e+01
1.189553146094170266e+01,7.066954580872021552e+01
3.838233936859531070e+01,6.787926293264281874e+00
1.136723655921873366e+01,7.739095465916450678e+01
1.288307101581185421e+01,6.025057534716373908e+01
1.864157889015386615e+01,2.877627755816344646e+01
2.973741951619419055e+01,1.130819895294243160e+01
1.073507738330965289e+01,8.677400474914958295e+01
1.906422287966626428e+01,2.751451023053647305e+01
1.181210303728566302e+01,7.167134368736572014e+01
2.265247923397776475e+01,1.948805596305591337e+01
2.298769637468837246e+01,1.892383250581774234e+01
1.006368175632338335e+01,9.873842848672580885e+01
2.590550727529711850e+01,1.490101315395098780e+01
1.119063552050903354e+01,7.985286416470906090e+01
1.634458424443768720e+01,3.743279398657540469e+01
3.921446964021694725e+01,6.502903488165688195e+00
1.780103033446417271e+01,3.155801799436811450e+01
3.464804581498825087e+01,8.329952214076772776e+00
1.758743525121827744e+01,3.232920140768232642e+01
1.302935652088432050e+01,5.890525825789821113e+01
1.080780619151118138e+01,8.561008014149291512e+01
1.295459390853549664e+01,5.958711965554523005e+01
1.541413613926173021e+01,4.208832275512754961e+01
1.146750379154577537e+01,7.604352058975298689e+01
1.277593459912545093e+01,6.126531066694035133e+01
2.266323807247896482e+01,1.946955736382970414e+01
1.721501734748999013e+01,3.374310712085284791e+01
1.717589947613974388e+01,3.389698105551398299e+01
1.594530982685548359e+01,3.933091730590397361e+01
1.645105356925180118e+01,3.694984040350173871e+01
1.080538511133098822e+01,8.564844843409821351e+01
1.580106136731111377e+01,4.005230184440563335e+01
2.266486175893884791e+01,1.946676790721034322e+01
1.345694859312033209e+01,5.522132375740082466e+01
3.808363457383514827e+01,6.894824583164510301e+00
1.979066682933713395e+01,2.553166542970100394e+01
2.321990827839785965e+01,1.854722755025961689e+01
1.264459401021238172e+01,6.254465779134921632e+01
1.597260332971471186e+01,3.919661717737039908e+01
1.264137092208465063e+01,6.257655506639619603e+01
1.869870656967277966e+01,2.860071346472777165e+01
1.648139097831362676e+01,3.681393794927738838e+01
3.966032330113952042e+01,6.357516554362205419e+00
1.598990127102750058e+01,3.911185692410001025e+01
1.633149646622124251e+01,3.749281401110495437e+01
1.855769802679343172e+01,2.903700323086048485e+01
1.684949942462355565e+01,3.522297169554025231e+01
1.087398133630163066e+01,8.457126631478047329e+01
1.792431929545999481e+01,3.112537960155242800e+01
1.259017238124144100e+01,6.308653101812317487e+01
1.836760109728084700e+01,2.964115498289816486e+01
1.086235347132855189e+01,8.475242587857592014e+01
1.008525309317450080e+01,9.831649716984107101e+01
1.514634264484798543e+01,4.358975673644337689e+01
1.020676697677653166e+01,9.598947145866826247e+01
2.072639646550223702e+01,2.327836091668615381e+01
1.325631626054146217e+01,5.690550564470909478e+01
1.878338261529628639e+01,2.834342896968749770e+01
2.071974785730521518e+01,2.329330255917790993e+01
1.273475062474238939e+01,6.166221343649407771e+01
1.954568008330379314e+01,2.617570742564753061e+01
