1.053541777994137973e+01,9.009412582163209038e+01
2.361392572665866041e+01,1.793344041602258088e+01
1.240194909331464324e+01,6.501597972270620573e+01
1.581902111692256341e+01,3.996140861271251765e+01
2.740509099136520987e+01,1.331488755838127247e+01
1.074745176183905748e+01,8.657430043876817649e+01
1.133274959580564101e+01,7.786269190464568624e+01
2.337953061850347325e+01,1.829483194683783154e+01
1.024738065167239398e+01,9.523010477905320670e+01
3.310470148799485912e+01,9.124743135689110218e+00
1.212200143049044776e+01,6.805363667589776355e+01
1.402905063677093089e+01,5.080932606262418716e+01
1.908562783540586238e+01,2.745282856931428128e+01
7.829325495990859451e+01,1.631365608203573458e+00
1.104583778510398950e+01,8.196013741894672933e+01
1.622667308519831408e+01,3.797878149128161596e+01
2.215931773535919902e+01,2.036513205313017494e+01
2.385432828719739717e+01,1.757379744448319059e+01
1.456079436849169184e+01,4.716608861673702791e+01
2.425267903054324847e+01,1.700123856964978231e+01
1.795906319182678601e+01,3.100506476237936582e+01
2.304985904382993311e+01,1.882189958794617013e+01
6.680804649937111606e+01,2.240487132847060803e+00
3.073440346084188235e+01,1.058645178232516670e+01
1.167042621528909585e+01,7.342206004991585644e+01
1.195687433073063666e+01,6.994628780310205229e+01
1.427362485961838701e+01,4.908303885681726086e+01
1.910114474884155200e+01,2.740824379230080510e+01
1.027897082153605446e+01,9.464566641300179128e+01
1.167904109719671268e+01,7.331378248058055647e+01
3.119533844314251780e+01,1.027591720835030920e+01
1.637217542343497456e+01,3.730673320139245419e+01
1.041280392272390998e+01,9.222838821007209731e+01
1.239071684908300952e+01,6.513390774433112540e+01
2.312591879987678567e+01,1.869829499535408601e+01
1.912297086153251868e+01,2.734571438369593466e+01
1.766646664605546135e+01,3.204059735865458691e+01
1.096847148323947962e+01,8.312042958027480211e+01
1.346137812262752398e+01,5.518498806626185882e+01
2.181861988074946268e+01,2.100610092054678191e+01
1.938596075465239821e+01,2.660880320714014857e+01
5.462128115940316064e+01,3.351785633326140434e+00
1.842192411385646267e+01,2.946659961619414858e+01
3.266691440315483419e+01,9.370953242078323697e+00
5.440139219314815477e+01,3.378936048311554252e+00
5.490006761306003114e+01,3.317830852815333742e+00
3.398552535563494104e+01,8.657889218877480531e+00
1.371340018515527959e+01,5.317526959256983332e+01
3.827532863020667264e+01,6.825934924111399127e+00
1.635193437751076218e+01,3.739914974920937851e+01
1.556766349717610076e+01,4.126227117702787694e+01
1.031311776359113885e+01,9.401995655811828101e+01
1.951677010750515961e+01,2.625331243289248562e+01
1.254587744995211551e+01,6.353278861899212160e+01
7.610066951983814931e+01,1.726724474576907475e+00
1.470272652483306786e+01,4.625985225697687753e+01
1.018046921489614576e+01,9.648602393651671605e+01
7.010434273790383486e+01,2.034745778475438360e+00
1.090649509326401301e+01,8.406778083845760818e+01
4.163188178584360344e+01,5.769629380618312986e+00
1.412980526523322311e+01,5.008730296209206045e+01
8.146630941510947821e+01,1.506759420007793171e+00
6.438360997111638540e+01,2.412400181055716519e+00
4.520244105041523142e+01,4.894138135664721112e+00
1.097465153256605674e+01,8.302684233166792183e+01
1.242853522580668901e+01,6.473812321591736918e+01
1.437588167758827851e+01,4.838725894767762981e+01
1.460896566098920246e+01,4.685555252591372266e+01
2.744351186391104136e+01,1.327763201309466012e+01
1.738239372824474316e+01,3.309640590223761336e+01
1.873776138385408530e+01,2.848161370045555785e+01
1.046021427317824859e+01,9.139424258889464170e+01
1.965471818198825105e+01,2.588608410075206834e+01
1.294949097324250076e+01,5.963409125125898669e+01
2.365252818673829083e+01,1.787495110836753298e+01
1.071946410552406803e+01,8.702696764053631284e+01
1.153222851801432114e+01,7.519232622236360442e+01
1.007356572758374291e+01,9.854476339615055736e+01
3.285816421705461465e+01,9.262184087917097131e+00
1.132058448468075440e+01,7.803012446720750006e+01
1.889318712729163963e+01,2.801493040265003742e+01
1.790690157096504720e+01,3.118595925529668023e+01
1.701785021912042239e+01,3.452952516185917631e+01
5.474761012225433632e+01,3.336335129581631698e+00
1.119858465172341511e+01,7.973953991391657325e+01
1.552902265617703037e+01,4.146787233784804272e+01
5.134106310776324023e+01,3.793763776226957152e+00
1.306930920785250727e+01,5.854566371219919318e+01
4.948251825895056299e+01,4.084100427824382429e+00
2.256707574541790962e+01,1.963583738466205375e+01
1.423337650051413128e+01,4.936101996629292188e+01
1.927762465886657850e+01,2.690871504412539394e+01
6.310238883099906104e+01,2.511356683799738754e+00
1.515069438795172374e+01,4.356471970832785701e+01
2.325283704039728505e+01,1.849473461766143600e+01
2.256291987499635709e+01,1.964307151141272811e+01
4.054221313760252343e+01,6.083942418867248847e+00
3.766179516689411599e+01,7.050143648713434352e+00
1.006258824852449507e+01,9.875988958710769339e+01
1.552792870057303887e+01,4.147371543645710545e+01
7.185100081466286781e+01,1.937021121646530286e+00
1.113841222496736627e+01,8.060341204237853674e+01
1.051702890721743167e+01,9.040945780583217584e+01
1.291660695378859103e+01,5.993811921489758276e+01
5.859770837123809883e+01,2.912317607583886137e+00
3.154048374529186205e+01,1.005225044292924785e+01
4.207799259007187942e+01,5.647938699308595822e+00
1.495956248894760243e+01,4.468504663721728321e+01
1.065444359910197747e+01,8.809240170786569024e+01
1.602715044071600303e+01,3.893026616569670040e+01
2.890187864740156343e+01,1.197148025616420419e+01
1.057411041576621358e+01,8.943598983844775319e+01
1.836089482467746237e+01,2.966281165810437415e+01
1.572765023034211573e+01,4.042707456396256305e+01
5.521374874404356348e+01,3.280239324550533464e+00
6.852754599859179052e+01,2.129460753660433525e+00
1.086298758778104201e+01,8.474253148467947483e+01
3.091989668314776907e+01,1.045981327771254854e+01
5.143696577419277105e+01,3.779630248732202435e+00
1.122733072631727680e+01,7.933173784867220490e+01
2.968905460731205537e+01,1.134507217095650411e+01
3.459282802135483337e+01,8.356566325081793423e+00
1.714769283675147804e+01,3.400858864051783570e+01
1.361779230386348161e+01,5.392455722308532273e+01
3.687413861575930696e+01,7.354552155135690938e+00
1.135810021321360352e+01,7.751550980597745877e+01
1.145090119963232667e+01,7.626419052265754317e+01
3.896578077565434484e+01,6.586174518732388350e+00
6.223392793302469528e+01,2.581936605353690073e+00
5.840579258946820573e+01,2.931488239935168494e+00
3.211856780325700811e+01,9.693657189999912660e+00
6.117073665588331721e+01,2.672468400992827231e+00
1.644710807977120837e+01,3.696757029158769825e+01
1.575669310952787683e+01,4.027818081307297149e+01
1.177629573688005493e+01,7.210785769084824892e+01
3.102866912287871415e+01,1.038660709502409851e+01
4.412808158740186570e+01,5.135348306621218661e+00
2.264406720221348479e+01,1.950253786634853270e+01
1.566720930893219865e+01,4.073959516099660050e+01
3.412163736164128380e+01,8.588953942456114987e+00
1.959752115738383083e+01,2.603740605782382289e+01
1.283564618982251204e+01,6.069662250126403791e+01
1.000000000000000000e+02,1.000000000000000000e+00
1.447580567604254398e+01,4.772154669066875954e+01
6.184359507194540129e+01,2.614631831738514656e+00
5.830702959340942471e+01,2.941427616593330185e+00
1.843107381908902909e+01,2.943735077457381522e+01
1.708678763754441476e+01,3.425146535255800728e+01
1.982169449477551737e+01,2.545179658175753090e+01
1.125532752700654626e+01,7.893756495285687436e+01
2.396067581522586920e+01,1.741814387416748744e+01
5.625956716661496415e+01,3.159419009077342189e+00
1.266969262417085673e+01,6.229710176939381228e+01
1.723173975381723011e+01,3.367764743281784945e+01
1.999038515665926141e+01,2.502405445294644082e+01
1.052517076481460734e+01,9.026963751445838113e+01
1.411742463902328382e+01,5.017519209245239153e+01
1.014846208507582759e+01,9.709559623491558966e+01
1.406648597688771041e+01,5.053924675357795593e+01
1.095060772553157058e+01,8.339183996522108089e+01
2.863350768311431338e+01,1.219694015445846524e+01
1.228185706433244384e+01,6.629364868064962479e+01
1.643146695117660272e+01,3.703798271720354052e+01
1.136675591811535568e+01,7.739749972101796516e+01
1.196487904747046471e+01,6.985272849054298661e+01
1.037774449599478110e+01,9.285259634873445123e+01
3.539610210579285621e+01,7.981584605235434893e+00
1.341968413892620049e+01,5.552843226446119473e+01
2.761996823175305238e+01,1.310851968428343284e+01
1.135511377956586898e+01,7.755628885463836752e+01
1.149725756014236566e+01,7.565044360866694717e+01
1.305598029171642516e+01,5.866526385804124999e+01
1.807796136338568616e+01,3.059856730190058727e+01
2.065162876844539142e+01,2.344722121115394486e+01
1.000000000000000000e+01,1.000000000000000000e+02
1.253404074730851292e+01,6.365284149452526918e+01
3.068702178878530873e+01,1.061916861197464890e+01
1.011130769596026902e+01,9.781047024963312708e+01
1.541079562217302978e+01,4.210657126131188477e+01
1.296320859210815257e+01,5.950794888347427758e+01
3.091645062572236569e+01,1.046214518356479672e+01
1.707203290623909808e+01,3.431069550490611419e+01
1.373288805138050783e+01,5.302445830405070382e+01
2.926123268241682851e+01,1.167924488899817881e+01
1.889535382440936573e+01,2.800850592504068715e+01
1.011564783411230550e+01,9.772655671449652459e+01
4.955162763446400476e+01,4.072716228451623621e+00
1.034810566590956959e+01,9.338525103674508898e+01
1.092146520556496014e+01,8.383747445060225800e+01
3.528046000987349373e+01,8.033994346272875120e+00
1.199336120281545703e+01,6.952134618581820291e+01
1.425418512843746832e+01,4.921700817327036503e+01
5.583639033629066262e+01,3.207490145576525897e+00
1.360017184677126245e+01,5.406437764354305386e+01
3.456034614474848610e+01,8.372281706601123474e+00
1.173354040947841881e+01,7.263431636410324188e+01
2.558743146434841265e+01,1.527378296572808480e+01
2.976770173640668560e+01,1.128520334543309644e+01
2.626798916439126330e+01,1.449260124628648505e+01
2.747609757827311228e+01,1.324615705110013408e+01
1.125256066503347085e+01,7.897638921788633581e+01
1.390916567963547834e+01,5.168896539824579150e+01
2.140513425575196393e+01,2.182549427114294005e+01
1.404887352501083697e+01,5.066604382408198148e+01
1.339965687867500499e+01,5.569454299984063539e+01
3.081572838938272696e+01,1.053064869506650147e+01
5.693421069547014923e+01,3.084987378672661595e+00
1.873552082205889846e+01,2.848842628195813731e+01
6.211737099681356256e+01,2.591635179504678810e+00
1.526001232443938527e+01,4.294278743548800747e+01
1.105458270657641506e+01,8.183051670114413412e+01
1.931841276693364762e+01,2.679520707394445722e+01
2.228926696769067561e+01,2.012836170434460570e+01
2.476232972242609520e+01,1.630861182036895940e+01
2.099448248569723319e+01,2.268765724989140864e+01
1.170002195567393244e+01,7.305108093388189161e+01
4.153754056323567312e+01,5.795867429998696529e+00
1.468912022159605435e+01,4.634559150909841918e+01
1.164963325984735754e+01,7.368439003525010378e+01
3.393340176335397018e+01,8.684507645560303857e+00
1.135704338466418406e+01,7.752993687340473628e+01
8.742065223551156805e+01,1.308494541329268124e+00
1.417972102688659675e+01,4.973528682046269012e+01
1.515115669870236559e+01,4.356206114814061436e+01
3.779653714115487162e+01,6.999966722830968102e+00
1.060272368836491808e+01,8.895392439833227627e+01
3.924385467468810873e+01,6.493168639066776215e+00
1.166126487835219372e+01,7.353746922027997357e+01
1.983280936733579480e+01,2.542327674884749911e+01
8.368561899482197930e+01,1.427901778019615930e+00
2.953069733322756107e+01,1.146707347121115639e+01
1.154814747887649062e+01,7.498516595050909928e+01
1.730368930270459771e+01,3.339816323333427306e+01
1.040832139184541383e+01,9.230784494571778964e+01
3.965698986283834415e+01,6.358585383839066907e+00
1.058708761425106104e+01,8.921687060383300150e+01
4.073811000546850636e+01,6.025571536862845967e+00
4.490906998134616401e+01,4.958289464368489163e+00
1.101532808997213131e+01,8.241478421169236412e+01
2.072270670295461414e+01,2.328665126911828764e+01
1.290391591002061666e+01,6.005607586680766730e+01
1.742869599864315688e+01,3.292078712451134237e+01
1.647104193440475939e+01,3.686021416578637400e+01
1.706755935561158211e+01,3.432868410489277977e+01
1.521068073616887872e+01,4.322178496661929614e+01
1.178820790408449781e+01,7.196219910255253183e+01
2.417350399894899482e+01,1.711278863586819909e+01
1.127469425121467417e+01,7.866661320437461313e+01
1.949574200917258793e+01,2.630997659673650446e+01
1.212334763096771617e+01,6.803852389443331106e+01
5.782903854324467119e+01,2.990253836811269217e+00
2.148159440145727217e+01,2.167040237541939263e+01
2.507970108305994472e+01,1.589846840195458988e+01
1.046681127543395995e+01,9.127907131036816679e+01
1.235948457334223782e+01,6.546350894347192195e+01
1.465641710450408119e+01,4.655264569400570451e+01
1.462456496740460743e+01,4.675564879440242549e+01
3.388719924677011619e+01,8.708205068251578140e+00
6.700265022451735319e+01,2.227491409031107317e+00
1.085352579178587362e+01,8.489034815934792277e+01
4.095564421509704545e+01,5.961732380036394829e+00
4.245363819945622907e+01,5.548430765149117150e+00
1.469116383658907132e+01,4.633269859479629105e+01
1.080008728714197197e+01,8.573249622002833803e+01
1.935502976096374184e+01,2.669391745142598893e+01
2.712577064478531597e+01,1.359051234129234764e+01
3.793306372721776398e+01,6.949669612744493463e+00
1.543973382588057319e+01,4.194888115303747611e+01
1.866781676127078882e+01,2.869544350347095829e+01
2.542708400044734063e+01,1.546702845307639329e+01
1.973822739832417383e+01,2.566750787324741623e+01
1.484264329845421493e+01,4.539180982926500718e+01
1.051235282758284661e+01,9.048990713193582280e+01
1.128870076231793718e+01,7.847152233345677530e+01
2.132681603435902673e+01,2.198608762677385897e+01
3.176245620959146621e+01,9.912240742844137031e+00
1.066748774940541544e+01,8.787709553561791154e+01
1.043103754774766756e+01,9.190623654362413220e+01
1.277045629770215385e+01,6.131788542550059873e+01
1.152124975229423676e+01,7.533569821338426209e+01
3.292065242137628900e+01,9.227055504042739997e+00
1.158128021291263465e+01,7.455673150634906676e+01
1.788424010975119671e+01,3.126504197287927411e+01
5.114294747612104430e+01,3.823212985218733984e+00
1.193182211919773295e+01,7.024031645459299966e+01
2.280770834577278450e+01,1.922368752055941243e+01
3.433941931774153744e+01,8.480356431250134719e+00
1.650810777125445838e+01,3.669487470107583960e+01
1.011283396889688646e+01,9.778094851344876304e+01
1.002551218868942051e+01,9.949170222057844626e+01
5.620037521159687799e+01,3.166077707374060246e+00
1.179043323554129330e+01,7.193503731303353277e+01
1.391866422625072630e+01,5.161844102716655414e+01
1.451553574487503973e+01,4.746066956555362282e+01
1.773491181173077180e+01,3.179376306950755904e+01
1.080242488271288259e+01,8.569539599078468939e+01
1.000972028322879837e+01,9.980587742022387943e+01
1.249427865999598986e+01,6.405862676941157474e+01
1.187782965313797412e+01,7.088034372980291664e+01
1.116433274852289692e+01,8.022956842513572440e+01
1.360060459924551779e+01,5.406093719046591417e+01
1.747289259965381802e+01,3.275445556429162508e+01
1.325521742040464801e+01,5.691494081932064830e+01
7.161714695691513555e+01,1.949691814245655186e+00
1.109624074691015139e+01,8.121724593373672008e+01
1.916282714569655710e+01,2.723208134526094071e+01
1.489552570427984257e+01,4.507008005199226375e+01
2.216112710651894702e+01,2.036180671880292081e+01
2.366809450105164458e+01,1.785144641880831173e+01
1.306201407131297287e+01,5.861107749533557154e+01
1.303467976079225643e+01,5.885715538181116813e+01
4.352483672036858309e+01,5.278684418343195794e+00
1.138279151773017617e+01,7.717958461659701186e+01
1.135179543033536831e+01,7.760163788660501893e+01
1.654899567011669248e+01,3.651377333974457429e+01
2.396130195411293329e+01,1.741723357014937434e+01
3.048766614705747457e+01,1.075849791020968738e+01
1.391661001846148338e+01,5.163368077726541117e+01
2.024268711544133836e+01,2.440414940738662253e+01
2.815649938008744257e+01,1.261370534271090627e+01
3.243570095575581291e+01,9.505028524448945859e+00
1.154975713140241389e+01,7.496426652386035983e+01
3.119432723822636078e+01,1.027658343374056216e+01
2.667900975955128473e+01,1.404949092710584857e+01
1.145652851363936264e+01,7.618928874988785083e+01
1.070961205917140724e+01,8.718715795996237716e+01
1.150196639928870290e+01,7.558851457157123832e+01
3.067569653650107853e+01,1.062701110473698485e+01
1.944588995102875018e+01,2.644504757810491213e+01
2.892853576366885093e+01,1.194942742157226157e+01
2.114002328252578877e+01,2.237634129242650616e+01
1.124187601475833631e+01,7.912658409675748317e+01
1.494113164830762486e+01,4.479535835443807201e+01
1.104252268449227081e+01,8.200935568078941174e+01
1.018316087983635576e+01,9.643502332339913607e+01
1.468586865713685619e+01,4.636611632302698638e+01
1.066593507671850816e+01,8.790268247129161239e+01
1.023127010358758149e+01,9.553024681005474861e+01
1.162667223281806628e+01,7.397570982790142580e+01
2.582384111675142435e+01,1.499540908001078598e+01
1.150621264756679096e+01,7.553273455345537002e+01
5.909124991207561806e+01,2.863872289190859011e+00
1.019642307829309225e+01,9.618432586471038803e+01
2.684719752320269848e+01,1.387401257814238065e+01
2.546842588137127805e+01,1.541685518630279361e+01
2.153126953910727437e+01,2.157052545580010872e+01
1.013048356912667991e+01,9.744053213021926751e+01
9.158301137996627972e+01,1.192257767998871065e+00
2.573313987794056246e+01,1.510130359215167672e+01
8.352813649015962483e+01,1.433291136395175913e+00
1.066046661292648601e+01,8.799288788976312503e+01
1.887917703941889869e+01,2.805652514677885279e+01
1.605851373147945793e+01,3.877834813007716264e+01
2.060053524574314210e+01,2.356367321187476804e+01
8.292142651438125256e+01,1.454341746181133432e+00
1.900472850989949336e+01,2.768704841721489274e+01
1.784366845030812243e+01,3.140738004898371472e+01
2.974047833212030056e+01,1.130587297015985193e+01
1.495809630195059015e+01,4.469380708961386972e+01
7.437807891947714722e+01,1.807632271244256517e+00
2.155598629402086175e+01,2.152108696398011034e+01
1.154456772000616560e+01,7.503167621176670821e+01
1.678499931869015782e+01,3.549419607580823310e+01
2.721567159617560350e+01,1.350087413324421526e+01
1.481383380089947188e+01,4.556853475469134906e+01
1.115123408160364704e+01,8.041816057558654052e+01
9.815416391077224034e+01,1.037964604477219277e+00
1.641294403491454545e+01,3.712162871934114605e+01
5.245941567258638116e+01,3.633733747714452456e+00
2.039779975532164968e+01,2.403440371890116367e+01
1.106711629175882905e+01,8.164527441070386260e+01
1.725972986198945947e+01,3.356850590376780730e+01
1.779017234352068755e+01,3.159655176850931113e+01
2.087911143390622826e+01,2.293907892592121200e+01
4.367705696267842796e+01,5.241954726077747928e+00
1.439604965450478247e+01,4.825177878806278642e+01
4.185631593425215868e+01,5.707921598317807543e+00
1.216123686779639002e+01,6.761522618045938771e+01
1.696733157150679006e+01,3.473544814724643004e+01
1.231817060169780476e+01,6.590336207655899159e+01
1.234756722494671521e+01,6.558993513149779631e+01
1.178139233716809642e+01,7.204548383436090830e+01
4.286443441696395240e+01,5.442592320818203433e+00
4.968903772026794030e+01,4.050221991961364232e+00
1.011469274263127005e+01,9.774501347060933654e+01
1.492487514047367370e+01,4.489299571244405485e+01
4.527637859398043929e+01,4.878166668915700832e+00
2.311987181531958768e+01,1.870807732359962827e+01
1.173271889586527728e+01,7.264448828916589207e+01
1.051303951209556686e+01,9.047808638525900449e+01
6.001967599195274516e+01,2.775956822447551264e+00
2.264072268416604317e+01,1.950830017424433294e+01
5.285920509492209618e+01,3.578975655473770168e+00
2.108438081994477287e+01,2.249460112114978827e+01
5.281869941431723703e+01,3.584467060349694201e+00
3.110320774764637974e+01,1.033688388135749747e+01
2.689221628012241894e+01,1.382760004025605483e+01
1.000274921312963627e+01,9.994503840361701918e+01
2.144796340705571680e+01,2.173841522625291134e+01
8.431001359205498602e+01,1.406830195962144092e+00
2.110162466478260868e+01,2.245785182548785031e+01
2.116925086770644171e+01,2.231459560815482135e+01
1.389046944495888702e+01,5.182820322590789175e+01
1.724609509214184655e+01,3.362160543477813945e+01
1.434002044223193373e+01,4.862957332911827990e+01
3.615437456486920809e+01,7.650296968192633607e+00
1.944347527660185193e+01,2.645161637759454365e+01
1.055497113390156727e+01,8.976063166691386641e+01
5.072068391479033522e+01,3.887136559632089927e+00
2.284258058653319168e+01,1.916503728617679414e+01
3.734786475374276904e+01,7.169162841133148056e+00
1.233331237310478379e+01,6.574164054552090874e+01
4.710506330875936243e+01,4.506763998401991600e+00
1.405952868279293000e+01,5.058927736396619679e+01
1.074935578734847397e+01,8.654363347029294573e+01
1.518323592686156509e+01,4.337817926043220496e+01
2.108416807769061307e+01,2.249505507088826306e+01
3.464786839134232110e+01,8.330037525776736729e+00
6.787915906558859547e+01,2.170336595130423873e+00
1.672524387942188540e+01,3.574827430198239853e+01
1.035705039580368236e+01,9.322401881052739725e+01
1.075458410702319867e+01,8.645950789342145981e+01
2.041742824262517075e+01,2.398821453016853411e+01
1.957921352830008388e+01,2.608612160342639186e+01
3.445724924715443649e+01,8.422456783284189896e+00
1.152538260600532105e+01,7.528167907887461752e+01
2.981807574515075032e+01,1.124710559914029062e+01
1.393477457588946145e+01,5.149915521937273866e+01
2.600037057457934608e+01,1.479247773480101102e+01
1.280831785229468522e+01,6.095590828417373075e+01
1.146717792693404725e+01,7.604784253270292993e+01
1.130755232099276597e+01,7.821009044474163829e+01
1.511616274084361855e+01,4.376398718765678097e+01
1.457632539788041903e+01,4.706563152209334788e+01
1.251945689033879638e+01,6.380122566688547181e+01
2.345145118580173005e+01,1.818279136712709843e+01
7.400430715571442875e+01,1.825937911885877396e+00
4.756088937066991917e+01,4.420791837219709031e+00
1.937874507962641246e+01,2.662862247011815597e+01
1.047631488837022395e+01,9.111353839092315354e+01
1.136471853361475048e+01,7.742525273583734702e+01
2.436558187265612574e+01,1.684404626486150747e+01
1.909879497761937728e+01,2.741498841303987888e+01
5.825554408951688146e+01,2.946629106207006465e+00
1.258362207149797207e+01,6.315222654998016338e+01
1.065596237293803483e+01,8.806729221599661628e+01
2.523699529916252615e+01,1.570090574103807590e+01
8.925595539732664463e+01,1.255236600145333004e+00
1.165769620631580139e+01,7.358249891968154088e+01
1.148725152687268292e+01,7.578229247282557424e+01
2.058334727779188356e+01,2.360304297573950549e+01
1.178274575190925333e+01,7.202893390247643879e+01
1.543314632576883660e+01,4.198469980332465923e+01
3.763987533960339249e+01,7.058357434112387807e+00
1.215347926710261284e+01,6.770157171478950886e+01
1.068055163833255428e+01,8.766225372643039293e+01
1.917935350520547289e+01,2.718517118540741961e+01
1.034643553291789786e+01,9.341540216971844757e+01
5.405244782042698404e+01,3.422703410446345185e+00
1.800421818955594944e+01,3.084973694355673857e+01
1.173306166506291426e+01,7.264024388477147909e+01
1.870030004537602508e+01,2.859583946803687127e+01
1.166921285079594028e+01,7.343732969209098371e+01
2.733474595443250266e+01,1.338350655775682263e+01
1.184774442993941967e+01,7.124077663120593229e+01
1.006583428092569577e+01,9.869620363667495155e+01
1.016667348703923501e+01,9.674805616337999936e+01
2.475243934078404706e+01,1.632164735338413308e+01
1.665653978220406017e+01,3.604378804611921794e+01
1.394840740295316195e+01,5.139853642334373518e+01
1.978876524431375117e+01,2.553657255399300396e+01
2.487003880570016534e+01,1.616765652359274341e+01
2.919797744371727788e+01,1.172990412890260359e+01
1.567458576300581896e+01,4.070126010750340129e+01
1.131982641175780735e+01,7.804057595348687926e+01
1.052075120117004303e+01,9.034549449398836884e+01
2.234415724585738516e+01,2.002958919023573969e+01
1.027884399418734418e+01,9.464800203226005237e+01
1.080240909525241122e+01,8.569564647447836592e+01
2.804839523427313708e+01,1.271112422264439701e+01
1.986024397225653360e+01,2.535308669352645694e+01
3.191964031336831908e+01,9.814858036551530773e+00
1.374491515599054026e+01,5.293170375657689419e+01
1.438840657841835835e+01,4.830305478796572061e+01
1.861708109814864542e+01,2.885205947863245868e+01
1.114935197789211863e+01,8.044531338120509645e+01
1.771687332860809150e+01,3.185853784199960259e+01
1.018208718829032655e+01,9.645536236126909557e+01
1.023631733658755749e+01,9.543606361351933742e+01
3.370381839605725105e+01,8.803224713316417649e+00
1.144285323059894388e+01,7.637150426160350492e+01
2.136492445554366171e+01,2.190772480812869816e+01
3.692520328618063985e+01,7.334224678779841966e+00
1.795831761592644327e+01,3.100763929184661194e+01
4.392913342481217143e+01,5.181968010559233839e+00
1.005644557368644776e+01,9.888057540222460773e+01
2.788890154305694935e+01,1.285692711146842981e+01
1.037940953211917794e+01,9.282280842559688949e+01
2.440525701150026450e+01,1.678932472177831769e+01
4.452908008411010599e+01,5.043273879259489334e+00
3.494380917086972005e+01,8.189540028881321376e+00
1.499014190743080555e+01,4.450292041061285886e+01
5.161318209730551132e+01,3.753865684602068598e+00
2.095436844114866304e+01,2.277460473448734746e+01
1.069972178216986869e+01,8.734841517696438018e+01
2.683046203169400101e+01,1.389132579720975080e+01
1.050913799020624850e+01,9.054527891065521317e+01
2.969695772171869308e+01,1.133903455097058988e+01
1.392007256805715443e+01,5.160799672371159375e+01
1.050627548022968583e+01,9.059462505113002351e+01
4.083043612469088401e+01,5.998352201787278126e+00
2.631950129378255454e+01,1.443592736183484071e+01
1.068229602834777303e+01,8.763362604672050793e+01
1.095613967092290686e+01,8.330764924575139219e+01
1.145312720782396276e+01,7.623454827522989774e+01
6.507556934735927712e+01,2.361370030743087156e+00
1.039998599172312410e+01,9.245587036842105988e+01
1.568611097793020370e+01,4.064147238303943510e+01
3.632545618924651620e+01,7.578405612160016069e+00
1.340896417001278351e+01,5.561725359405745905e+01
1.391698747131078484e+01,5.163088002520927233e+01
4.653410727977700390e+01,4.618035068423377965e+00
3.092688142167742171e+01,1.045508917962204443e+01
3.782011224673537697e+01,6.991242606971359130e+00
1.334979519819318305e+01,5.611135982407798650e+01
1.217943667907443484e+01,6.741330141935374343e+01
2.458179507672906894e+01,1.654904024806603502e+01
1.125844414001608662e+01,7.889386730033348272e+01
1.447158874187272026e+01,4.774936228774387104e+01
1.022036248531017044e+01,9.573426374304362696e+01
1.077086146698467140e+01,8.619838316768593245e+01
1.165055730521386756e+01,7.367270217907666563e+01
1.130621860386352751e+01,7.822854334987931679e+01
2.198794339918165619e+01,2.068382141075336378e+01
1.418620084817980675e+01,4.968986209101336726e+01
2.178474075186468895e+01,2.107148813756703021e+01
1.402281496685060702e+01,5.085452392496849683e+01
2.238551640676197607e+01,1.995564479595412521e+01
5.930400434684753463e+01,2.843360737047023079e+00
1.420005505225467246e+01,4.959295011934164421e+01
1.171860040355688604e+01,7.281963693325816678e+01
1.147015935757080562e+01,7.600831354387986494e+01
2.426749887308073284e+01,1.698048004427793245e+01
6.600997803585973145e+01,2.294990137354173676e+00
3.156542479329447914e+01,1.003637138454483235e+01
1.108450290265847471e+01,8.138934569219856030e+01
1.047134376188758864e+01,9.120006872489217642e+01
1.398442944275937627e+01,5.113408580007224913e+01
1.236317907674215277e+01,6.542438971403586834e+01
2.287165931622453030e+01,1.911633590755739931e+01
2.625181463701911611e+01,1.451046539721066608e+01
1.111816784349550069e+01,8.089721077526444049e+01
6.513338097406354166e+01,2.357180042252157826e+00
1.160666500307359250e+01,7.423096396925181750e+01
2.251992016207542591e+01,1.971815639777732088e+01
1.305186066359469699e+01,5.870230336040997798e+01
2.514014829278757190e+01,1.582210745911329752e+01
4.056734652051065382e+01,6.076406176050142882e+00
5.279199920858788175e+01,3.588093754228479426e+00
2.367968138629946040e+01,1.783398063859701566e+01
1.008599041910566463e+01,9.830212304293605996e+01
1.455690930963675633e+01,4.719126806643789251e+01
1.559301964497063508e+01,4.112818533562469270e+01
1.161929411991679117e+01,7.406968703891402583e+01
1.853749260678710087e+01,2.910033699508900895e+01
1.477067353989924037e+01,4.583522852368188438e+01
1.336703048691943785e+01,5.596675448219930615e+01
2.278617932824085557e+01,1.926003083343200473e+01
1.143092503922927250e+01,7.653097503345729535e+01
5.306872867282739747e+01,3.550770741491622751e+00
2.051369678082465597e+01,2.376359468706085920e+01
1.098569732421926126e+01,8.285996423226329455e+01
5.125088236244568662e+01,3.807126490356958826e+00
2.841069959891960650e+01,1.238899688452417536e+01
2.109474156424246161e+01,2.247250996868562467e+01
1.516065240072191500e+01,4.350750903549144510e+01
1.238529333555283607e+01,6.519096444300774351e+01
1.409903263580222799e+01,5.030618323535232150e+01
4.885079103563681713e+01,4.190412714442499187e+00
1.303833781819375481e+01,5.882413389502091405e+01
1.384431617906071210e+01,5.217434210735547850e+01
1.010684009745699363e+01,9.789696107891431609e+01
2.116192132130662884e+01,2.233005584786086573e+01
1.102111644796025658e+01,8.232823744431757973e+01
2.491299859911543280e+01,1.611194582019417965e+01
5.415529626595058943e+01,3.409715374842308133e+00
1.360251154728291034e+01,5.404578055244655843e+01
1.271203109533363040e+01,6.188282151560656530e+01
4.840463327658566328e+01,4.268016912174633859e+00
1.485043188120100766e+01,4.534420917226273673e+01
1.155694148530971077e+01,7.487109266445035871e+01
1.136596586517015695e+01,7.740825995882732968e+01
2.429066524204504063e+01,1.694810641616404823e+01
2.563504503861800998e+01,1.521709775024391931e+01
1.975699814334727478e+01,2.561875862819140082e+01
1.038263811196250863e+01,9.276508913499387177e+01
1.036008350354105900e+01,9.316944065944305464e+01
2.817196187757337711e+01,1.259986279505881690e+01
1.027993740417184654e+01,9.462786892003620665e+01
3.499271121816991581e+01,8.166666383349562963e+00
1.084460692324904940e+01,8.503003735232645965e+01
3.769512480059693615e+01,7.037681834420266291e+00
1.616808737316533140e+01,3.825451542541351557e+01
1.271346581650594842e+01,6.186885528707078663e+01
2.295312016587216775e+01,1.898088855779609219e+01
4.240481495859445005e+01,5.561214611480847836e+00
1.222396382093838874e+01,6.692307506921443405e+01
1.117924021115833533e+01,8.001573960886308612e+01
4.408460518044827126e+01,5.145482301699509264e+00
1.357814489997214125e+01,5.423993021234325340e+01
3.152087881767426580e+01,1.006475865566405581e+01
1.271445499510171473e+01,6.185922892608591184e+01
3.141491988983796446e+01,1.013276771304509083e+01
1.459053935944586122e+01,4.697397442845088733e+01
1.141658617618980820e+01,7.672333661706448993e+01
1.801555204203265603e+01,3.081093309421859772e+01
1.135793326708030726e+01,7.751778856733926659e+01
1.006989988817707449e+01,9.861652479109180547e+01
1.372955482732416854e+01,5.305020769749232556e+01
1.391027413599076823e+01,5.168072793594618020e+01
1.114577096367044362e+01,8.049701408275855385e+01
6.688724407394143157e+01,2.235184594224289611e+00
1.763366658496918760e+01,3.215990447571789446e+01
2.915287832447570437e+01,1.176622421528201379e+01
2.379525597365271494e+01,1.766116052722064822e+01
1.417480730453440074e+01,4.976977444962166430e+01
3.886511733415967740e+01,6.620336030690019413e+00
1.603414110441130447e+01,3.889632745078920095e+01
1.007421592834211133e+01,9.853204343607615101e+01
1.550558243269012060e+01,4.159334339466378339e+01
1.462967993651397336e+01,4.672296019250497778e+01
1.694200773714874941e+01,3.483936642657738503e+01
2.420025606864135526e+01,1.707497502968133318e+01
1.145159326260300858e+01,7.625497293586352043e+01
5.233729558866942000e+01,3.650710917610833217e+00
4.300858494274378074e+01,5.406169929074308378e+00
1.371944768877690102e+01,5.312840083117898615e+01
2.327999485684937397e+01,1.845160886613390971e+01
3.320235827159795150e+01,9.071145581554164394e+00
1.408467988623249489e+01,5.040876276754770657e+01
1.068948631285710071e+01,8.751577215488768502e+01
3.027369965548639286e+01,1.091111175613183448e+01
1.077960139187727151e+01,8.605866334718830046e+01
4.299358476171484256e+01,5.409942941934716920e+00
1.498429298999798220e+01,4.453766942523630945e+01
1.200902291815052614e+01,6.934013018851855747e+01
1.290654734219693012e+01,6.003158947613817986e+01
1.089425711496438254e+01,8.425676068811503683e+01
1.147854564595741955e+01,7.589728993466154350e+01
1.094831838013267067e+01,8.342671887152975785e+01
1.567440135753564867e+01,4.070221779373151350e+01
4.176509333065185103e+01,5.732883118596273420e+00
1.661121467116600670e+01,3.624075347664723523e+01
1.277351685354631705e+01,6.128850521140573449e+01
1.000373367127804869e+01,9.992536837453296528e+01
1.253693227301238267e+01,6.362348302019443480e+01
1.853304975124361675e+01,2.911429088742684002e+01
2.270374929488231786e+01,1.940013870775103300e+01
2.590731120017523992e+01,1.489893811248545852e+01
1.067482270401577793e+01,8.775637164675036672e+01
1.681981632559587325e+01,3.534740224741775450e+01
1.349918299593110937e+01,5.487632639935829815e+01
5.430537044934414581e+01,3.390895755915885879e+00
1.021324532528440088e+01,9.586773620097302739e+01
2.013831930945426407e+01,2.465775622389914901e+01
1.627440306321796371e+01,3.775633791605530831e+01
1.444801758250329016e+01,4.790529038298866027e+01
1.205465747783126496e+01,6.881613075388655432e+01
1.629949240914809749e+01,3.764019285616485178e+01
1.087236237439761588e+01,8.459645455769680211e+01
1.074696986158810752e+01,8.658206469474411904e+01
4.013954370558025886e+01,6.206619727910710260e+00
3.463444817461687819e+01,8.336494251567891922e+00
1.015356310411547369e+01,9.699806159269900263e+01
1.144280171068964691e+01,7.637219197112247571e+01
1.270537205004974801e+01,6.194770564452971939e+01
1.330842781596181723e+01,5.646073055861391055e+01
4.192266974957524894e+01,5.689867278427380271e+00
1.086264948233650784e+01,8.474780687485528574e+01
4.314593312357057897e+01,5.371805357845297557e+00
2.930763198486888754e+01,1.164229343237594705e+01
1.114053842027898611e+01,8.057264831510850911e+01
1.016638055007510033e+01,9.675363169540594299e+01
1.141197619631129889e+01,7.678533542793118727e+01
5.991954973095540993e+01,2.785241885643457760e+00
2.414638067453599390e+01,1.715125538698663732e+01
1.622590608231985243e+01,3.798237211026635407e+01
1.530782637804884949e+01,4.267494247910934746e+01
1.417130865321169431e+01,4.979435207840043631e+01
4.240957589101260083e+01,5.559966068894334867e+00
1.021744023665708312e+01,9.578903271124141838e+01
1.088947456544829961e+01,8.433078641196864567e+01
1.323917512367428806e+01,5.705295539243566338e+01
1.026594619204350423e+01,9.488597679596890089e+01
1.184560120256642612e+01,7.126655818380437779e+01
1.063366335688166942e+01,8.843703742549061531e+01
3.100871888461455939e+01,1.039997636356132205e+01
1.926984566445781155e+01,2.693044484912756076e+01
1.105234766774129440e+01,8.186361607169395427e+01
8.178206065510879341e+01,1.495147026737822848e+00
1.652138119125244131e+01,3.663593642934904437e+01
1.244758006295155539e+01,6.454017569256714637e+01
4.035866048495611835e+01,6.139408244848521434e+00
1.235244699178604755e+01,6.553812347491296464e+01
1.804632721789792527e+01,3.070593628684509824e+01
1.382732737953558200e+01,5.230262777448890432e+01
3.615312364057869843e+01,7.650826388995425553e+00
1.045476282228251996e+01,9.148957925621483867e+01
6.888318928094834348e+01,2.107528744411143684e+00
5.152604243662116801e+01,3.766573323981469823e+00
2.610965965689638679e+01,1.466890103095582276e+01
1.703455794191998152e+01,3.446182433670484357e+01
1.053378284895939743e+01,9.012209471193995114e+01
1.271212244890592125e+01,6.188193209741244516e+01
1.003639635840522359e+01,9.927602771834204987e+01
1.076044119603009186e+01,8.636541078295843477e+01
1.149880012600964818e+01,7.563014793198811958e+01
1.417209353461038646e+01,4.978883679184529143e+01
2.212672273390350597e+01,2.042517623064351540e+01
1.290450068593993294e+01,6.005063302913387702e+01
1.128293280838649970e+01,7.855177377614855061e+01
4.373395212509689856e+01,5.228324681046264466e+00
1.024791343573899738e+01,9.522020310220800354e+01
1.131597467296102089e+01,7.809371199888246906e+01
2.142386299754237911e+01,2.178735125501860637e+01
2.563289399341838148e+01,1.521965181522745247e+01
1.218367188253120581e+01,6.736644207733941414e+01
1.095616949653527072e+01,8.330719567513584423e+01
1.289111801795855783e+01,6.017537858236474335e+01
1.599067429952455477e+01,3.910807548892076824e+01
1.047259055631315228e+01,9.117835471477094700e+01
1.545684819406943689e+01,4.185603801578122329e+01
1.026372478649151887e+01,9.492705409488557677e+01
1.437242627914523041e+01,4.841052813753437079e+01
1.057808928433400553e+01,8.936872114495785979e+01
3.272458905747144797e+01,9.337951133363622702e+00
3.284150164735456201e+01,9.271585055067317782e+00
3.989844369700556825e+01,6.281857618605332760e+00
1.097081063909650922e+01,8.308498809503039695e+01
1.304934542715787060e+01,5.872493505528026958e+01
1.028207451827627494e+01,9.458853648059128716e+01
1.768664307986006889e+01,3.196753699846658847e+01
2.628640595297156324e+01,1.447230074013724455e+01
1.048566376823555757e+01,9.095113955528267979e+01
1.229026073678901021e+01,6.620302088117702510e+01
4.102540146182302294e+01,5.941475638723600738e+00
1.034341025096666122e+01,9.347005518114150391e+01
1.095501658536442235e+01,8.332473117582817679e+01
1.185969601326973510e+01,7.109726349916415700e+01
2.136435616651871072e+01,2.190889030874628318e+01
4.054512576520684775e+01,6.083068349700337052e+00
1.623676610276857701e+01,3.793157980498871495e+01
3.784369621247272164e+01,6.982531520787780721e+00
1.566012439570023318e+01,4.077646610552005768e+01
1.927697458887775284e+01,2.691052993919148761e+01
4.971993029926576924e+01,4.045190491273070066e+00
4.131578474885466079e+01,5.858251167465827081e+00
1.467106856696727490e+01,4.645971125485235831e+01
4.968168105001206669e+01,4.051421563033720474e+00
1.127813771816942712e+01,7.861858319516046834e+01
3.859915183284438456e+01,6.711884533365052974e+00
1.076659839996963441e+01,8.626665769984575149e+01
6.943757037362561846e+01,2.074010578271224148e+00
1.090871724400095566e+01,8.403353441885560926e+01
1.466212879519434331e+01,4.651638322125889857e+01
1.131503789980578389e+01,7.810664330710105219e+01
1.584771049109511054e+01,3.981685396932497412e+01
3.792941164849284519e+01,6.951007991661657393e+00
1.043462391729960714e+01,9.184307124169808390e+01
1.020000591147979208e+01,9.611676671350663526e+01
5.338848099937125369e+01,3.508365816883371568e+00
2.108489509608802948e+01,2.249350381470604532e+01
1.017399717507483636e+01,9.660881933332434812e+01
1.398582834999859870e+01,5.112385712235864332e+01
4.887287968891053680e+01,4.186625761137896973e+00
1.040017996122463195e+01,9.245242168735641997e+01
1.512529837792842891e+01,4.371113650640489823e+01
1.563272255451256854e+01,4.091954157034044215e+01
1.493253378348299343e+01,4.484695781114860580e+01
2.789622119821381219e+01,1.285018097006903837e+01
1.063915291104466299e+01,8.834579808287016078e+01
1.220742540812971200e+01,6.710453039542757381e+01
2.057648076391480885e+01,2.361879860140139442e+01
1.084902614864406445e+01,8.496077945523828134e+01
5.463025915515633812e+01,3.350684051713863632e+00
1.240190765085487890e+01,6.501641424079832632e+01
1.469576699493677197e+01,4.630367753777762374e+01
1.087623753800608917e+01,8.453618248299804350e+01
2.012265729542797033e+01,2.469615477229428890e+01
1.621237558968643455e+01,3.804579707306127290e+01
1.263000603983688919e+01,6.268922249452097617e+01
3.830391857865245697e+01,6.815749005599046839e+00
1.075263587152503675e+01,8.649084137189331045e+01
2.129726027532311150e+01,2.204715335990426084e+01
1.475615191972571694e+01,4.592548637602978800e+01
2.010352455325239873e+01,2.474318433717239074e+01
1.471070014669420978e+01,4.620971751157325969e+01
1.355633122321357753e+01,5.441462707019919520e+01
1.198045190282421402e+01,6.967124961977607711e+01
1.001565957472559809e+01,9.968754263930019022e+01
1.451362471292302025e+01,4.747316883145433764e+01
3.109319553184718998e+01,1.034354204391673449e+01
1.079659200422782916e+01,8.578801519025203959e+01
1.610652272615436331e+01,3.854751805888206206e+01
1.056443931881872800e+01,8.959981112680691240e+01
1.103372788256987391e+01,8.214014438562287523e+01
1.121501085792016994e+01,7.950612794125305527e+01
5.057296713612350914e+01,3.909877320029527592e+00
1.166719113633829963e+01,7.346278263495702276e+01
1.858236077208468728e+01,2.895997782019333400e+01
1.063851025167565467e+01,8.835647212808873974e+01
1.693603965614473239e+01,3.486392480035554797e+01
2.278203717210138990e+01,1.926703506284783529e+01
1.086003940454714112e+01,8.478854797004720467e+01
1.900342143802965111e+01,2.769085722678292072e+01
1.072736576010516885e+01,8.689880872570761028e+01
4.146199249071290183e+01,5.817008021943917306e+00
1.473413607173804607e+01,4.606283327029242969e+01
1.009658074705467712e+01,9.809601252565440177e+01
1.278821108960504027e+01,6.114773957205088095e+01
5.040127979555511217e+01,3.936559966287207502e+00
1.017023321104528399e+01,9.668034166772567062e+01
1.105578793077732769e+01,8.181267649942083153e+01
1.567347662508038475e+01,4.070702078327018114e+01
1.249847015867129585e+01,6.401566845157663010e+01
1.103020575264556236e+01,8.219261021581856141e+01
4.062966197853251771e+01,6.057781179602574007e+00
2.157054387513500870e+01,2.149204835908258815e+01
3.812006887628427165e+01,6.881651045861594262e+00
1.440026833722147437e+01,4.822351138036135865e+01
1.756671680883231446e+01,3.240550544289871482e+01
1.107954935379970784e+01,8.146213858534491692e+01
2.080123705597806705e+01,2.311115622504564016e+01
1.793887631889989720e+01,3.107488490671425296e+01
1.294273364814073624e+01,5.969637672294153674e+01
1.197756407908010345e+01,6.970484953079913737e+01
1.243947051780448376e+01,6.462435324218694177e+01
5.729726690308661574e+01,3.046016047557670969e+00
1.209071389727402313e+01,6.840630160130719162e+01
2.089430268486139042e+01,2.290573523116020382e+01
1.131081473721237707e+01,7.816498015408821232e+01
2.194252830716302682e+01,2.076952983482322068e+01
1.107562946380167901e+01,8.151981099677401232e+01
2.804067667824811849e+01,1.271812298582028866e+01
1.050266390717678178e+01,9.065694169099715793e+01
1.047351358429076740e+01,9.116228437444617327e+01
1.062823710839646552e+01,8.852736357031132286e+01
1.259868461519251603e+01,6.300131166157538587e+01
3.585924587674421815e+01,7.776742085142678285e+00
1.614958311123457335e+01,3.834223002581372697e+01
1.289575278440745798e+01,6.013213198607982690e+01
5.778412865197756076e+01,2.994903700493388499e+00
1.516722545944845102e+01,4.346980728900864932e+01
1.610314473822289116e+01,3.856369213052214917e+01
1.085980238912667772e+01,8.479224903419689952e+01
1.486024786156280264e+01,4.528432445626744851e+01
1.596179129664685625e+01,3.924973636006969713e+01
1.151153544128291628e+01,7.546289987041060954e+01
8.615196421323885545e+01,1.347316513856837483e+00
4.018340446058560644e+01,6.193077895847353354e+00
2.487114512620635765e+01,1.616621821329047037e+01
1.127116558567618654e+01,7.871587725204004471e+01
1.451640227331363420e+01,4.745500358969402299e+01
1.585047357440557647e+01,3.980297328683871427e+01
1.541535772248931835e+01,4.208165247826142519e+01
1.073536251667930941e+01,8.676939534061662584e+01
1.546210039645302814e+01,4.182760733175635437e+01
1.573902094388827244e+01,4.036868228714063633e+01
1.090757494042725995e+01,8.405113628427601213e+01
1.012423227791899905e+01,9.756090020968879628e+01
1.137404817182915551e+01,7.729828767823258318e+01
9.806088524771385551e+01,1.039940234199222102e+00
3.913291738443972179e+01,6.530035584577714936e+00
1.093129585961172090e+01,8.368675003119015798e+01
1.990295968703594198e+01,2.524437792892547705e+01
1.220494198196867153e+01,6.713184164380496100e+01
1.029227801528696951e+01,9.440108420938722134e+01
1.533092536628873503e+01,4.254644333617584095e+01
1.961747562483783724e+01,2.598446363670377224e+01
1.458867245071931507e+01,4.698599769298063222e+01
1.811758712629989532e+01,3.046486675795455312e+01
1.022298181537870043e+01,9.568521200542919303e+01
5.406900015495735090e+01,3.420608122577814658e+00
1.260558452895861947e+01,6.293236053204305591e+01
1.154994695731593879e+01,7.496180243575861368e+01
3.502246232003438564e+01,8.152797334249655137e+00
4.548504380117331181e+01,4.833511603049657879e+00
1.359570740531110467e+01,5.409988986382307985e+01
1.719037461788843757e+01,3.383991923631840137e+01
1.371613617418512732e+01,5.315405772326358402e+01
6.867173462462665157e+01,2.120527771992179566e+00
7.844155915056254003e+01,1.625202812601406421e+00
1.207327366518337364e+01,6.860407454817490702e+01
2.136977444965658179e+01,2.189778176644563956e+01
1.033908638209463859e+01,9.354825102100454615e+01
1.385895884862480720e+01,5.206415084799932202e+01
1.069145738622731301e+01,8.748350637470143454e+01
1.661903445635874732e+01,3.620665664208225110e+01
5.014518352041278604e+01,3.976871422065284989e+00
4.060308170446591447e+01,6.065715069406905080e+00
4.856339914807585956e+01,4.240156103849917812e+00
1.051100433659800792e+01,9.051312711121836685e+01
1.250861950967317249e+01,6.391182743194087834e+01
1.335222226207301333e+01,5.609096269847629657e+01
1.350675666733713598e+01,5.481480182318478711e+01
4.641416999553405276e+01,4.641932520816630436e+00
1.920739678200403588e+01,2.710584708378095087e+01
1.882550299993700094e+01,2.821673906617847294e+01
5.084570687992702176e+01,3.868044137243613179e+00
2.087051490877659177e+01,2.295797994314122548e+01
1.524133852136153422e+01,4.304807955339312286e+01
1.221729782097895978e+01,6.699612410595759115e+01
1.160002308911772495e+01,7.431599428727105305e+01
2.170332205333136599e+01,2.122988150661022289e+01
1.258450096383070438e+01,6.314340584748435958e+01
4.518585190289356746e+01,4.897732379425916882e+00
3.054953968371410866e+01,1.071496257594417045e+01
1.215224315026451229e+01,6.771534551901957855e+01
1.008359848649180535e+01,9.834876511070503113e+01
1.201283537574872184e+01,6.929612486435235041e+01
1.258506309018679126e+01,6.313776522738056940e+01
1.285349322460081645e+01,6.052818538212432742e+01
1.158690361877417097e+01,7.448438068069998508e+01
3.492097554444246299e+01,8.200253248093464009e+00
1.087725429172174074e+01,8.452037914547771891e+01
1.521776701572994384e+01,4.318154117266605851e+01
3.632694352404009663e+01,7.577785059231188391e+00
1.460701944418651266e+01,4.686803928120999529e+01
1.050220412147479898e+01,9.066487977285636646e+01
1.185391747125429873e+01,7.116659731441848180e+01
1.090722983148593350e+01,8.405645518889279799e+01
2.168488326508775543e+01,2.126600065120578620e+01
2.564839718603672836e+01,1.520125831633365188e+01
1.066450244251237223e+01,8.792630117250530475e+01
1.095531661951771696e+01,8.332016719585517706e+01
4.174200241757446150e+01,5.739227525309611444e+00
1.019686200508394158e+01,9.617604548025082067e+01
1.460824825817696748e+01,4.686015473830039468e+01
1.246833900624005054e+01,6.432544452110363409e+01
4.353172064224614246e+01,5.277015052765939629e+00
1.059492203119721054e+01,8.908497652532312827e+01
2.045025176335658657e+01,2.391127212586066264e+01
1.013636119945754999e+01,9.732756192948806984e+01
1.465241804433910922e+01,4.657806023452834410e+01
1.003854372585641563e+01,9.923355954461186457e+01
1.996538704686505383e+01,2.508675753791287377e+01
1.438929236525885536e+01,4.829710801973443068e+01
2.699460079365108811e+01,1.372290893289099500e+01
1.013510734388763090e+01,9.735164500038159474e+01
4.878060705902234417e+01,4.202479452288152117e+00
1.442505805190450552e+01,4.805790790265397305e+01
8.609772909148253461e+01,1.349014465495034676e+00
1.185315372236830456e+01,7.117576874031949785e+01
2.210312326402997840e+01,2.046881537187537248e+01
1.950006985583129904e+01,2.629829941716905495e+01
1.198820833730360036e+01,6.958112344802775340e+01
1.298844491290884307e+01,5.927692773352816147e+01
1.570922612114868322e+01,4.052195761016228204e+01
1.709154538837682225e+01,3.423239893666418965e+01
1.078460603094284842e+01,8.597881015366537838e+01
1.254710652958926964e+01,6.352034223830450799e+01
1.074866071878282447e+01,8.655482662369048796e+01
1.157755583061483939e+01,7.460470751063327555e+01
1.704215188881125798e+01,3.443111894706493104e+01
1.218405340510289214e+01,6.736222321601829321e+01
1.464602677103995632e+01,4.661872082752414315e+01
4.002137080524536827e+01,6.243326971636498079e+00
1.389345379266789493e+01,5.180593996872823936e+01
1.107588347992925470e+01,8.151607186223097301e+01
1.234470906307154081e+01,6.562031063132394593e+01
1.093509100321342942e+01,8.362867129732543958e+01
3.238424707785979706e+01,9.535256746650439652e+00
5.822471367007903353e+01,2.949750456482898020e+00
1.059328105154181898e+01,8.911257854137035395e+01
1.210265145304509282e+01,6.827142185014398024e+01
1.432022057645517243e+01,4.876414174145508440e+01
2.073189632846631625e+01,2.326601175082987893e+01
1.005759422880352716e+01,9.885799083766723072e+01
1.059000722146496365e+01,8.916768417603209684e+01
1.219825022221228394e+01,6.720551669854506827e+01
1.626261896239800109e+01,3.781107518716784455e+01
5.089828108708348253e+01,3.860057450002301493e+00
1.293519814317217609e+01,5.976595020269494540e+01
1.170679942323187639e+01,7.296652186737013324e+01
1.920328920543056483e+01,2.711744418561248082e+01
1.031855029246890254e+01,9.392098302790704167e+01
1.768180574873415978e+01,3.198503054144073232e+01
2.913110006183837442e+01,1.178382353048047904e+01
1.186134701716287942e+01,7.107747254467054177e+01
1.099657120853087378e+01,8.269617423455899541e+01
4.571427818636136919e+01,4.785157825975762336e+00
1.275828192054421883e+01,6.143496439260431430e+01
2.134488717521272250e+01,2.194887538995333998e+01
6.194965594116371932e+01,2.605686737976848466e+00
1.524013371489860624e+01,4.305488614124951141e+01
1.007814877316688218e+01,9.845515716745120471e+01
2.029116961340828240e+01,2.428766912122611643e+01
1.141327471439980989e+01,7.676786428533468154e+01
1.027331795382080415e+01,9.474985215533303062e+01
1.252804067048424486e+01,6.371382683235663080e+01
1.003866521426624736e+01,9.923115770051322215e+01
1.116339907487773608e+01,8.024298931346017127e+01
1.050000048586886692e+01,9.070293945156966231e+01
2.701856651335070580e+01,1.369857503425512668e+01
1.578956148451813846e+01,4.011066502423200575e+01
3.779441267229267254e+01,7.000753697849327217e+00
1.131737362951075276e+01,7.807440664390975371e+01
5.658553941583546987e+01,3.123122933840946747e+00
1.358270162501292333e+01,5.420354349090803936e+01
1.316276026448627157e+01,5.771730668490421579e+01
1.908971116432300619e+01,2.744108539114960621e+01
1.586550575351895986e+01,3.972758432872758760e+01
1.652638921613454670e+01,3.661373607092599514e+01
3.645050989292183630e+01,7.526495117413233515e+00
1.349279895213965474e+01,5.492826754976429271e+01
1.127553853969397224e+01,7.865483286618392356e+01
1.253580421835341063e+01,6.363493405985573759e+01
1.008529904082267947e+01,9.831560133095453580e+01
1.037238578997479266e+01,9.294856236992292509e+01
1.869247426539072876e+01,2.861978831395074963e+01
1.755490713091399257e+01,3.244912029146908594e+01
1.175364319911205691e+01,7.238606930148991125e+01
1.611574203993140841e+01,3.850342700653789763e+01
1.000101782725647226e+01,9.997964656236581504e+01
1.040339340766034759e+01,9.239531627762622179e+01
1.096230713965761971e+01,8.321393671195650654e+01
1.013401693603728226e+01,9.737259596377336379e+01
1.492687976510467429e+01,4.488093859622460968e+01
1.416449906188135976e+01,4.984224091555471148e+01
1.351467737645412903e+01,5.475056871450885865e+01
4.134851863938025929e+01,5.848979374754141425e+00
1.870203351662925684e+01,2.859053867886462541e+01
1.787093101133649142e+01,3.131162762259673471e+01
1.074231396838827735e+01,8.665713310293203619e+01
1.984770910860020976e+01,2.538512039938900600e+01
1.880759160619242820e+01,2.827050903240839830e+01
1.060220369629438153e+01,8.896265022005141532e+01
1.113723245183118848e+01,8.062048967405932842e+01
1.046394922831726504e+01,9.132901053013530657e+01
1.068501949830102760e+01,8.758895843879102472e+01
1.010872361569203193e+01,9.786048297545383434e+01
1.042441990474619651e+01,9.202296164076970797e+01
1.128620590559171610e+01,7.850621899686299798e+01
9.018313438434074669e+01,1.229558932044168884e+00
1.099882637489406356e+01,8.266226616017088702e+01
2.726975421593773063e+01,1.344737613758875483e+01
2.061752155602982128e+01,2.352486205011092935e+01
1.702018209582362829e+01,3.452006426666354599e+01
1.131104170762304406e+01,7.816184322645506199e+01
1.028612826753874643e+01,9.451399674245369908e+01
1.076927246515712966e+01,8.622382211794314344e+01
1.201142130150667420e+01,6.931244193971490120e+01
2.021748896730811751e+01,2.446501973494300941e+01
3.421805946536632348e+01,8.540617000534053815e+00
1.032929846490130821e+01,9.372562538259050768e+01
1.088890491033790653e+01,8.433961020470731285e+01
1.017588531093013415e+01,9.657297112021974783e+01
1.124577905822779478e+01,7.907166910998327580e+01
1.853202064361902757e+01,2.911752448739098043e+01
7.250132157863458815e+01,1.902427669260756904e+00
1.068831645900274196e+01,8.753493069433238816e+01
1.019504121317857681e+01,9.621040183035927384e+01
2.184819736244786270e+01,2.094926446847850343e+01
5.036538513285842811e+01,3.942173021505221531e+00
2.171661591202052577e+01,2.120389765507210100e+01
1.022936388524885842e+01,9.556585380918251360e+01
1.682493835936696414e+01,3.532588382928698678e+01
1.675815290061762397e+01,3.560800996628968562e+01
1.000947257334994944e+01,9.981081738235246803e+01
1.241292021175667770e+01,6.490110219526620483e+01
1.203308495803503675e+01,6.906309453135237675e+01
4.782528620141861353e+01,4.372047228129696705e+00
1.385072724716044412e+01,5.212605354587977757e+01
1.091975170637703130e+01,8.386378763413839010e+01
1.145225598853732762e+01,7.624614765532349736e+01
1.532084886630675413e+01,4.260242720799142546e+01
2.010707485909209069e+01,2.473444730137893188e+01
1.577306632396097186e+01,4.019460277061365616e+01
1.051817596443428116e+01,9.038973971656538708e+01
2.095815172018717831e+01,2.276638312134257802e+01
2.111710519317986723e+01,2.242493708848598644e+01
1.657115485177451575e+01,3.641618516759016444e+01
1.146873282670482119e+01,7.602722320903050957e+01
2.505718068423198730e+01,1.592705906821333350e+01
2.152539205845013370e+01,2.158230667255024926e+01
1.030550293496653325e+01,9.415895227145951196e+01
2.340627112018232125e+01,1.825305395228965111e+01
1.025191953065784567e+01,9.514580013020363936e+01
1.191423662529258642e+01,7.044781984493677385e+01
1.000280187425184941e+01,9.994398605766559740e+01
1.315111059158685336e+01,5.781960763509032120e+01
1.544353259783503240e+01,4.192824667275856143e+01
1.139527010539281626e+01,7.701064348960176176e+01
2.230174936328623048e+01,2.010583612965254119e+01
1.679947703066116560e+01,3.543304496746781496e+01
1.558471035132191851e+01,4.117205362265978152e+01
1.271481477946310079e+01,6.185572818011703333e+01
1.392741228727653890e+01,5.155361642860843574e+01
1.721612489817314184e+01,3.373876572585868416e+01
1.091059401896161241e+01,8.400462701589668768e+01
1.065897003759802075e+01,8.801759895086448182e+01
1.189273300107246811e+01,7.070280799595528265e+01
2.819206055576129089e+01,1.258190381565647975e+01
3.281121677067461206e+01,9.288708369728182035e+00
1.177177810435810557e+01,7.216321369698989940e+01
2.171166996646026348e+01,2.121355930420056524e+01
1.150554061909003245e+01,7.554155841191726495e+01
1.122610234372040594e+01,7.934910007373325413e+01
1.076184156449785867e+01,8.634293590661827977e+01
1.090704769298176124e+01,8.405926255625314525e+01
3.030036053622470504e+01,1.089191912180871391e+01
1.072279932962966242e+01,8.697283824932840446e+01
2.087517538085896618e+01,2.294773015322639509e+01
1.003758211489224905e+01,9.925257381490980890e+01
1.020965410713015764e+01,9.593519049495009199e+01
1.301285549044944645e+01,5.905474331652232678e+01
1.888711471809205733e+01,2.803294749748312142e+01
1.070490145108774271e+01,8.726390689531912415e+01
1.552113741703198713e+01,4.151001707771754923e+01
1.871235796702537613e+01,2.855899800756929352e+01
1.339501748353286281e+01,5.573312954731863300e+01
4.473365544097428170e+01,4.997251688694287708e+00
1.384057935392655381e+01,5.220251906548662646e+01
4.065856516293121103e+01,6.049171582462780528e+00
1.089628893455179970e+01,8.422534107790944802e+01
1.005166220282472977e+01,9.897470809286564020e+01
1.022270050820167953e+01,9.569047818870416222e+01
1.046191715452349236e+01,9.136449261434052005e+01
1.088082223930812020e+01,8.446495781188163221e+01
1.718013762430594582e+01,3.388025910467407442e+01
2.043954520771560723e+01,2.393632888844559048e+01
1.056649090907106903e+01,8.956502109949349233e+01
1.419520103453649362e+01,4.962687231821603717e+01
1.181120844863164088e+01,7.168220096742609826e+01
1.028080056101888928e+01,9.461198002817427266e+01
1.057994594818247869e+01,8.933735744701306203e+01
1.262652909879632901e+01,6.272375244955591711e+01
1.797717526053404669e+01,3.094262080605120602e+01
1.058356321982091153e+01,8.927630007759509567e+01
1.398651956807393582e+01,5.111880413390770173e+01
1.174025990303500500e+01,7.255119620262335900e+01
1.683076095289357710e+01,3.530144611263176557e+01
1.388089250532790153e+01,5.189974427419330993e+01
1.907001650912792456e+01,2.749779449647848040e+01
1.326215702266436836e+01,5.685539338441509472e+01
1.613818650173536184e+01,3.839640286798385205e+01
1.345836156421764152e+01,5.520972917538060898e+01
1.068005861470697049e+01,8.767034741978747547e+01
1.498016914708511571e+01,4.456219406592266807e+01
1.357004096515166935e+01,5.430473298049972897e+01
1.288054091319250816e+01,6.027424750678938636e+01
2.614353827725830826e+01,1.463090769395661539e+01
1.104917174241521138e+01,8.191068387065887180e+01
1.114307102774324143e+01,8.053602722552143689e+01
1.785242038560483380e+01,3.137659341334372698e+01
1.835734120010952708e+01,2.967429705763201397e+01
1.081989769450588135e+01,8.541884429726756878e+01
1.349130747826985832e+01,5.494041294105105777e+01
1.957051527416265557e+01,2.610931507957852915e+01
1.093684233470783340e+01,8.360189029512130787e+01
1.053909464241217897e+01,9.003127299870293143e+01
1.051063969963137801e+01,9.051940741490132325e+01
7.267862196648545137e+01,1.893156999857724898e+00
1.050043771830743466e+01,9.069538596803091934e+01
1.159324396472517904e+01,7.440293193274368377e+01
2.465036870565149485e+01,1.645709441973161802e+01
1.040259469937529424e+01,9.240950499492159054e+01
2.163151688063121370e+01,2.137105934835855692e+01
1.374206730542867305e+01,5.295364473510240089e+01
1.043774332592043308e+01,9.178818327437545577e+01
2.254706672764472586e+01,1.967070384046296638e+01
1.059688770021457138e+01,8.905192996635865654e+01
4.896796447092386728e+01,4.170382574109469331e+00
1.062550741996444081e+01,8.857285469856859095e+01
1.037895321719705066e+01,9.283097059047437938e+01
1.829073063498086427e+01,2.989082431762991021e+01
1.702234404993789951e+01,3.451129625499176257e+01
2.118232927512675090e+01,2.228704913060115089e+01
1.150766877099848351e+01,7.551362068628490931e+01
1.213778369325609674e+01,6.787677702211627206e+01
1.144977981036276837e+01,7.627912985499700937e+01
1.908566135731615532e+01,2.745273213352082564e+01
1.087685903281852617e+01,8.452652210260588106e+01
1.236140054302426883e+01,6.544321733044694156e+01
1.864233068879233812e+01,2.877395665414905324e+01
1.203765745650006203e+01,6.901063732888336233e+01
2.157005647105835422e+01,2.149301965281579996e+01
1.077746125314469694e+01,8.609284500851561006e+01
2.390204018933613739e+01,1.750370782579489770e+01
1.214113547585684572e+01,6.783930494270997258e+01
1.286548443651894402e+01,6.041540796446714268e+01
1.019284132553831945e+01,9.625193586531149492e+01
2.971989643507157197e+01,1.132153768746638711e+01
1.046172549852369649e+01,9.136784019090896436e+01
1.082641803628390598e+01,8.531598620713002390e+01
1.339484569340638309e+01,5.573455912149805158e+01
1.389726260536059144e+01,5.177754702721765057e+01
2.629471365865282095e+01,1.446315725804420360e+01
1.091276240999124525e+01,8.397124650681404034e+01
2.254182868718177701e+01,1.967984665804908673e+01
1.697760901057076310e+01,3.469340649124804088e+01
1.544390899718052523e+01,4.192620294506094325e+01
1.042114848196280263e+01,9.208074668552544040e+01
4.578037354147955540e+01,4.771350669357630636e+00
1.357003066016604187e+01,5.430481545779389307e+01
1.021163705237805353e+01,9.589793579057329964e+01
1.705200076361495931e+01,3.439135706177984986e+01
1.134025787473564684e+01,7.775962171320709615e+01
1.922779694375494586e+01,2.704836048488148492e+01
2.032049754969823852e+01,2.421761245203708413e+01
1.436348470028629620e+01,4.847082009291435156e+01
1.815302654029768448e+01,3.034603223327401622e+01
2.220929327933552599e+01,2.027358357788908094e+01
1.200629221038348327e+01,6.937167517532076033e+01
1.198107416378398504e+01,6.966401277736382269e+01
1.856569627946534240e+01,2.901198986657804824e+01
1.119803798992732879e+01,7.974732549638055445e+01
1.463866377514257877e+01,4.666562944988973527e+01
1.798601946219947223e+01,3.091219767708417976e+01
1.101355073770346849e+01,8.244138633603201072e+01
1.318990025753130446e+01,5.748002881570221945e+01
2.424802108967408643e+01,1.700777092705495974e+01
1.156337643158099304e+01,7.478778526639766255e+01
1.373771492886368506e+01,5.298720354934992116e+01
2.307041617058735028e+01,1.878837164580220431e+01
1.852646198521091492e+01,2.913499988595813051e+01
1.406259316698154826e+01,5.056723119554182233e+01
4.180214506924453133e+01,5.722724828917706397e+00
1.740610507180572952e+01,3.300629662957782529e+01
1.948920639734378923e+01,2.632762540422093522e+01
1.012774798746561977e+01,9.749317809505596699e+01
1.906803336323875442e+01,2.750351453827302350e+01
1.106692819257710347e+01,8.164804980411970803e+01
1.395601730185599010e+01,5.134249879910760228e+01
1.253746378105189052e+01,6.361808867943810242e+01
1.392291077068530925e+01,5.158695816002345680e+01
1.443842766781101616e+01,4.796894831396554082e+01
1.061803806091534241e+01,8.869751334984857749e+01
1.050003835679390995e+01,9.070228516862138690e+01
1.670064690710082189e+01,3.585365307458611284e+01
1.060311919072696973e+01,8.894728845839122755e+01
1.913132733206088432e+01,2.732183065147669154e+01
1.360425965029363660e+01,5.403189203163059062e+01
1.083471754640720341e+01,8.518533034288881822e+01
1.001713486416256060e+01,9.965818151941677172e+01
1.084664551876426408e+01,8.499807805892901058e+01
1.044951445307903626e+01,9.158150537922088574e+01
1.311760752425240284e+01,5.811533350982239199e+01
1.754518507877436306e+01,3.248509135040674778e+01
1.815928802511205120e+01,3.032510867493200735e+01
3.084866958162879413e+01,1.050817077841004199e+01
6.771992542769989143e+01,2.180555061631008762e+00
1.055581454234864580e+01,8.974628851030503540e+01
1.222451728911280888e+01,6.691701528741428717e+01
1.140905413161745763e+01,7.682467268549757478e+01
1.744478674230524007e+01,3.286008410157034376e+01
1.091155254405658326e+01,8.398986889488674024e+01
3.398540368687839930e+01,8.657951209990539354e+00
1.134732765776215579e+01,7.766275795540887827e+01
1.108987347721216743e+01,8.131053474648827262e+01
1.371073748297284389e+01,5.319592546981187553e+01
1.062585830429450340e+01,8.856700513559601973e+01
1.149786234359586778e+01,7.564248544533113261e+01
2.410153338476975193e+01,1.721514368374566928e+01
1.316901292067679563e+01,5.766251126438992713e+01
2.470139130198168687e+01,1.638917788337647252e+01
1.777761984794110361e+01,3.164118716984917512e+01
2.427007430070149141e+01,1.697687645605157059e+01
2.430407530690131424e+01,1.692940893416129100e+01
2.298216679604073320e+01,1.893293986366897386e+01
1.845994777008244014e+01,2.934533449197774502e+01
1.505369914799800668e+01,4.412792795003694124e+01
1.359054792284159241e+01,5.414097436145615205e+01
1.118502364938496108e+01,7.993301355293364452e+01
2.022159436303884306e+01,2.445508694821719686e+01
4.074117478757279542e+01,6.024665015668404067e+00
1.160090354324936790e+01,7.430471424498998090e+01
2.652554805962274287e+01,1.421252587133380096e+01
1.294369793856155226e+01,5.968748243318677282e+01
1.608908617588252454e+01,3.863111509388507159e+01
2.147710568374115780e+01,2.167946155550200871e+01
2.232256903888113087e+01,2.006834924560875066e+01
1.808976716446452215e+01,3.055864166675126370e+01
1.804460144773155150e+01,3.071180994639399842e+01
4.368176319734083535e+01,5.240825259761829891e+00
2.194131563067211488e+01,2.077182572418605133e+01
1.363985908748493259e+01,5.375021832776224073e+01
1.781393067936585339e+01,3.151232769554101054e+01
1.507743531187336039e+01,4.398909754110591308e+01
3.340181370230550328e+01,8.963134245734512007e+00
1.003453298463444199e+01,9.931290148659998351e+01
4.712432008730542776e+01,4.503081482701158933e+00
1.660007387464674267e+01,3.628941426547996230e+01
1.045368802768184224e+01,9.150839320217617967e+01
1.073782984724195799e+01,8.672952430755107400e+01
1.796180620971309239e+01,3.099559567533413329e+01
2.528945534232660819e+01,1.563583388578529743e+01
2.444233545125515050e+01,1.673842534753665490e+01
1.408125540432526712e+01,5.043328400257753685e+01
1.085332104026637445e+01,8.489355115899481063e+01
1.475903070931455474e+01,4.590757233808226090e+01
1.424792823431065081e+01,4.926024438566106056e+01
2.455904401401499371e+01,1.657971592482361700e+01
1.985184098266840991e+01,2.537455440651066851e+01
1.549296223124616212e+01,4.166113290538169878e+01
1.872448623134771850e+01,2.852201339862129714e+01
2.089811630454400415e+01,2.289737602873091404e+01
6.143198550215888787e+01,2.649786577377386987e+00
1.516384415777740813e+01,4.348919563382811759e+01
1.999485723586522212e+01,2.501286187104198788e+01
1.873546619559694548e+01,2.848859240797676051e+01
1.363242469307066607e+01,5.380885929475228124e+01
2.112058621832335348e+01,2.241754568977214390e+01
1.373933388155372448e+01,5.297471695831637817e+01
1.100896554106554959e+01,8.251007375011734268e+01
1.224351979800440837e+01,6.670945987609361794e+01
1.436246703851817941e+01,4.847768919804649812e+01
1.427342688334001863e+01,4.908440045621926373e+01
1.381874201363140386e+01,5.236763755419332256e+01
1.167273664886488760e+01,7.339299745570410494e+01
1.443654886380373270e+01,4.798143469386855742e+01
1.021414404259762421e+01,9.585086661238500483e+01
2.297472427841280407e+01,1.894520826438852268e+01
1.301031055258377123e+01,5.907784889127886174e+01
1.851688552966926693e+01,2.916514341944403910e+01
2.621846083995586696e+01,1.454740783772695067e+01
1.257483518936410150e+01,6.324051479228063499e+01
1.007428799290578070e+01,9.853063377946794787e+01
3.264907357309543556e+01,9.381197407967896140e+00
1.090272868292206709e+01,8.412587426806797453e+01
2.321069037970444171e+01,1.856196217560977857e+01
1.089440206844002823e+01,8.425451857717021653e+01
3.197882187059320458e+01,9.778563947771521825e+00
1.218471030402760213e+01,6.735496018257873629e+01
1.127126048831283178e+01,7.871455170147626745e+01
1.114442428861230638e+01,8.051646952845180749e+01
1.017861066367086487e+01,9.652126265340666578e+01
1.047881871706806400e+01,9.107000191164698322e+01
1.313707930184379258e+01,5.794318410164544986e+01
1.181309200203255649e+01,7.165934387135072825e+01
1.081856083623873133e+01,8.543995615222709716e+01
1.375111105304597281e+01,5.288401517328409085e+01
1.133941644252123560e+01,7.777116232089026937e+01
1.587983567823901332e+01,3.965591653066777411e+01
1.767187950444288447e+01,3.202097243360861256e+01
1.122626859647993847e+01,7.934674988781736715e+01
1.769070482941000932e+01,3.195285932176628663e+01
1.454149088734839523e+01,4.729139544017683505e+01
1.566240641396437461e+01,4.076458467950683229e+01
1.396991738979305175e+01,5.124037790900671041e+01
1.328054836373040537e+01,5.669803197442028164e+01
1.147393937985741452e+01,7.595824080376175402e+01
1.293837803571753753e+01,5.973657620472052088e+01
1.833305037851917518e+01,2.975298451772842157e+01
1.937715796251272593e+01,2.663298476858490460e+01
1.023194279179852373e+01,9.551768615374454896e+01
2.351875706684854705e+01,1.807886940867260961e+01
1.446035275737993508e+01,4.782359554375885580e+01
2.035186755617391441e+01,2.414301279594283756e+01
1.160992361793822525e+01,7.418930027114063819e+01
1.102322032813961350e+01,8.229681428255797471e+01
2.350699000631067648e+01,1.809697367433161830e+01
1.178254897917288169e+01,7.203133973992244421e+01
1.954209690907178398e+01,2.618530728788289963e+01
1.032809830555594743e+01,9.374740910646295333e+01
2.530407192708156572e+01,1.561777541009884374e+01
2.203740623098947893e+01,2.059107617387281763e+01
1.430657487751284229e+01,4.885720917993081969e+01
2.449609638469656403e+01,1.666503521281568823e+01
1.324449528291106404e+01,5.700712958499762806e+01
1.048423396206947444e+01,9.097594849564175945e+01
1.277861693629925632e+01,6.123959317755458898e+01
1.392203320713116454e+01,5.159346184529430701e+01
2.524239635797622938e+01,1.569418748483621151e+01
2.964161821845711131e+01,1.138141295879639792e+01
1.334449218255109848e+01,5.615596527460799336e+01
1.031912731613400069e+01,9.391047959811653811e+01
1.449445412711211212e+01,4.759882934922761422e+01
1.343456864089246316e+01,5.540545768688702566e+01
2.075325083061412101e+01,2.321815626178757697e+01
1.445493099332947118e+01,4.785947767674142739e+01
1.093448849307268844e+01,8.363788773406251664e+01
1.231437001503853423e+01,6.594404789157515268e+01
4.568253219517261954e+01,4.791810800487261268e+00
1.812455659439937250e+01,3.044144184344463611e+01
2.105118852105437810e+01,2.256559342245799726e+01
2.568624770964698456e+01,1.515649104127174418e+01
1.090819254453532139e+01,8.404161887663853747e+01
1.654335605177424995e+01,3.653867262195350918e+01
1.841140987461369249e+01,2.950026432135006615e+01
1.263564587617783808e+01,6.263327315013783192e+01
1.133005206324278191e+01,7.789977243158021736e+01
1.628858968602719770e+01,3.769059844098336498e+01
1.130327106373779777e+01,7.826934779196753311e+01
1.599714409686062488e+01,3.907644857404066130e+01
1.323600175365423937e+01,5.708031589679595186e+01
1.338707871572043295e+01,5.579925055478663154e+01
1.340784119349039294e+01,5.562657045344870710e+01
1.338583884314020445e+01,5.580958792186194728e+01
1.144678678857837362e+01,7.631902488394067063e+01
1.754762636458677250e+01,3.247605310507805143e+01
2.054860965315958765e+01,2.368291277685235841e+01
1.371338492147541110e+01,5.317538796607839657e+01
1.146081215004631915e+01,7.613234580121778095e+01
1.909914651302445776e+01,2.741397923178049822e+01
1.108418767949562245e+01,8.139397502048603883e+01
1.461616266544911902e+01,4.680942050006284916e+01
1.132142492636765319e+01,7.801853982380475827e+01
1.949643738905434986e+01,2.630809983312290612e+01
1.450425074029199024e+01,4.753455166288507172e+01
1.029532634202353414e+01,9.434519035281456922e+01
2.421050573750571999e+01,1.706052049532099701e+01
1.092878599996056721e+01,8.372519274860212590e+01
2.373071785187111971e+01,1.775735382926936623e+01
1.021574547904627828e+01,9.582081750038155121e+01
1.509287861589817936e+01,4.389912272987458408e+01
1.055911005299235761e+01,8.969027740822596684e+01
2.524078907635530911e+01,1.569618629574190827e+01
1.096094958910942374e+01,8.323455064146364180e+01
1.486243675791223495e+01,4.527098675197942157e+01
1.152708691079690517e+01,7.525941960561263500e+01
1.477530013955427357e+01,4.580652818608708543e+01
2.958567722166677427e+01,1.142449390703713519e+01
1.646188328273560586e+01,3.690124030673330680e+01
2.748990612137886203e+01,1.323285295389947969e+01
1.388935059104717240e+01,5.183655358370898369e+01
1.324620301998846372e+01,5.699243149933480623e+01
1.674687619906187308e+01,3.565598023700763264e+01
2.070430701772076176e+01,2.332805883132896696e+01
1.425414958001043608e+01,4.921725365819327891e+01
1.498706411006238959e+01,4.452120084696065305e+01
1.871550509796464468e+01,2.854939406165390992e+01
1.267398406793392418e+01,6.225492099251388822e+01
1.295381730890064098e+01,5.959426453359914433e+01
1.626819456896836158e+01,3.778516161068773727e+01
2.079330602962413721e+01,2.312878979858579243e+01
1.095640414523054140e+01,8.330362740306628666e+01
1.007384156482375204e+01,9.853936685636365667e+01
1.594987238795865281e+01,3.930841881278387717e+01
1.084862950121101655e+01,8.496699223836203885e+01
2.245185501649601889e+01,1.983789292485647948e+01
1.732647035207513753e+01,3.331039636496589651e+01
2.652732574146777722e+01,1.421062108056043805e+01
1.054551778292734454e+01,8.992163259667265152e+01
1.050373200977761279e+01,9.063850519778760884e+01
1.578496944757007370e+01,4.013400576592994184e+01
1.275947873999019677e+01,6.142343992311661793e+01
1.906485599331671565e+01,2.751268283432888495e+01
1.371061951360089282e+01,5.319684089407986249e+01
1.503525656222440432e+01,4.423625097411058960e+01
1.089652959689513878e+01,8.422162069263808348e+01
1.928852010077969936e+01,2.687832395805723706e+01
1.005596043548489149e+01,9.889011639077043014e+01
1.902547660271735097e+01,2.762669353313805942e+01
1.481022160978720237e+01,4.559076566165555988e+01
2.434978241422973255e+01,1.686591201650668026e+01
2.452885137562070739e+01,1.662055709149383986e+01
1.204998392328656642e+01,6.886952141592051646e+01
5.114115295368360137e+01,3.823481299930504562e+00
1.314792622405400380e+01,5.784761831518576258e+01
2.536145439724008810e+01,1.554718224396033222e+01
2.524023041310734428e+01,1.569688113721661971e+01
1.021943646195838618e+01,9.575161424581990843e+01
1.401463497881966269e+01,5.091390624907471363e+01
1.305304870905276537e+01,5.869161806647722557e+01
1.510688775127436756e+01,4.381774215523169147e+01
1.026595993516607308e+01,9.488572274690879738e+01
1.113519402120564727e+01,8.065000946815021621e+01
1.423309206971996588e+01,4.936299282423904344e+01
1.719671449579692180e+01,3.381497244671464841e+01
2.425069008305190366e+01,1.700402743523315507e+01
3.135224815223918782e+01,1.017331809798533193e+01
2.056382482912258425e+01,2.364787976324468133e+01
4.401392050419946145e+01,5.162022468812502929e+00
1.592628517112013675e+01,3.942493848745128560e+01
1.215206123382330183e+01,6.771737293258166801e+01
1.088188719451834530e+01,8.444842630521345939e+01
1.771585127398576276e+01,3.186221388382341146e+01
1.564846205667875800e+01,4.083726775828768751e+01
1.056031859000697715e+01,8.966975003174633230e+01
2.915175936507116816e+01,1.176712750072401903e+01
2.779886812841091626e+01,1.294034256229079283e+01
1.075872159603586020e+01,8.639302109470094138e+01
1.079375884900506044e+01,8.583305652659757357e+01
1.226346391309708750e+01,6.649265664853783164e+01
1.352403125414211438e+01,5.467485859428898465e+01
1.290081620515318939e+01,6.008493892039627582e+01
2.479464538879955526e+01,1.626612843681419207e+01
1.987409598590155113e+01,2.531775739704471917e+01
1.853932785604372313e+01,2.909457586622342262e+01
1.351370379030014135e+01,5.475845793815784646e+01
1.714223143195455634e+01,3.403026192813052120e+01
1.343839207720080609e+01,5.537393470384454730e+01
1.636970946847445774e+01,3.731797392050609119e+01
1.099493670119212929e+01,8.272076328938432255e+01
1.614823783795834800e+01,3.834861870134121631e+01
1.718248244770113686e+01,3.387101273369376031e+01
1.426220488330067226e+01,4.916167347993102510e+01
2.735076121932925020e+01,1.336783769593352034e+01
1.451094915972691268e+01,4.749067681070518177e+01
1.499074121302066942e+01,4.449936217216959022e+01
1.045543399777440996e+01,9.147783348029759054e+01
2.316535109823631444e+01,1.863469231479201227e+01
1.929108383807339422e+01,2.687118030732341722e+01
1.481462915965326133e+01,4.556364197476159461e+01
2.237478322189018698e+01,1.997479483603401462e+01
1.198401705237676573e+01,6.962980250291467144e+01
3.556666026958679083e+01,7.905217562498045858e+00
1.425952457931938255e+01,4.918015665058473473e+01
1.684292277458972364e+01,3.525048406819383473e+01
1.223403806305357833e+01,6.681290348567449655e+01
1.223285038923475199e+01,6.682587769623053475e+01
2.455680180506114496e+01,1.658274375271197698e+01
2.307044036001353504e+01,1.878833224649437028e+01
2.120659773686497473e+01,2.223606849492290038e+01
1.079216209174888341e+01,8.585845731165532868e+01
1.284420612313911292e+01,6.061574776165153366e+01
2.745022247388526537e+01,1.327114098236580020e+01
2.385180452315051269e+01,1.757751661504470420e+01
2.821512774330853190e+01,1.256133963464653647e+01
5.511550948561536956e+01,3.291943306729222751e+00
2.484256458742478912e+01,1.620343699602116772e+01
1.079549251860811232e+01,8.580549053787734692e+01
1.476498760501098317e+01,4.587053723006707173e+01
1.233440772649885098e+01,6.572996473047214749e+01
1.159486647149214278e+01,7.438211050896559584e+01
1.217082945117443948e+01,6.750868470033648805e+01
1.030025304743008974e+01,9.425495959914596256e+01
1.537245233905558450e+01,4.231688483580381188e+01
1.454443473274824861e+01,4.727225348377754699e+01
1.049823711924855907e+01,9.073341237127610270e+01
2.230757865031293719e+01,2.009532962169081216e+01
1.286187082310586405e+01,6.044936081633326808e+01
1.247323818962880182e+01,6.427492351694880313e+01
1.147109245803096300e+01,7.599594846042866436e+01
2.334980193507704271e+01,1.834144711730505506e+01
1.542651365851037504e+01,4.202081041320749932e+01
1.116980195084238048e+01,8.015102015395672197e+01
1.872855769857941866e+01,2.850961374433560280e+01
1.898770874702287159e+01,2.773670561375931953e+01
1.391975654185148947e+01,5.161034010730140409e+01
1.531638000381826892e+01,4.262729106786714084e+01
2.749901466412361728e+01,1.322408812750605378e+01
1.008586781957896150e+01,9.830451289519720603e+01
1.232338517172209080e+01,6.584760061439561696e+01
1.287277894283207580e+01,6.034695721070649910e+01
1.378650497117157236e+01,5.261282681651274373e+01
1.982476616460368746e+01,2.544391013725914519e+01
2.300381961169048850e+01,1.889731460439494271e+01
1.355772310509078693e+01,5.440345486305359657e+01
1.499237884885273253e+01,4.448964126387512152e+01
1.320306272694425864e+01,5.736547933422408363e+01
2.314871398631801824e+01,1.866148765824256017e+01
1.549436880198919830e+01,4.165356929674337039e+01
2.073438569171050005e+01,2.326042546739023820e+01
1.141606299411109404e+01,7.673036902299006101e+01
1.830305932977199390e+01,2.985056976454076505e+01
1.249588337805175797e+01,6.404217504185061216e+01
2.082263702792352689e+01,2.306367674886597285e+01
2.468204631503288482e+01,1.641487856267539414e+01
1.642737335830823397e+01,3.705644425816408472e+01
3.268054252121986281e+01,9.363139306356766056e+00
1.283542453772617087e+01,6.069871883235799714e+01
1.568363859440723473e+01,4.065428691278620477e+01
1.090659505231691462e+01,8.406623988141214454e+01
1.162205529910034052e+01,7.403449612341256625e+01
2.260709512647496311e+01,1.956637967459186811e+01
2.593189192049731773e+01,1.487070623031526750e+01
1.704097690527396480e+01,3.443586719511297645e+01
1.020324098020867609e+01,9.605582626282667036e+01
1.136762073856052524e+01,7.738572374861692538e+01
1.309522251177125796e+01,5.831418837565161795e+01
2.705638939303636192e+01,1.366030256552386390e+01
2.527468612817266802e+01,1.565411276366455162e+01
2.816903808214093274e+01,1.260247852748458008e+01
1.169223929828797992e+01,7.314836268372158656e+01
2.062891703875690652e+01,2.349887880384684635e+01
1.716109026251766778e+01,3.395550929839007637e+01
1.255363380978010390e+01,6.345430442199845800e+01
1.339026558864252081e+01,5.577269335793825178e+01
1.049176082053629777e+01,9.084546182650379365e+01
2.507023951869489409e+01,1.591047090135053210e+01
1.218848262491890466e+01,6.731327407417320785e+01
1.004991063359720371e+01,9.900921111813875086e+01
1.713634310738668987e+01,3.405365264261624247e+01
1.061837329440271382e+01,8.869191288610069535e+01
1.621158765597148133e+01,3.804949545169807834e+01
4.167612953964803779e+01,5.757384595884361467e+00
1.596487024991232495e+01,3.923459856705540716e+01
1.072741036971321549e+01,8.689808599513177967e+01
1.117473911102445605e+01,8.008021205646377894e+01
1.047380144730778184e+01,9.115727341644250714e+01
3.088296197577763280e+01,1.048484722102802991e+01
1.414868067739859647e+01,4.995375159016535349e+01
1.910780400050634142e+01,2.738914305331489629e+01
1.942833091916343946e+01,2.649287044781375045e+01
2.232820758662138516e+01,2.005821479508013283e+01
1.346599354810043003e+01,5.514716559893951597e+01
2.210661872441768949e+01,2.046234289612593216e+01
1.528476590104472521e+01,4.280380894740978448e+01
1.011945303589236644e+01,9.765307461036560710e+01
2.168200149480852446e+01,2.127165398549611908e+01
1.227483713498421203e+01,6.636949649816173746e+01
2.405356013039529728e+01,1.728388112060831006e+01
2.784831866935435585e+01,1.289442677091543210e+01
1.853628058922457811e+01,2.910414264233670423e+01
3.168340498253513715e+01,9.961765237927943772e+00
1.067742204846992315e+01,8.771364948570105469e+01
1.000876453509929931e+01,9.982493948022886343e+01
1.300046037170377033e+01,5.916740694355879526e+01
1.057354764207815379e+01,8.944551049565924927e+01
1.171731856436245778e+01,7.283557030059930071e+01
1.170193062131013839e+01,7.302725260651041594e+01
1.436255729825970562e+01,4.847707989569776288e+01
2.693412030137942281e+01,1.378460763506538456e+01
1.338625780542577992e+01,5.580609452632950962e+01
1.284163095683827116e+01,6.064006107241342391e+01
1.152018126362145090e+01,7.534967352701835352e+01
1.426724675750401516e+01,4.912693332565832094e+01
2.354951527318566207e+01,1.803167434388015167e+01
1.177809162222437145e+01,7.208586982111275177e+01
2.425620909693105531e+01,1.699629046473499727e+01
1.634307934640332860e+01,3.743968805231343566e+01
1.014644880661698068e+01,9.713413185853835330e+01
1.298000756780311882e+01,5.935401589322324867e+01
1.006737897036579810e+01,9.866591903369922534e+01
4.939421427669512354e+01,4.098716095033345219e+00
1.532937675011041456e+01,4.255504008993229093e+01
1.838721479469212383e+01,2.957795209162097549e+01
1.914873566370026126e+01,2.727217606350107815e+01
1.244023188259145130e+01,6.461644322865086565e+01
1.278864749763029884e+01,6.114356635373887627e+01
1.551386918680575810e+01,4.154892098121941757e+01
1.258237550799008631e+01,6.316474042872300743e+01
2.001531479760406285e+01,2.496175693795035500e+01
1.029495186593075928e+01,9.435205403926505596e+01
1.461211393795677971e+01,4.683536402122731346e+01
3.268626212226613603e+01,9.359862777786219112e+00
1.507848568703477632e+01,4.398296914770420329e+01
1.860388694482707095e+01,2.889299861021925153e+01
1.556253542022016134e+01,4.128946866872470167e+01
1.150911983367105584e+01,7.549458046596249972e+01
1.818008241326791818e+01,3.025577659705177425e+01
1.451287783366467465e+01,4.747805520035965543e+01
2.054374114145738517e+01,2.369413898918827499e+01
1.184977333482881612e+01,7.121638318807509904e+01
1.218542552345606289e+01,6.734705366142077310e+01
2.713373513727584552e+01,1.358253513896368503e+01
1.113946380887068521e+01,8.058819456848408436e+01
2.790334025525083561e+01,1.284362480148835672e+01
2.310346189619929191e+01,1.873466269547046537e+01
1.206086615728059108e+01,6.874529880538430859e+01
1.143472508068046345e+01,7.648011722062892659e+01
1.295165081487378878e+01,5.961420352338735285e+01
2.766044210490562705e+01,1.307018592244639166e+01
1.669451646410922407e+01,3.587998976222455383e+01
2.312941393713888871e+01,1.869264434031139643e+01
1.724556377815847696e+01,3.362367714487338333e+01
1.182429941223464276e+01,7.152356668480283020e+01
1.366480226970194423e+01,5.355417043301162039e+01
1.613643071802916040e+01,3.840475904630127957e+01
1.109732889308135029e+01,8.120131923584511924e+01
2.141856316795461979e+01,2.179813475471696549e+01
1.866980969412255575e+01,2.868931756639041808e+01
1.294408839491128482e+01,5.968388156083432250e+01
1.173884570300742425e+01,7.256867800391546552e+01
6.528567776000753042e+01,2.346195329092723991e+00
1.123090130244311524e+01,7.928130289711478440e+01
1.964105813669143430e+01,2.592210334597627863e+01
1.052451417749036011e+01,9.028090107448153390e+01
3.430088518068640013e+01,8.499421057244390454e+00
1.464509482572366750e+01,4.662465421087151896e+01
1.513567590163154897e+01,4.365121743150960043e+01
2.172919462499732290e+01,2.117935550818686252e+01
1.880902748878294162e+01,2.826619285153967098e+01
1.129013668837703932e+01,7.845156294033036204e+01
2.029392188757724114e+01,2.428108175069744590e+01
1.684326983152613977e+01,3.524903140501267984e+01
2.274581161700152165e+01,1.932845426790024135e+01
1.290518923460401801e+01,6.004422526875859489e+01
1.156392199238834273e+01,7.478072878122273437e+01
2.784718089085711767e+01,1.289548047191914648e+01
3.564345001684939263e+01,7.871192474604298717e+00
1.392605379836485469e+01,5.156367504725998430e+01
1.020241646744077890e+01,9.607135247775794085e+01
3.073411994775366907e+01,1.058664709694531147e+01
1.616824079891445010e+01,3.825378940952696638e+01
1.581036532746314549e+01,4.000517638373122509e+01
1.177967557667606080e+01,7.206648506692221190e+01
2.065277906721378542e+01,2.344460940201362931e+01
1.677652104545832046e+01,3.553008021785839787e+01
1.408411545829364009e+01,5.041280316103491543e+01
3.253515396282663374e+01,9.447007660336174339e+00
1.138984468088931834e+01,7.708402727222038209e+01
1.337244560196512033e+01,5.592143666068108132e+01
1.313253430839919034e+01,5.798329775479155757e+01
1.369345189676973717e+01,5.333031132526518547e+01
2.045654774576452439e+01,2.389655588110061046e+01
1.496758664838940334e+01,4.463714795657136847e+01
1.158499439354165261e+01,7.450893298900484751e+01
1.285839942103458355e+01,6.048200443789666281e+01
1.333485102945533463e+01,5.623719662507073025e+01
1.980926347624235007e+01,2.548375042284188652e+01
1.654398123035987922e+01,3.653591116281703677e+01
1.558910850587182217e+01,4.114882516021039294e+01
3.518907149315229788e+01,8.075778241071496666e+00
2.796388293613754783e+01,1.278807130564815431e+01
2.572284398718644027e+01,1.511339498366275791e+01
2.329685149581468551e+01,1.842491688296602703e+01
2.919818795764938102e+01,1.172973498831461114e+01
1.114987979485072778e+01,8.043769726400535092e+01
1.248793970840199563e+01,6.412367634590303567e+01
1.317997223043455612e+01,5.756665695183085774e+01
1.408562043434854338e+01,5.040203103937955831e+01
1.783099011532685196e+01,3.145205898670683453e+01
2.613257385414031120e+01,1.464318762604331248e+01
2.157029093412091925e+01,2.149255240906475350e+01
1.862572419000236579e+01,2.882528863862991031e+01
1.018885105300461547e+01,9.632734116100067467e+01
1.462715333903950565e+01,4.673910281521254007e+01
1.868197000303779731e+01,2.865198130880531124e+01
2.807019583056520062e+01,1.269138781032350671e+01
1.485609232480984865e+01,4.530966180466101889e+01
1.280492569833453764e+01,6.098820823163511307e+01
1.995685671909611258e+01,2.510820821053267693e+01
1.105980558178382722e+01,8.175324777296850698e+01
1.117863174488832811e+01,8.002445055037637189e+01
2.156632501763536425e+01,2.150045783617775896e+01
1.011273437317831281e+01,9.778287452305723093e+01
1.053203807876465170e+01,9.015195699845911292e+01
1.144418626568254638e+01,7.635371357505624701e+01
2.373245330504858686e+01,1.775475688499476590e+01
2.343128507686083140e+01,1.821410283297823440e+01
2.840210843328425483e+01,1.239649294926807954e+01
1.141242454736241108e+01,7.677930233488298484e+01
1.365349715877029446e+01,5.364289297513106192e+01
1.195077281151952775e+01,7.001772880065962568e+01
2.090238125372995270e+01,2.288803296096030593e+01
2.404583078107633298e+01,1.729499445058526774e+01
1.405769389305458361e+01,5.060248390340210278e+01
1.059239728159309735e+01,8.912744926464699802e+01
2.810658888069524508e+01,1.265854289346138550e+01
1.303619782138331828e+01,5.884344839040192454e+01
1.109250095068630415e+01,8.127201936179200459e+01
1.008210025071431382e+01,9.837799723163924170e+01
1.121476954576077567e+01,7.950954950096573270e+01
1.195954661398564589e+01,6.991503320507069930e+01
1.017635122599445019e+01,9.656412830985908613e+01
2.028543766473618959e+01,2.430139673645300391e+01
1.976243850653330725e+01,2.560465549339028613e+01
1.793820130894446052e+01,3.107722363075607319e+01
2.209781745557145527e+01,2.047864590397377782e+01
1.532939164320938374e+01,4.255495740222612966e+01
1.022873427403547097e+01,9.557761893737341552e+01
1.483397477516144924e+01,4.544487651376824999e+01
1.115940463107089720e+01,8.030044461462183847e+01
1.399588874520395088e+01,5.105038678191352375e+01
1.124400503149464825e+01,7.909662219750518375e+01
3.998673427835278460e+01,6.254147601185296779e+00
1.336493867190093709e+01,5.598427514012579564e+01
1.592049815981913419e+01,3.945360518221959722e+01
1.076981510060923597e+01,8.621513358920709891e+01
1.227982802615183111e+01,6.631555834534314897e+01
1.526634941518741861e+01,4.290714356906965321e+01
1.133504334678820236e+01,7.783118261965117313e+01
1.623058036551947936e+01,3.796049799428221405e+01
1.052351126154299443e+01,9.029810986871717660e+01
1.771126303690328641e+01,3.187872431867625522e+01
1.953188026998103055e+01,2.621270821379329519e+01
1.975728120217426920e+01,2.561802456324128130e+01
1.912584143612109244e+01,2.733750642879370218e+01
1.172172271621360906e+01,7.278084819923215321e+01
1.053611453864142256e+01,9.008221027342413834e+01
1.258701126443940410e+01,6.311822224819660931e+01
2.811488360759880578e+01,1.265107470196350015e+01
1.561916950996727849e+01,4.099058567814904563e+01
2.640122263402049185e+01,1.434669683546468022e+01
3.719809079217807835e+01,7.227010734510139756e+00
2.931299341926162327e+01,1.163803500109402655e+01
1.948305570601553072e+01,2.634425099523665281e+01
1.305748988633707874e+01,5.865169989617824342e+01
1.207796635044409506e+01,6.855077504749353068e+01
1.765001964814810265e+01,3.210033861389366905e+01
1.648588698710356226e+01,3.679386099265132515e+01
1.064656435107763954e+01,8.822283979149162292e+01
1.102819540254841080e+01,8.222257903238030963e+01
1.146036090332051849e+01,7.613834127525323936e+01
2.622012748442474361e+01,1.454555852663850146e+01
1.289784363782126242e+01,6.011263767583535866e+01
2.443926034440406170e+01,1.674263788785386708e+01
1.560539831717296266e+01,4.106296298210521911e+01
1.451494229531240698e+01,4.746455054403804752e+01
2.555250302724599720e+01,1.531556783415346423e+01
1.013628691025872186e+01,9.732898856887969430e+01
4.800106953726244541e+01,4.340084363875087448e+00
1.044991878380756845e+01,9.157441852980424812e+01
2.222882739890730264e+01,2.023796743047137880e+01
1.168183336863677191e+01,7.327873874922478592e+01
1.306918840646791402e+01,5.854674601810897627e+01
1.032887738493612595e+01,9.373326741106305349e+01
1.238125376846986825e+01,6.523351041433090813e+01
1.074607252270928370e+01,8.659652517722234677e+01
1.032068483551680949e+01,9.388213722398698735e+01
1.063197801605880954e+01,8.846507705505861452e+01
1.347383030151897998e+01,5.508303401253017029e+01
1.408368033128267705e+01,5.041591830007568831e+01
3.029979268372211365e+01,1.089232737948577956e+01
1.126318338625778637e+01,7.882748841112397997e+01
3.289572382685063445e+01,9.241045448810590202e+00
1.475531488278998715e+01,4.593069702982334235e+01
1.552359890810694942e+01,4.149685409452280282e+01
1.078065791138985219e+01,8.604179643562751778e+01
2.100876491123816692e+01,2.265682015573825936e+01
1.316409868650142378e+01,5.770557079797872291e+01
1.165841903034425897e+01,7.357337494680892576e+01
1.292852052451026701e+01,5.982770472291719699e+01
1.169123989111655071e+01,7.316086916268498896e+01
1.146507207139303475e+01,7.607578138507615506e+01
2.028479673290941676e+01,2.430293244665764973e+01
1.753150833526819596e+01,3.253579589383049608e+01
1.128994803488479270e+01,7.845418479207484097e+01
1.624462260004845859e+01,3.789489846166053155e+01
1.108624075593386671e+01,8.136383088370943995e+01
1.547672205852846083e+01,4.174861124492014852e+01
1.500023021917323618e+01,4.444308021408440368e+01
1.410648483810790665e+01,5.025304557069885902e+01
2.494469654708169415e+01,1.607102400511261564e+01
1.758241960264764359e+01,3.234764881647204504e+01
1.113667993668688183e+01,8.062848939151612626e+01
1.075296958327084162e+01,8.648547307589393540e+01
1.207025101921457555e+01,6.863843867091588891e+01
1.079981551678720919e+01,8.573681107967297521e+01
1.054189648074757280e+01,8.998342211144270664e+01
1.646783296290434606e+01,3.687458094999544755e+01
2.001457456652335054e+01,2.496360337340109936e+01
2.263010665068951965e+01,1.952660758636115546e+01
1.991226408775282408e+01,2.522079156727388494e+01
1.649759519401957064e+01,3.674165492642449493e+01
2.657436729138686715e+01,1.416035474997150878e+01
1.276719069498234482e+01,6.134925731724430875e+01
4.410187202610728008e+01,5.141453953149177636e+00
1.314340177160330825e+01,5.788745181513385774e+01
1.108033149691217290e+01,8.145063842366354834e+01
3.583737543770904921e+01,7.786236790549844855e+00
1.134471877526075723e+01,7.769848141601703162e+01
1.469774552130702361e+01,4.629121210480311532e+01
1.062444220955817364e+01,8.859061628160424107e+01
1.587299763788086260e+01,3.969009119297322030e+01
1.103947809962061655e+01,8.205459674593838315e+01
1.038933990654737549e+01,9.264544879947517586e+01
1.115486319104049251e+01,8.036584279705664358e+01
1.056307097057418076e+01,8.962302628567496754e+01
1.877094503917176382e+01,2.838100196830526656e+01
2.513160887508924191e+01,1.583286160858113689e+01
2.148345193793698016e+01,2.166665513565320467e+01
1.919593723541257191e+01,2.713821991669543721e+01
1.403499641224729189e+01,5.076628553092571394e+01
3.073188794910549859e+01,1.058818492892795504e+01
1.180841990690904630e+01,7.171606026637908826e+01
1.344550924008517612e+01,5.531532762557576177e+01
2.038266423678034300e+01,2.407011134005244557e+01
2.094145070077572157e+01,2.280271044433919414e+01
1.054101132054990586e+01,8.999853509927547179e+01
1.069256887566529990e+01,8.746531954970444644e+01
1.468698898865165425e+01,4.635904292763421353e+01
1.805033311171775168e+01,3.069230871881296352e+01
1.287419058305111719e+01,6.033372398707940221e+01
1.168628378400387113e+01,7.322293679648316811e+01
2.497382564201907940e+01,1.603355586721200154e+01
2.216851072919708798e+01,2.034824524303952842e+01
1.821606547050138047e+01,3.013636331684038439e+01
3.060614761052796950e+01,1.067536328381295796e+01
1.375545493341196668e+01,5.285061961290589494e+01
2.146803573391927245e+01,2.169778397381645263e+01
1.290261701054684451e+01,6.006816810076730917e+01
1.488225123960576468e+01,4.515051788349515505e+01
1.095945417633897989e+01,8.325726682785540333e+01
1.137302276889820618e+01,7.731222688604360371e+01
3.870652100466086409e+01,6.674699586257464290e+00
1.476342178440298269e+01,4.588026787956753338e+01
2.378474379718693044e+01,1.767677543274414020e+01
1.613012970420846770e+01,3.843476949095292383e+01
1.138006110916962221e+01,7.721662432611483950e+01
3.920215834892860585e+01,6.506988554578957640e+00
2.326580083754809536e+01,1.847412967984335452e+01
1.030677993625367428e+01,9.413562128833873999e+01
1.253166886519413303e+01,6.367693905498359186e+01
1.261005216187816025e+01,6.288777564437442891e+01
1.150612588870496467e+01,7.553387362647613656e+01
1.072667282519963017e+01,8.691003628223435840e+01
1.626180102381869830e+01,3.781487893742455952e+01
1.016666145847012714e+01,9.674828509622541617e+01
1.483391935132567774e+01,4.544521610494684438e+01
1.881447985700392067e+01,2.824981234445915490e+01
1.201397188595466581e+01,6.928301479071825497e+01
1.147529486733174942e+01,7.594029714929126840e+01
1.413987702542123159e+01,5.001597452857239290e+01
2.463171688140542415e+01,1.648202739956279927e+01
1.081407048615742816e+01,8.551092572239262779e+01
1.392660890881195357e+01,5.155956450399217061e+01
1.838327965907953399e+01,2.959061639444244562e+01
1.457536383943418024e+01,4.707184170646071664e+01
1.194740416257064552e+01,7.005721828258896267e+01
1.765385005226778503e+01,3.208641032859405584e+01
3.378960261534290765e+01,8.758582628923029745e+00
3.578914271290379645e+01,7.807237823356631523e+00
1.120720499340041698e+01,7.961691920342644835e+01
2.081880028394727233e+01,2.307217844690695330e+01
1.916570662407314174e+01,2.722389919989047868e+01
1.496891825753909089e+01,4.462920662242732561e+01
2.421774576082806618e+01,1.705032135422566242e+01
1.105849128700240769e+01,8.177268157260343173e+01
1.034961355778224146e+01,9.335804140186635891e+01
1.625156518212175527e+01,3.786252837978951646e+01
1.843700154221284038e+01,2.941842487568410647e+01
1.060252639745702297e+01,8.895723492322606774e+01
2.967268344726356588e+01,1.135759434335055040e+01
2.440771234028332870e+01,1.678594699934338763e+01
1.086085119160867762e+01,8.477587351706762320e+01
1.231914219312280601e+01,6.589296709686792042e+01
1.117475809524947117e+01,8.007993996834147765e+01
1.428218182401229797e+01,4.902424167834907820e+01
1.814933792643920185e+01,3.035836834935006578e+01
1.344491688932948570e+01,5.532020185398302203e+01
1.231158377581411578e+01,6.597389891429789088e+01
2.390497774759647598e+01,1.749940621106025773e+01
1.056152400050054219e+01,8.964928277921228528e+01
1.200881239997450578e+01,6.934256131745856067e+01
1.319875601808996279e+01,5.740292176050611062e+01
1.545485964661122935e+01,4.186680978266983999e+01
1.170724230244455377e+01,7.296100139659064610e+01
1.656547279799861627e+01,3.644117137983090515e+01
1.156890369882713010e+01,7.471633971919196426e+01
1.572367126421853101e+01,4.044753776374354004e+01
1.050775031184778285e+01,9.056919573717740946e+01
1.509060886347908337e+01,4.391232930546932067e+01
1.090808372436357487e+01,8.404329570077172207e+01
2.467087157124813146e+01,1.642975226543143208e+01
1.551061012012888263e+01,4.156638321241864276e+01
2.316749001664981122e+01,1.863125161003187813e+01
1.121489036904315384e+01,7.950783632273807200e+01
1.043657832803498842e+01,9.180867639086218901e+01
1.459397854340714318e+01,4.695183747608171387e+01
1.765294047991535109e+01,3.208971693506418177e+01
3.818274374387352310e+01,6.859077886215663611e+00
1.215477944961595647e+01,6.768708857388172362e+01
1.710667951854912872e+01,3.417185552007684635e+01
1.634208777378508159e+01,3.744423157163550542e+01
1.056129923213190303e+01,8.965309869939774501e+01
1.191574909882467281e+01,7.042993700773260457e+01
1.758436115651945997e+01,3.234050596550397927e+01
1.596171234504577185e+01,3.925012464387342703e+01
1.286553531674469575e+01,6.041493010739519320e+01
1.436223139717833419e+01,4.847927995940256096e+01
3.319940767418118810e+01,9.072758049364775701e+00
1.876150161614321021e+01,2.840957977237913212e+01
1.055192373182040022e+01,8.981248500503318155e+01
1.454031854069743268e+01,4.729902170283046559e+01
1.069558700824888753e+01,8.741596373878674342e+01
1.691046910095406020e+01,3.496944096612060804e+01
1.367764777134266119e+01,5.345362578420147770e+01
4.466664373215327544e+01,5.012257319154437951e+00
1.492088581040195905e+01,4.491700459793820954e+01
1.092833334869164652e+01,8.373212868263757969e+01
1.231175736191124415e+01,6.597203856722394733e+01
1.101576249395530560e+01,8.240828432489004740e+01
2.995877461167937028e+01,1.114171149697641994e+01
1.719526996481193493e+01,3.382065410536874595e+01
1.340949381972264653e+01,5.561286012762770525e+01
1.269605486255601434e+01,6.203866148553585447e+01
1.952045288766833409e+01,2.624340732891141315e+01
1.393386403281041908e+01,5.150588612063529581e+01
1.218653268995700145e+01,6.733481703653350792e+01
1.513247209019297124e+01,4.366970285454775791e+01
1.213805309412630429e+01,6.787376404141372177e+01
1.484699101018021317e+01,4.536522914255183991e+01
3.082363983179017453e+01,1.052524362744462216e+01
1.164108488907878680e+01,7.379264674183438899e+01
3.371903130534126802e+01,8.795283058823104128e+00
1.196561456166164916e+01,6.984414120173032359e+01
1.783855143355867767e+01,3.142540114678690344e+01
1.441955506303331802e+01,4.809459594122967729e+01
3.205841286291371262e+01,9.730070000690110632e+00
1.009651886230764894e+01,9.809721505211066983e+01
1.215601930398521446e+01,6.767328177568747094e+01
1.141255941778751648e+01,7.677748763310077607e+01
1.620695419699986672e+01,3.807125475027134343e+01
3.055582234319151169e+01,1.071055676813034729e+01
1.209864228028558131e+01,6.831667606443835439e+01
1.525162870643042012e+01,4.299001057224549527e+01
1.014969031877111760e+01,9.707209820423486235e+01
1.032702231932211490e+01,9.376694545943573189e+01
1.684440728749238403e+01,3.524427102767602804e+01
4.128142854799482819e+01,5.868006208052431560e+00
1.853624808651562361e+01,2.910424470876381164e+01
1.206083738911122616e+01,6.874562675587296212e+01
1.988720490320303469e+01,2.528439132018724678e+01
1.052819978689110592e+01,9.021770282535399588e+01
1.830228031024527979e+01,2.985311094205878035e+01
1.037260682040952986e+01,9.294460112033294763e+01
2.383972017684973821e+01,1.759534120629798082e+01
1.794409541969410782e+01,3.105681106493249644e+01
1.083886782117702552e+01,8.512010677042403017e+01
1.862438846431642148e+01,2.882942343846005784e+01
1.096909077740914995e+01,8.311104419996473780e+01
1.152045711489082080e+01,7.534606515383747194e+01
1.857776450943859103e+01,2.897430937554062780e+01
1.357542340689925631e+01,5.426167957309941414e+01
2.140641418606616142e+01,2.182288437334778308e+01
1.556805236345247856e+01,4.126020986518529554e+01
1.216495788391692479e+01,6.757386822924809167e+01
1.135764031345902225e+01,7.752178753351925877e+01
1.008640542838891818e+01,9.829403384711184799e+01
3.426424204388005990e+01,8.517609814048292094e+00
1.304476189884841908e+01,5.876621057919695801e+01
4.048205212494436012e+01,6.102038740017354357e+00
1.114703397840305144e+01,8.047877368713115231e+01
1.606776144084708591e+01,3.873372365686150687e+01
2.106880215706504700e+01,2.252787926997220325e+01
1.258383143047086428e+01,6.315012522251475957e+01
1.219916551809522076e+01,6.719543229973685072e+01
2.064474645940171982e+01,2.346285694888695161e+01
1.011082940144046916e+01,9.781972435066919047e+01
1.869569909439885436e+01,2.860991588680197495e+01
1.731890856210258534e+01,3.333949071691664301e+01
1.068543921668680952e+01,8.758207767825450674e+01
1.428392802728683186e+01,4.901225603147057086e+01
1.156822398160396048e+01,7.472512023296189909e+01
1.932444782514508930e+01,2.677847330905889933e+01
1.111384895189990552e+01,8.096009703038198779e+01
3.389436277140138287e+01,8.704524524096937554e+00
1.146099735065751268e+01,7.612988534465850421e+01
1.442084721492100918e+01,4.808597748243971637e+01
1.103518471980896720e+01,8.211845794805437038e+01
2.326308367202497962e+01,1.847844554789456595e+01
1.745215226558812915e+01,3.283235335097919716e+01
1.072440177386449278e+01,8.694684916128713326e+01
4.433222698232135883e+01,5.088161689164434343e+00
1.170858801877024824e+01,7.294423094260109508e+01
2.190500088739097606e+01,2.084075507892068657e+01
1.094546407489807827e+01,8.347023577813790496e+01
1.216332389923131174e+01,6.759202479288769894e+01
1.301476089457557173e+01,5.903745296203745596e+01
1.831102727077845671e+01,2.982459680012370029e+01
3.441225122267722014e+01,8.444497869952494185e+00
4.602361969365421146e+01,4.721048427295523098e+00
1.628164903607860126e+01,3.772273928952549227e+01
1.342202061571131821e+01,5.550910140451023267e+01
1.404099006223068180e+01,5.072295377121793791e+01
1.852730929256584602e+01,2.913233509153908685e+01
1.154859513170004881e+01,7.497935283293026032e+01
1.197993590471399550e+01,6.967725148951028302e+01
1.157984417119027221e+01,7.457522453860805456e+01
1.241484492331102274e+01,6.488098012060339670e+01
1.165452000377741371e+01,7.362261121373173012e+01
1.027391928248518127e+01,9.473876113289189504e+01
1.549831446442576244e+01,4.163236311934482359e+01
2.114889446387720540e+01,2.235757312946183717e+01
4.049723092079922537e+01,6.097465378311194506e+00
2.395749923150464511e+01,1.742276320942723444e+01
1.786791076321173222e+01,3.132221384931859376e+01
1.035719915377670830e+01,9.322134092121012827e+01
1.068475823375102784e+01,8.759324195538357571e+01
1.349960305660199289e+01,5.487291133185641456e+01
1.023915899928640272e+01,9.538309842964139307e+01
1.469741440356884432e+01,4.629329791577490738e+01
1.369669467136361796e+01,5.330506177262158474e+01
3.818276215799181017e+01,6.859071270463739545e+00
1.328271931183167354e+01,5.667949986166756560e+01
1.691281555084531263e+01,3.495973845991169782e+01
1.057275036094117482e+01,8.945900100753219419e+01
1.155435357986281986e+01,7.490463517394037751e+01
1.005457170986324655e+01,9.891743545046527686e+01
2.135200730341615838e+01,2.193423950604880801e+01
9.928832680448738301e+01,1.014386862257268929e+00
1.313412334490924671e+01,5.796926834437140030e+01
1.138846095942298220e+01,7.710276014639973141e+01
1.349583496234751046e+01,5.490355710775789788e+01
1.494758282020385742e+01,4.475670057278635028e+01
1.617782089338876972e+01,3.820849697979970472e+01
3.189282859257835412e+01,9.831367318352791429e+00
1.250756898681307661e+01,6.392256391565415186e+01
1.026271284423647678e+01,9.494577535009695168e+01
1.538578518054015198e+01,4.224357562862483206e+01
1.002971453222695430e+01,9.940834775995990924e+01
1.019841967724575227e+01,9.614666851546122928e+01
1.458321363941031734e+01,4.702118002060080926e+01
1.759125648014806842e+01,3.231515762834749950e+01
1.012893071252901223e+01,9.747041144841749372e+01
1.542407144208781844e+01,4.203411844776860562e+01
1.024176073144129973e+01,9.533464391868255916e+01
1.976730677179834572e+01,2.559204528735124384e+01
1.082663210697980283e+01,8.531261240227583187e+01
1.197918669858559859e+01,6.968596731598096028e+01
2.621927686313274464e+01,1.454650233317851971e+01
1.669963224242469124e+01,3.585801012149093481e+01
1.537017173238372791e+01,4.232944361932938193e+01
3.534848331144406330e+01,8.003103459981705470e+00
1.119466910332981158e+01,7.979533050990107768e+01
1.027503276643535735e+01,9.471822896009831538e+01
1.093862877825407054e+01,8.357458561830365795e+01
1.204264444031968040e+01,6.895349312365756589e+01
1.678136566817207509e+01,3.550956877785825583e+01
1.703620929241023418e+01,3.445514376693577674e+01
1.197386133954373122e+01,6.974796658411197825e+01
1.292691146639497646e+01,5.984259957933412011e+01
1.183432236269710813e+01,7.140246577709312703e+01
3.948895852715867250e+01,6.412813949149712478e+00
1.368114937109006490e+01,5.342626708142066150e+01
1.170310752179854674e+01,7.301256565475641480e+01
1.560326621571586259e+01,4.107418580989520507e+01
1.914950305049389812e+01,2.726999032652870625e+01
1.528722244259397378e+01,4.279005355303556257e+01
1.292773477745211252e+01,5.983497759359518398e+01
1.960671725226291784e+01,2.601298725269165146e+01
1.555166891918037742e+01,4.134718965134963042e+01
1.681733995443346430e+01,3.535781289886602252e+01
2.892667942640688850e+01,1.195096115303259943e+01
1.227950596514395265e+01,6.631903697643767259e+01
4.708833538876414337e+01,4.509966582555558823e+00
3.743896646911080950e+01,7.134315276733284250e+00
1.189732626572237884e+01,7.064822530887384744e+01
1.882744217047420321e+01,2.821092688513869362e+01
2.311788575629519116e+01,1.871129188588255943e+01
1.021489792868750257e+01,9.583671904693018462e+01
1.348379079263137115e+01,5.500168427439245278e+01
1.055052051372118171e+01,8.983637669551171712e+01
1.082347148493250799e+01,8.536244489709389427e+01
1.279441254195900690e+01,6.108847731331488262e+01
3.736510259059961925e+01,7.162549592685286015e+00
3.644178608100152417e+01,7.530099089338765594e+00
1.260913535933555885e+01,6.289692104047345111e+01
1.210424412868885291e+01,6.825345673378178901e+01
1.781552615667817818e+01,3.150668374743012023e+01
1.308325457453872964e+01,5.842092324736616860e+01
3.402351305758639910e+01,8.638566716362664266e+00
1.166823879559928656e+01,7.344959118237851214e+01
1.932070163422453035e+01,2.678885874960801061e+01
1.551223224033746462e+01,4.155769044095963238e+01
1.576169333498852865e+01,4.025262923876491072e+01
1.667929361955874867e+01,3.594551349119403483e+01
1.274817139008266587e+01,6.153245074918078217e+01
1.302589699771606213e+01,5.893655148354361728e+01
1.948943315623634120e+01,2.632701276573095228e+01
1.353540405498277188e+01,5.458301869851602817e+01
1.181918986433470309e+01,7.158542068470723052e+01
1.953834536160563573e+01,2.619536390756629274e+01
1.797659090901008483e+01,3.094463249576408970e+01
6.740678986230156511e+01,2.200861482552264992e+00
1.220467412312620503e+01,6.713478839265543741e+01
2.640638404858558985e+01,1.434108894814422719e+01
1.862065157700488882e+01,2.884099587096433481e+01
1.795660899811361233e+01,3.101354048682560460e+01
1.994143383748576426e+01,2.514706105066607833e+01
1.956585390926036183e+01,2.612175711691474689e+01
1.078254315884886161e+01,8.601171152985033075e+01
1.569106886124531286e+01,4.061579359130529809e+01
1.064929345188194532e+01,8.817762774562021377e+01
1.049798004406533813e+01,9.073785619648961642e+01
1.387912640947535614e+01,5.191295342759289611e+01
1.084326747944504987e+01,8.505104577831397705e+01
3.651622868719834969e+01,7.499428407427036092e+00
1.284405608907399099e+01,6.061716389999615728e+01
1.370028808735983539e+01,5.327710292384499269e+01
2.083753690861599495e+01,2.303070517728845701e+01
1.103820678397710076e+01,8.207349896471954764e+01
1.148937245696722442e+01,7.575431633920891272e+01
1.048769102324968827e+01,9.091598151468159017e+01
1.317192888559741526e+01,5.763698375810686514e+01
5.399089996933842173e+01,3.430511397077658842e+00
1.980656991403835221e+01,2.549068213637795921e+01
2.058779505352024231e+01,2.359284570095925915e+01
1.102466657370414183e+01,8.227522386164854140e+01
3.411761424168533097e+01,8.590979666123313763e+00
1.003873021636340646e+01,9.922987263510515277e+01
3.936511285128619875e+01,6.453227834755467462e+00
3.086093668510914867e+01,1.049981852390405379e+01
1.224673554674954268e+01,6.667443132556857677e+01
1.116983171436868183e+01,8.015059300807322984e+01
1.605348058533115818e+01,3.880266780191530529e+01
2.282427353806581038e+01,1.919579366263542752e+01
1.496156280455748977e+01,4.467309892529889481e+01
1.539489908930115369e+01,4.219357333514223996e+01
1.194397830646498804e+01,7.009741265718328407e+01
1.617764788917177654e+01,3.820931418963055393e+01
2.751813747623867457e+01,1.320571523529978641e+01
1.504307972473779742e+01,4.419025276092398968e+01
1.570652151012617459e+01,4.053591430568918241e+01
1.006993238452252371e+01,9.861588830787357551e+01
1.110323112209634644e+01,8.111501257557569033e+01
1.153057992244531782e+01,7.521382914735789882e+01
2.081922309765885970e+01,2.307124131930145694e+01
5.441183361250413952e+01,3.377639363352321400e+00
1.659346693711654197e+01,3.631831836687888426e+01
1.729369009365132825e+01,3.343679602492295544e+01
1.159587439648882423e+01,7.436918033610895407e+01
1.070479446724389128e+01,8.726565113709207822e+01
5.575903627027816611e+01,3.216395769606005928e+00
1.131250820683629854e+01,7.814157948832875888e+01
2.514224424771986222e+01,1.581946958466046027e+01
1.193417155780053029e+01,7.021266324612784615e+01
1.472768459062914204e+01,4.610319787552995763e+01
1.143252618996172920e+01,7.650953986788479710e+01
1.787748304393233667e+01,3.128868063279254130e+01
6.309424641158262403e+01,2.512004915296107921e+00
1.154385631613494390e+01,7.504092432924068135e+01
1.553859702381869567e+01,4.141678582900385663e+01
1.808195870309246800e+01,3.058504007840302563e+01
1.265454450484445914e+01,6.244633649676573128e+01
1.220398477422989814e+01,6.714237289889570093e+01
1.237861728726821653e+01,6.526130111750876495e+01
3.212132845146403071e+01,9.691991030556222242e+00
1.559302642199244637e+01,4.112814958547062361e+01
1.124998380350782945e+01,7.901257318578599609e+01
1.250277553070086611e+01,6.397158802896904461e+01
4.073944517055382164e+01,6.025176587895391123e+00
1.188100664819163477e+01,7.084244182459711681e+01
1.446287833738402995e+01,4.780689461217298231e+01
3.326192213195223246e+01,9.038686322965473252e+00
1.211395205829763810e+01,6.814410608556089244e+01
1.394487147712755792e+01,5.142460542716789007e+01
1.197375022136559508e+01,6.974926113307017772e+01
1.449932774338928532e+01,4.756683621872073786e+01
3.703950505311959063e+01,7.289028537892175308e+00
1.878917594877389163e+01,2.832595320366879577e+01
1.227095746115165298e+01,6.641147084367095488e+01
6.857362904850208452e+01,2.126599622521178290e+00
1.444706485141679764e+01,4.791160894869714326e+01
1.508663160545053650e+01,4.393548539362078031e+01
1.011671451379741704e+01,9.770594974035462599e+01
1.257537007176814292e+01,6.323513514635258304e+01
1.290384386037873732e+01,6.005674652446376882e+01
2.078921800219785609e+01,2.313788686258994431e+01
4.860404028024294121e+01,4.233068104686335431e+00
1.321106702204779992e+01,5.729598742656695265e+01
1.144795806681129235e+01,7.630340878207370281e+01
2.339444764958469136e+01,1.827150867162152181e+01
1.582773356078192961e+01,3.991742686330551493e+01
2.032063383543387047e+01,2.421728760940794700e+01
1.497928537274637328e+01,4.456745253912819038e+01
1.855225159579758909e+01,2.905405466502883982e+01
1.165536812988792370e+01,7.361189701125144325e+01
2.785122524846123682e+01,1.289173556322463021e+01
1.306092486994935342e+01,5.862085351473224648e+01
1.158889424136766166e+01,7.445879453697054373e+01
1.084017426818501839e+01,8.509959082577098854e+01
1.625410929745891053e+01,3.785067671830459801e+01
1.501080243327492525e+01,4.438049910984656776e+01
1.680458497638433712e+01,3.541150768299999640e+01
1.091660779516384494e+01,8.391209902784004271e+01
1.367924983211595880e+01,5.344110595403030572e+01
1.108044754696809342e+01,8.144893230094521641e+01
1.397416220620718441e+01,5.120925290000785424e+01
1.281593709312222806e+01,6.088345167260121116e+01
1.307474420336065180e+01,5.849700053690969526e+01
1.328730468964767120e+01,5.664038702684698734e+01
1.529120357245146522e+01,4.276777530881966527e+01
1.309064068985545326e+01,5.835501632151686380e+01
1.617918298598026539e+01,3.820206385891903267e+01
1.552409493265277440e+01,4.149420232906346939e+01
1.670683819293261863e+01,3.582708442280589622e+01
1.142506215764929323e+01,7.660954041244045243e+01
1.062790923029045409e+01,8.853282591128682100e+01
1.253969981153927549e+01,6.359540244211763138e+01
1.013907653937835107e+01,9.727543843968339843e+01
1.457024281486421913e+01,4.710493633956441073e+01
1.652337121571322243e+01,3.662711231974412840e+01
8.872385046833099409e+01,1.270337848224866839e+00
1.205691734381849933e+01,6.879033632327474379e+01
1.242461804674876547e+01,6.477895035363007992e+01
1.679578749443935592e+01,3.544861385482317928e+01
1.514285757813329525e+01,4.360982305359938493e+01
2.131745370409522877e+01,2.200540383758298546e+01
1.705552037483313299e+01,3.437716438820542919e+01
1.586263109555343576e+01,3.974198465917997680e+01
1.028534341045624956e+01,9.452842169785910187e+01
1.004941078976299451e+01,9.901906052632863009e+01
1.724753986518664561e+01,3.361597291499603557e+01
2.311803293184821229e+01,1.871105364450853870e+01
1.241148457154561946e+01,6.491611732424379966e+01
1.646421516736958424e+01,3.689078814237207382e+01
1.532099262852277022e+01,4.260162770488390294e+01
1.538006494625918030e+01,4.227500437575937298e+01
1.664582252006540841e+01,3.609021592066703477e+01
1.253390299665708341e+01,6.365424062272436601e+01
1.053753585536992965e+01,9.005791109772097514e+01
1.129219988504967453e+01,7.842289780537605282e+01
1.231869032108001250e+01,6.589780133410836527e+01
1.047037097085852686e+01,9.121701611488019523e+01
1.572000816449449800e+01,4.046639025103153386e+01
1.459077379310559941e+01,4.697246495507746999e+01
1.562112679150892092e+01,4.098031432045505795e+01
1.465005235174937859e+01,4.659310431300573185e+01
1.476454931034166052e+01,4.587326066035080174e+01
1.885540058246359507e+01,2.812732771105183360e+01
1.505907448116240133e+01,4.409643066509732279e+01
1.192021079570372599e+01,7.037722347328846695e+01
1.341970900699734237e+01,5.552822646510686155e+01
1.416194349647429185e+01,4.986023090391151413e+01
1.060059037896274248e+01,8.898973095838056224e+01
2.108179790116140495e+01,2.250011348658585320e+01
1.004662540500694412e+01,9.907397337590390407e+01
1.510603585075340938e+01,4.382268447236889841e+01
5.057106829102772139e+01,3.910170942094801649e+00
1.720465782119145715e+01,3.378375516525839828e+01
1.481659280880920271e+01,4.555156563852896312e+01
1.717979361748800571e+01,3.388161594947383293e+01
1.584519075194052462e+01,3.982951851401019638e+01
1.032674507756778226e+01,9.377198024265554466e+01
1.989093106758741669e+01,2.527491916691585772e+01
3.274784843381830512e+01,9.324691160691351399e+00
1.320317743548023159e+01,5.736448256180362648e+01
1.195139415226571877e+01,7.001044868983429126e+01
2.254334219939061157e+01,1.967720422037967865e+01
1.405335942653737291e+01,5.063370328520738894e+01
1.189085798255714899e+01,7.072510740048890909e+01
1.066994424718950008e+01,8.783663702224012582e+01
1.251852854031498019e+01,6.381068877037454001e+01
2.468540093368611110e+01,1.641041747116667082e+01
2.047939486372895246e+01,2.384326691528003295e+01
5.078714995545021083e+01,3.876968888675378366e+00
1.084093707227763126e+01,8.508761547125389768e+01
1.518083232175585806e+01,4.339191661884304807e+01
2.160314973443351860e+01,2.142722097268834602e+01
1.257830267462377805e+01,6.320565232584298343e+01
2.103140677603508735e+01,2.260806293023392044e+01
1.167757458090575362e+01,7.333219771000158005e+01
1.583689588148804184e+01,3.987125235128061007e+01
1.946796407977811327e+01,2.638511111698191769e+01
1.492451899172208130e+01,4.489513833093079853e+01
1.052555937408862974e+01,9.026297203104320488e+01
1.012972069605296177e+01,9.745520924907984295e+01
1.576538860125932651e+01,4.023376173670142464e+01
1.630677905615486267e+01,3.760656150333607428e+01
2.046143137860172345e+01,2.388515021979468500e+01
1.150491847543342416e+01,7.554972865183820829e+01
1.535101504297667852e+01,4.243515623340071841e+01
1.345707164532874067e+01,5.522031386833264577e+01
1.559966185440538133e+01,4.109316869694681174e+01
1.833971918305985227e+01,2.973135051543228258e+01
1.042807149406103484e+01,9.195852571319643687e+01
1.281921973915212476e+01,6.085227454390851420e+01
1.200596726054022234e+01,6.937543041128758148e+01
1.516734864964372420e+01,4.346910116265459578e+01
2.361448121555437041e+01,1.793259672102417568e+01
1.665505354063287413e+01,3.605022118861747060e+01
1.717048405654531607e+01,3.391836604645602904e+01
1.482325339332555991e+01,4.551063914542606881e+01
1.536458307125963429e+01,4.236024275504571790e+01
1.815360926514246387e+01,3.034408406937458480e+01
1.732651365595401316e+01,3.331022986089062954e+01
1.501374795400559847e+01,4.436308695435521798e+01
1.620173806607449407e+01,3.809577268970603114e+01
4.964603168854402071e+01,4.057242066406702818e+00
2.549767993739206062e+01,1.538149927768379754e+01
1.218229989114683498e+01,6.738161677892264834e+01
1.301102941892054154e+01,5.907132090610109998e+01
8.745417260561245598e+01,1.307491666013089970e+00
1.706731868216980530e+01,3.432965227815561349e+01
1.039422026150425182e+01,9.255847036000129435e+01
1.076018354682346434e+01,8.636954681760501273e+01
1.238937141187793323e+01,6.514805508695401670e+01
1.116993532958263025e+01,8.014910601963886450e+01
1.173851317704723130e+01,7.257278948051519762e+01
1.277186954257171614e+01,6.130431616811583950e+01
1.899670960360143468e+01,2.771042790883835139e+01
1.094122249957498205e+01,8.353496600705639707e+01
1.367810888154423310e+01,5.345002183618318981e+01
1.139568835549453141e+01,7.700499062908474457e+01
2.180253227307118991e+01,2.103711223470891767e+01
1.143478944721256596e+01,7.647925620852410589e+01
1.553195761718574985e+01,4.145220205436912408e+01
1.652938074965000936e+01,3.660048435767571107e+01
1.071688675404560875e+01,8.706883167441138482e+01
1.517068679069272186e+01,4.344997348195358455e+01
1.283138327336965112e+01,6.073695916738959255e+01
1.081141147767799282e+01,8.555299279897920428e+01
1.642504435860587364e+01,3.706695388779559863e+01
1.087943203751932408e+01,8.448654548987134660e+01
1.431978183118622638e+01,4.876712996634536523e+01
1.410359110745689648e+01,5.027366921122434462e+01
2.356805972129870597e+01,1.800330918379509271e+01
1.747829018082846275e+01,3.273422846743646630e+01
1.259216527088956639e+01,6.306656391269675055e+01
1.355275957893616123e+01,5.444331130964894072e+01
1.083093265698181362e+01,8.524487708754024595e+01
2.699974061308400763e+01,1.371768469303856541e+01
1.037734153264506887e+01,9.285980762140806632e+01
1.044621992927813992e+01,9.163928035026084729e+01
1.863599662247869659e+01,2.879351955987048584e+01
1.779085417944059344e+01,3.159412993413393167e+01
1.263601392153501202e+01,6.262962460245213947e+01
1.257207023469330665e+01,6.326833461535144210e+01
3.493938279254467716e+01,8.191615182807183260e+00
1.173506130982529960e+01,7.261549031872714011e+01
1.093702288024722691e+01,8.359913016122391127e+01
1.707717358091221271e+01,3.429004178547712200e+01
9.130896286562105502e+01,1.199425230689991961e+00
1.334435731026691307e+01,5.615710042430550430e+01
1.500128320994295628e+01,4.443684121304319490e+01
1.732888210526805040e+01,3.330112503818608616e+01
1.233056558190047447e+01,6.577093339050837528e+01
1.544877839081958015e+01,4.189977716480643721e+01
1.489463602434192602e+01,4.507546442573776346e+01
1.525455329944846383e+01,4.297352811877406253e+01
2.652216760900573433e+01,1.421614908979708858e+01
1.265454893780943202e+01,6.244629274611523329e+01
1.103670903749037180e+01,8.209577619159104245e+01
1.317256796447638934e+01,5.763139127446424936e+01
2.460235421617733209e+01,1.652139314863277875e+01
1.486742111090330987e+01,4.524063733870114135e+01
1.369889162544196815e+01,5.328796558916028658e+01
1.575194608100882299e+01,4.030246104897953785e+01
1.759094832839200606e+01,3.231628980833060183e+01
1.560206629918739374e+01,4.108050388196572555e+01
1.510299926721914510e+01,4.384030807378488248e+01
1.387293420351654660e+01,5.195930662670203759e+01
1.048002010303332732e+01,9.104912333509636824e+01
1.986690364402252840e+01,2.533609210400024381e+01
1.964857128793817864e+01,2.590228313156654494e+01
2.474783955457475670e+01,1.632771520147212740e+01
1.072433683347959921e+01,8.694790216419688988e+01
1.238803461262567396e+01,6.516211616653710337e+01
1.090232275723210087e+01,8.413213889443211713e+01
2.092127762228472321e+01,2.284670609803989194e+01
1.384877757222547778e+01,5.214073152209017081e+01
2.350135862648879481e+01,1.810564748284808090e+01
1.146969952167806817e+01,7.601440821990367169e+01
1.256163106378999039e+01,6.337353487020511267e+01
1.105406237521547652e+01,8.183822065373722410e+01
1.709921225346654694e+01,3.420170789180909310e+01
1.262368894462219693e+01,6.275197956576649005e+01
1.461315464665849362e+01,4.682869328702531675e+01
1.619307823168296778e+01,3.813652977018112722e+01
1.494592085818682570e+01,4.476665487038388846e+01
1.335061969297280449e+01,5.610442949488470532e+01
1.533199894339376712e+01,4.254048517136750718e+01
1.283266437195856113e+01,6.072483290171327752e+01
1.033437656316030484e+01,9.363353835698239891e+01
1.235044856888214504e+01,6.555933460463752738e+01
1.293849469889367754e+01,5.973549894999269583e+01
3.642846214030151231e+01,7.535608459546055293e+00
1.180313382962075508e+01,7.178031125815320479e+01
1.329151950763619539e+01,5.660447073137495977e+01
1.602862190141581777e+01,3.892311873560107216e+01
2.433156771030982668e+01,1.689117323976726226e+01
1.258115539105135916e+01,6.317699242058961318e+01
1.518550499831954603e+01,4.336521678934845880e+01
1.081797588665344101e+01,8.544919622054470665e+01
1.833584906950133941e+01,2.974390252166305615e+01
2.106315740730240549e+01,2.253995545382047183e+01
1.606557085491759906e+01,3.874428728208757633e+01
1.653848495759639192e+01,3.656019932487960489e+01
1.542423785088870680e+01,4.203321145844674334e+01
1.315305504983253648e+01,5.780251358323385347e+01
1.467764566865994880e+01,4.641808308247214399e+01
1.501656555569920748e+01,4.434644056718361327e+01
1.044026776804447110e+01,9.174380013259418831e+01
1.501669103894131041e+01,4.434569943028820660e+01
1.442254024058014217e+01,4.807468876158189630e+01
1.495850823894169146e+01,4.469134551007506673e+01
1.525753114611328343e+01,4.295675527548754502e+01
1.688102062796463088e+01,3.509155382722294547e+01
1.153337836551504303e+01,7.517733401526912473e+01
1.305114133291189660e+01,5.870877444681715929e+01
1.041880516599592532e+01,9.212217150260228493e+01
1.236997487256064510e+01,6.535252397964866589e+01
1.007859444679680827e+01,9.844645002135982281e+01
5.304557785589133800e+01,3.553870761694144953e+00
1.889671773708490932e+01,2.800446291840228596e+01
1.872041575965518589e+01,2.853441810923536082e+01
1.072398582678219014e+01,8.695359403957638733e+01
1.353081321679833948e+01,5.462006367313900057e+01
2.818851603759397051e+01,1.258506819582243175e+01
1.618820918285009824e+01,3.815947443924839177e+01
1.098494478850626344e+01,8.287131744692477753e+01
1.768276479832628922e+01,3.198156112939031814e+01
2.136635982326166783e+01,2.190478143499602837e+01
1.867678215714288825e+01,2.866790082925595229e+01
1.538888677059232180e+01,4.222654917930543661e+01
1.400302582676856744e+01,5.099836118009421426e+01
1.601502015442833127e+01,3.898926254688230841e+01
1.592902390177990846e+01,3.941138272832007061e+01
1.402077937695041321e+01,5.086929150202461614e+01
1.404799806679564078e+01,5.067235894260618068e+01
1.445525447234482641e+01,4.785733570635670020e+01
1.353567583477901692e+01,5.458082680016511290e+01
1.795097594764591520e+01,3.103300775701547565e+01
1.110329536732750633e+01,8.111407389251188249e+01
1.036633174559200299e+01,9.305715990496450729e+01
1.317534786491993160e+01,5.760707424992747150e+01
1.453627510804235889e+01,4.732533889987560372e+01
1.277845550125117668e+01,6.124114051308603734e+01
1.582375586941628143e+01,3.993749784544380788e+01
1.787315988461104155e+01,3.130381867343717062e+01
1.229114437110185598e+01,6.619350229506565597e+01
1.101692507513930330e+01,8.239089267249346449e+01
1.193341893580651103e+01,7.022151993024884575e+01
1.147958388936185159e+01,7.588356185914655327e+01
1.523861277727537278e+01,4.306348102650073884e+01
1.470783823472438812e+01,4.622770261696440031e+01
1.462521949680705013e+01,4.675146393248240173e+01
1.316049944780600534e+01,5.773713867659609633e+01
1.127829557301560115e+01,7.861638246590543133e+01
1.057823622509537209e+01,8.936623834604105809e+01
1.297277218740877558e+01,5.942024208393053186e+01
1.272634051199349337e+01,6.174373844658977362e+01
1.331745758082875497e+01,5.638419128277183034e+01
1.564489288565000713e+01,4.085590282598436573e+01
1.622503755277377380e+01,3.798643862724660636e+01
1.149764712984902282e+01,7.564531723428552823e+01
1.654877441991703790e+01,3.651474969405828830e+01
4.895264706450404901e+01,4.172992828821500133e+00
1.059283198396792081e+01,8.912013429563003797e+01
1.524544759644642689e+01,4.302487735458333162e+01
1.132706549790530559e+01,7.794085693515786772e+01
1.363014196266898104e+01,5.382688425810192712e+01
2.122050773312199468e+01,2.220692666104233126e+01
1.440417753941578383e+01,4.819733982352771307e+01
1.178122840147815964e+01,7.204748887286294234e+01
1.060343716142581449e+01,8.894195392262174948e+01
1.641596947801679107e+01,3.710794703865050082e+01
1.770014288276658831e+01,3.191879266015880745e+01
3.637979284819542158e+01,7.555784388188058642e+00
1.289475886881793443e+01,6.014140219692800571e+01
1.400965631707581593e+01,5.095009959345600237e+01
1.169920389033832464e+01,7.306129746604518971e+01
1.002357525605099475e+01,9.953015703129334213e+01
1.481065274210590488e+01,4.558811144151155759e+01
1.228099444956460040e+01,6.630296191484475798e+01
2.018031547320361341e+01,2.455523516316813115e+01
1.079931076672257539e+01,8.574482578972282454e+01
1.356405360874310695e+01,5.435268524630392051e+01
3.931758472021843431e+01,6.468838927857865961e+00
1.097818170904425195e+01,8.297345420444059982e+01
1.072296209660972188e+01,8.697019789703394110e+01
2.610150357987055969e+01,1.467806980383593896e+01
1.080172553487513198e+01,8.570649289003159765e+01
1.741307998506486499e+01,3.297986018651485551e+01
1.346126175113850287e+01,5.518594220965648134e+01
1.155962903523875518e+01,7.483628248015841677e+01
1.389174267308987076e+01,5.181870317918112079e+01
1.470130746023100343e+01,4.626878328400088236e+01
1.009704676570916604e+01,9.808695769648019791e+01
1.596260015614749150e+01,3.924575872265675969e+01
1.332607481474545175e+01,5.631129379753674868e+01
1.912551861327050773e+01,2.733842930533499072e+01
1.821369255776603069e+01,3.014421626795102327e+01
1.064116305927606554e+01,8.831242365278073692e+01
1.072335472218691521e+01,8.696382934914805674e+01
1.127922929551402653e+01,7.860336688748785150e+01
6.763274123937171112e+01,2.186180516207060887e+00
1.703822715522408160e+01,3.444698310142756270e+01
1.387393595826868875e+01,5.195180354994584349e+01
1.715087499212303612e+01,3.399596997546411359e+01
1.074625753737717027e+01,8.659354339693827285e+01
1.277334907095444372e+01,6.129011531565258508e+01
1.379917831498886649e+01,5.251623059341293498e+01
1.249528577898811221e+01,6.404830094560384168e+01
1.056333626502459211e+01,8.961852464105493254e+01
1.225147861466263244e+01,6.662281630822157297e+01
5.879639342474781927e+01,2.892668228269987374e+00
1.396238123035565337e+01,5.129570656168346687e+01
1.332470105648647518e+01,5.632290562918038290e+01
1.758982618233072515e+01,3.232041318665953611e+01
1.306450011314540482e+01,5.858877343077785582e+01
1.545682639154899718e+01,4.185615609535912540e+01
1.993959590127268200e+01,2.515169713501754956e+01
1.221232285948578955e+01,6.705071994831777715e+01
1.133866597884526151e+01,7.778145742331767565e+01
1.225612066259080812e+01,6.657235862310476193e+01
1.587512624282886975e+01,3.967944827156466658e+01
1.010415771285456366e+01,9.794894604684120054e+01
2.237602778461668862e+01,1.997257288725884905e+01
1.243959331861703355e+01,6.462307733489406303e+01
2.465136488708671081e+01,1.645576435782541580e+01
1.161996401873955698e+01,7.406114694949897626e+01
1.306305546405782181e+01,5.860173286412206295e+01
1.092930779193958379e+01,8.371719844704452385e+01
1.547070086461552663e+01,4.178111467239148169e+01
1.612452065767375586e+01,3.846151384028977560e+01
1.060576572658251493e+01,8.890290263592554254e+01
1.368704302523724259e+01,5.338026618158746572e+01
2.056685002562163334e+01,2.364092349900615275e+01
1.360680343994109265e+01,5.401169141354164083e+01
1.105622753857847940e+01,8.180617070426005455e+01
1.002070443478879191e+01,9.958719378407121781e+01
1.886174237144976829e+01,2.810841667027126078e+01
1.417221443172786266e+01,4.978798734080071853e+01
1.046450851278384242e+01,9.131924847931415457e+01
1.633090594714133559e+01,3.749552551068683215e+01
1.989646392932598928e+01,2.526086408760179225e+01
1.458360325381665135e+01,4.701866762581052228e+01
1.807785052634833534e+01,3.059894250855899855e+01
2.408273807167635638e+01,1.724202520169320252e+01
1.378134802332403552e+01,5.265220937437229765e+01
1.502055577162136579e+01,4.432288240165782867e+01
1.335728842637209368e+01,5.604842230640247180e+01
1.489305166476396458e+01,4.508505541408496242e+01
1.328287775620525935e+01,5.667814767060574610e+01
1.118420790864194103e+01,7.994467410043228028e+01
1.300778904300427108e+01,5.910075513608382636e+01
1.730215662946218558e+01,3.340408050011649266e+01
2.321254550174621301e+01,1.855899538946602334e+01
1.296859753253039749e+01,5.945850357343547898e+01
2.328420053566557968e+01,1.844494387181082118e+01
1.401547444014627075e+01,5.090780742231083877e+01
1.294778326011092950e+01,5.964982284553931180e+01
1.308327678394488380e+01,5.842072490364348880e+01
1.126778861240621055e+01,7.876306685704375354e+01
2.193142413893400544e+01,2.079056693090463526e+01
1.675659070885586388e+01,3.561464963825851271e+01
1.617098770551444176e+01,3.824079445043425096e+01
1.300407010609110614e+01,5.913456353705547741e+01
3.289897645107154744e+01,9.239218269631150449e+00
1.516350121705921694e+01,4.349116277643221196e+01
1.175195103706271738e+01,7.240691652550778201e+01
1.428245936872747457e+01,4.902233636405573947e+01
3.489925352924282009e+01,8.210464438438998869e+00
1.165988843848178469e+01,7.355483231592184268e+01
3.772871316293935706e+01,7.025156679650835123e+00
1.179669125935486029e+01,7.185873595682397763e+01
4.182314150404798880e+01,5.716980322248065960e+00
2.678712638042512140e+01,1.393630834479396619e+01
1.280602731169633124e+01,6.097771590115392826e+01
1.128477756216936889e+01,7.852609372411120603e+01
1.672738708337399061e+01,3.573911436156092947e+01
5.207818598935153886e+01,3.687128754515357265e+00
2.648528309328648334e+01,1.425577267189286346e+01
2.225758652967381579e+01,2.018570207532769700e+01
1.412788374831343319e+01,5.010092851943845460e+01
3.093995751701336872e+01,1.044625381818551979e+01
1.242824075527575012e+01,6.474119101863097114e+01
1.754188287898203669e+01,3.249732291750481750e+01
1.491629518831806500e+01,4.494465606502469512e+01
1.392199341102953092e+01,5.159375680615589488e+01
1.683605455592304523e+01,3.527925059606535996e+01
1.256410763302454114e+01,6.334855363272092177e+01
1.283380090591770895e+01,6.071407805530186153e+01
1.073098767984848401e+01,8.684015850546299475e+01
1.007051686844313210e+01,9.860444148163509226e+01
1.031987189281544559e+01,9.389692884254648675e+01
2.193987997538406987e+01,2.077454425839538743e+01
1.878714002950937711e+01,2.833209277344581167e+01
1.155989586760905574e+01,7.483282768914607175e+01
1.025377295780118558e+01,9.511140696165711006e+01
1.143726429096533437e+01,7.644616197783197720e+01
1.499692017448567150e+01,4.446270088477978533e+01
1.340855932506776327e+01,5.562061215083393506e+01
1.219706076896321889e+01,6.721862505628159568e+01
1.105040057316461066e+01,8.189246755897384844e+01
1.300154352174045158e+01,5.915754895871818064e+01
1.173832121777576099e+01,7.257516309654550923e+01
1.020417986722564230e+01,9.603815087482556123e+01
1.403926094640236322e+01,5.073544891089986208e+01
1.138384017506385071e+01,7.716536600347724573e+01
1.146690155723595517e+01,7.605150831328907657e+01
1.285968526306565352e+01,6.046990983158150357e+01
1.319067156004981278e+01,5.747330691460796714e+01
1.187156762627326145e+01,7.095513952645598010e+01
1.135678237415669578e+01,7.753350062236876283e+01
1.756284868891517092e+01,3.241978128013808913e+01
1.371902045648983126e+01,5.313170988982440690e+01
1.486352425285613776e+01,4.526436245920421442e+01
1.112174280104430224e+01,8.084521215979030728e+01
1.583091505227451457e+01,3.990138430449526652e+01
1.152623918880212273e+01,7.527049024372603014e+01
1.258599738658146450e+01,6.312839176334301783e+01
2.323671115952440047e+01,1.852041358515860026e+01
1.259130931193421965e+01,6.307513875168955764e+01
2.367431975983692993e+01,1.784205943208603173e+01
1.023716852320223936e+01,9.542019388888658682e+01
1.137536526254928937e+01,7.728038883083894461e+01
1.287419519420481606e+01,6.033368076759725085e+01
1.116174751746704175e+01,8.026673751383887634e+01
1.262906406797573133e+01,6.269857452338466430e+01
1.425480040330156228e+01,4.921275959263326172e+01
1.993453268139285584e+01,2.516447543765108108e+01
1.246996257853011869e+01,6.430869543948702471e+01
1.254469103137067343e+01,6.354480645907101177e+01
1.672117555724692650e+01,3.576567178567619720e+01
1.382681191596936188e+01,5.230652753124201126e+01
1.676430350633329169e+01,3.558188652448707501e+01
2.249232930843929168e+01,1.976656173998963695e+01
3.429161882242575388e+01,8.504015143169942448e+00
1.364235875688528132e+01,5.373052298484963529e+01
1.276773808901146090e+01,6.134399694974251815e+01
1.436987194947142932e+01,4.842774018219465404e+01
1.147205328105043520e+01,7.598321916130500142e+01
1.134965863267692043e+01,7.763086072278848349e+01
1.155517314905812221e+01,7.489401008789336345e+01
1.294007476453854188e+01,5.972091166996220579e+01
1.780431626338758022e+01,3.154637050019124089e+01
1.281864718997387875e+01,6.085771063983328588e+01
1.269348546229596408e+01,6.206377961190467119e+01
1.810705924802239863e+01,3.050030306428650206e+01
1.257624310421389957e+01,6.322635598900833287e+01
1.024939628333926045e+01,9.519265282864837729e+01
1.986662641376583238e+01,2.533679921754628594e+01
2.398552386361724231e+01,1.738207355950783395e+01
1.398137070467318388e+01,5.115646170121631542e+01
1.061296512759877686e+01,8.878232736806519654e+01
1.637194495245244852e+01,3.730778355674112134e+01
1.135764279634712537e+01,7.752175363953148235e+01
1.247616256619026665e+01,6.424479533455193803e+01
1.153943204292493618e+01,7.509847745584464462e+01
1.088345255686667024e+01,8.442413568977953275e+01
4.234568027407283353e+01,5.576757651164363061e+00
2.029231147372708577e+01,2.428493583523629695e+01
1.691534796744256752e+01,3.494927151652742481e+01
1.344864391812277482e+01,5.528954427734719701e+01
1.236081682569675877e+01,6.544939835269387629e+01
1.292211040026596258e+01,5.988707554217702267e+01
1.171110323777972440e+01,7.291290152634164201e+01
1.259039391702011912e+01,6.308431094448485510e+01
1.383259153892760196e+01,5.226282655886027584e+01
1.245164138622144101e+01,6.449808071698019774e+01
1.129056704922349041e+01,7.844558240145651951e+01
1.125745868819763906e+01,7.890768027713505717e+01
1.514009151257072006e+01,4.362575937060991293e+01
1.055790335431958660e+01,8.971078059337831689e+01
1.410695471037553972e+01,5.024969798509706465e+01
1.689320748969358021e+01,3.504094157282072075e+01
1.057839244703666459e+01,8.936359884023291045e+01
1.334745189748017680e+01,5.613106355965609140e+01
1.366626303401552534e+01,5.354272241099151586e+01
1.284584906137262372e+01,6.060024367770903098e+01
1.080671912176502936e+01,8.562730439018363882e+01
1.466441126962293495e+01,4.650190405935612148e+01
1.121388147517458833e+01,7.952214333626389475e+01
1.169364567628011464e+01,7.313076884446603287e+01
1.130955100557807569e+01,7.818244947305424830e+01
1.161184775428377591e+01,7.416471529466979007e+01
1.241737740041923210e+01,6.485451835875859672e+01
1.293030549880005786e+01,5.981118793702388814e+01
1.103280665433407570e+01,8.215386219684687319e+01
2.671681247726324315e+01,1.400976064895117901e+01
1.223444368924372405e+01,6.680847326965137256e+01
1.131704849132649571e+01,7.807889285521956424e+01
1.108427348636817023e+01,8.139271483227145154e+01
2.108624709264024233e+01,2.249061945462731060e+01
1.330249205086705899e+01,5.651112899584380500e+01
1.391198690445809660e+01,5.166800341673682340e+01
1.270316953368815049e+01,6.196918889139325159e+01
1.097468507967705698e+01,8.302633474417572756e+01
1.076950757156431848e+01,8.622005749795035001e+01
1.265707662449710114e+01,6.242135351151399902e+01
1.178670686290512926e+01,7.198052909133504329e+01
1.173963571382454596e+01,7.255891141268355682e+01
3.893139590206209988e+01,6.597813700005644932e+00
1.697204374587708031e+01,3.471616269539475752e+01
1.307459504275355222e+01,5.849833526243762094e+01
4.083968828817414476e+01,5.995634676210208625e+00
1.188021366461078365e+01,7.085189935955989426e+01
1.310056865892586941e+01,5.826660378160337928e+01
1.311808655189761375e+01,5.811108924097084838e+01
1.909876490407181748e+01,2.741507475020472739e+01
2.812382767236906034e+01,1.264302927939090537e+01
1.080154129003175001e+01,8.570941675313795827e+01
1.429000162885287395e+01,4.897060206083168765e+01
1.228304294867988489e+01,6.628084846403289987e+01
1.343835526091248767e+01,5.537423811382269179e+01
1.147307815278230159e+01,7.596964484859834954e+01
1.749623806061674713e+01,3.266710447683065155e+01
1.263950084007800356e+01,6.259507351079685833e+01
1.269061618251530810e+01,6.209184735529341026e+01
1.387189793618256317e+01,5.196706991093837047e+01
1.072449616324348476e+01,8.694531867950837523e+01
2.248371378223595940e+01,1.978171332577658248e+01
1.230119869744432926e+01,6.608534062629549055e+01
1.649183206761358278e+01,3.676733840399756303e+01
2.971726220296353205e+01,1.132354493024079289e+01
1.282285274923553331e+01,6.081779772143514151e+01
1.280683046919070023e+01,6.097006792393542440e+01
1.106813098363472747e+01,8.163030512649578441e+01
2.308718956641271802e+01,1.876108115957782019e+01
1.471562111781393689e+01,4.617881719655994033e+01
1.440580530120566749e+01,4.818644847047718827e+01
5.383834359893882748e+01,3.449980340943550772e+00
1.047845049122400951e+01,9.107640265144513592e+01
1.423939799670868922e+01,4.931928163594102443e+01
1.615728916272533766e+01,3.830566488968641181e+01
2.251518276279353614e+01,1.972645502971761289e+01
2.680579081743929848e+01,1.391690785071930314e+01
1.270534080048093273e+01,6.194801037330505267e+01
1.116002609690946912e+01,8.029150151839233729e+01
1.165730688634917200e+01,7.358741388240296999e+01
1.527452318820581034e+01,4.286123452033044856e+01
1.489585238783514676e+01,4.506810319398476850e+01
1.109727189570070394e+01,8.120215336416616481e+01
1.013520567194730759e+01,9.734975606941462445e+01
1.746257269297810311e+01,3.279318099287202415e+01
2.852276963536914778e+01,1.229183187076462680e+01
1.097599805888437885e+01,8.300647225323045575e+01
1.082626654774612085e+01,8.531837382327944397e+01
1.271989888960027493e+01,6.180629091827549360e+01
1.015953483929849632e+01,9.688406493699282862e+01
1.382411568963256521e+01,5.232693303035711097e+01
2.054887647706698672e+01,2.368229774310041336e+01
1.567018317557585583e+01,4.072413361526565723e+01
1.093253409694980682e+01,8.366779409849337412e+01
1.031106955916952295e+01,9.405731276370376293e+01
1.201218144528351495e+01,6.930366988534996153e+01
2.266354298798306743e+01,1.946903348016632407e+01
2.222038541100272369e+01,2.025334800354322340e+01
1.287510037180521749e+01,6.032519760629454453e+01
1.708155854992398304e+01,3.427243900399646037e+01
1.009786605199819043e+01,9.807104185067311164e+01
2.505583633612062400e+01,1.592876821780213525e+01
1.278590586233084636e+01,6.116979075022057799e+01
1.156723984629444857e+01,7.473783592982036339e+01
1.655120038281008732e+01,3.650404630895286573e+01
1.075377933238410399e+01,8.647244902243039633e+01
1.104882632194550673e+01,8.191580551314740433e+01
1.932076128397847015e+01,2.678869333724744450e+01
4.711668275616123225e+01,4.504541445914630238e+00
1.095904378335429818e+01,8.326350256131330241e+01
2.290655853893654736e+01,1.905813100091472378e+01
9.348978296311717884e+01,1.144120314645026282e+00
1.671082649913188334e+01,3.580998504935557492e+01
1.184839654748664728e+01,7.123293488116620154e+01
1.349041369931669898e+01,5.494769310495403403e+01
2.633631009670768108e+01,1.441750616137941599e+01
1.151616659449740965e+01,7.540221822295238496e+01
1.241665185238047542e+01,6.486209792915398964e+01
1.413539307493387298e+01,5.004771113792999415e+01
1.202388392126619721e+01,6.916883327763633815e+01
1.142567007273190605e+01,7.660138844308843886e+01
1.238179073775902417e+01,6.522785248763702270e+01
1.137592165818426793e+01,7.727282945749222165e+01
4.891870513860597924e+01,4.178785645731153409e+00
1.747002813119828701e+01,3.276519759583952407e+01
1.093556031565470121e+01,8.362149340564593558e+01
1.413293926932090372e+01,5.006509153039708337e+01
1.111113410302889193e+01,8.099966477887925009e+01
3.678151695404633870e+01,7.391638636131661499e+00
1.169490426739701228e+01,7.311502920586339371e+01
1.387066662993668054e+01,5.197629660776053839e+01
2.069673222028158577e+01,2.334513762952834171e+01
1.262917267541790878e+01,6.269749614672419824e+01
1.450633751334773436e+01,4.752087671744889263e+01
1.707696402083951170e+01,3.429088337157299549e+01
1.485404011813148983e+01,4.532218246747240897e+01
1.349637323542920342e+01,5.489917778050684660e+01
1.705512714564614285e+01,3.437874963117982219e+01
2.157034614776095438e+01,2.149244238018295050e+01
2.807219806049462818e+01,1.268957746613518189e+01
1.265716102529986209e+01,6.242052103497843518e+01
1.415475756534507568e+01,4.991086873795697443e+01
1.424411156799663836e+01,4.928664618724921809e+01
1.207309283802630162e+01,6.860612962599685716e+01
1.099428079905226063e+01,8.273063357468662105e+01
1.258975600336635026e+01,6.309070397748791947e+01
1.178791541633333395e+01,7.196577027220695300e+01
1.333812004929672312e+01,5.620963382276961084e+01
1.297921267308496418e+01,5.936128623229040358e+01
2.427507368851680170e+01,1.696988448967506713e+01
3.004313164986459483e+01,1.107923051044911666e+01
1.190984119346000192e+01,7.049982821752917062e+01
2.478001287192022062e+01,1.628534430030121172e+01
1.154006991524484604e+01,7.509017561426605880e+01
1.345127991326196515e+01,5.526787664563323688e+01
1.467100916951619283e+01,4.646008745174255239e+01
1.758419299144937398e+01,3.234112454031835426e+01
1.528740995454311857e+01,4.278900385303255405e+01
3.995488539300610142e+01,6.264122202101830794e+00
1.002975350641817798e+01,9.940757518814653793e+01
1.346522680681942141e+01,5.515344619307511920e+01
1.102228091269493326e+01,8.231084299286828809e+01
1.359869573326347769e+01,5.407611545885225013e+01
1.635715464280464104e+01,3.737528223263259974e+01
1.362548465172501899e+01,5.386368755535278297e+01
2.554995097866763487e+01,1.531862756802148340e+01
1.084546074215629297e+01,8.501664974297726474e+01
1.453691457997260095e+01,4.732117535333802749e+01
1.097782809665808301e+01,8.297879969052793570e+01
2.594578166295663380e+01,1.485478880717619887e+01
1.541532665850046158e+01,4.208182207898799021e+01
1.169915077531124759e+01,7.306196087515529314e+01
1.177940982778091517e+01,7.206973680959828243e+01
1.299394043618334393e+01,5.922679839034855576e+01
1.461130186625707417e+01,4.684057022816755023e+01
1.055023227945812714e+01,8.984128545483753214e+01
1.708610695232954413e+01,3.425419446229904707e+01
1.051380107666065022e+01,9.046497934462729518e+01
2.202490055979086137e+01,2.061446591249139004e+01
1.293598804689943549e+01,5.975865150926744462e+01
1.321022681162719614e+01,5.730327605488920995e+01
1.388708781512621115e+01,5.185344755930389482e+01
1.701738172259263493e+01,3.453142641618700992e+01
1.031732951407482446e+01,9.394321038624491393e+01
1.216161986207052337e+01,6.761096756409047259e+01
2.395057606540051509e+01,1.743283713138230340e+01
1.438458328872896530e+01,4.832873521405733896e+01
1.099121054676579767e+01,8.277685949168899526e+01
1.895460767108146172e+01,2.783366530634475566e+01
1.049958666006692987e+01,9.071008943900622512e+01
1.093356919090712331e+01,8.365195298986209593e+01
4.966247430796803997e+01,4.054555907714893159e+00
1.083595965072455947e+01,8.516580221512457172e+01
2.333242106847691844e+01,1.836878324173219212e+01
1.388578908353161445e+01,5.186314767206556553e+01
2.751204229972546855e+01,1.321156722409100226e+01
2.969533076889218037e+01,1.134027707490974635e+01
1.003958337111387245e+01,9.921300842132285425e+01
3.091381472487404025e+01,1.046392939255417254e+01
1.057757305421637994e+01,8.937744449784405276e+01
1.607016208320895245e+01,3.872215204084227480e+01
1.413877535930883944e+01,5.002376912881099003e+01
1.132439790259704537e+01,7.797758103377124428e+01
1.211144655912331913e+01,6.817230299180215525e+01
1.608739710585518523e+01,3.863922754161563233e+01
1.341220685641155974e+01,5.559036353605947056e+01
1.637488952872627479e+01,3.729436719300531422e+01
2.107471002955551498e+01,2.251525056160975780e+01
1.000313982722196116e+01,9.993723301872897480e+01
5.680038547857818543e+01,3.099541345184486207e+00
1.146035009580700681e+01,7.613848487759229045e+01
1.076026721900159622e+01,8.636820359817342307e+01
1.205158278333787791e+01,6.885124905712687848e+01
1.383028163718292980e+01,5.228028565026153274e+01
1.299984082259461537e+01,5.917304670304035596e+01
1.415156880067652700e+01,4.993336404545118512e+01
1.005885035934988636e+01,9.883330197482223411e+01
1.228279373556117449e+01,6.628353811671038898e+01
1.156276264281782673e+01,7.479572543121820161e+01
1.525617505173176447e+01,4.296439231469314279e+01
1.480738955101076115e+01,4.560820669336447963e+01
1.290482319914443821e+01,6.004763153429998113e+01
1.053997974584120279e+01,9.001615273386714478e+01
1.233395591962392679e+01,6.573478034584638863e+01
1.330628405835756922e+01,5.647892464947958757e+01
1.086325198482723486e+01,8.473840649478131581e+01
2.185156682521086680e+01,2.094280430707538798e+01
2.835264640603934794e+01,1.243978277112664443e+01
2.068921051902267294e+01,2.336211527788602638e+01
1.018627827968116506e+01,9.637600657228595935e+01
1.188503847361219812e+01,7.079438545330391719e+01
1.185314296853769989e+01,7.117589788961088004e+01
1.410248423464881817e+01,5.028156125921729114e+01
1.224763787559173345e+01,6.666460738288762400e+01
1.408953728420502216e+01,5.037401170228382341e+01
1.256201358571449056e+01,6.336967539381363679e+01
5.322228930541930225e+01,3.530310441890413209e+00
2.016310051192906982e+01,2.459718286631601458e+01
1.213450924919769491e+01,6.791341446536627302e+01
1.320554626225029615e+01,5.734390418791418398e+01
1.656482058285473613e+01,3.644404107004221771e+01
4.168392406913903159e+01,5.755231635993657058e+00
1.137319336500383926e+01,7.730990756103372519e+01
1.462134450998381041e+01,4.677624760576259888e+01
2.537900536857674894e+01,1.552568622436953127e+01
2.835768290109213297e+01,1.243536440303665103e+01
1.310617226385159739e+01,5.821679011786694247e+01
1.275130786372388059e+01,6.150218386578703189e+01
1.114436862552870089e+01,8.051727384609748128e+01
1.344380939215250237e+01,5.532931675425776774e+01
1.416100234629143095e+01,4.986685861622331828e+01
1.278080217984499178e+01,6.121865364913040963e+01
1.936214049070733623e+01,2.667431441440524154e+01
1.174604350161376942e+01,7.247976726730865948e+01
1.406536280740941791e+01,5.054731855472470414e+01
1.143706029730978990e+01,7.644888901969454764e+01
1.152248104841381249e+01,7.531959827860903545e+01
2.531001080165440342e+01,1.561044699541869818e+01
1.403768968476956758e+01,5.074680735058717573e+01
1.543324468676784633e+01,4.198416464121976333e+01
1.584442263051559507e+01,3.983338039636582550e+01
1.799159931021174685e+01,3.089302666123354157e+01
1.532564302932554234e+01,4.257577762010442513e+01
1.481009704310925557e+01,4.559153258628680305e+01
1.133000966349182548e+01,7.790035547382447589e+01
1.459059874480700891e+01,4.697359205061871990e+01
2.470707697032997530e+01,1.638163569550621546e+01
1.286210348761124145e+01,6.044717388113381418e+01
1.172260216749276118e+01,7.276992830138652835e+01
1.343182212250303387e+01,5.542811844951229006e+01
1.170879909208626302e+01,7.294160105001999739e+01
1.606177018037195126e+01,3.876262546612512949e+01
1.210048707454983585e+01,6.829584705080665685e+01
1.160805364908848603e+01,7.421320485652465493e+01
1.227636588070214430e+01,6.635296786629353960e+01
1.277092464052394405e+01,6.131338813721225733e+01
1.099622439780048033e+01,8.270139063826604797e+01
1.745175012128283143e+01,3.283386649389742473e+01
1.167762160691696138e+01,7.333160709079434980e+01
1.530800336090916680e+01,4.267395571557846523e+01
1.839547973595966113e+01,2.955137978979531255e+01
1.055038170317524049e+01,8.983874065141024801e+01
1.196806233979031475e+01,6.981557425860734156e+01
1.164171753632292727e+01,7.378462671455631039e+01
2.226874580121933889e+01,2.016547630307783834e+01
1.131104090886701563e+01,7.816185426562398675e+01
5.220217871113177210e+01,3.669633922371740020e+00
1.128581863715296230e+01,7.851160690951230947e+01
1.091635253554361285e+01,8.391602334613007486e+01
1.088899073431915809e+01,8.433828072748093518e+01
1.230359747358975753e+01,6.605957442488110587e+01
2.160145289186361239e+01,2.143058741742786566e+01
8.493610695486113116e+01,1.386166176539695982e+00
1.137701777850054086e+01,7.725794045236251861e+01
1.250525337536211445e+01,6.394623932966306512e+01
2.029427168518808955e+01,2.428024472719454607e+01
2.173553156580194212e+01,2.116700773034735761e+01
1.133394699207705614e+01,7.784624087091974332e+01
2.528753203817235118e+01,1.563821241824463293e+01
1.644510345226253634e+01,3.697658339694819318e+01
1.594592939710186030e+01,3.932786100330650925e+01
1.276904994830825757e+01,6.133139294879559600e+01
1.175286706999875186e+01,7.239562999684540046e+01
2.870355057021614442e+01,1.213748642585720461e+01
2.031031326353379640e+01,2.424190562062309340e+01
1.162044030396909200e+01,7.405507600785443856e+01
1.938479905538300940e+01,2.661199254672446912e+01
1.049967059966118121e+01,9.070863908156995592e+01
1.221353631570736376e+01,6.703739717769200013e+01
1.442334830313081184e+01,4.806930218051864045e+01
1.194334971914510390e+01,7.010479140858990377e+01
1.194184403603282973e+01,7.012247079791451654e+01
1.012936606316143617e+01,9.746203325512888682e+01
1.735974957334535063e+01,3.318280449061141013e+01
1.451650295124124668e+01,4.745434535198144488e+01
1.164055494242117028e+01,7.379936584704245206e+01
1.268387808237848624e+01,6.215783540901844617e+01
1.218239911058920377e+01,6.738051920542226014e+01
1.297955219574136443e+01,5.935818069556902543e+01
1.017533879473443292e+01,9.658334524362092566e+01
2.355852652974206052e+01,1.801788256728526960e+01
1.505760350073417086e+01,4.410504666495374693e+01
1.392577420543414668e+01,5.156574559408028335e+01
1.089939254766202659e+01,8.417738140414361681e+01
1.055595954949648885e+01,8.974382283887467793e+01
1.228136296620893297e+01,6.629898297887162073e+01
1.550657811934667585e+01,4.158800209923496993e+01
1.330647455499536136e+01,5.647730754673856524e+01
1.481754304989941318e+01,4.554572343090701736e+01
1.571864370755497298e+01,4.047341592633492269e+01
1.195496763173012411e+01,6.996860106340888308e+01
2.585627396358059826e+01,1.495781365666690021e+01
1.256478636203476640e+01,6.334170984905959756e+01
1.184799004235257058e+01,7.123782297617496795e+01
1.429589229655716487e+01,4.893025339204741186e+01
1.556344305412099871e+01,4.128465294400101726e+01
1.484177452566826894e+01,4.539712406216858653e+01
1.272722474125820469e+01,6.173515940048500994e+01
2.595793999949111353e+01,1.484087651490792048e+01
1.162315346071741828e+01,7.402050714846923540e+01
1.311997031268406744e+01,5.809440329886632526e+01
2.218227803400850107e+01,2.032299503560764009e+01
1.618650450445789701e+01,3.816751237688473708e+01
1.283461381664460532e+01,6.070638735840705635e+01
1.421548194222613404e+01,4.948537024874724466e+01
1.127850611331354003e+01,7.861344736759890850e+01
1.180569526089402288e+01,7.174916690209398951e+01
1.025212855911140153e+01,9.514192035507187484e+01
1.476982295793875721e+01,4.584050790194545755e+01
1.122854762417654406e+01,7.931454356959230267e+01
1.107927603627757129e+01,8.146615785599473725e+01
1.107086115741909538e+01,8.159004855825733671e+01
1.860284075185210639e+01,2.889624849044469101e+01
1.349501703393760010e+01,5.491021268143447287e+01
2.054298356244883195e+01,2.369588659447166279e+01
1.552681649400170194e+01,4.147965728434915889e+01
1.235820595691857982e+01,6.547705573951047597e+01
1.176084251214865262e+01,7.229747522858795605e+01
3.534355926480651533e+01,8.005333591899884027e+00
1.496721122042743524e+01,4.463938728404693990e+01
1.133272027771079848e+01,7.786309477150955161e+01
1.725389720585587128e+01,3.359120531403884513e+01
1.020912782924230200e+01,9.594508161818913550e+01
5.090933602805280600e+01,3.858381212306166486e+00
2.876586472128410321e+01,1.208495764140473483e+01
1.012455770281853695e+01,9.755462867924862280e+01
1.510781768310387818e+01,4.381234809238081596e+01
1.207529747418441524e+01,6.858108051278711059e+01
1.106548219594729332e+01,8.166939013376170919e+01
1.358754090321853347e+01,5.416494057995073774e+01
1.230769311402041666e+01,6.601561635008455653e+01
1.305867679656469349e+01,5.864103861097800774e+01
1.160025345367085414e+01,7.431304269644667215e+01
1.276595351608756523e+01,6.136114889809529416e+01
1.387715360936848441e+01,5.192771454685698984e+01
2.067412724350588960e+01,2.339621642852822347e+01
3.797729422888117057e+01,6.933491084007420646e+00
1.107099644483431788e+01,8.158805451203221537e+01
1.152264663966393243e+01,7.531743346748389456e+01
1.255263172705278052e+01,6.346443600267214435e+01
1.012685843434610611e+01,9.751030663897471129e+01
1.234417936003805671e+01,6.562594243921756743e+01
1.141304304062397001e+01,7.677098094430617437e+01
2.497928185775549537e+01,1.602655222427771875e+01
1.144367719815376994e+01,7.636050685664747562e+01
1.440511023271318258e+01,4.819109872161678965e+01
1.410724749740291806e+01,5.024761220514197646e+01
1.316933953842009508e+01,5.765965108059747024e+01
1.731442686665253561e+01,3.335675225063479132e+01
1.121440063507714058e+01,7.951478070424981581e+01
1.099540131205061400e+01,8.271377270272671467e+01
1.014113192196280622e+01,9.723601128656513026e+01
1.052073543387079901e+01,9.034576529359613062e+01
1.481988881195161234e+01,4.553130618722931899e+01
1.279982615109442889e+01,6.103681423613973323e+01
1.398917989997424094e+01,5.109936338679089829e+01
1.158635718125462333e+01,7.449140653349603269e+01
1.389957889661973489e+01,5.176029155674844162e+01
1.094170047153700942e+01,8.352766796419366813e+01
1.391786734478623622e+01,5.162435212768781412e+01
1.331537654373789792e+01,5.640181703481217568e+01
2.822657010485292872e+01,1.255115757877139515e+01
1.050513788385560510e+01,9.061424701102704660e+01
1.176655206704941570e+01,7.222732957296403811e+01
1.099854964408649671e+01,8.266642588744176123e+01
1.227869599146035462e+01,6.632778683822118637e+01
1.242667952885238591e+01,6.475745956521832625e+01
1.545372188977986383e+01,4.187297477032487336e+01
2.837715669073005742e+01,1.241830275159423991e+01
1.582202845977319683e+01,3.994621887449089570e+01
1.363258561673734981e+01,5.380758894618105614e+01
1.085518165265811952e+01,8.486445160793930143e+01
1.572279949040887637e+01,4.045202323487875162e+01
1.404348008015589322e+01,5.070496821972924550e+01
1.540833630693997947e+01,4.212001354269694531e+01
1.644410727973935238e+01,3.698106356379160786e+01
1.178290654514691838e+01,7.202696805705126337e+01
1.069998781235639562e+01,8.734407180261310089e+01
1.336881802067220804e+01,5.595178894460021723e+01
1.351569474735457099e+01,5.474232651312577502e+01
1.179335594002007248e+01,7.189938693417674642e+01
1.361360353021808400e+01,5.395774645381793988e+01
1.393852752444100318e+01,5.147142665763220037e+01
1.458176610659127270e+01,4.703051607484363217e+01
1.566936698880723888e+01,4.072837620715954188e+01
1.152165700504358981e+01,7.533037256830074568e+01
1.494488879241179724e+01,4.477283808503499785e+01
1.342708624726462929e+01,5.546722551149418479e+01
2.366016335109907942e+01,1.786341643155341785e+01
2.855088043007006604e+01,1.226763905755026762e+01
1.751684975500323205e+01,3.259027237056270110e+01
1.048523108361765743e+01,9.095864610820991913e+01
1.257590894279637972e+01,6.322971607845193631e+01
1.519167728694714015e+01,4.332998588567736675e+01
1.318533161529209607e+01,5.751986872127434935e+01
1.107424288018380487e+01,8.154022613703507716e+01
1.394120745640140946e+01,5.145163975414973123e+01
1.568790937819401776e+01,4.063215495985201642e+01
1.966611049581982584e+01,2.585610186532124288e+01
1.499233453685850570e+01,4.448990425529055415e+01
1.272356413016453125e+01,6.177068732581503951e+01
1.367531595261849553e+01,5.347185641121344446e+01
1.526431071620450908e+01,4.291860567740030774e+01
1.492261279558632481e+01,4.490660876258336032e+01
1.175625065036558503e+01,7.235396345042919108e+01
1.213110645182637981e+01,6.795151948084914295e+01
1.391737464833303406e+01,5.162800735520828255e+01
1.411470136396497210e+01,5.019455545371887695e+01
1.146935139464837228e+01,7.601902279152945141e+01
1.249453274942866088e+01,6.405602139713253962e+01
1.019218107604881496e+01,9.626440667002711393e+01
1.548815135274686483e+01,4.168701821240352245e+01
1.240221688353561191e+01,6.501317208665638248e+01
1.421222043679125413e+01,4.950808525290632645e+01
1.289694603715139465e+01,6.012100539658762699e+01
1.417934228775026817e+01,4.973794377743053730e+01
1.134153986924461499e+01,7.774204354038289466e+01
1.536526768308686464e+01,4.235646804994767223e+01
1.133813822866691545e+01,7.778869849456698660e+01
2.400120256351317494e+01,1.735937142197008853e+01
1.453352400917977860e+01,4.734325733570950234e+01
1.673181826290784002e+01,3.572018689544793801e+01
2.688176248332161222e+01,1.383835670308128307e+01
1.392879936670186680e+01,5.154334915456586685e+01
2.075168866486064090e+01,2.322165207115171626e+01
1.555370657241970456e+01,4.133635677164172506e+01
1.384144772282844471e+01,5.219596922718922372e+01
1.543927118022575051e+01,4.195139523004809945e+01
1.616853427749915184e+01,3.825240071641552930e+01
1.364740478413860991e+01,5.369079740123224553e+01
1.387721898363137463e+01,5.192722529492979078e+01
1.238456168790989942e+01,6.519866729524899540e+01
1.744631689547931686e+01,3.285432027676890954e+01
1.330704245547758546e+01,5.647248712087719724e+01
1.314070433578141461e+01,5.791121975156249846e+01
1.482653938175245223e+01,4.549046844238180398e+01
1.153510465677680408e+01,7.515483430370798601e+01
1.559289320686558433e+01,4.112885233062458212e+01
1.053825462073439745e+01,9.004562665363809515e+01
1.196423647582809302e+01,6.986023195102814043e+01
1.110954532926084504e+01,8.102283392591131417e+01
1.237830100397299837e+01,6.526463619928860282e+01
2.268286166301631468e+01,1.943588459707834915e+01
1.620643837733862114e+01,3.807367825798964134e+01
1.108885963393303342e+01,8.132540370694475484e+01
1.034905857271344942e+01,9.336805462344115369e+01
1.275718171953707625e+01,6.144556136076823094e+01
1.188912668158344310e+01,7.074570695602331227e+01
1.523609119407676893e+01,4.307773627537683581e+01
1.543511133063472762e+01,4.197401055253823188e+01
2.049800650635393140e+01,2.379998847251897587e+01
1.516076973467718325e+01,4.350683560156240759e+01
1.069859755780613852e+01,8.736677354130205231e+01
1.462217396146578174e+01,4.677094093555579235e+01
1.519177850786296702e+01,4.332940848307233495e+01
1.030661696773782054e+01,9.413859826202964598e+01
1.440764136644801852e+01,4.817416778919888287e+01
1.577635010990145936e+01,4.017787181143862796e+01
1.142144789718763320e+01,7.665803350107911740e+01
1.213180732729363420e+01,6.794366835430605533e+01
1.665430943387780971e+01,3.605344267462184860e+01
1.485899876420808674e+01,4.529193828116753906e+01
1.324404229605538141e+01,5.701102928894390232e+01
1.637718001206737028e+01,3.728393607443474167e+01
1.398103271756176369e+01,5.115893511416984296e+01
1.292437776297965968e+01,5.986606504341931867e+01
1.238107156366048045e+01,6.523543043340650627e+01
2.186951287195891425e+01,2.090844722371438280e+01
1.090581904232133326e+01,8.407820387295600995e+01
1.100250664332584272e+01,8.260697540529208993e+01
1.435066556590652986e+01,4.855745460813388803e+01
1.150437858316550788e+01,7.555681980780809681e+01
1.438565816898148242e+01,4.832151334603194925e+01
2.406437728283284372e+01,1.726834609520804165e+01
1.401882919998662658e+01,5.088344546869916485e+01
1.295330730870350244e+01,5.959895734050281391e+01
1.469424860014242817e+01,4.631324739022281989e+01
1.106052962821895669e+01,8.174254463086889189e+01
1.530727496707989310e+01,4.267801707668040478e+01
1.369784539158037262e+01,5.329610611076233795e+01
1.065410889858141807e+01,8.809793666834355008e+01
1.046366935847924573e+01,9.133389611593419488e+01
1.047997404902775820e+01,9.104992356342269488e+01
1.237901943289356232e+01,6.525706102069008807e+01
1.829812266096566731e+01,2.986667876739968719e+01
1.488546754992856691e+01,4.513100860203110898e+01
1.546407273582854280e+01,4.181693834729369996e+01
1.133591047329889179e+01,7.781927587414462266e+01
1.041678781525889264e+01,9.215785634697911632e+01
1.330083630931994598e+01,5.652519933635862515e+01
2.791744437049854355e+01,1.283065067654354685e+01
1.034347422016262286e+01,9.346889905397182474e+01
1.612398549440835183e+01,3.846406699700521159e+01
1.494307761436227189e+01,4.478369214040515800e+01
1.622149644559829795e+01,3.800302510345301954e+01
2.361808986281426215e+01,1.792711723706615246e+01
1.350214288179347477e+01,5.485226949805930730e+01
1.152656694747225608e+01,7.526620966215467945e+01
1.730008981786956923e+01,3.341206243149210309e+01
1.105732162391784534e+01,8.178998260608003079e+01
1.408896488509306977e+01,5.037810492354261527e+01
2.882719504677288214e+01,1.203359045467742838e+01
1.236996303686445131e+01,6.535264903951940596e+01
1.038559454432567541e+01,9.271228239868652565e+01
1.237315485669041060e+01,6.531893621873662426e+01
1.443994282951027053e+01,4.795888222146678004e+01
1.037767155289297349e+01,9.285390164735699159e+01
1.527023049991407078e+01,4.288533576500304889e+01
1.092340310715240470e+01,8.380773017373491030e+01
1.068031171528256706e+01,8.766619226906428253e+01
1.226913382780828421e+01,6.643121456396454505e+01
1.575399246291923383e+01,4.029199146536252130e+01
1.106783800194269674e+01,8.163462692836182555e+01
1.110287848628914453e+01,8.112016520553814303e+01
1.493926116511302915e+01,4.480657634032196057e+01
2.809576126106889760e+01,1.266830153974534134e+01
1.265888299815276774e+01,6.240354021098701764e+01
2.407311666365117730e+01,1.725581034746118547e+01
1.336105822765485129e+01,5.601679882225327844e+01
1.605291191914292881e+01,3.880541697990087613e+01
1.237232792380195256e+01,6.532766799209704800e+01
1.440180039986764271e+01,4.821325189770639241e+01
1.029308273821339448e+01,9.438632405461144970e+01
2.590340982708349671e+01,1.490342637823161631e+01
1.330000414412265641e+01,5.653227298456396710e+01
1.369242808832990832e+01,5.333828683753431932e+01
1.312634961441049519e+01,5.803795018228858282e+01
1.252695141470947782e+01,6.372490752849872564e+01
1.246800216379089754e+01,6.432892027169813787e+01
2.354982172981504718e+01,1.803120505029056631e+01
1.305542218426857559e+01,5.867027973880897918e+01
1.661117493498745645e+01,3.624092686242867956e+01
1.032412457488373292e+01,9.381958929853021800e+01
1.477533076202798235e+01,4.580633831449989657e+01
1.512507340866991257e+01,4.371243682870226621e+01
1.003260982654510691e+01,9.935097985685433741e+01
1.639837124695517900e+01,3.718763600587283946e+01
1.050347725318304448e+01,9.064290203445258953e+01
1.177402434056530822e+01,7.213568187668305143e+01
1.300034469372264923e+01,5.916845989973732856e+01
1.606816266948304772e+01,3.873178928696561485e+01
1.035297744389164265e+01,9.329738352821773617e+01
1.159720639432025280e+01,7.435209796388629400e+01
1.073131754929297443e+01,8.683481983675964955e+01
1.252383433305099381e+01,6.375663271019338652e+01
1.474192870845402226e+01,4.601414818145450880e+01
1.112570716877523935e+01,8.078760808225776202e+01
1.657382546208318175e+01,3.640445032649326151e+01
1.349363925415699761e+01,5.492142656402374712e+01
1.593363961699547460e+01,3.938855236753993694e+01
1.056993782161488049e+01,8.950661537150210734e+01
1.328524989125187084e+01,5.665790925304785475e+01
1.687735819388829839e+01,3.510678541094670635e+01
1.311307800630784293e+01,5.815548882790510277e+01
1.115239611878145887e+01,8.040140291689945684e+01
1.784249534526888681e+01,3.141151011782251601e+01
1.451641497956859084e+01,4.745492051475968509e+01
1.381478968277142094e+01,5.239760599262546492e+01
2.224345880834876610e+01,2.021135173172040211e+01
1.045101799103659168e+01,9.155515648865079470e+01
1.090525694758071573e+01,8.408687146041309290e+01
1.361566813098302298e+01,5.394138401645300718e+01
1.317162233179218234e+01,5.763966665347977880e+01
1.432635490034384240e+01,4.872239057736992152e+01
1.235971176235574376e+01,6.546110234150357599e+01
1.567757955032959671e+01,4.068571698340472409e+01
1.283118375504851727e+01,6.073884803915242259e+01
1.464157514921705783e+01,4.664707303162824559e+01
1.480908042706195182e+01,4.559779235032362976e+01
1.454816736590470505e+01,4.724799924743958712e+01
1.555005079031915471e+01,4.135579522606557390e+01
1.154796115199124529e+01,7.498758574824563539e+01
1.778902184650885232e+01,3.160063888630857676e+01
1.114511890014967932e+01,8.050643357883868134e+01
1.782891375359190533e+01,3.145938524958963356e+01
1.355509362914536986e+01,5.442456374725670543e+01
1.651999302672724568e+01,3.664209367698767039e+01
1.536258276246890908e+01,4.237127463473713362e+01
1.265140798134967781e+01,6.247730359246290988e+01
1.663916454307225834e+01,3.611910389769363405e+01
1.433759979388682027e+01,4.864599518981236770e+01
1.202128625796236427e+01,6.919872970456329142e+01
2.292512351713440921e+01,1.902727659566692253e+01
1.307172447340500021e+01,5.852403071931640710e+01
1.061289239647042493e+01,8.878354423915592974e+01
3.070076830688176628e+01,1.060966110317663258e+01
1.243930698126187728e+01,6.462605245465653070e+01
1.262250959380410897e+01,6.276370624423608291e+01
1.288994023496195673e+01,6.018637580568061196e+01
1.043381589976982760e+01,9.185729684923973082e+01
1.520210419300543947e+01,4.327056743336149935e+01
1.278908318318042348e+01,6.113940047035218583e+01
1.347170962346546652e+01,5.510037740528890282e+01
1.729734654533433158e+01,3.342266124342602751e+01
2.304356419383112353e+01,1.883218421374762030e+01
1.020771607729877317e+01,9.597162232935276904e+01
1.250751285169908655e+01,6.392313770014781227e+01
1.606333032159766816e+01,3.875509623874962983e+01
1.256881067467312718e+01,6.330115453452290808e+01
1.230759244313942880e+01,6.601669631393090754e+01
1.013705996718349844e+01,9.731414442671480458e+01
1.363036866657283497e+01,5.382509374698483384e+01
1.469753981442911339e+01,4.629250789817736944e+01
2.002865125816603253e+01,2.492852547885116010e+01
1.166057351137733278e+01,7.354618969784517901e+01
2.213934894230694894e+01,2.040188566382698099e+01
1.298294485576911761e+01,5.932716218367536243e+01
1.640575895225953929e+01,3.715415149117074378e+01
1.492001832757968138e+01,4.492222789750917400e+01
1.510732150076247571e+01,4.381522607051245188e+01
1.449523563783633584e+01,4.759369690519782381e+01
1.048076530878794621e+01,9.103617620451791481e+01
1.190059997141762516e+01,7.060936177480171239e+01
1.358553593797280357e+01,5.418092917803773645e+01
1.206407307599206469e+01,6.870875537899220831e+01
2.274575870356185092e+01,1.932854419553921232e+01
1.042359290589523724e+01,9.203756426448963168e+01
1.365273096616142467e+01,5.364891403297040995e+01
2.426996267926395134e+01,1.697703261514729434e+01
1.835862467172814050e+01,2.967014807725514203e+01
1.119874476796196383e+01,7.973725974695400964e+01
2.693712751595067800e+01,1.378153002710376285e+01
1.500904275830570711e+01,4.439090614681020952e+01
1.433682333446516211e+01,4.865126451108886840e+01
1.093181730608654156e+01,8.367876652418424044e+01
1.255506067296992612e+01,6.343988227483825426e+01
1.486581334453393488e+01,4.525042359214668153e+01
1.284157084767044310e+01,6.064062876497724375e+01
1.472579313049218719e+01,4.611504212195733032e+01
1.679893644476156211e+01,3.543532545858673188e+01
1.254849303474694722e+01,6.350630606419002078e+01
1.240091098453165408e+01,6.502686545274551122e+01
1.017772495976528369e+01,9.653806267098234173e+01
1.920965067375702517e+01,2.709948673271142638e+01
1.464350303495693595e+01,4.663479122899914842e+01
1.334149750583773120e+01,5.618117801183361593e+01
1.284841827314094331e+01,6.057601045471092505e+01
1.130448706889767152e+01,7.825251008650855056e+01
1.398076167420735416e+01,5.116091875771039099e+01
2.478027667619847207e+01,1.628499756320157843e+01
1.323302204111645430e+01,5.710602462476584407e+01
1.516664628595173170e+01,4.347312734283297431e+01
1.097979732792999030e+01,8.294903779437488822e+01
2.724506814680337996e+01,1.347175583425935663e+01
1.032922297274851786e+01,9.372699539369521915e+01
1.211480521802302412e+01,6.813450861227562427e+01
1.074432693726832255e+01,8.662466540671574933e+01
1.241295675264825427e+01,6.490072008797376668e+01
1.350805839193035141e+01,5.480423770871657752e+01
2.278704672387920027e+01,1.925856458385775838e+01
1.415707317119159292e+01,4.989454270133662561e+01
1.016883968400841987e+01,9.670684142691830232e+01
2.915209658632084455e+01,1.176685526627404244e+01
2.099687584131723384e+01,2.268248538168705153e+01
1.388669573504041033e+01,5.185637568440534295e+01
1.484890201761134065e+01,4.535355316660085379e+01
1.009863005464466035e+01,9.805620346153298783e+01
1.362740228934866593e+01,5.384852930815440430e+01
1.274665783708076283e+01,6.154706448653445250e+01
1.645148294029804248e+01,3.694791170386348256e+01
1.936861756494041842e+01,2.665647704158580567e+01
1.528043914083385424e+01,4.282805275824492242e+01
1.268643520346731712e+01,6.213278044433334202e+01
3.242781932300859893e+01,9.509649510365839831e+00
1.495468993213894926e+01,4.471417006268890049e+01
1.628252455497257145e+01,3.771868266023180638e+01
1.378709237726316239e+01,5.260834371945958310e+01
1.503661003840660193e+01,4.422828774073587255e+01
2.378492680370675671e+01,1.767650341570283601e+01
1.031675643675917797e+01,9.395364742979208472e+01
1.287086769117365570e+01,6.036488091070198436e+01
1.762514076717770095e+01,3.219102545299463003e+01
1.386483741926527102e+01,5.202001071200485427e+01
1.223866094099444801e+01,6.676243888579061547e+01
1.221849257208156203e+01,6.698302268951866267e+01
2.169858118814405046e+01,2.123915944054056126e+01
1.187128514111070565e+01,7.095851641655045228e+01
1.463226138576408175e+01,4.670647575336082724e+01
1.072118444383800551e+01,8.699904090991394412e+01
1.060778038400382961e+01,8.886913649868029097e+01
1.197561321817185132e+01,6.972756161070898884e+01
1.081312200512091870e+01,8.552592768917668309e+01
1.520759626842693990e+01,4.323931958800160658e+01
1.306366317223423579e+01,5.859628080624062818e+01
1.922499611882612669e+01,2.705624222803557544e+01
1.392285590775856541e+01,5.158736471699732107e+01
1.817796130654276610e+01,3.026283783723430787e+01
2.112529762771409381e+01,2.240754758612049358e+01
1.746089566731091125e+01,3.279948051476025483e+01
1.841925863255321261e+01,2.947512855375173046e+01
1.243700134880130470e+01,6.465001606641452270e+01
1.244280798823589329e+01,6.458969017534879242e+01
1.118043320605875834e+01,7.999866455020274714e+01
1.437165950935493264e+01,4.841569395999304959e+01
1.439969572058998715e+01,4.822734675774990620e+01
1.090929251070648931e+01,8.402467217231128416e+01
1.371862963239252586e+01,5.313473722548359746e+01
1.514980852502027986e+01,4.356981462402409733e+01
1.688777421397747958e+01,3.506349252843718745e+01
1.564992827154177846e+01,4.082961616997828003e+01
2.403570193075033501e+01,1.730957403902614899e+01
2.025428474457638828e+01,2.437620971501985423e+01
1.394123425687172535e+01,5.145144193424467005e+01
1.371273502366986285e+01,5.318042844659795065e+01
1.181927168298290454e+01,7.158442959113803283e+01
1.009021277208549883e+01,9.821986919414982253e+01
1.653777799163673734e+01,3.656332518240058249e+01
3.488849768905993898e+01,8.215527657658705962e+00
1.638227926155452963e+01,3.726072923002749349e+01
1.334656521332182777e+01,5.613852198469894006e+01
1.031096743043801389e+01,9.405917602273922284e+01
1.340251972368903033e+01,5.567075227706378371e+01
1.714420537305442238e+01,3.402242606008188375e+01
1.296941392389680914e+01,5.945101828821236722e+01
1.389481615314571528e+01,5.179578151764630434e+01
1.345261951505272968e+01,5.525687012602245574e+01
1.219346604880051110e+01,6.725826395194363272e+01
1.408040778784990721e+01,5.043935618028033474e+01
1.071737744964386785e+01,8.706085895635004590e+01
2.533115818342847092e+01,1.558439352548272794e+01
1.445870468039696988e+01,4.783449852030908289e+01
1.159218424919026980e+01,7.441653584810983091e+01
1.453503734812051462e+01,4.733339940918322952e+01
1.215327847746385714e+01,6.770380878792947499e+01
2.738257790054995056e+01,1.333679071886454537e+01
1.600202307354451037e+01,3.905262358443994231e+01
1.662409976340335760e+01,3.618459591155121302e+01
1.204572090651319627e+01,6.891827630220429057e+01
1.225872325250900374e+01,6.654409431633118288e+01
1.459850884805531024e+01,4.692270119571309550e+01
1.309476240471083308e+01,5.831828638680111965e+01
1.333869814959238553e+01,5.620476166787056371e+01
1.503742479520115616e+01,4.422349512202517019e+01
2.264344372921575044e+01,1.950361186139026159e+01
1.572100257107432775e+01,4.046127114086203846e+01
1.209584969855074554e+01,6.834822439370783798e+01
1.317207577427758558e+01,5.763569828519998595e+01
1.490632245479160645e+01,4.500481456699677807e+01
1.414563928655087999e+01,4.997523456630992911e+01
1.987655697923431930e+01,2.531148840639457731e+01
1.869706220434913746e+01,2.860574442510347382e+01
1.311789114351489083e+01,5.811282053732321629e+01
1.425063463231353467e+01,4.924153572166235904e+01
1.398967864305898523e+01,5.109571998646899971e+01
1.417368149687756151e+01,4.977768113475921297e+01
2.715215954569245227e+01,1.356410822384092718e+01
1.428688875913945822e+01,4.899194410576745895e+01
1.377646532343666408e+01,5.268953832475069277e+01
1.253209979894838000e+01,6.367255988931217559e+01
1.487297587351421946e+01,4.520685068094812920e+01
3.451406296591708411e+01,8.394751134600355158e+00
1.383112446757563418e+01,5.227391421296626106e+01
1.511585838624747247e+01,4.376574956256149562e+01
1.638360409993953937e+01,3.725470339491316452e+01
1.330526972010794928e+01,5.648753641286381111e+01
2.034920131124816578e+01,2.414933986514595787e+01
1.139584476823975123e+01,7.700287679205614211e+01
1.603644735178151848e+01,3.888514067100031468e+01
2.571797977533351087e+01,1.511911251729689454e+01
1.022984926446653553e+01,9.555678533168678257e+01
3.300821371800019222e+01,9.178166985324738292e+00
1.474896655570005954e+01,4.597024499943449172e+01
1.836998920587745232e+01,2.963344875127155120e+01
1.083877284714065503e+01,8.512159849566802450e+01
1.513084482635768779e+01,4.367909637489600527e+01
1.331390619376361784e+01,5.641427543557283997e+01
2.019951611903189459e+01,2.450857540261377920e+01
1.621002596591205247e+01,3.805682725749560547e+01
1.004370051923088880e+01,9.913168562035730247e+01
2.341013826376655160e+01,1.824702397079135352e+01
1.361961898732263165e+01,5.391009331023687423e+01
1.034444472855918029e+01,9.345136150634213834e+01
1.091231742342666067e+01,8.397809506829202064e+01
1.616446211874686156e+01,3.827167626892510555e+01
2.033603678785748059e+01,2.418061611171801673e+01
1.421734311026631659e+01,4.947241500662020286e+01
1.474752617292579338e+01,4.597922521507589266e+01
1.200336601180517881e+01,6.940550236018241037e+01
1.217251146617902968e+01,6.749002909658072724e+01
1.643978936794312773e+01,3.700049227265565577e+01
1.657790962967556680e+01,3.638651518692766018e+01
2.297045958297174195e+01,1.895224365201525529e+01
1.611062321999059677e+01,3.852789824123140505e+01
1.341948369652011941e+01,5.553009109664060361e+01
1.532140401936996810e+01,4.259933996618848795e+01
1.494686617870066492e+01,4.476099247955987437e+01
1.771810481270230753e+01,3.185410938651955703e+01
1.292349141664160328e+01,5.987427704827499042e+01
1.672565172380064880e+01,3.574653092537662502e+01
2.004350891969935233e+01,2.489158161639248590e+01
1.456408651839449320e+01,4.714476763873931731e+01
1.114881061020491337e+01,8.045312615193807915e+01
1.340562501345669411e+01,5.564496402848671863e+01
2.378430457740989112e+01,1.767742830540030852e+01
1.249809726932323350e+01,6.401948841176104565e+01
1.425425181969624333e+01,4.921654763186963066e+01
1.233469210086128598e+01,6.572693397766687440e+01
1.514133371695464625e+01,4.361860149567258560e+01
1.960594824952266180e+01,2.601502790387912256e+01
1.437888149613508837e+01,4.836707130575785385e+01
1.565578699064238499e+01,4.079906331514637685e+01
1.065696248903836008e+01,8.805076341915139437e+01
1.636237684407722526e+01,3.735142871778401741e+01
1.355182800342037730e+01,5.445079661702205698e+01
1.533544528053211486e+01,4.252136705936855776e+01
1.462705514883720426e+01,4.673973032872336120e+01
1.244337757565465985e+01,6.458377720956835333e+01
1.429443151222771036e+01,4.894025451724295550e+01
1.847550333004206990e+01,2.929594033662089814e+01
1.790173569916739282e+01,3.120396040497976031e+01
1.572831853313181050e+01,4.042363911055914372e+01
2.164182373886612609e+01,2.135070838066138066e+01
1.345507483822348682e+01,5.523670508106507526e+01
1.228514080230067584e+01,6.625821369768279112e+01
1.506070236885046043e+01,4.408689855227851950e+01
1.411779243711299259e+01,5.017257778862303752e+01
1.074138642024867529e+01,8.667209991073632125e+01
1.540719126470018274e+01,4.212627438362294896e+01
1.312620518811693771e+01,5.803922736057806731e+01
1.384873319162784355e+01,5.214106571013493152e+01
1.262014764273029854e+01,6.278720179755222119e+01
1.051561598360002137e+01,9.043375504915695728e+01
1.585269505305203630e+01,3.979181868384354459e+01
1.416406792968383854e+01,4.984527520231495146e+01
1.184355929214092384e+01,7.129113398384380673e+01
1.306334659541021637e+01,5.859912088234430172e+01
1.183963233621617483e+01,7.133843335277066444e+01
1.106633459982501044e+01,8.165680916160832226e+01
1.529798770071646707e+01,4.272985166225998199e+01
1.033541816020439796e+01,9.361466664790546588e+01
1.621404126723459527e+01,3.803798054246043847e+01
1.740613654542881861e+01,3.300617726629490534e+01
1.536460101507612386e+01,4.236014381281118091e+01
1.042421878134897284e+01,9.202651263094000456e+01
1.300795238023828837e+01,5.909927092196883081e+01
1.423455106434355777e+01,4.935287425430515640e+01
1.489492079893164700e+01,4.507374085508529760e+01
1.555667683187988537e+01,4.132057345431486084e+01
1.039821597689787680e+01,9.248734926632822351e+01
1.744549915047906197e+01,3.285740039337480312e+01
1.045750747291508631e+01,9.144156131699020307e+01
1.410719394627396639e+01,5.024799368731031279e+01
1.647007568495266128e+01,3.686453924688125028e+01
1.782652411909469947e+01,3.146782003703648201e+01
1.522550593547165398e+01,4.313765513647620509e+01
1.196361927281411752e+01,6.986744031447754821e+01
1.554360836943876301e+01,4.139008413077833382e+01
1.348078223570898082e+01,5.502623687972209154e+01
2.664289369154148801e+01,1.408760662804422381e+01
1.408832233106650911e+01,5.038270041640608810e+01
1.462796775803093219e+01,4.673389851698667741e+01
1.533434549690238846e+01,4.252746656722032270e+01
1.589838737077917763e+01,3.956342222645678675e+01
1.871998193503728913e+01,2.853574066141660026e+01
1.012445446942639649e+01,9.755661810921971266e+01
2.025432065283755279e+01,2.437612328343384860e+01
2.041211170461234303e+01,2.400071209681322415e+01
1.659154637010648159e+01,3.632672696239426813e+01
1.615621838077607464e+01,3.831074260933457509e+01
1.560891703371792083e+01,4.104445142991281870e+01
2.377098992105232611e+01,1.769723688734058342e+01
1.510276852280276927e+01,4.384164769354556768e+01
1.399870996080180596e+01,5.102981208110326605e+01
1.168944983341892829e+01,7.318327778007716233e+01
1.619343693680578156e+01,3.813484024409272877e+01
1.466256320878149211e+01,4.651362694334717673e+01
1.598159674563161481e+01,3.915251491387149940e+01
1.037515479885136926e+01,9.289895519701846638e+01
1.477876573663251847e+01,4.578504758884117365e+01
1.439588925235004879e+01,4.825285405785270143e+01
1.662905646012358574e+01,3.616302772004525679e+01
1.833708135970395503e+01,2.973990495112684584e+01
1.508075843186652421e+01,4.396971324497513223e+01
2.109832618352353606e+01,2.246487442939018209e+01
1.284922803109481038e+01,6.056837569867177251e+01
1.642003838906716595e+01,3.708955850330868742e+01
1.591997848559184625e+01,3.945618098424650810e+01
1.415853732662477071e+01,4.988422389695476511e+01
1.499482541932251678e+01,4.447512450096677838e+01
1.002320942966679063e+01,9.953742245304873393e+01
2.106933350852741071e+01,2.252674301469867402e+01
1.355155732528429269e+01,5.445297183378530548e+01
1.588087557735235755e+01,3.965072326508541067e+01
1.014755258411511640e+01,9.711300190879929062e+01
1.561657514530942947e+01,4.100420625234648497e+01
1.524043469074977608e+01,4.305318561848740444e+01
1.252717905071242122e+01,6.372259161182166309e+01
1.657261945112739099e+01,3.640974891716496131e+01
1.271049097194532251e+01,6.189781904089824138e+01
1.132710587876654884e+01,7.794030122157087703e+01
2.541098590169346139e+01,1.548663167674554586e+01
1.074938594889817445e+01,8.654314780786488370e+01
1.384127280643838986e+01,5.219728846832104097e+01
1.012898220203102007e+01,9.746942049195418178e+01
1.483424031803101251e+01,4.544324954067774769e+01
1.868541183486183854e+01,2.864142695554318152e+01
1.024273046917218544e+01,9.531659302391750543e+01
1.444342566773451786e+01,4.793575572874284774e+01
1.041328656731880997e+01,9.221983903566859908e+01
2.900431987748483564e+01,1.188706473210487324e+01
1.408319471147940760e+01,5.041939526548610928e+01
1.248204295796426422e+01,6.418427710390790253e+01
2.389585052798600628e+01,1.751277685268895468e+01
2.483965352678753291e+01,1.620723511273415340e+01
3.694556234269249728e+01,7.326143775742267827e+00
1.266450558443261265e+01,6.234814264335597755e+01
2.141044739818908127e+01,2.181466333713136763e+01
1.886933229704317938e+01,2.808580878133908598e+01
2.200301102769778439e+01,2.065550261146772115e+01
1.356620214288680693e+01,5.433547050167978654e+01
1.492020071636889611e+01,4.492112961996825504e+01
1.386247144500602246e+01,5.203776923507263064e+01
1.631464559360614430e+01,3.757030425204223434e+01
1.435736411695167547e+01,4.851215538632993685e+01
1.470879403213369763e+01,4.622169493438695298e+01
1.314121893232287519e+01,5.790668435342889353e+01
1.851935859005745399e+01,2.915735455951632460e+01
1.444633772689309303e+01,4.791643212024897736e+01
1.347096133628178727e+01,5.510649902502332509e+01
1.424065898608350622e+01,4.931054772317580870e+01
1.461643448043960447e+01,4.680767953048530927e+01
1.722172803939391628e+01,3.371681527864716088e+01
1.236929109834421148e+01,6.535974955234345884e+01
1.822451455235085760e+01,3.010842670692735723e+01
1.316696120032222339e+01,5.768048299891273700e+01
1.912079180536437661e+01,2.735194751918543332e+01
1.460317626794671675e+01,4.689271142559789496e+01
1.471957061863606953e+01,4.615403946180067862e+01
1.710254946054560676e+01,3.418836168911472839e+01
1.411194627655545908e+01,5.021415641935776364e+01
2.164834337315384261e+01,2.133785032058647957e+01
1.482623250967076345e+01,4.549235157745442137e+01
1.230129635916492248e+01,6.608429130884739777e+01
1.441335379893228996e+01,4.813598970079900852e+01
1.200669172319420142e+01,6.936705868103945249e+01
1.353816434622126508e+01,5.456076314526473681e+01
1.342090951411737443e+01,5.551829285372414091e+01
1.481920768469234062e+01,4.553549174521086229e+01
1.702608346240249659e+01,3.449613859410898442e+01
1.482998576073639896e+01,4.546932760246658489e+01
1.333211085552922626e+01,5.626031607520742739e+01
1.449331474070359604e+01,4.760631357101723893e+01
1.190535745244804566e+01,7.055294085979996055e+01
1.133099596855874935e+01,7.788679441148705962e+01
1.038151359201971324e+01,9.278518675207824629e+01
1.315552056499243605e+01,5.778084973216446230e+01
1.351278146561087645e+01,5.476593334970969096e+01
1.891710684326456615e+01,2.794412829486936545e+01
1.496137632221215163e+01,4.467421256564854559e+01
1.621719502091338683e+01,3.802318750872252195e+01
1.060287209374694584e+01,8.895143429025034720e+01
2.066077276801420126e+01,2.342647136424312038e+01
3.204443360504595972e+01,9.738561261805751101e+00
2.923474068725922592e+01,1.170042152207674135e+01
2.678874939718449610e+01,1.393461971226531659e+01
1.631330019904339679e+01,3.757650152258863585e+01
1.680344624794409114e+01,3.541630734809822201e+01
1.790766891766081059e+01,3.118328666511344949e+01
1.907706167637651262e+01,2.747748835155649871e+01
1.307876983813512695e+01,5.846099542006191285e+01
1.024995600924675188e+01,9.518225662028486056e+01
2.703152755928782369e+01,1.368544182935724152e+01
1.385760941618219988e+01,5.207429119369709269e+01
2.119207293102628498e+01,2.226655963754096845e+01
1.332787634444169989e+01,5.629607162573280732e+01
1.799438233163738943e+01,3.088347153397530676e+01
1.700978610779014844e+01,3.456227289166724859e+01
1.403792009369609062e+01,5.074514151670700812e+01
1.508086599213060630e+01,4.396908604265065179e+01
1.649462994025980223e+01,3.675486627141042817e+01
2.271631892123884811e+01,1.937867528049541477e+01
1.269023973391802862e+01,6.209553124716988748e+01
2.493328372855080843e+01,1.608573988934150023e+01
1.304117306671333054e+01,5.879855906245550301e+01
1.280039534391967848e+01,6.103138613124465195e+01
1.494693475041553121e+01,4.476058178251406616e+01
1.347222322638809189e+01,5.509617629089804325e+01
1.563446667348529218e+01,4.091041243667665128e+01
1.313844804412745582e+01,5.793111187595989264e+01
3.039932324394311181e+01,1.082111890702465828e+01
1.416616699420958447e+01,4.983050470054651981e+01
1.496915080985589341e+01,4.462781996463882450e+01
2.979321219829403944e+01,1.126588569048696264e+01
1.425550150968370389e+01,4.920791900090150506e+01
1.935204729232926368e+01,2.670214602850861496e+01
2.367839732650051587e+01,1.783591493492616209e+01
1.101031959882753597e+01,8.248978069052273554e+01
1.489221795214215049e+01,4.509010355829298078e+01
1.502184364909741987e+01,4.431528280252616270e+01
1.612343870525102218e+01,3.846667588110079805e+01
1.475144482516228450e+01,4.595480012799836089e+01
1.391983580889611716e+01,5.160975231481008763e+01
1.032342897470235066e+01,9.383223298933438628e+01
1.477822135215875221e+01,4.578842081319860569e+01
1.525246297428265763e+01,4.298530782974617637e+01
1.327910627073928573e+01,5.671034730236094390e+01
1.483352272251963555e+01,4.544764642755085760e+01
1.187342836977257932e+01,7.093290180959390057e+01
1.469471594212703813e+01,4.631030159925197154e+01
1.936149634696501565e+01,2.667608931632615210e+01
1.002074917668733711e+01,9.958630448725421047e+01
2.375205807201806962e+01,1.772545969989446490e+01
1.440706660890398716e+01,4.817801159993700821e+01
1.184756250138804035e+01,7.124296456324698568e+01
2.500516231878112094e+01,1.599339427808111225e+01
1.873710287898731863e+01,2.848361567599340916e+01
1.657851589141526460e+01,3.638385398989526465e+01
1.445760452330794266e+01,4.784177876716324818e+01
1.883054288687347011e+01,2.820163699028739046e+01
1.267359515037652606e+01,6.225874191357396370e+01
2.665037026184027269e+01,1.407970338273117150e+01
1.541826442202815883e+01,4.206578724381606804e+01
1.335508616287475192e+01,5.606690868232727354e+01
1.468979126088736997e+01,4.634135741182610957e+01
1.426529531199173917e+01,4.914037505100974812e+01
1.278124229692620162e+01,6.121443764091439732e+01
1.330299083213030897e+01,5.650689142787896202e+01
1.313667016900195783e+01,5.794679336159222061e+01
1.579667237949767689e+01,4.007456140405376033e+01
1.025875919304587036e+01,9.501897227489641296e+01
1.441277740085656767e+01,4.813983990202892471e+01
1.296364502315032041e+01,5.950394218953390890e+01
1.443488167693259427e+01,4.799251876636859748e+01
1.378619268928139441e+01,5.261521039252405529e+01
1.506820932281507197e+01,4.404298147236868743e+01
2.479525456792330473e+01,1.626532918193121091e+01
2.115713983663919961e+01,2.234015011254064476e+01
1.357244046219694589e+01,5.428553340790310244e+01
2.682114616094322201e+01,1.390097730643737073e+01
1.021068186938482469e+01,9.591587863964062421e+01
1.448262027443655953e+01,4.767664781749116543e+01
1.433611118270713725e+01,4.865609817116079228e+01
2.573539630409522871e+01,1.509865560630520775e+01
1.332641788180777809e+01,5.630839454859411575e+01
1.066273204160992627e+01,8.795550151728437527e+01
1.339225366407072393e+01,5.575613571290882220e+01
1.679635056335899890e+01,3.544623718638343490e+01
1.808307902872154216e+01,3.058125044249288038e+01
2.065517653165978018e+01,2.343916724514106775e+01
1.060095748429186102e+01,8.898356773418649368e+01
2.377103307598222415e+01,1.769717263078753078e+01
1.422269570975424990e+01,4.943518490625051953e+01
1.901465602384044118e+01,2.765814525894125353e+01
1.412223108721918763e+01,5.014104402897512358e+01
1.588176390139150662e+01,3.964628777469543763e+01
1.201286415229221305e+01,6.929579287016059652e+01
1.024578672979733618e+01,9.525973669663976295e+01
1.048709987797934851e+01,9.092623145372176907e+01
1.253073994292468640e+01,6.368638033610195492e+01
1.511395278801477993e+01,4.377678640961353551e+01
1.285460144049016407e+01,6.051774936734154409e+01
2.977143803713163095e+01,1.128237094831809806e+01
1.481474089365821989e+01,4.556295468781726044e+01
1.467792847882777174e+01,4.641629435875449872e+01
1.514559788130605078e+01,4.359404377219605919e+01
1.045746193288129611e+01,9.144235773602306949e+01
1.284483988729388315e+01,6.060976634954232622e+01
1.166181588141987113e+01,7.353052031724423898e+01
1.285913071288377196e+01,6.047512547536219074e+01
2.136379722926498559e+01,2.191003672059815699e+01
1.922836117435251424e+01,2.704677311208908819e+01
1.155192949605303987e+01,7.493607479872983390e+01
2.529289103944938333e+01,1.563158634122087065e+01
1.324699280075556729e+01,5.698563596692071087e+01
1.158487117343087824e+01,7.451051799546111454e+01
1.846007009778525898e+01,2.934494557303606044e+01
2.727952923346411396e+01,1.343774072302584166e+01
1.448740407359639271e+01,4.764516697373350951e+01
2.630588792524904207e+01,1.445087249123623074e+01
1.422893061369021162e+01,4.939187088528462510e+01
1.714545404775545023e+01,3.401747064792542830e+01
1.418905209530681688e+01,4.966989404231126315e+01
1.809743796018498330e+01,3.053274193223474953e+01
1.190834091638495451e+01,7.051759323442017546e+01
1.221243215792279635e+01,6.704951977688568832e+01
1.515280012086285844e+01,4.355261246884387560e+01
1.616335040032683068e+01,3.827694111682193068e+01
1.532166633398673561e+01,4.259788133451771586e+01
2.711467912950495318e+01,1.360163326994232413e+01
1.472227023865138129e+01,4.613711449806766751e+01
1.774579814996122096e+01,3.175476662755647084e+01
1.028930834133707428e+01,9.445558367366389518e+01
1.289624978327887028e+01,6.012749730136673776e+01
1.106358652046614921e+01,8.169737959698841223e+01
1.576043381623231809e+01,4.025906319457416060e+01
1.195773051918656016e+01,6.993627167837732372e+01
1.713683232952989499e+01,3.405170834359907417e+01
1.351168848637374786e+01,5.477479389280362909e+01
1.592009617053825998e+01,3.945559764840073314e+01
1.463116533500493865e+01,4.671347377224836350e+01
1.472039936151858797e+01,4.614884276107924421e+01
1.465189573085430474e+01,4.658138114030520427e+01
1.328053320054390518e+01,5.669816144562611271e+01
1.476909609497256604e+01,4.584502010597601185e+01
1.346404980997637679e+01,5.516308939409543655e+01
1.217802946232238703e+01,6.742888203662380420e+01
1.251135870219609991e+01,6.388384523756175071e+01
1.166125324649408590e+01,7.353761592455200002e+01
1.001526852838294701e+01,9.969532739512212061e+01
1.545999090527479325e+01,4.183902273154207307e+01
2.120495103506864609e+01,2.223952217850979807e+01
1.516832716675223480e+01,4.346349291242038504e+01
1.438490603612094354e+01,4.832656658004241024e+01
1.273852769942167207e+01,6.162565218518292198e+01
1.328176366403890896e+01,5.668765654762700024e+01
1.761882827864107526e+01,3.221409644026513774e+01
1.354087108671092388e+01,5.453895257407738484e+01
1.976583541067280336e+01,2.559585555302365734e+01
1.361054259897587038e+01,5.398201874458719374e+01
2.414657175324609995e+01,1.715098394250809122e+01
1.840454305250112554e+01,2.952228180445470684e+01
1.422091470163049820e+01,4.944756807302276513e+01
1.291704227884109457e+01,5.993407926137722797e+01
1.244329737041179840e+01,6.458460978216963611e+01
1.271931434886205814e+01,6.181197190454594192e+01
1.058086719187225810e+01,8.932180146422857092e+01
1.459619744552592557e+01,4.693756340048782505e+01
1.268333647877767767e+01,6.216314404784726833e+01
1.369706896098500870e+01,5.330214855683132669e+01
2.165088411245681499e+01,2.133284260509021024e+01
1.050813525520899461e+01,9.056256023597801175e+01
1.263217563473225979e+01,6.266769040993425932e+01
1.451858032536942567e+01,4.744076642422653833e+01
1.428890141478336062e+01,4.897814360906766495e+01
1.179994175500788067e+01,7.181915197541337648e+01
1.393262236655096942e+01,5.151506687196935985e+01
1.375044296964625268e+01,5.288915417731848123e+01
1.453584694830140300e+01,4.732812691812331707e+01
1.058297157558759949e+01,8.928628239384507026e+01
1.655632368698495327e+01,3.648145767154793617e+01
1.544998405169865130e+01,4.189323800581165358e+01
1.218182455920655372e+01,6.738687531131439812e+01
1.543845952983977554e+01,4.195580639051670602e+01
1.410516030512458485e+01,5.026248395213458053e+01
1.203517922097919346e+01,6.903906103873505629e+01
1.097014410407478735e+01,8.309508472388181133e+01
1.217483566846077814e+01,6.746426357310403432e+01
1.408924549000134441e+01,5.037609825785569484e+01
2.964036732355377168e+01,1.138237362515551254e+01
1.297646195107106948e+01,5.938645545083004151e+01
1.069791383651818251e+01,8.737794140687078936e+01
1.810443678869953388e+01,3.050913974869668266e+01
1.538204493225817870e+01,4.226412174865339466e+01
2.728121583972684405e+01,1.343607925183555452e+01
1.196433474038487255e+01,6.985908441433888072e+01
1.390680713597205376e+01,5.170649940420703672e+01
1.532543898075542188e+01,4.257691136699292400e+01
1.354519123177150419e+01,5.450416847860548586e+01
1.765646408528699851e+01,3.207691026937096979e+01
1.080183237431882226e+01,8.570479747606492538e+01
3.184939092626240154e+01,9.858202548599463100e+00
1.812217734309648520e+01,3.044943565051354639e+01
1.055904217442792792e+01,8.969143055578265944e+01
1.304917143643383959e+01,5.872650107993351298e+01
1.307930994111535128e+01,5.845616728982260923e+01
1.760535097623778356e+01,3.226343658683448012e+01
1.282137233184558411e+01,6.083184316384394918e+01
1.523282677743178226e+01,4.309620149516942433e+01
1.537991232382859863e+01,4.227584341122311429e+01
1.480686804876087237e+01,4.561141941886175033e+01
1.179704955520216103e+01,7.185437108650950222e+01
2.647227853368496753e+01,1.426978246570460662e+01
1.264499437500836621e+01,6.254069728618866719e+01
1.286388003303296479e+01,6.043047911493975732e+01
2.271643326451041034e+01,1.937848019568367519e+01
2.249073593688639150e+01,1.976936259034178534e+01
1.641469945733398816e+01,3.711368941407703659e+01
1.500415071576024140e+01,4.441985781599089478e+01
1.124195638878777004e+01,7.912545267453079134e+01
1.475423803280638602e+01,4.593740185255828834e+01
1.275583994965931289e+01,6.145848879476927351e+01
1.723486537035710597e+01,3.366543336968554456e+01
1.475260246858834101e+01,4.594758822283225186e+01
1.852047750183249164e+01,2.915383159183472728e+01
1.094367650008568127e+01,8.349750659105346529e+01
1.722906139443888307e+01,3.368811902519355783e+01
1.151697984966789257e+01,7.539156975788952764e+01
1.437729736573807671e+01,4.837773032838340725e+01
1.595076656301440288e+01,3.930401179920788479e+01
1.507127205660086311e+01,4.402508275476456845e+01
1.609640890807452607e+01,3.859597421677620588e+01
3.679173646280582233e+01,7.387532908489354178e+00
1.500016628982311673e+01,4.444345903965673017e+01
1.491659069483822009e+01,4.494287532200794288e+01
1.806534426104929736e+01,3.064132320693538958e+01
1.389728760191020207e+01,5.177736076657512143e+01
1.336808023494962860e+01,5.595796508499526567e+01
1.138439790067036483e+01,7.715780547252420263e+01
1.333022162287435997e+01,5.627626425089864881e+01
2.372420674585377398e+01,1.776710217454040830e+01
1.084731894394837504e+01,8.498752465492667341e+01
2.775239538609343626e+01,1.298371732050063443e+01
1.368829188089910254e+01,5.337052629480458421e+01
1.243244837456600926e+01,6.469737660981778049e+01
1.249459564809598788e+01,6.405537647378289989e+01
2.618158869063770311e+01,1.458841160633926215e+01
1.248440270712328548e+01,6.416001571416906302e+01
1.125793518168377716e+01,7.890100086401700707e+01
2.499838880719093126e+01,1.600206252618110980e+01
1.202216236915962533e+01,6.918864440193191001e+01
1.218429232718372646e+01,6.735958142701466045e+01
1.527192299810187137e+01,4.287583082825348413e+01
1.103934487497894068e+01,8.205657725480659792e+01
1.558173760373189864e+01,4.118776506662340609e+01
1.593461839691425119e+01,3.938371365235001775e+01
1.349164426340788481e+01,5.493767007542958680e+01
1.016032636829962499e+01,9.686897023289087372e+01
1.140490913325631084e+01,7.688052512679446693e+01
3.162948228133759443e+01,9.995760304409790464e+00
1.462479127649540089e+01,4.675420177935799870e+01
1.668079368262232620e+01,3.593904879728987822e+01
1.210360471775127955e+01,6.826066833074708029e+01
1.613066204904236756e+01,3.843223268083335853e+01
2.682340539748059172e+01,1.389863574892208220e+01
2.043419867892824016e+01,2.394885622222798816e+01
1.353395315092845586e+01,5.459472244349998959e+01
1.680832543800935497e+01,3.539574874877436628e+01
3.093303060494336876e+01,1.045093285429384622e+01
1.749106113212295810e+01,3.268644467462649317e+01
1.239282469145567944e+01,6.511175293485798932e+01
1.507222761607939354e+01,4.401950066661616745e+01
1.429339231100706264e+01,4.894737117925994596e+01
1.208724916675002881e+01,6.844552365531055216e+01
1.720727897461573974e+01,3.377346351355055276e+01
2.676548581626866508e+01,1.395885316227008310e+01
1.277586060574775928e+01,6.126602032408813159e+01
2.166461655663113461e+01,2.130580688780964849e+01
1.177609706567974968e+01,7.211029073388482402e+01
1.180151927766835485e+01,7.179995296131937721e+01
1.626185408766227880e+01,3.781463215135254075e+01
1.521475418148615510e+01,4.319864453240676738e+01
2.087494977066265278e+01,2.294822618027687255e+01
1.057705457771865198e+01,8.938620709613282145e+01
1.313722601233798493e+01,5.794188994324401420e+01
1.199939834174326236e+01,6.945140860542645100e+01
1.744570679299716787e+01,3.285661824647355900e+01
1.483294262907689642e+01,4.545120127136912203e+01
1.445214088415135301e+01,4.787795882204098064e+01
1.270788573095434337e+01,6.192320096022641707e+01
2.567865409689238021e+01,1.516545642868305954e+01
1.111643413555782267e+01,8.092244603893588817e+01
1.575937571337811072e+01,4.026446945691551349e+01
2.242314810519227208e+01,1.988871979066579243e+01
1.020264997080601610e+01,9.606695504621535520e+01
1.528955886471506886e+01,4.277697691820910109e+01
4.212471185855939382e+01,5.635417723899442954e+00
1.836940162394718712e+01,2.963534455145646263e+01
1.390464735989987233e+01,5.172256354885794849e+01
1.527185270642007708e+01,4.287622551791569947e+01
1.386265785275097251e+01,5.203636976635603162e+01
1.478779838327125518e+01,4.572913205082887345e+01
1.250415207997576772e+01,6.395750387589684749e+01
1.153052251841975639e+01,7.521457804443717521e+01
1.309752431586914767e+01,5.829369350353690038e+01
1.143284953859656738e+01,7.650521217943899899e+01
1.299718985389993087e+01,5.919718759714123735e+01
1.586285268521379344e+01,3.974087434799591279e+01
1.079700222617643313e+01,8.578149644412692965e+01
1.544847717489386696e+01,4.190141111267903540e+01
1.012464624255803436e+01,9.755292246187846672e+01
3.386166103619194701e+01,8.721345347326019848e+00
1.245920696018662355e+01,6.441977447342316054e+01
1.166954968221505773e+01,7.343309034375990052e+01
1.161413908403163120e+01,7.413545457133568561e+01
1.368111178365338887e+01,5.342656064808704031e+01
1.002758578292229252e+01,9.945055889982999986e+01
1.117301517624565754e+01,8.010492583531288346e+01
1.180801149135094974e+01,7.172102138304811092e+01
1.177057797768183711e+01,7.217792995188999328e+01
2.306276747875742217e+01,1.880083591703314738e+01
1.451830557554866985e+01,4.744256201467435119e+01
2.108988598552102900e+01,2.248285896748483026e+01
1.103307492980306570e+01,8.214986700999376978e+01
1.500221737233124131e+01,4.443130737330888280e+01
1.594784392825083863e+01,3.931841898773089383e+01
1.033270885894433455e+01,9.366376579305838845e+01
4.048150949835880397e+01,6.102202328316264968e+00
1.555234219134533369e+01,4.134360982922544991e+01
1.086736123474186044e+01,8.467433473937109056e+01
1.274545812970205816e+01,6.155865166398898936e+01
4.191111941291806886e+01,5.693003865539948194e+00
1.275586839348146562e+01,6.145821470721644175e+01
1.488061006924600527e+01,4.516047766034981947e+01
1.461684320808833704e+01,4.680506182089665401e+01
1.365152630456724303e+01,5.365838281124555209e+01
3.880211529180275676e+01,6.641852038314363327e+00
1.243864002809786484e+01,6.463298306855526221e+01
1.016371837715873205e+01,9.680432350355570748e+01
1.873178145027957697e+01,2.849980154283013789e+01
1.197596473726115285e+01,6.972346837734089320e+01
1.684645154882501927e+01,3.523571799455494613e+01
1.072501874516517262e+01,8.693684597734350916e+01
1.578617442482573807e+01,4.012787904806710060e+01
1.432667451898050182e+01,4.872021667297592273e+01
1.413015816939442004e+01,5.008480110801581731e+01
1.300141091483605216e+01,5.915875571073862460e+01
1.474867200174390547e+01,4.597208121258547209e+01
1.391735303698808579e+01,5.162816769482735424e+01
1.339381420078449203e+01,5.574314398005673610e+01
1.393962729284539570e+01,5.146330529045586388e+01
1.532185756121866760e+01,4.259681803993111515e+01
1.289993569930341266e+01,6.009314158853337062e+01
1.133846154361935987e+01,7.778426228588391211e+01
1.149836800528218106e+01,7.563583255934176464e+01
1.357033457128173204e+01,5.430238314455024096e+01
1.342127597034130382e+01,5.551526113807330631e+01
3.605509129283857561e+01,7.692487530033161214e+00
1.014775587827064918e+01,9.710911093857961873e+01
2.254424781946801204e+01,1.967562335474791269e+01
1.664665406791672453e+01,3.608661039227449407e+01
2.067274414251307491e+01,2.339934716070783693e+01
1.403475928402154338e+01,5.076800101754987793e+01
2.814906546586431801e+01,1.262036855399708735e+01
1.567019977186079771e+01,4.072404735357436323e+01
1.542923274341370643e+01,4.200600111124209235e+01
2.052770510601930098e+01,2.373117269178832700e+01
1.213248362023426807e+01,6.793609388826401130e+01
1.776544976700118639e+01,3.168455310885030585e+01
1.724213746962006866e+01,3.363704167568186421e+01
1.718056097879006927e+01,3.387858940565643451e+01
1.539636252173563946e+01,4.218555267323657887e+01
1.098699677849732836e+01,8.284036536100903447e+01
1.880712305354892777e+01,2.827191768876777900e+01
1.303195294578598862e+01,5.888178858390738668e+01
1.119347937488172917e+01,7.981229392525183641e+01
1.465992748986283445e+01,4.653035388384294890e+01
1.643864476885270776e+01,3.700564503370206637e+01
1.088611056155473200e+01,8.438291392339681352e+01
1.458337639930820906e+01,4.702013045299147365e+01
2.120889747762890565e+01,2.223124651672002372e+01
2.616406627457449829e+01,1.460795824810500498e+01
2.128586356914160760e+01,2.207076829977179955e+01
1.661280083722994405e+01,3.623383337814944838e+01
1.366840728859551746e+01,5.352592451788152772e+01
1.602133190327682044e+01,3.895854825175486269e+01
2.182336733491092673e+01,2.099696258249280234e+01
1.398162820802718542e+01,5.115457739432930850e+01
4.661226161201922480e+01,4.602562020796692188e+00
1.740666740602466689e+01,3.300416408234216448e+01
1.659776921509784842e+01,3.629949279477126112e+01
1.735264750898494057e+01,3.320997206139496427e+01
4.033416398440731854e+01,6.146867910433970295e+00
1.468518535066225539e+01,4.637043128450989826e+01
1.474232116306940554e+01,4.601169833325758418e+01
1.542721560523261104e+01,4.201698656062909265e+01
1.304979807866106079e+01,5.872086120387650254e+01
1.489352932791556050e+01,4.508216353750640337e+01
2.448749687185132373e+01,1.667674211361665471e+01
1.373543611089021788e+01,5.300478700390924303e+01
1.253386759516527427e+01,6.365460020179973810e+01
3.258992455342374228e+01,9.415281081658704920e+00
9.053190674896069368e+01,1.220103478157644306e+00
1.314855265167491716e+01,5.784210645640390425e+01
1.390051753264938483e+01,5.175330153869764871e+01
1.143821267928874441e+01,7.643348558445451602e+01
1.340266178982471423e+01,5.566957208064401641e+01
1.782532646513041286e+01,3.147204871981216812e+01
1.021458424352091221e+01,9.584260534010994093e+01
1.421627490270618743e+01,4.947984997724901035e+01
2.022231661261471203e+01,2.445334012948232072e+01
1.684552487445083102e+01,3.523959474345547704e+01
1.720884014316876787e+01,3.376733600267849056e+01
2.150464555808818901e+01,2.162396960699100035e+01
1.181809853823161482e+01,7.159864221015372721e+01
1.326962595173317361e+01,5.679140825127375081e+01
1.480434757726719219e+01,4.562695162223881340e+01
1.212594573476239290e+01,6.800937116465911458e+01
1.491585087031999990e+01,4.494733375565223810e+01
1.105363246956618539e+01,8.184458659681689596e+01
1.571396781732733672e+01,4.049750626544791743e+01
1.255053518767270226e+01,6.348564096336183127e+01
1.477652868387594332e+01,4.579891164611470344e+01
1.117608323251676161e+01,8.006095109370311036e+01
1.410730727198323109e+01,5.024718639410514953e+01
3.730913168858442930e+01,7.184056127560327631e+00
1.460322154949325402e+01,4.689242061699851405e+01
1.151271098539460525e+01,7.544748987033483445e+01
3.909153059625742088e+01,6.543869796649089743e+00
1.367904596589120381e+01,5.344269888934619672e+01
1.178775775501842915e+01,7.196769537010648321e+01
1.335954881840912911e+01,5.602945749085286309e+01
1.609146022412297938e+01,3.861971707727516190e+01
1.263365519418984917e+01,6.265301292456123861e+01
1.693728769212570384e+01,3.485878704391019056e+01
1.180693167956468592e+01,7.173414058246736147e+01
1.121673430209414590e+01,7.948169768509269772e+01
1.200211049310086509e+01,6.942002388357919074e+01
2.035533740176303397e+01,2.413478248418543970e+01
1.432319554561230746e+01,4.874388693849928700e+01
1.136584973594815473e+01,7.740984178634364810e+01
1.599001175986089862e+01,3.911131641061219710e+01
1.561250170061521558e+01,4.102560578961702475e+01
1.709794460471248456e+01,3.420677953762443479e+01
1.002103445263725057e+01,9.958063457894935766e+01
1.640257874073134303e+01,3.716856014206514658e+01
3.190200516487969296e+01,9.825712170535762624e+00
1.686028848133915048e+01,3.517790709896350165e+01
1.370013625534389590e+01,5.327828381936512159e+01
2.892105228915672654e+01,1.195561217612517879e+01
1.340131948283870322e+01,5.568072462393716648e+01
1.924647492647049418e+01,2.699588711836212696e+01
1.343353116106288780e+01,5.541401601213986083e+01
1.287055229193486205e+01,6.036783948937642208e+01
1.166625768404815844e+01,7.347453906070276730e+01
2.386938988636342174e+01,1.755162628848968254e+01
1.020376364671719394e+01,9.604598599618657317e+01
3.242842554253645204e+01,9.509293965423111672e+00
1.039053840981452304e+01,9.262407753555376644e+01
4.071287293219360492e+01,6.033044108130486194e+00
1.546884702084415686e+01,4.179112967873010831e+01
1.252948243733555600e+01,6.369916458293555195e+01
2.441581334982654283e+01,1.677480990915314507e+01
1.291807047654159746e+01,5.992453888456255839e+01
1.217902001637630960e+01,6.741791412029323283e+01
2.290467312490603291e+01,1.906126869655365041e+01
1.501033686101774123e+01,4.438325223254811647e+01
1.480448423412335224e+01,4.562610928191971738e+01
1.651794329308997789e+01,3.665118817388136563e+01
1.768616210120223542e+01,3.196927574902473523e+01
1.154855259075927698e+01,7.497990523082735592e+01
1.280690274348711455e+01,6.096937977061438829e+01
1.187604253950709676e+01,7.090167756366189167e+01
1.538031443343533411e+01,4.227363288417301845e+01
1.123006773293749561e+01,7.929307289364891176e+01
1.656205407950720954e+01,3.645621721459125553e+01
1.484484749997917952e+01,4.537833104231154380e+01
1.143818225605955163e+01,7.643389217992404383e+01
1.301397395252771716e+01,5.904459304991068080e+01
1.100434254557815805e+01,8.257941434370819422e+01
1.600253417598838723e+01,3.905012903296625382e+01
1.619137655540792764e+01,3.814454631379142313e+01
1.011897238523558862e+01,9.766235186252397682e+01
1.585233848032946469e+01,3.979360880922062194e+01
1.692899581117878327e+01,3.489294331672729044e+01
2.102619548363583135e+01,2.261927102795765521e+01
1.475269400907230199e+01,4.594701801492163185e+01
1.515413016910373756e+01,4.354496774982923313e+01
1.414772743333238658e+01,4.996048337401076367e+01
2.757927197825600985e+01,1.314723435634541460e+01
3.345804318318511150e+01,8.933032731492616563e+00
1.674209813471453501e+01,3.567633501897273618e+01
1.677487149723167192e+01,3.553706822518206110e+01
1.125620700240430061e+01,7.892523025890555743e+01
1.312771606750991182e+01,5.802586856671319282e+01
2.802831745112703032e+01,1.272934169895388123e+01
1.762574278566582109e+01,3.218882648053160267e+01
1.305870362419685193e+01,5.864079766843999408e+01
1.068241493214035209e+01,8.763167519336583666e+01
1.685859935354750050e+01,3.518495667123754345e+01
2.978975654124015904e+01,1.126849956182427448e+01
1.150340583667404637e+01,7.556959876039944390e+01
1.568064890713741022e+01,4.066979075979862301e+01
1.755409109658618405e+01,3.245213727610197907e+01
2.128080230715909948e+01,2.208126783099696056e+01
1.180588306743569937e+01,7.174688416633453869e+01
2.604884984537390480e+01,1.473746868699448243e+01
1.376058226829852948e+01,5.281124157861385982e+01
1.087103272789675579e+01,8.461714997120145654e+01
1.011928683549821706e+01,9.765628236858725586e+01
1.556770697207588050e+01,4.126204071654934324e+01
1.281379628240514990e+01,6.090379706142395833e+01
1.637481110446500665e+01,3.729472442341020155e+01
1.719461647141128680e+01,3.382322490935185044e+01
1.869349913173287803e+01,2.861665025472375845e+01
1.682976483942261225e+01,3.530562505238482629e+01
1.656017510213965238e+01,3.646449059247312618e+01
1.574383114919359272e+01,4.034401840657019278e+01
1.140415190099884946e+01,7.689073515326170138e+01
1.690808300323714164e+01,3.497931155770320544e+01
4.798482160923951056e+01,4.343024014988962733e+00
1.483655489011701789e+01,4.542907192690609719e+01
2.203966354137552486e+01,2.058685849879374175e+01
1.053397568750855129e+01,9.011879513057893121e+01
3.687014602417862363e+01,7.356145059750893722e+00
1.592236526544653685e+01,3.944435282203411219e+01
1.514109939018394968e+01,4.361995160702956298e+01
1.547346288648522084e+01,4.176620009847899695e+01
2.308574835577834605e+01,1.876342368824579054e+01
1.591321415099553782e+01,3.948973191027604202e+01
1.615271556242151618e+01,3.832736026380248973e+01
1.852803134044957645e+01,2.913006452855884021e+01
1.496015498632664631e+01,4.468150720213091631e+01
1.596009956336427393e+01,3.925805756185121709e+01
1.328874792717907205e+01,5.662808472511454028e+01
1.415257526792008846e+01,4.992626222725615293e+01
1.035885385562495564e+01,9.319156133223263794e+01
1.488827340904522245e+01,4.511399933360568326e+01
1.000874878784516397e+01,9.982525359939823772e+01
6.409353061065358759e+01,2.434286042879381551e+00
1.787914282688912593e+01,3.128287162854395120e+01
1.031051671006253123e+01,9.406739972577062758e+01
1.674399857106870471e+01,3.566823698240199292e+01
2.328761841398076271e+01,1.843953001228720368e+01
1.067915577947743522e+01,8.768517166726404355e+01
1.193104252097397833e+01,7.024949604051542451e+01
1.284760250090712042e+01,6.058370337581884968e+01
1.246896132586699224e+01,6.431902377977196750e+01
1.443321312194910178e+01,4.800361578051344935e+01
1.312875472491766971e+01,5.801668770905298089e+01
1.574117972002492571e+01,4.035761056649603518e+01
1.319385040658726105e+01,5.744561570879965728e+01
1.533275964420512771e+01,4.253626417272312921e+01
1.071311102335856624e+01,8.713021559753191525e+01
1.413040691040410124e+01,5.008303781352268658e+01
1.002080276846014328e+01,9.958523930466219554e+01
1.431011414148333927e+01,4.883304484765392317e+01
1.240787902148520594e+01,6.495385017404248629e+01
1.505150082770802733e+01,4.414081894404397133e+01
1.150844077245277575e+01,7.550348991864505876e+01
1.425889353901609802e+01,4.918450977204075514e+01
1.747720249567010242e+01,3.273830299165149427e+01
1.597294031411049886e+01,3.919496331668302247e+01
1.249879187796515190e+01,6.401237296337392024e+01
1.298872532891505394e+01,5.927436827992749357e+01
1.277166186805694004e+01,6.130630987069815063e+01
1.586433090030660331e+01,3.973346870022933786e+01
2.241446654017885010e+01,1.990412936125792953e+01
1.593289235208870203e+01,3.939224716098905077e+01
1.696698277301560864e+01,3.473687630882356103e+01
1.517323429756367936e+01,4.343538465906244284e+01
1.346002780813683586e+01,5.519606097456580329e+01
1.317576813217189091e+01,5.760339932480328429e+01
3.531188656780334156e+01,8.019700664288700764e+00
1.572897961401516120e+01,4.042024121265043846e+01
7.657407138096527888e+01,1.705440304541170127e+00
1.717375658811701911e+01,3.390544070335800342e+01
2.143723560247758186e+01,2.176017771709342696e+01
1.053902700055583530e+01,9.003242868451290803e+01
1.488286309704849231e+01,4.514680554503411258e+01
1.511691653067924612e+01,4.375962280208068478e+01
1.619740474505887917e+01,3.811615907841939332e+01
5.795156056483232021e+01,2.977623127744411402e+00
1.912211305058413302e+01,2.734816787607662292e+01
1.398549248557783109e+01,5.112631265130854530e+01
1.571270063687902940e+01,4.050403852475014332e+01
1.117019620861572449e+01,8.014536231152045787e+01
1.550255009865605516e+01,4.160961649104122984e+01
1.844367644374548121e+01,2.939713524214410612e+01
2.041326736774659167e+01,2.399799465305160595e+01
1.413783814819315410e+01,5.003040159778382190e+01
4.369713223305926419e+01,5.237139330653403313e+00
1.570249845502081065e+01,4.055668795622312217e+01
1.624192412231438354e+01,3.790749143201557558e+01
1.095492414964163430e+01,8.332613734060701915e+01
1.586719184239284886e+01,3.971914166544738123e+01
1.074919481997988591e+01,8.654622544215429514e+01
1.088712278726743499e+01,8.436722372017899829e+01
1.031537401127095954e+01,9.397883170717061319e+01
1.390160725583507073e+01,5.174518815135164829e+01
2.461506082694695507e+01,1.650434044020605029e+01
3.296712955603572937e+01,9.201057195295170743e+00
1.755590352066020188e+01,3.244543707992838222e+01
3.142096212700066360e+01,1.012887103421909529e+01
1.578668625667978453e+01,4.012527705884053830e+01
1.969423157709963945e+01,2.578231554561614303e+01
2.992490407585351875e+01,1.116694728747628496e+01
4.574216976234994547e+01,4.779324044890565837e+00
1.620046539618681791e+01,3.810175835072650585e+01
1.039655192180296694e+01,9.251695838341508704e+01
2.720225272154770479e+01,1.351419738437004270e+01
1.303801214862588864e+01,5.882707260520255232e+01
1.088584782974263909e+01,8.438698716486972273e+01
1.450793867837857931e+01,4.751038803687711010e+01
1.646473434042423989e+01,3.688846166679014971e+01
1.202489742726591615e+01,6.915717412234391759e+01
1.423564174010062189e+01,4.934531211942777418e+01
3.702260678225020740e+01,7.295683935719578628e+00
1.074592142567136044e+01,8.659896043985271774e+01
2.568798958961251344e+01,1.515443561432653041e+01
9.024284770480102225e+01,1.227932282238699990e+00
1.229947659974416929e+01,6.610384765451800604e+01
1.513502150455997430e+01,4.365499223240968973e+01
1.438888183506123397e+01,4.829986399540730702e+01
1.860579311107319356e+01,2.888707872955008682e+01
1.413759092061441258e+01,5.003215140130676986e+01
1.371441893646531085e+01,5.316736982463068983e+01
1.414111787702649892e+01,5.000719733289329838e+01
1.565781888864950133e+01,4.078847510268321486e+01
1.293458526969348377e+01,5.977161406169481950e+01
1.466481885371718263e+01,4.649931921009936531e+01
1.230125641447501117e+01,6.608472048790380882e+01
1.375399314571802734e+01,5.286185423982338705e+01
1.099599294389631154e+01,8.270487222674937300e+01
1.466468445905518081e+01,4.650017150104932995e+01
1.068853698734434232e+01,8.753131865014350410e+01
1.600317878967700125e+01,3.904698319037157717e+01
1.033670463124224348e+01,9.359136617307459005e+01
1.443084885042982002e+01,4.801934636987424909e+01
1.569400286538932754e+01,4.060060871227021551e+01
1.728724487546229582e+01,3.346173321085253605e+01
1.640197688282035315e+01,3.717128793549516530e+01
1.606067649816461795e+01,3.876790487477723701e+01
1.833194443917255967e+01,2.975657453393447227e+01
1.011337781346849951e+01,9.777043250005949915e+01
1.855375958954931903e+01,2.904933200467768017e+01
2.421499544632561296e+01,1.705419469042082170e+01
1.442827658911918576e+01,4.803646959542891892e+01
2.585121230001759329e+01,1.496367170553763692e+01
1.882108054970797184e+01,2.823000098115017309e+01
1.391445897755103367e+01,5.164964614749874272e+01
1.656342886544489090e+01,3.645016563974121482e+01
2.542572004259276852e+01,1.546868794911155476e+01
1.520666390042921279e+01,4.324462202567094238e+01
1.923829112419075926e+01,2.701885963621805331e+01
1.401803281894794395e+01,5.088922713046957824e+01
1.409858069634979927e+01,5.030940848387814412e+01
1.157247910493888732e+01,7.467017847965313138e+01
1.516731235891664831e+01,4.346930917936006011e+01
1.427181319413278260e+01,4.909550086008241720e+01
1.104993642182568436e+01,8.189934747127882986e+01
1.469526884333247452e+01,4.630681686683039544e+01
2.033283240983805840e+01,2.418823826083952611e+01
1.150734390971182108e+01,7.551788436319247921e+01
1.593669021846596401e+01,3.937347429628065498e+01
2.536561240362577152e+01,1.554208558131344198e+01
1.630988553232346305e+01,3.759223733639066012e+01
1.327986200350648005e+01,5.670389292080149346e+01
1.562691259200305005e+01,4.094997435047439893e+01
3.660442918776040244e+01,7.463331331254417833e+00
1.934598890347350064e+01,2.671887273242478855e+01
5.201005380911040987e+01,3.696795218747261025e+00
1.094809572799992381e+01,8.343011221521767595e+01
1.067102603394817528e+01,8.781882885756100166e+01
1.297178061617665179e+01,5.942932667398306990e+01
5.389334924806145466e+01,3.442941566465814951e+00
5.543075302696254170e+01,3.254606166422368663e+00
1.526998424882262029e+01,4.288671895515171428e+01
1.381262712918211832e+01,5.241401438476736985e+01
1.629590521400023562e+01,3.765676604760002988e+01
1.260272642654275366e+01,6.296090793061681978e+01
1.257904302662971219e+01,6.319821248255435364e+01
1.018239224022431877e+01,9.644958308005769254e+01
1.190952127276588968e+01,7.050361588563031034e+01
1.271786591881271278e+01,6.182605216240748547e+01
1.852211014372540987e+01,2.914869225634211602e+01
1.091305318061743179e+01,8.396677185682455047e+01
2.178354551370349412e+01,2.107380053778375739e+01
2.132425961849656559e+01,2.199135945831358185e+01
1.602561956042185543e+01,3.893770430856349662e+01
1.082061570133536499e+01,8.540750866158262511e+01
1.466724056142114918e+01,4.648396547498379761e+01
1.064560213089317564e+01,8.823878884398970968e+01
7.606489511726063313e+01,1.728349062703932182e+00
1.960776626341471385e+01,2.601020394903488864e+01
1.465627244172273258e+01,4.655356468189538788e+01
1.364222203841575443e+01,5.373159993428766512e+01
1.564258149767639772e+01,4.086797766406021992e+01
1.072294221691510963e+01,8.697052037244081646e+01
1.410126480993442932e+01,5.029025795847539371e+01
1.592943129819155779e+01,3.940936685590332900e+01
1.569335653368521832e+01,4.060395305749533890e+01
1.068883493019627018e+01,8.752643898507025710e+01
2.088627895197035400e+01,2.292333767764113261e+01
1.294243322822053699e+01,5.969914810117575144e+01
1.429809802743377567e+01,4.891515786735708815e+01
2.783881703888801695e+01,1.290323023309734829e+01
1.647552975970370071e+01,3.684013594382769696e+01
1.033588685325224610e+01,9.360617670422855952e+01
1.106835942439020570e+01,8.162693561247432683e+01
1.277457645069077685e+01,6.127833838793962684e+01
1.380118359976104436e+01,5.250097069253959603e+01
1.591619939116027815e+01,3.947491992212181344e+01
1.430589818773221111e+01,4.886183132328024215e+01
1.683594935051112174e+01,3.527969150730957182e+01
1.462590222870264967e+01,4.674709935105467196e+01
1.321590945529057848e+01,5.725400754396810044e+01
1.060025647138690985e+01,8.899533739128504806e+01
2.251209680839117055e+01,1.973186359859712979e+01
1.286029977869337415e+01,6.046413099012064407e+01
6.634839381932869173e+01,2.271638248109609570e+00
1.630345945466949686e+01,3.762187745602625455e+01
1.598260871169766695e+01,3.914755705462935964e+01
1.256313047865027244e+01,6.335840845731557636e+01
1.497410885136171821e+01,4.459827163500271752e+01
1.183732312486700167e+01,7.136626930628823118e+01
1.032197830965725061e+01,9.385860946516164915e+01
2.141510890566427960e+01,2.180516741076224108e+01
1.255665023300133676e+01,6.342382144387257625e+01
1.684854903362508338e+01,3.522694551421339071e+01
1.556169138374760941e+01,4.129394771431468314e+01
1.362561439425847176e+01,5.386266178465200483e+01
2.240476264637218051e+01,1.992137474684620457e+01
1.337058629411789568e+01,5.593699056282035542e+01
1.004539315364910657e+01,9.909828133961870833e+01
1.010569013540363059e+01,9.791924242619160168e+01
2.318524244489353237e+01,1.860273145682548446e+01
1.415816007345763161e+01,4.988688232602740413e+01
1.308407522159057379e+01,5.841359503286105337e+01
1.272218380147903360e+01,6.178409201771989245e+01
1.427968262313729753e+01,4.904140342523904650e+01
1.286079949260853006e+01,6.045943234278776401e+01
1.761421478730619583e+01,3.223097359541355900e+01
4.609503172036433938e+01,4.706431733496204473e+00
1.940686345546539471e+01,2.655151457617534305e+01
1.039427277363153301e+01,9.255753514692678152e+01
1.324701527455061800e+01,5.698544261281178080e+01
1.046795223404804531e+01,9.125917439745323634e+01
1.952500177121179448e+01,2.623118051337391776e+01
1.258533531168920128e+01,6.313503391017678013e+01
2.289619363319299339e+01,1.907538980348980218e+01
2.279866751297528182e+01,1.923893688585093997e+01
1.384277162910418113e+01,5.218598578331896221e+01
1.522492946708720929e+01,4.314092187938015144e+01
1.587744358504656894e+01,3.966786653928349438e+01
1.276307034476390356e+01,6.138887493620101310e+01
2.508969214376569923e+01,1.588580894520437070e+01
1.856340790885899139e+01,2.901914310883113401e+01
1.738735797171867503e+01,3.307750997073053156e+01
1.492959384844762738e+01,4.486462207254837153e+01
2.284418316002651039e+01,1.916234843508241070e+01
1.821721716970625593e+01,3.013255297322758608e+01
1.333007246036561888e+01,5.627752371227803252e+01
1.458698064155237084e+01,4.699689726888352226e+01
4.312657132231077384e+01,5.376629816264578032e+00
2.165049878746693679e+01,2.133360195484839394e+01
1.731525506046763496e+01,3.335356140012373771e+01
1.848696266022207624e+01,2.925963282497271933e+01
1.401333274935019269e+01,5.092336933268841648e+01
1.968142439415936096e+01,2.581588082619938262e+01
3.659847148988950494e+01,7.465761372206384472e+00
4.501957240630574120e+01,4.933978678868811585e+00
1.391802458837110734e+01,5.162318564715919678e+01
1.467976000280613569e+01,4.640471279982137531e+01
1.647386718946873430e+01,3.684757225534574587e+01
1.803052910049961000e+01,3.075976815179013357e+01
1.832483098804022603e+01,2.977968121612329711e+01
1.486094602709919954e+01,4.528006965149798901e+01
1.357742541350068777e+01,5.424567886185570842e+01
1.263277877476927458e+01,6.266170653394197387e+01
1.739718655508838197e+01,3.304014608675684173e+01
1.563371061748157764e+01,4.091436943851769570e+01
1.147366538467002073e+01,7.596186866638917934e+01
1.654399512750052637e+01,3.653584978169609343e+01
3.360194848743299900e+01,8.856682510391525653e+00
1.054972084969354107e+01,8.984999632441360973e+01
4.125464307771257921e+01,5.875628541906597668e+00
1.655219684686448645e+01,3.649965125790156861e+01
1.582285546886144267e+01,3.994204326626692136e+01
1.564706633957957393e+01,4.084455344542332966e+01
1.103131185431529104e+01,8.217612825488950534e+01
1.173496904656759021e+01,7.261663216546027400e+01
1.414730838974526250e+01,4.996344307908644566e+01
1.945118382097002296e+01,2.643065487143103454e+01
1.494230329087102938e+01,4.478833372245205879e+01
1.133236100690057135e+01,7.786803185047455145e+01
1.765841302479342190e+01,3.206983007392285856e+01
1.715842088168739821e+01,3.396607521664031282e+01
1.257505140929961129e+01,6.323834005087746135e+01
1.280445405491086852e+01,6.099270123336316374e+01
1.240656994445411065e+01,6.496755808520020992e+01
1.268361829052803813e+01,6.216038172728305966e+01
1.292474825630042545e+01,5.986263292096708710e+01
1.704512693108119237e+01,3.441910083827556832e+01
1.590546376166355991e+01,3.952822627547266876e+01
1.787381903235051084e+01,3.130150988192347938e+01
3.913256299187333553e+01,6.530153859813036199e+00
1.196959056538825195e+01,6.979774789503663612e+01
2.143929453048361466e+01,2.175599842957648633e+01
1.444849139608473543e+01,4.790214849025947785e+01
1.296889491594590815e+01,5.945577677670220140e+01
1.194503185264673384e+01,7.008504808493927385e+01
1.396447599546173812e+01,5.128031831554554998e+01
1.267432094249654995e+01,6.225161165220856674e+01
1.158722144664109877e+01,7.448029464725843241e+01
1.060154073444967793e+01,8.897377703421598483e+01
1.572526070569302448e+01,4.043936165191443877e+01
1.381110410863618476e+01,5.242557494092179127e+01
1.185644982771448852e+01,7.113620036608320163e+01
1.758132661096665927e+01,3.235167090318152816e+01
1.107768421241109458e+01,8.148957233309302239e+01
1.439473305080243115e+01,4.826060581884768652e+01
2.598286795367859625e+01,1.481241351195643574e+01
1.068740922869038457e+01,8.754979261483524056e+01
1.913509331241404254e+01,2.731107728325148898e+01
2.173311077947684566e+01,2.117172345256097543e+01
1.183817529628942467e+01,7.135599506979920648e+01
2.072318552325873853e+01,2.328557518044308239e+01
2.179862461009681951e+01,2.104465521636348768e+01
1.380290734017646592e+01,5.248785861520774887e+01
1.158705513300867018e+01,7.448243275346457892e+01
1.688130334929462961e+01,3.509037843839342941e+01
2.396222688221732611e+01,1.741588900580678256e+01
1.693897883541443505e+01,3.485182697133811303e+01
1.501313381182223061e+01,4.436671654970620438e+01
1.644118082378203738e+01,3.699422966014165581e+01
1.883259508975081076e+01,2.819549101550985526e+01
1.402933991955791448e+01,5.080723072357123726e+01
1.492764169605956148e+01,4.487635712188552617e+01
1.013402399764846251e+01,9.737246026108056185e+01
1.994708282505505892e+01,2.513281983839768330e+01
1.467026718385393735e+01,4.646478724215489109e+01
1.454903413956258085e+01,4.724236971893287773e+01
1.160144004333558776e+01,7.429784206986376205e+01
1.403935199193937500e+01,5.073479087180855629e+01
1.553464298423387824e+01,4.143787217803966172e+01
1.690427837746319994e+01,3.499505883348422941e+01
4.710108618763044319e+01,4.507525114737217287e+00
4.493826770158152328e+01,4.951848463185653415e+00
1.377368810801177545e+01,5.271078825430316073e+01
1.327403245775279217e+01,5.675370905989460368e+01
1.633619607612267188e+01,3.747124518881244626e+01
2.145057409749594157e+01,2.173312410267017469e+01
1.148623296723350684e+01,7.579573329491498157e+01
2.160595148908401342e+01,2.142166417750705776e+01
2.163270366304534065e+01,2.136871455576191892e+01
4.138014645896127774e+01,5.840041766556020697e+00
2.653994152245716265e+01,1.419711423291809815e+01
1.035008062647687055e+01,9.334961564438096104e+01
2.079242560854013888e+01,2.313074854122505286e+01
2.229695325207903878e+01,2.011448665656605073e+01
1.907200416023309586e+01,2.749206325050309019e+01
1.486135777883932541e+01,4.527756060899053381e+01
2.401551602244982675e+01,1.733868491214543894e+01
1.254981920698399023e+01,6.349288501824492670e+01
1.300184208838786759e+01,5.915483207165763702e+01
1.191732970343259268e+01,7.041125589318990308e+01
3.295024469248794929e+01,9.210489501627982634e+00
1.394442172321070395e+01,5.142792270932655896e+01
1.049866936900099823e+01,9.072594119825649273e+01
1.328416349004594110e+01,5.666717678998340091e+01
1.275817828467933701e+01,6.143596248047958142e+01
1.431650584772946999e+01,4.878945085823469441e+01
1.821579270690024188e+01,3.013726584846882162e+01
1.413932846574051538e+01,5.001985551617553938e+01
4.547857951831036871e+01,4.834885762363128059e+00
1.637512178529669526e+01,3.729330927105443294e+01
1.931109428619714663e+01,2.681552051270984194e+01
1.294247016610766821e+01,5.969880733821174346e+01
1.063618689201939560e+01,8.839507736995082610e+01
1.158290025693114167e+01,7.453587718879155943e+01
1.786967251620181329e+01,3.131603810282006606e+01
1.270640242792655883e+01,6.193765921986011591e+01
1.442217394727085278e+01,4.807713078738542123e+01
1.705100194649265077e+01,3.439538634785946414e+01
1.429770232115326500e+01,4.891786547765647697e+01
1.478714016239300122e+01,4.573320322876435284e+01
1.649939829379155753e+01,3.673362490635818034e+01
1.302280849488840175e+01,5.896450970633157596e+01
1.295970214986963676e+01,5.954015478007428186e+01
1.610546462086949759e+01,3.855258325549333875e+01
2.506586275546838394e+01,1.591602765750591431e+01
1.840505479163867264e+01,2.952064013620968197e+01
2.047737748764140164e+01,2.384796509559491184e+01
1.206651902285767974e+01,6.868090295006476254e+01
1.295246264431055394e+01,5.960673080566440518e+01
1.676344448045562885e+01,3.558553333400669061e+01
1.476297728099393680e+01,4.588303076975102357e+01
1.060372327150090399e+01,8.893715431683133943e+01
1.969084008629523197e+01,2.579119764673002280e+01
1.099110386516600002e+01,8.277846639319071187e+01
2.017037143165865132e+01,2.457945271113696961e+01
1.787245033920511261e+01,3.130630427795247428e+01
1.871875066210983007e+01,2.853949480517667325e+01
1.833795700519055671e+01,2.973706483193735650e+01
1.500371294732363658e+01,4.442244996041063843e+01
2.627013810750752398e+01,1.449023030314565652e+01
1.481451408043923479e+01,4.556434985467498677e+01
1.436094865425557288e+01,4.848794083997006510e+01
1.418709709240124006e+01,4.968358415483130841e+01
1.443858415180752175e+01,4.796790855383603969e+01
1.381319765646837006e+01,5.240968475616482891e+01
1.235094669697778436e+01,6.555404654231278982e+01
1.514196391604226122e+01,4.361497081328646885e+01
1.243914913550616319e+01,6.462769260105231695e+01
2.134744175513790765e+01,2.194362260114363750e+01
1.595604822882930840e+01,3.927799579638722349e+01
1.803562755022106501e+01,3.074237979484165706e+01
3.266019569282543245e+01,9.374809140367235116e+00
1.109593412770801635e+01,8.122173462498815866e+01
1.336330777935296688e+01,5.599794090464243368e+01
4.496001830987036385e+01,4.947058444519312204e+00
1.414563184412642904e+01,4.997528715314516035e+01
1.296576120444689906e+01,5.948452013608658007e+01
2.182981415665842917e+01,2.098456268883273168e+01
1.341931797356416212e+01,5.553146265183937658e+01
1.860989071111922755e+01,2.887435918534283275e+01
1.311687279235165349e+01,5.812184426677033855e+01
2.326640032422360349e+01,1.847317767594502413e+01
1.227632210482811814e+01,6.635344108039082300e+01
3.221265156825273834e+01,9.637115188358814422e+00
3.129765265198253132e+01,1.020884164545068984e+01
1.236516244267678744e+01,6.540340331782891781e+01
2.301733922942014487e+01,1.887512181873082895e+01
1.160051237029891169e+01,7.430972548646508358e+01
1.334687767408823689e+01,5.613589352271592503e+01
1.793552263072388442e+01,3.108650711808057210e+01
1.395377281133864322e+01,5.135901720188711295e+01
1.666077709553864850e+01,3.602545643995443214e+01
1.894552211109627393e+01,2.786036766600506098e+01
1.088139975431099948e+01,8.445599233188895028e+01
1.488138972473211830e+01,4.515574575123706325e+01
1.595530410442280633e+01,3.928165958075400965e+01
1.302971869286939643e+01,5.890198366105976646e+01
1.528620561001003963e+01,4.279574649855469204e+01
1.655767171718541064e+01,3.647551769331441562e+01
1.657534459819862960e+01,3.639777767113550055e+01
1.453180351998774178e+01,4.735446838522401691e+01
1.347373172135579722e+01,5.508384004228619801e+01
1.439440517486369941e+01,4.826280440523708393e+01
1.629042794494904101e+01,3.768209268902599973e+01
2.220402199456551884e+01,2.028321070919940183e+01
1.682100532666503412e+01,3.534240532685806357e+01
1.321292038281504588e+01,5.727991487264880988e+01
2.258337272084006386e+01,1.960750775474152974e+01
1.823247748753940201e+01,3.008213306739423842e+01
1.295127408097047805e+01,5.961767175641079319e+01
1.794837040554355667e+01,3.104201845553118133e+01
1.408879079756493802e+01,5.037934992094067610e+01
1.343755418568010462e+01,5.538084054344245288e+01
2.369535020536683945e+01,1.781040259287276939e+01
2.694042543688373570e+01,1.377815609267500463e+01
1.239664072006263673e+01,6.507167271074696657e+01
1.208072123920363872e+01,6.851951396245739545e+01
1.586433093132033889e+01,3.973346854487662938e+01
2.368814455268916319e+01,1.782123966742105026e+01
1.708075865953038175e+01,3.427564902963679572e+01
3.556373075306935760e+01,7.906519980369130174e+00
1.391234532930648804e+01,5.166534119734843244e+01
1.854258784921253422e+01,2.908434646548739266e+01
1.158159270531774609e+01,7.455270820858308412e+01
1.551969918729300524e+01,4.151771100355803412e+01
1.107620411400574412e+01,8.151135247428055663e+01
1.370338726269817897e+01,5.325300721539024806e+01
1.141794865918672919e+01,7.670502719778303913e+01
1.484178771396628882e+01,4.539704338313625698e+01
1.876009010120916543e+01,2.841385502420265041e+01
1.255933449897243115e+01,6.339671360427080060e+01
2.309258536289716091e+01,1.875231478306372068e+01
1.018078208508181604e+01,9.648009371698800862e+01
3.473782260098546715e+01,8.286951822952181246e+00
2.849722127266608140e+01,1.231388152577889095e+01
1.439793587494580507e+01,4.823913704127555491e+01
1.322827119139454766e+01,5.714705052384269379e+01
1.286093723602255068e+01,6.045813728258008979e+01
1.489972510017073404e+01,4.504467818238529020e+01
1.611140081331036811e+01,3.852417934506840425e+01
1.130422935610042501e+01,7.825607811445803463e+01
1.877011952989344579e+01,2.838349841438426324e+01
2.059278210484260896e+01,2.358141990285515632e+01
1.493378118119179199e+01,4.483946611760314482e+01
1.208154963432421880e+01,6.851011793516346415e+01
1.643870235176738248e+01,3.700538578097972930e+01
1.835697251551055231e+01,2.967548903699203677e+01
1.240884737317995601e+01,6.494371293650438304e+01
1.604126433085233572e+01,3.886179079262116431e+01
2.694877485816568097e+01,1.376961976334661131e+01
1.376137644467017473e+01,5.280514622468524522e+01
1.395694295178858724e+01,5.133568876846715057e+01
2.088727085561944818e+01,2.292116054281493120e+01
4.584662861175782922e+01,4.757570037749423442e+00
2.526277971426457114e+01,1.566887188912507156e+01
5.214697524107659632e+01,3.677407479725366191e+00
3.313247210218278127e+01,9.109453390662157091e+00
1.864768225262257673e+01,2.875744376338014874e+01
1.126977474281319580e+01,7.873530766202135567e+01
1.998440625803409532e+01,2.503902999575695887e+01
1.425188439774518656e+01,4.923289999754991442e+01
1.625402738891783372e+01,3.785105819933034610e+01
2.427275922870202862e+01,1.697312087395867763e+01
1.264294023765035035e+01,6.256102129571587511e+01
3.278706156341274180e+01,9.302399948994596102e+00
1.455928527990717924e+01,4.717586677457575206e+01
1.852639109804048800e+01,2.913522284375304494e+01
1.021966026303871189e+01,9.574742054866781871e+01
1.298819471349543164e+01,5.927921152981005548e+01
1.984408703658020912e+01,2.539438816015944766e+01
2.213374813522490925e+01,2.041221211032797456e+01
1.301586742925946005e+01,5.902741533483478520e+01
1.270530432780647878e+01,6.194836603780549922e+01
1.112029096420880769e+01,8.086632342736298540e+01
2.173466614699533395e+01,2.116869339610730805e+01
4.668040031630833653e+01,4.589135241142294319e+00
1.926780152189915896e+01,2.693615931411385489e+01
1.668352689663315758e+01,3.592727418080481527e+01
2.290019997903701210e+01,1.906871598197399820e+01
1.985896576686835147e+01,2.535635045814602506e+01
1.224212239957089920e+01,6.672469008080005892e+01
1.447925318296468156e+01,4.769882441703462916e+01
1.222763807682882486e+01,6.688286197860975335e+01
1.586198315495520283e+01,3.974523153833738576e+01
1.886453299254588245e+01,2.810010115683887832e+01
2.402192034005012644e+01,1.732944105143413083e+01
1.263030848085711533e+01,6.268622026137127534e+01
1.006262508039217174e+01,9.875916661382809991e+01
1.959453394789079894e+01,2.604534552864975794e+01
1.569656908100439807e+01,4.058733429560361117e+01
1.119841811150861233e+01,7.974191166655533891e+01
1.597686578228758236e+01,3.917570551205461982e+01
1.354554668386149707e+01,5.450130800100982498e+01
2.542348435306836762e+01,1.547140863866859739e+01
2.732816644800592698e+01,1.338995173715246345e+01
1.128286294563601899e+01,7.855274655406630302e+01
1.304275276362493052e+01,5.878431693444176886e+01
1.150344763241726120e+01,7.556904962384358271e+01
2.079181472086740001e+01,2.313210777772430760e+01
1.628287105724965755e+01,3.771707735729440003e+01
1.381952191974573552e+01,5.236172697515851837e+01
1.706327450738318419e+01,3.434592718093642816e+01
2.161364980628816213e+01,2.140640702302154352e+01
1.469631129290581306e+01,4.630024776136271925e+01
1.847823682422470171e+01,2.928727345350971589e+01
1.450489744844506923e+01,4.753031305355722225e+01
5.883632143561341366e+01,2.888743465628730078e+00
1.458681471977363664e+01,4.699796643350771319e+01
1.251544975759891720e+01,6.384208730799618792e+01
1.774287455259570478e+01,3.176523232752213488e+01
1.588971275818525264e+01,3.960663144567512717e+01
2.353382373791346538e+01,1.805572814711788610e+01
2.008185428354233082e+01,2.479661374382167338e+01
2.170170095973732671e+01,2.123305332345364960e+01
1.582914209575344877e+01,3.991032318203046714e+01
8.139107188053873188e+01,1.509546390576259833e+00
1.712195517325300642e+01,3.411090867077058419e+01
1.251919514158410962e+01,6.380389358055816729e+01
1.488921949052320493e+01,4.510826630466172560e+01
1.312181547335627840e+01,5.807806623456249895e+01
1.472534044742515036e+01,4.611787748181251345e+01
1.169456874326773921e+01,7.311922469335273433e+01
1.743594253960969809e+01,3.289342843624528001e+01
1.874871206517498479e+01,2.844835253677096176e+01
1.687009610952923566e+01,3.513701681087560758e+01
1.910740356777322546e+01,2.739029105066517644e+01
2.750322753591779090e+01,1.322003717596288475e+01
1.780833875636651698e+01,3.153212091473008272e+01
1.328204165838466189e+01,5.668528361679565108e+01
1.042610926807580007e+01,9.199314272786257618e+01
1.184993405129365129e+01,7.121445143593570037e+01
2.120681341279224341e+01,2.223561621006413702e+01
1.032545909657063099e+01,9.379533929969845474e+01
1.650141660437307323e+01,3.672463957721344485e+01
6.780485929951720436e+01,2.175095659714306962e+00
4.647454008496250566e+01,4.629880680389417691e+00
1.935876558459831287e+01,2.668361574649424739e+01
1.294011804085932660e+01,5.972051221502661633e+01
1.469587745947693236e+01,4.630298143844807868e+01
1.769350204725620657e+01,3.194275707711285150e+01
1.857465322849701650e+01,2.898401666486011408e+01
2.540282868871485178e+01,1.549657923316016728e+01
2.277579002503304650e+01,1.927760598124257285e+01
1.371766664470821695e+01,5.314219766243641629e+01
1.566666966780374359e+01,4.074240177404278285e+01
1.335295499713925516e+01,5.608480695428126950e+01
1.116988769381161006e+01,8.014978963843749682e+01
2.856333696573299008e+01,1.225694150055874232e+01
1.098779000871267186e+01,8.282840497427400805e+01
4.333944413861424749e+01,5.323942131554001200e+00
1.320554472307370375e+01,5.734391755539004265e+01
1.478141648590489687e+01,4.576862780937791086e+01
2.991115976580453761e+01,1.117721216853385258e+01
1.922933038410276296e+01,2.704404672119958875e+01
1.328676698867113615e+01,5.664497146905085856e+01
1.195144186087827798e+01,7.000988974560917200e+01
1.579622279795502671e+01,4.007684258731615046e+01
1.423832297005047920e+01,4.932672935912915335e+01
2.511573984922670988e+01,1.585287546976120865e+01
1.406333923839173217e+01,5.056186607362731422e+01
2.327731668641948559e+01,1.845585500813767865e+01
2.404551732633029815e+01,1.729544536485379425e+01
1.198500050718859811e+01,6.961837572746603087e+01
1.976270545506391585e+01,2.560396377848183036e+01
1.109935383908332440e+01,8.117169349544150236e+01
2.230743372729056162e+01,2.009559072616386999e+01
1.298897068930855880e+01,5.927212892697023250e+01
1.364668654731990927e+01,5.369644913539927700e+01
3.036603918792030044e+01,1.084485385094158794e+01
1.182010870089499299e+01,7.157429172695387365e+01
1.100198873944882649e+01,8.261475281368760193e+01
1.249416025663590979e+01,6.405984090344460924e+01
1.461308806538380090e+01,4.682912001697867765e+01
1.447334812524045233e+01,4.773775414745740875e+01
1.417717088209115595e+01,4.975318088282201501e+01
1.375252624411778157e+01,5.287313177134545583e+01
1.408163331139603969e+01,5.043057709515250764e+01
1.347400171839064242e+01,5.508163248364400033e+01
1.899261795003132391e+01,2.772236872549527931e+01
1.648764714470447856e+01,3.678600547068373317e+01
2.807062040695847926e+01,1.269100389127697071e+01
2.221932256725309784e+01,2.025528565570273543e+01
1.469006411319551475e+01,4.633963594501598493e+01
2.680626333908122660e+01,1.391641722044337648e+01
1.246616317879951907e+01,6.434790103472606404e+01
1.599547501470831889e+01,3.908460403121650728e+01
1.718764326033075562e+01,3.385067536639198948e+01
2.306211027121094048e+01,1.880190747788829242e+01
2.391047306743259071e+01,1.749136339375025173e+01
1.677688915137843040e+01,3.552852108621376459e+01
1.400223651636867750e+01,5.100411092890925602e+01
1.151694213352854668e+01,7.539206354930976772e+01
1.743400273199910089e+01,3.290074866827267641e+01
1.137432012512939927e+01,7.729459140928639727e+01
1.260022660967683805e+01,6.298589261655151006e+01
1.278221670349657479e+01,6.120510506924765792e+01
1.942973993001020006e+01,2.648902815363485530e+01
1.427319231218218754e+01,4.908601381348449877e+01
6.463729325529948255e+01,2.393501349318222893e+00
2.104865987161600671e+01,2.257101551611335211e+01
1.657933648886536915e+01,3.638025242731733044e+01
1.105677700482499759e+01,8.179804019522445913e+01
1.346283897583926503e+01,5.517301246537780912e+01
1.758453019674781359e+01,3.233988418941148524e+01
2.479097978603213903e+01,1.627093902308601159e+01
2.186031151443387088e+01,2.092605233307221724e+01
1.615670723751920690e+01,3.830842429270629168e+01
1.791068411831760798e+01,3.117278835566651551e+01
1.626290168434651306e+01,3.780976054748796855e+01
1.587085979743041975e+01,3.970078460194196879e+01
1.502418051539924271e+01,4.430149824540669812e+01
2.188966554233113371e+01,2.086996631759543774e+01
1.497038589389411278e+01,4.462045651592398343e+01
2.090359569295343078e+01,2.288537357948865747e+01
2.359487243066349293e+01,1.796241527998292042e+01
1.371446354015478519e+01,5.316702399163611403e+01
2.010429496378924696e+01,2.474128802151243178e+01
2.289904847858860037e+01,1.907063380725871937e+01
1.828467805528568491e+01,2.991061646701580656e+01
1.335883558413357974e+01,5.603544052673488807e+01
1.587204655525659369e+01,3.969484794402480077e+01
2.357176467112931206e+01,1.799765020015370354e+01
1.327694170953013497e+01,5.672883996835663822e+01
1.359540951890638460e+01,5.410226063437148980e+01
1.959374410367032127e+01,2.604744540095206062e+01
1.560107318779531482e+01,4.108573413945149611e+01
4.464459251899594960e+01,5.017209930180116295e+00
1.612963519626096698e+01,3.843712622005351420e+01
2.416971945247614073e+01,1.711814816968109199e+01
2.541141524641939142e+01,1.548610836488765763e+01
2.064612728828075561e+01,2.345971862598509361e+01
1.541866543393145506e+01,4.206359916053300196e+01
1.128045452343393862e+01,7.858629278656235329e+01
1.407372478752073164e+01,5.048727047061196771e+01
1.496434895241673679e+01,4.465646548906313740e+01
2.179900441248459231e+01,2.104392190391299167e+01
1.171429415715482847e+01,7.287318466429043440e+01
1.293043778267301036e+01,5.980996415554838563e+01
1.165265034247289577e+01,7.364623852359837031e+01
1.540097937996356947e+01,4.216026395384140102e+01
2.134910155676772092e+01,2.194021068756680037e+01
1.880198287553256975e+01,2.828737803199435064e+01
2.832821809855443007e+01,1.246124644818206306e+01
1.513858195868142786e+01,4.363446014830765307e+01
1.725761868230466334e+01,3.357671949149882806e+01
1.203575191168095060e+01,6.903249109812034590e+01
1.396432760780329119e+01,5.128140815058841895e+01
2.001795027411069938e+01,2.495518465732064683e+01
1.477950682595926146e+01,4.578045610148031130e+01
2.303228524174149072e+01,1.885063303976570737e+01
2.579434510736560782e+01,1.502972339304029781e+01
2.208131226479633114e+01,2.050927182673315130e+01
1.427629902557418085e+01,4.906465259324134109e+01
1.841059665877403262e+01,2.950287049566356856e+01
1.361928451350904901e+01,5.391274128133971999e+01
1.425751775523384524e+01,4.919400238033776418e+01
1.945152920847647948e+01,2.642971625762487875e+01
1.238858309544483660e+01,6.515634641712627229e+01
1.364928321282532231e+01,5.367602045029074276e+01
1.410449995971908699e+01,5.026719044685631843e+01
1.270973136573827666e+01,6.190521799705622641e+01
1.849566433298951651e+01,2.923210768688840844e+01
1.250473305087969500e+01,6.395156107239685639e+01
1.772344569471297859e+01,3.183491408906990472e+01
1.881118813671356804e+01,2.825969993007008796e+01
1.984010152226116830e+01,2.540459172319188852e+01
1.452490783153720777e+01,4.739944205076604078e+01
2.762586169842857942e+01,1.310292736037003536e+01
2.184535381989977054e+01,2.095471862613495517e+01
2.322336259742113640e+01,1.854171040985050922e+01
1.330758279038296088e+01,5.646790124875059291e+01
2.334987375384436348e+01,1.834133428944903343e+01
2.270935455468209341e+01,1.939056297127926953e+01
2.415120859968923028e+01,1.714439886049653339e+01
1.941120966366176148e+01,2.653962603411019572e+01
1.553764084835540515e+01,4.142188350545234954e+01
1.659993079156318174e+01,3.629003986130165060e+01
2.135192410997265355e+01,2.193441043101657328e+01
1.156224677526091504e+01,7.480239983449870067e+01
1.238324590683427395e+01,6.521252339257340225e+01
1.316162531593630369e+01,5.772726123022973610e+01
1.650727636629066453e+01,3.669857113997773013e+01
4.353612707754265188e+01,5.275946898559221054e+00
1.414467693625540790e+01,4.998203504935015928e+01
2.833995685848703872e+01,1.245092538200382570e+01
1.441468946316875588e+01,4.812706955841540690e+01
2.208884917897151468e+01,2.049527831816835999e+01
1.308856928402832764e+01,5.837348839180334181e+01
1.262644419275746444e+01,6.272459601931918627e+01
1.296123659146895868e+01,5.952605805686270202e+01
1.259072337795906371e+01,6.308100953855797854e+01
1.698028532332159557e+01,3.468247109326366484e+01
1.086484281180079314e+01,8.471359356815321462e+01
1.888996825342831798e+01,2.802447877341928617e+01
1.681041637685271795e+01,3.538694400040219534e+01
2.001203271588819632e+01,2.496994533594090981e+01
1.832328970375167998e+01,2.978469133013008019e+01
1.325449663052422089e+01,5.692113114551440134e+01
1.370424682972923236e+01,5.324632708268028836e+01
1.606275863560028938e+01,3.875785493551143901e+01
1.619232598175933902e+01,3.814007328431565469e+01
1.934190445224488286e+01,2.673015843136760594e+01
1.465137148511041509e+01,4.658471468866604681e+01
1.387001906645758353e+01,5.198115005994569771e+01
1.274166217813182200e+01,6.159533580531988406e+01
2.119187399884441092e+01,2.226697768042685865e+01
1.930336932931909288e+01,2.683698725099803539e+01
8.649006333697005289e+01,1.336803486957646392e+00
3.021802042767086860e+01,1.095135807100395198e+01
1.171026012567844177e+01,7.292340103052718803e+01
1.536719264376612415e+01,4.234585720765329597e+01
2.333215932356546318e+01,1.836919537354088305e+01
1.771272396689987971e+01,3.187346587688443833e+01
1.513998862699448722e+01,4.362635230059856895e+01
1.387567131703084655e+01,5.193880967342214916e+01
1.425115873820772627e+01,4.923791393833559482e+01
5.882062124226423094e+01,2.890285777927753763e+00
7.023903012826819747e+01,2.026949775577624902e+00
1.156273274817341701e+01,7.479611219005009559e+01
1.171066049604433701e+01,7.291841482677340025e+01
2.270155359442013321e+01,1.940389166266149701e+01
1.381007026977318475e+01,5.243342452089561334e+01
1.393083137126103566e+01,5.152831362954012917e+01
1.964360365972963862e+01,2.591538553217344543e+01
1.954411887527111347e+01,2.617988948748994815e+01
1.060101082251775217e+01,8.898267230755675428e+01
1.172559469742361138e+01,7.273278930661619768e+01
1.522236945861188318e+01,4.315543347202202540e+01
2.496505435256160510e+01,1.604482439185370524e+01
1.351712818906656999e+01,5.473071668411265023e+01
1.528416880986309678e+01,4.280715335905565411e+01
1.615767846535532470e+01,3.830381904079590782e+01
1.553452273375275539e+01,4.143851370960617686e+01
1.334765346127157315e+01,5.612936829470299216e+01
1.419179326455946111e+01,4.965070824462615917e+01
1.363794798096029126e+01,5.376528358397433038e+01
1.267823147824592844e+01,6.221321519135094746e+01
2.659655815352063257e+01,1.413673519822594749e+01
4.177424084107801150e+01,5.730372678413735876e+00
1.629372145403380046e+01,3.766686059218131533e+01
1.546325576870916940e+01,4.182135707600630781e+01
1.243821761858147390e+01,6.463737309477082249e+01
1.301379360999415269e+01,5.904622951743179016e+01
2.144387267129177488e+01,2.174670986556233387e+01
1.336451602801328420e+01,5.598781612668771146e+01
1.342375584821835766e+01,5.549475147550906229e+01
1.695284436574423026e+01,3.479484049334665485e+01
1.351303795666439100e+01,5.476385434442993727e+01
1.564111369150490027e+01,4.087564835626990600e+01
2.204085112079755149e+01,2.058464008438408399e+01
1.338046948035736250e+01,5.585438785200778256e+01
2.042242049004421389e+01,2.397648815668546973e+01
1.287939966286648996e+01,6.028492984511085950e+01
1.446806854233880379e+01,4.777260073603905255e+01
1.281855933047952512e+01,6.085854489052724148e+01
2.246440706912296292e+01,1.981573015788516301e+01
2.346684754152274621e+01,1.815894011163448241e+01
1.659628827273474272e+01,3.630597133433800394e+01
1.224471230773850117e+01,6.669646687070499524e+01
2.139982384919258607e+01,2.183632769009409103e+01
1.614139404685255741e+01,3.838114446372721744e+01
2.578681087736834598e+01,1.503850725823987666e+01
1.291086223101991592e+01,5.999147033534315909e+01
2.077105959881217245e+01,2.317835959157168446e+01
2.064446444506899780e+01,2.346349798340336434e+01
2.272303207011242421e+01,1.936722674537382360e+01
1.083389695815160358e+01,8.519823515990599105e+01
1.361833225422609317e+01,5.392028122122780331e+01
1.341599188156849287e+01,5.555900077959216077e+01
2.213166304099726744e+01,2.041605849010408136e+01
2.285770956729871983e+01,1.913967590647177630e+01
2.024657844932361073e+01,2.439476949485228729e+01
2.237375579519968483e+01,1.997662940585326652e+01
2.155455648010963898e+01,2.152394224612435991e+01
1.370793927472719531e+01,5.321764550621509926e+01
1.857471614690343031e+01,2.898382030922948616e+01
4.242998341092293657e+01,5.554619008984682083e+00
1.753812865131069643e+01,3.251123721923378440e+01
1.401373614106294418e+01,5.092043767059471548e+01
2.310019020342716445e+01,1.873996987264478165e+01
1.751281211798474402e+01,3.260530169403959633e+01
1.240535078831287130e+01,6.498032829876406424e+01
2.962842068516403060e+01,1.139155457462330290e+01
1.694138013223437156e+01,3.484194777029566126e+01
4.876095274936231760e+01,4.205867961912617581e+00
1.234668063024242457e+01,6.559935527911029851e+01
1.617093282811666555e+01,3.824105399747107725e+01
2.184803824557079466e+01,2.094956961200122691e+01
1.323154022396891882e+01,5.711881609476460397e+01
1.302893970727260253e+01,5.890902723783511163e+01
1.468719624002779689e+01,4.635773458974627914e+01
1.988541853126065462e+01,2.528893428275327082e+01
1.522563434211522804e+01,4.313692752959615717e+01
1.148676577983514235e+01,7.578870190139684837e+01
2.091040249104970528e+01,2.287047661487061490e+01
1.284914244200265721e+01,6.056918260225744888e+01
1.593901902079926103e+01,3.936196965597702047e+01
6.016281560721938604e+01,2.762763400566839334e+00
1.325405067538648751e+01,5.692496162701023366e+01
1.690122614366109133e+01,3.500769966147979062e+01
1.342997782831861819e+01,5.544334301309355340e+01
1.530236978080869292e+01,4.270538240362969873e+01
1.900541717803667296e+01,2.768504195322352857e+01
1.600617453411002344e+01,3.903236835087145806e+01
2.291534706773140684e+01,1.904351539731854714e+01
4.691924150284626904e+01,4.542532410334175097e+00
1.343416521707145073e+01,5.540878535432207741e+01
1.301358714531748895e+01,5.904810310651313188e+01
2.017309657555843927e+01,2.457281237993199952e+01
1.493403423358231130e+01,4.483794654991233841e+01
5.459566521244875759e+01,3.354931645191534972e+00
1.222184805659356677e+01,6.694624762237924642e+01
2.444463529758272813e+01,1.673527586343277562e+01
2.404684362276591969e+01,1.729353756728118796e+01
1.031552594816691837e+01,9.397606330798457464e+01
1.579435828551564036e+01,4.008630522970121746e+01
1.360673159639157070e+01,5.401226177856185728e+01
2.045719017417547292e+01,2.389505503125366559e+01
2.080406560940681970e+01,2.310487219408471660e+01
2.507510324997598516e+01,1.590429930163507422e+01
2.313716453748905266e+01,1.868012293135817359e+01
1.466380301275029296e+01,4.650576195206590313e+01
1.899716825035554635e+01,2.770908990474971745e+01
2.310766052803162651e+01,1.872785518634504243e+01
1.381116137490059081e+01,5.242514018955939292e+01
1.227935201553887268e+01,6.632069990678455440e+01
6.005375141777620485e+01,2.772807474668118832e+00
3.564380109910020877e+01,7.871037416935037001e+00
3.172198231035868687e+01,9.937550823734509819e+00
1.582459575969691201e+01,3.993325859325283744e+01
1.207544930187980725e+01,6.857935594889190156e+01
2.207639266082776075e+01,2.051841360445476425e+01
1.102881744803899267e+01,8.221330428603823748e+01
1.387929865326826473e+01,5.191166494339220350e+01
6.788592981165885476e+01,2.169903690544596309e+00
1.858979691865225448e+01,2.893681376206410860e+01
1.904156153163630449e+01,2.758003919611718757e+01
1.369984787887486100e+01,5.328052681727358930e+01
3.118914097649579986e+01,1.028000138504948779e+01
1.289453579066906030e+01,6.014348313244092026e+01
2.096230052546174605e+01,2.275737228369293419e+01
2.186110530242475747e+01,2.092453268919011222e+01
1.684434157405368282e+01,3.524454601934028375e+01
1.418586638815847856e+01,4.969220519333736519e+01
1.308363155567984926e+01,5.841755670972980852e+01
1.104218551444226470e+01,8.201436402278457649e+01
2.646548305469366724e+01,1.427711144255603415e+01
2.160878424171199441e+01,2.141604810051578767e+01
1.380808654087389264e+01,5.244849122412490772e+01
1.531338969810720663e+01,4.264394069020296740e+01
1.608373967877704658e+01,3.865680258671662273e+01
1.374441942875608724e+01,5.293552205686297185e+01
1.291190149337784199e+01,5.998181345129117403e+01
1.920386848681409120e+01,2.711580822422561354e+01
1.640930609929919726e+01,3.713809023992331504e+01
2.382462777347015503e+01,1.761764082849517621e+01
2.140125144479874564e+01,2.183341455150359067e+01
1.221883686139245384e+01,6.697924799081646086e+01
1.533943489305672614e+01,4.249925128801744023e+01
2.903067902204954009e+01,1.186548820554753547e+01
2.070486912951502845e+01,2.332679219217044064e+01
1.194882192530508469e+01,7.004059428042235425e+01
2.127490422001852366e+01,2.209351280220519342e+01
1.358315416421003441e+01,5.419993183795246239e+01
1.165813987210213476e+01,7.357689846945402223e+01
2.765958064614524048e+01,1.307100007806533881e+01
1.895088079466260567e+01,2.784461390889508081e+01
2.006164478350985192e+01,2.484659763915228226e+01
1.877012013156096870e+01,2.838349659474445374e+01
1.405332984840877231e+01,5.063391642355673383e+01
1.143101643244780163e+01,7.652975127803604494e+01
2.436356896191694332e+01,1.684682967991079039e+01
1.928233866210015535e+01,2.689555976596637166e+01
1.271106049064248644e+01,6.189227250517815548e+01
2.651411081144982163e+01,1.422479007633302039e+01
1.706472040218579167e+01,3.434010716249387229e+01
1.261815512311966891e+01,6.280703268522726290e+01
2.578228345225935314e+01,1.504378931120378127e+01
1.690193445037879627e+01,3.500476559859493619e+01
1.818704730801431779e+01,3.023260758607995768e+01
1.423349338958052712e+01,4.936020923913115865e+01
1.278346917413933781e+01,6.119311241827827530e+01
1.216347587205357783e+01,6.759033578775340345e+01
1.521295022054492208e+01,4.320889018321550168e+01
1.660044244831965798e+01,3.628780284165658543e+01
1.230327063479162852e+01,6.606308424260895151e+01
1.444357044178154226e+01,4.793479477264109789e+01
1.104129152381872814e+01,8.202764562857520048e+01
1.121557086216915344e+01,7.949818850447232421e+01
1.955363541744154077e+01,2.615441275238182683e+01
1.638412380410696656e+01,3.725233999510370353e+01
3.766665439528645010e+01,7.048324742894713779e+00
2.580858910837950404e+01,1.501313788214397249e+01
1.939418080693553748e+01,2.658625217461738188e+01
2.575487625787864943e+01,1.507582421082410740e+01
2.803583680937381573e+01,1.272251446242084860e+01
1.827514162602701830e+01,2.994184083798842266e+01
1.288604681734641488e+01,6.022275097949258083e+01
1.219963090344228540e+01,6.719030572281666025e+01
1.217437203943952539e+01,6.746940206993431843e+01
1.818749769521122062e+01,3.023111027061425560e+01
1.931494984249107105e+01,2.680481601378530243e+01
1.533773141505604443e+01,4.250869213138589942e+01
1.445137982027539536e+01,4.788300182068235245e+01
1.017531597043954328e+01,9.658377853713872696e+01
1.722258663712948490e+01,3.371345359317484025e+01
1.386035461773800925e+01,5.205366542007636355e+01
1.618746174164637708e+01,3.816299847809415979e+01
1.668228062017664470e+01,3.593264239028211193e+01
1.762792615277067654e+01,3.218085325987183865e+01
1.608945164278370399e+01,3.862936012623440263e+01
1.467556071516288974e+01,4.643127323189836630e+01
1.508549075525528593e+01,4.394213094506169170e+01
2.044468227760271262e+01,2.392430159015232505e+01
1.307605593197588156e+01,5.848526483599165715e+01
1.284744984658161648e+01,6.058514310423665705e+01
1.066831368092650401e+01,8.786348932646482979e+01
1.838089609187656848e+01,2.959829129728895225e+01
1.223883780636790064e+01,6.676050931068660077e+01
2.602663101658541578e+01,1.476264206148054292e+01
1.903376552979568359e+01,2.760263672886335584e+01
1.724688468116288576e+01,3.361852700718674924e+01
2.285886092180154705e+01,1.913774790164733020e+01
1.811115569713964746e+01,3.048650727879149969e+01
1.434215989362451893e+01,4.861506605139042136e+01
1.492660789633265850e+01,4.488257350709881877e+01
1.415637906566156978e+01,4.989943560889075513e+01
1.390550719675695213e+01,5.171616729291761061e+01
1.222049361777849441e+01,6.696108820476915469e+01
1.516973269184525819e+01,4.345543921745936444e+01
1.272077447541608564e+01,6.179778281221604175e+01
6.375003053473611914e+01,2.460589722840587523e+00
1.678119132917284162e+01,3.551030659613586948e+01
3.885268600499244229e+01,6.624573201973159797e+00
1.463154768060418931e+01,4.671103240949599922e+01
1.241036982716121528e+01,6.492777984974304673e+01
1.935686724802170744e+01,2.668884975125054382e+01
1.444127470787154977e+01,4.795003640235047726e+01
1.536648144825114848e+01,4.234977702244601971e+01
2.679107592076918110e+01,1.393219966658550746e+01
1.170725185005502844e+01,7.296088239292591027e+01
1.916378300459390616e+01,2.722936482753863885e+01
2.145581767966789855e+01,2.172250269466523775e+01
1.196166610800306174e+01,6.989025883587785870e+01
1.834646191768089807e+01,2.970950066027906189e+01
1.431384997072591148e+01,4.880755790871029376e+01
1.587985335777194429e+01,3.965582823039495253e+01
1.551571283706889659e+01,4.153904748989898366e+01
2.451988594142370559e+01,1.663271357161186614e+01
2.381169649994761883e+01,1.763678103485464632e+01
2.225307356207860821e+01,2.019389030662683382e+01
1.116524390557563429e+01,8.021647444260626969e+01
1.011093938902780032e+01,9.781759618106153198e+01
1.973498019082923349e+01,2.567595526768946357e+01
8.376832175663861335e+01,1.425083693007525243e+00
1.459336178145514573e+01,4.695580622835362306e+01
9.839173688948112328e+01,1.032958195516898492e+00
2.010041135858521244e+01,2.475084948525975648e+01
2.894743954604386360e+01,1.193382565355168978e+01
1.176747614107171280e+01,7.221598631166450843e+01
1.218865136183463527e+01,6.731141034777765242e+01
1.295257360670275126e+01,5.960570952953640500e+01
1.138345054033780279e+01,7.717064855303354420e+01
1.178366269720945247e+01,7.201772448068449251e+01
1.586981335709919172e+01,3.970602043817474680e+01
1.740951407853439648e+01,3.299337178049953678e+01
3.926337977037496785e+01,6.486712332101394196e+00
2.249218624496656815e+01,1.976681319459961017e+01
5.439923639289871460e+01,3.379203862935238778e+00
1.127146501484680918e+01,7.871169509528573371e+01
3.324947655110128153e+01,9.045454114005931245e+00
2.014219800256551451e+01,2.464826067026382717e+01
1.249351836378214209e+01,6.406642361444941969e+01
1.947994506400138448e+01,2.635266519523325002e+01
2.154998993251721728e+01,2.153306526855053349e+01
2.017516147307507879e+01,2.456778265635540492e+01
1.058288132101343137e+01,8.928780533065500435e+01
1.881699979148051938e+01,2.824224653585858746e+01
1.157894366432270417e+01,7.458682458005777960e+01
1.324790165854983215e+01,5.697781736074695402e+01
1.440177853475285374e+01,4.821339829477599892e+01
2.388884009656281648e+01,1.752305697805663698e+01
1.216733507272681614e+01,6.754746636715586305e+01
1.188304014120341634e+01,7.081819798081642148e+01
2.130784756407856051e+01,2.202524954364675125e+01
7.209947330917206898e+01,1.923693225754004255e+00
1.289071991575494636e+01,6.017909541445595778e+01
5.554615157497634925e+01,3.241097158863736727e+00
1.935739669068085433e+01,2.668738984188664531e+01
1.318185537650420613e+01,5.755021030190616926e+01
1.793614221419099053e+01,3.108435945968656355e+01
1.370492703701509996e+01,5.324104173665480744e+01
1.298680968387458279e+01,5.929185633542314804e+01
2.950265710718378287e+01,1.148888114307092501e+01
1.621331189808594431e+01,3.804140295901495961e+01
1.228711336683209865e+01,6.623694131136667806e+01
1.287060132846598748e+01,6.036737949163033790e+01
5.160689171356420246e+01,3.754780860618284866e+00
1.805565771607377457e+01,3.067420909526189376e+01
1.653510239289028050e+01,3.657515900110902862e+01
2.834032826972293861e+01,1.245059903551709368e+01
1.512795272095913290e+01,4.369579878372654491e+01
1.719295880911711549e+01,3.382974736870286137e+01
1.915481880470213838e+01,2.725485675069785074e+01
1.537825551170040583e+01,4.228495327458436748e+01
1.270761112333546450e+01,6.192587727229418704e+01
1.826035249526354676e+01,2.999036050570889955e+01
1.440484572080606362e+01,4.819286857555508874e+01
1.923188264163560035e+01,2.703686918239979065e+01
1.418047927035910938e+01,4.972996817817524828e+01
1.409042162048488578e+01,5.036768880161073270e+01
1.421693976623364009e+01,4.947522217704689496e+01
1.763705045639429159e+01,3.214756516281578769e+01
1.825644102147249725e+01,3.000321285469899379e+01
1.444714857795448992e+01,4.791105361952794794e+01
1.443363575895148365e+01,4.800080459591882232e+01
1.418335817918643293e+01,4.970978205404515649e+01
1.945731894014142682e+01,2.641398971286531960e+01
1.661998839706740227e+01,3.620250044032699321e+01
1.226244405495658008e+01,6.650371739578270081e+01
1.894356326314645855e+01,2.786612973356682232e+01
1.141695232919064118e+01,7.671841550876001747e+01
3.992534317560108548e+01,6.273395736658343047e+00
1.281877519199334614e+01,6.085649525523494674e+01
1.911983993657742786e+01,2.735467098478676817e+01
1.113751771158134751e+01,8.061635994123693649e+01
1.092119310625161077e+01,8.384165209002107133e+01
1.816235656475050320e+01,3.031486265460597807e+01
2.120499755937568764e+01,2.223942459045581543e+01
1.797585373284672983e+01,3.094717057974527563e+01
2.964249641307351268e+01,1.138073859268432741e+01
3.346150509816420282e+01,8.931184410565874643e+00
2.002637508815253398e+01,2.493419248413888667e+01
1.761600116526809501e+01,3.222443706296741084e+01
1.153808491110206802e+01,7.511601476043718151e+01
3.026070824908095602e+01,1.092048239702440249e+01
2.375956230006551451e+01,1.771426463794320227e+01
1.695753252414230872e+01,3.477560406558638562e+01
1.279920994010108615e+01,6.104269154598945590e+01
2.046240556612852046e+01,2.388287599436689490e+01
1.630017764283428150e+01,3.763702825433899335e+01
1.191893575541014094e+01,7.039228162901692087e+01
1.689125458541558800e+01,3.504904464891381366e+01
1.864735596691056330e+01,2.875845015003596572e+01
1.475719851234983970e+01,4.591897246068931082e+01
1.446305274619985148e+01,4.780574161995890847e+01
2.023268762843887458e+01,2.442827761831136968e+01
2.200394635696078183e+01,2.065374662778129178e+01
1.392620081506385965e+01,5.156258635388546452e+01
1.532960353973736289e+01,4.255378096144251288e+01
1.227549012387940941e+01,6.636243569797061070e+01
1.214398271517150185e+01,6.780749789926780124e+01
1.666637315326229896e+01,3.600126801140282140e+01
1.419024398664496367e+01,4.966155047467838557e+01
1.998903986633729701e+01,2.502742287397465404e+01
1.671919598426017473e+01,3.577414168449600140e+01
1.690257033431343103e+01,3.500213185130770910e+01
1.161722952980178292e+01,7.409601640288477142e+01
1.208194314810109660e+01,6.850565520331831237e+01
1.126371753069962622e+01,7.882001232406250324e+01
1.915319440576451626e+01,2.725947996255676387e+01
2.491989454432939866e+01,1.610302991387352023e+01
1.107297528638635065e+01,8.155889606058357799e+01
3.919207507703928428e+01,6.510337199675526598e+00
1.412334323917455947e+01,5.013314756089212665e+01
1.094093020034457986e+01,8.353942952743264527e+01
1.161483534564354336e+01,7.412656660651653340e+01
2.134651749678839394e+01,2.194552286571700606e+01
1.062045668351380456e+01,8.865711934620759394e+01
1.160995379403495775e+01,7.418891461231172002e+01
2.669051253917158917e+01,1.403738375054827081e+01
1.413418654844999978e+01,5.005625587674344956e+01
2.005547087626544922e+01,2.486189762404391246e+01
1.782957369857292917e+01,3.145705641329556457e+01
1.891440783974534057e+01,2.795210387437403909e+01
2.047320472458902074e+01,2.385768727148430557e+01
1.315889084448932600e+01,5.775125564597784233e+01
1.669371124853247679e+01,3.588345116430548387e+01
1.592453058654069942e+01,3.943362674354769126e+01
1.110784429946077978e+01,8.104765112791197623e+01
1.904200575534026640e+01,2.757875240265468619e+01
1.329098884712145612e+01,5.660899084008458004e+01
4.333021780837883341e+01,5.326209633559230383e+00
1.792202852943967173e+01,3.113333690600970272e+01
1.124768086930589917e+01,7.904493174703766556e+01
1.281524649615156974e+01,6.089001370950016678e+01
1.985753178110280004e+01,2.536001274194770261e+01
1.806342098298211596e+01,3.064784854034476780e+01
1.539541902596737977e+01,4.219072344643542749e+01
1.657145879249097931e+01,3.641484934555472819e+01
3.084647821489473785e+01,1.050966385477743614e+01
1.146627308909461718e+01,7.605984533082840926e+01
1.772188427725057025e+01,3.184052407723844169e+01
3.736174135432572285e+01,7.163838403301832969e+00
1.490414300700201977e+01,4.501797772775869788e+01
2.346921597731559928e+01,1.815527521599968708e+01
1.148242397309871343e+01,7.584602814371916679e+01
1.609183771093897164e+01,3.861790519434377700e+01
1.866779938317527510e+01,2.869549692941366104e+01
1.629940805379923674e+01,3.764058246047508050e+01
1.602518580797640269e+01,3.893981218465773253e+01
1.138277817353815635e+01,7.717976557414270644e+01
1.462791376950501743e+01,4.673424348742976520e+01
1.893010918540653620e+01,2.790575404865998621e+01
1.689748512258182700e+01,3.502320244652462122e+01
1.363300911985736263e+01,5.380424598240038137e+01
1.341392449570949985e+01,5.557612786927899862e+01
1.137773414912701497e+01,7.724821205193819651e+01
1.526343808240210365e+01,4.292351326066747674e+01
6.304548596747853395e+01,2.515892072003234947e+00
1.938177118189368286e+01,2.662030799323474284e+01
5.976207437196742234e+01,2.799939663239612297e+00
1.797934428884829572e+01,3.093515542008778141e+01
1.061417897565504198e+01,8.876202205881590146e+01
3.354490634294877793e+01,8.886829186061699914e+00
1.365631228829609789e+01,5.362077922673320529e+01
2.206477846922201280e+01,2.054001975884045095e+01
2.121713140067435077e+01,2.221399490522134101e+01
1.336619336574920602e+01,5.597376506791442807e+01
1.164558245401483205e+01,7.373565978839896218e+01
2.020069812208430093e+01,2.450570734694327868e+01
1.615195568018598493e+01,3.833096663393672543e+01
1.714401892202231537e+01,3.402316609087363020e+01
1.879984117982014524e+01,2.829382344889986456e+01
1.191655081487382262e+01,7.042046062277682950e+01
1.159467560808010234e+01,7.438455938131623668e+01
3.516668793016429362e+01,8.086061962960293670e+00
2.011648233843075673e+01,2.471131856649065739e+01
1.604903335278736165e+01,3.882417543945269500e+01
2.157350156899637739e+01,2.148615570954356357e+01
2.263622063579111199e+01,1.951606083768390931e+01
2.829521810221901390e+01,1.249032987026479091e+01
2.052386665251798448e+01,2.374005011460038261e+01
1.810318720920434998e+01,3.051335170438747468e+01
1.680642868733077577e+01,3.540373863171706859e+01
1.224649885075139188e+01,6.667700867012661092e+01
1.995097419403650463e+01,2.512301665418196706e+01
7.577476825894284218e+01,1.741609425071311890e+00
1.189309662305100623e+01,7.069848469770438726e+01
2.007614759590783748e+01,2.481071272771476899e+01
2.099078435601424175e+01,2.269565211927362469e+01
1.607709024370037554e+01,3.868878586874981806e+01
1.149261748901589719e+01,7.571154271009753245e+01
1.331103420120054537e+01,5.643862198234636907e+01
2.026771357232073356e+01,2.434391840839262855e+01
1.629319921842822794e+01,3.766927525497877127e+01
1.891526436242309828e+01,2.794957247239755205e+01
1.752200016472438904e+01,3.257111604312344610e+01
1.222879205762718158e+01,6.687023965312631901e+01
1.682053812435766460e+01,3.534436867458350662e+01
1.323818562058938575e+01,5.706148468592699174e+01
6.182169488130392665e+01,2.616484614259552366e+00
1.813593892932861351e+01,3.040324299903853245e+01
2.982230225933843215e+01,1.124391787188238290e+01
1.406446018058620240e+01,5.055380679942833666e+01
1.159078775862782429e+01,7.443446875354680969e+01
2.435855517985865859e+01,1.685376564345396133e+01
1.705282298057588264e+01,3.438804072226075448e+01
1.130950674864487127e+01,7.818306136927415650e+01
1.542217053800916560e+01,4.204448115920791906e+01
2.128537636035197167e+01,2.207177868316301783e+01
1.902038595933369436e+01,2.764148360786923675e+01
1.664983978333253845e+01,3.607280237077181795e+01
1.231289809440268179e+01,6.595981513107368244e+01
1.478511153518369703e+01,4.574575396062323307e+01
1.123334051019195101e+01,7.924687634830084448e+01
3.150235340361810543e+01,1.007659958973737169e+01
1.432967897562597592e+01,4.869978879964708796e+01
1.141665721584021220e+01,7.672238180481942038e+01
1.883861941433522702e+01,2.817746085876243356e+01
2.036870804893395714e+01,2.410310725510097640e+01
7.499929566973742112e+01,1.777811168719849455e+00
1.976803191736713572e+01,2.559016774911824044e+01
1.151202814265567653e+01,7.545644056050393544e+01
1.643715858950211839e+01,3.701233712850735458e+01
1.835670149680132823e+01,2.967636530249174953e+01
2.383293911250802921e+01,1.760535525570535853e+01
2.076188816105071311e+01,2.319884191316703337e+01
1.096656872746700806e+01,8.314927572198516259e+01
2.017829082938376217e+01,2.456016304330564282e+01
1.412614042705580708e+01,5.011329529487140633e+01
1.780454648689802610e+01,3.154555467832145865e+01
1.173325437428138684e+01,7.263785778979294605e+01
1.767091874324636791e+01,3.202445446468615131e+01
1.284219388033872811e+01,6.063474500763289399e+01
1.195119123248765725e+01,7.001282613071698790e+01
1.557121949785739012e+01,4.124342719242940802e+01
1.606626926618860196e+01,3.874091887610227047e+01
2.226488431452360217e+01,2.017247166581109141e+01
3.339458485176267288e+01,8.967015124682991001e+00
1.916032143423139189e+01,2.723920441994234309e+01
1.710673216411646180e+01,3.417164519423141655e+01
1.060988775722661437e+01,8.883383700377052605e+01
2.268103534042134939e+01,1.943901475615376384e+01
1.384481431091129622e+01,5.217058774367058049e+01
1.925618511063008498e+01,2.696866792188591688e+01
1.606441637016783375e+01,3.874985627321033377e+01
1.494566515463910150e+01,4.476818669787691363e+01
1.394957862877782695e+01,5.138990580193170388e+01
1.195904282447389733e+01,6.992092384412170247e+01
1.156509607376206894e+01,7.476554616560363797e+01
1.034683294662429276e+01,9.340822628344682244e+01
1.226241736711376262e+01,6.650400687258564858e+01
1.344170833611469718e+01,5.534661501390903027e+01
1.723646141637001961e+01,3.365919901662304170e+01
1.620702115078043448e+01,3.807094019411107411e+01
2.088640500170611602e+01,2.292306099317218582e+01
2.373982926277755823e+01,1.774372580381344022e+01
2.344352020347435328e+01,1.819509598593397826e+01
1.496788501804582694e+01,4.463536838146916352e+01
1.110464193102035679e+01,8.109440308364465011e+01
1.745580325117924403e+01,3.281862062135665781e+01
1.603964248605699439e+01,3.886965019219442752e+01
2.271652134953357915e+01,1.937832991294087748e+01
1.152527134131562114e+01,7.528313262089484681e+01
1.177570902901345562e+01,7.211504321168114018e+01
2.046273995089828901e+01,2.388209545327033112e+01
2.851105933272929605e+01,1.230193115398450132e+01
1.178051744078382868e+01,7.205618534627971883e+01
1.249231518207429659e+01,6.407876516362732389e+01
2.806780492637724578e+01,1.269355008733380430e+01
1.063751720521934097e+01,8.837296962000328904e+01
1.653061055749553887e+01,3.659503871629166127e+01
1.556781832527945753e+01,4.126145044193389566e+01
2.433822901640911596e+01,1.688192837010837977e+01
2.646901004858326090e+01,1.427330684768775093e+01
2.011264123096999157e+01,2.472075819133245034e+01
1.221399233553990271e+01,6.703239147421531641e+01
1.708834445954185810e+01,3.424522472394308892e+01
1.663023365777108964e+01,3.615790818591177214e+01
1.500743642900281394e+01,4.440040946602448457e+01
1.509494232858580709e+01,4.388712016879171784e+01
1.223216140447373590e+01,6.683340593372275862e+01
1.817494398295717772e+01,3.027288687552897528e+01
2.357290786403682148e+01,1.799590461261046670e+01
1.447291336223495684e+01,4.774062225295644879e+01
1.080494969883103984e+01,8.565535141050887091e+01
1.355594738065330063e+01,5.441770866160581477e+01
1.225939589344846148e+01,6.653679231636876068e+01
1.027390795896476661e+01,9.473896996810653093e+01
1.254344102360006019e+01,6.355747211589542900e+01
1.320393676621836576e+01,5.735788492911645164e+01
1.261354892083822499e+01,6.285291267071585253e+01
1.181844430555385372e+01,7.159445280789263677e+01
1.119067539293069302e+01,7.985229513356721043e+01
1.022198204136476285e+01,9.570393014959024924e+01
2.963139344233002959e+01,1.138926898337378368e+01
2.492422601212578570e+01,1.609743345565523498e+01
1.452408420879432427e+01,4.740481799940675955e+01
1.105716683146875390e+01,8.179227262494845263e+01
3.335179750680335786e+01,8.990037624706323172e+00
1.646634807887549456e+01,3.688123171977816384e+01
1.162208120881135365e+01,7.403416602586344197e+01
2.914969337196507126e+01,1.176879555709103187e+01
1.852691499093659999e+01,2.913357513063161619e+01
5.971933569938699549e+01,2.803948700614925293e+00
1.278736360406076678e+01,6.115584500241303800e+01
2.780727963999695618e+01,1.293251501641533352e+01
2.079026329886414004e+01,2.313556025925243631e+01
1.497419933847744389e+01,4.459773263366018625e+01
3.799252081996249331e+01,6.927934607341212470e+00
1.098728077646639356e+01,8.283608291989504835e+01
1.835212827828835813e+01,2.969115741934375663e+01
1.748064653418288117e+01,3.272540405579993461e+01
2.185647256396496019e+01,2.093340403479503209e+01
1.260983371539506948e+01,6.288995453629650711e+01
1.842797987235097068e+01,2.944723631186293744e+01
3.833414769213187157e+01,6.805003869655086746e+00
2.052324246592416657e+01,2.374149417943377571e+01
2.132750621646338729e+01,2.198466466071861802e+01
5.344679188440093753e+01,3.500714681554693453e+00
1.866491351446852320e+01,2.870437110270987446e+01
2.185772924041855347e+01,2.093099703638926101e+01
1.766842277280913009e+01,3.203350312041914805e+01
1.756619162421340263e+01,3.240744315686670518e+01
1.711155970721604902e+01,3.415236678563961448e+01
1.827623394077234664e+01,2.993826187998326915e+01
3.039232906831719916e+01,1.082610000041785803e+01
2.038478549059835743e+01,2.406510209833172809e+01
2.459025839088593557e+01,1.653765072771467715e+01
2.168620492212684070e+01,2.126340863447538965e+01
1.209079674032762242e+01,6.840536419947713398e+01
1.007399839790268459e+01,9.853629873755062363e+01
1.506405836667329901e+01,4.406725722441626658e+01
1.224382893132107419e+01,6.670609134548678298e+01
1.318845268806194682e+01,5.749264756684135591e+01
2.936268344530383345e+01,1.159867858845314892e+01
1.529392563834197816e+01,4.275255274987569720e+01
4.615538268613817507e+01,4.694131889548458503e+00
1.423804525077229854e+01,4.932865365660590840e+01
1.035460936616320282e+01,9.326797786455827577e+01
1.080487852403551585e+01,8.565647988635215881e+01
1.359499738812567315e+01,5.410554089169637138e+01
1.055328296562229795e+01,8.978935129312347385e+01
1.167278435356087662e+01,7.339239756738767539e+01
1.795772955990136310e+01,3.100967011958611153e+01
2.763727246326722309e+01,1.309210982708763105e+01
2.130620161081569819e+01,2.202865267784305914e+01
2.084129686587916552e+01,2.302239603447892335e+01
2.133915137948211083e+01,2.196067634522167111e+01
1.505584939206089601e+01,4.411532433838842593e+01
1.419926473668080646e+01,4.959847085190210692e+01
2.059283189948975945e+01,2.358130586054476296e+01
4.446570770853851684e+01,5.057659436683937138e+00
1.073594770078172012e+01,8.675993652276113721e+01
2.452602848943305958e+01,1.662438328301401924e+01
1.835116530652268452e+01,2.969427356984200017e+01
2.156023819475153047e+01,2.151259944156546666e+01
1.613188752738233944e+01,3.842639380057784848e+01
1.124090698056404669e+01,7.914022706538678165e+01
1.766452940183136988e+01,3.204762543897846427e+01
1.736152938807554591e+01,3.317600137831911411e+01
1.080981681467021183e+01,8.557823619728959841e+01
1.970682486290287372e+01,2.574937464023062361e+01
1.292121498440270067e+01,5.989537595286208926e+01
1.119687743525284596e+01,7.976385794989234057e+01
1.237193097791340435e+01,6.533186005641800875e+01
3.646285551315455109e+01,7.521399327806980395e+00
1.636047186898547068e+01,3.736012745024046922e+01
1.025614757836225799e+01,9.506736949929700131e+01
1.735641975932385961e+01,3.319553789625024365e+01
2.853043159699924303e+01,1.228523071594575278e+01
5.907235958646347029e+01,2.865704216355282608e+00
2.088369663526270159e+01,2.292900707408296768e+01
1.640307047820163433e+01,3.716633166907249830e+01
2.026511849027449230e+01,2.435015360613702740e+01
1.251242089765553089e+01,6.387299933481312308e+01
9.430566021403539878e+01,1.124409432960078226e+00
1.776719159469465126e+01,3.167834094791255595e+01
3.789788991085464431e+01,6.962575863789196795e+00
1.001484523731811649e+01,9.970375509063111963e+01
1.502923875693932843e+01,4.427168303349147038e+01
3.289250163649915493e+01,9.242856066092226541e+00
1.893705346683571022e+01,2.788529153277127293e+01
1.194916371728658255e+01,7.003658747765479120e+01
1.672110949889164644e+01,3.576595437770403407e+01
7.098441309336556060e+01,1.984604666574583565e+00
1.593309488719703815e+01,3.939124569047823599e+01
2.601100914130066499e+01,1.478037988977036576e+01
2.706465092037873177e+01,1.365196418060218519e+01
1.267355719967829764e+01,6.225911477909654224e+01
2.809237578355426734e+01,1.267135509666933935e+01
2.283762661036461239e+01,1.917335281188512752e+01
1.267303047321214038e+01,6.226429021129930419e+01
1.195143428772613881e+01,7.000997847064442681e+01
3.824168549842354992e+01,6.837950442814932472e+00
1.278424485584142190e+01,6.118568688190521243e+01
1.554499892762973090e+01,4.138267946687173549e+01
2.767489843012316797e+01,1.305653474251796098e+01
1.478287931843751402e+01,4.575957023355690723e+01
1.197049193026848357e+01,6.978723690344338593e+01
1.545621996079354687e+01,4.185944064467048520e+01
1.116516221419413668e+01,8.021764827572454237e+01
2.435110135674665344e+01,1.686408503006524739e+01
2.037821793893544253e+01,2.408061614082481583e+01
1.427336079734678087e+01,4.908485498110827194e+01
4.104352965189279701e+01,5.936228311595639795e+00
1.165863441837906578e+01,7.357065650180176419e+01
7.932778346478340836e+01,1.589093168918149113e+00
1.871352246347647252e+01,2.855544380582608355e+01
1.148552809695872767e+01,7.580503679376904813e+01
3.231678026194686026e+01,9.575111269277668313e+00
2.056339961310325037e+01,2.364885776896869984e+01
1.398299903508511832e+01,5.114454798056235774e+01
1.228804639745506755e+01,6.622688295931627067e+01
3.967494842825809798e+01,6.352830355426788422e+00
3.576455684558570169e+01,7.817975475721335776e+00
1.303177368807669012e+01,5.888340848421995588e+01
1.717620630872584542e+01,3.389577000747774349e+01
1.624003052706318684e+01,3.791633201030342804e+01
1.347187250607235676e+01,5.509904502349081667e+01
1.590575822792783001e+01,3.952676270219141230e+01
1.354461901530067358e+01,5.450877382655912129e+01
1.175379697375771038e+01,7.238417526344116482e+01
1.930557565367467632e+01,2.683085350847569117e+01
1.608642784799146952e+01,3.864388395182404423e+01
1.160298284388973400e+01,7.427808523099962201e+01
1.985044422230655314e+01,2.537812545190669056e+01
1.316853610340887748e+01,5.766668712397492413e+01
1.058543795109661545e+01,8.924468036534898374e+01
1.955953411351767457e+01,2.613864001793617931e+01
1.380530226037244113e+01,5.246964918714989778e+01
3.859992812537122120e+01,6.711614567400678411e+00
1.162003301511036568e+01,7.406026744508102411e+01
2.249549134369405934e+01,1.976100523345627380e+01
1.482704265457756065e+01,4.548738033795592628e+01
8.699444097497288908e+01,1.321347345657611028e+00
1.676072055292242169e+01,3.559710089047093362e+01
1.879059051346618503e+01,2.832168858143183954e+01
1.097165533941617710e+01,8.307219527349101895e+01
2.390966384840688619e+01,1.749254739898422883e+01
1.253692788376163669e+01,6.362352757009881543e+01
3.032473430173025974e+01,1.087441721130898742e+01
1.623662643332197320e+01,3.793223239197387642e+01
2.958073855778252437e+01,1.142830898726583300e+01
1.277542491514945944e+01,6.127019920414804943e+01
2.332724669723113564e+01,1.837693314871022210e+01
5.720775149251866765e+01,3.055555968129667122e+00
1.243281682121672560e+01,6.469354205183272200e+01
4.636717270980179961e+01,4.651347319163587457e+00
1.561984974967430873e+01,4.098701550080646427e+01
1.788921031345827117e+01,3.124767149781700581e+01
1.645423343399922445e+01,3.693556029229623761e+01
2.684531279361513612e+01,1.387596075286611530e+01
2.087416462270665818e+01,2.294995253360015042e+01
2.919546226617940121e+01,1.173192526917052270e+01
2.332887980344415624e+01,1.837436033479906072e+01
3.565045250574426206e+01,7.868100647103350553e+00
1.195001272898953637e+01,7.002663606229485538e+01
1.360323943555063941e+01,5.403999689521130279e+01
1.990916661878183547e+01,2.522863988134990265e+01
1.803040148048282276e+01,3.076020359145848815e+01
1.131825018395310423e+01,7.806231399411031191e+01
1.319828245135935063e+01,5.740704117555601016e+01
1.995174476796611174e+01,2.512107609529364538e+01
2.845475257581897921e+01,1.235066587347162326e+01
1.494139953365964146e+01,4.479375209088293275e+01
1.022848471654973501e+01,9.558228285425084891e+01
3.174366183239132155e+01,9.923981640399803794e+00
1.611782080757890867e+01,3.849349582317930185e+01
1.502438558745710928e+01,4.430028888648056551e+01
1.578828760716434587e+01,4.011713794015973633e+01
1.202291098769030242e+01,6.918002847043194947e+01
3.348104490975802605e+01,8.920762828003997669e+00
1.781855626257200242e+01,3.149596902179997571e+01
4.818389681008919467e+01,4.307211123920652085e+00
2.087929232226489873e+01,2.293868146088284021e+01
2.364335576591943067e+01,1.788882294438915110e+01
1.265559042064271722e+01,6.243601522232383871e+01
1.563364577495747909e+01,4.091470883427045635e+01
1.168903908292225324e+01,7.318842116194724667e+01
2.346944510001868167e+01,1.815492073250765515e+01
1.301174143296400310e+01,5.906485621273194653e+01
1.471714686792183358e+01,4.616924282949813829e+01
2.437274505303300032e+01,1.683414674711774950e+01
1.355224833562961528e+01,5.444741901234193193e+01
1.240561724224752282e+01,6.497753696998616135e+01
1.483378456239344878e+01,4.544604199532674471e+01
5.624058050761463790e+01,3.161552590790435158e+00
2.003826991469681573e+01,2.490459912425450995e+01
1.706752602073203917e+01,3.432881820091414937e+01
2.864412083354464045e+01,1.218790346731220708e+01
1.038271592717182124e+01,9.276369864953163358e+01
1.577038609513477851e+01,4.020826634066818173e+01
6.228031938161566927e+01,2.578091565070685487e+00
2.716478591665007869e+01,1.355150178107248493e+01
3.426235851569493462e+01,8.518546328627293107e+00
2.250153430804684973e+01,1.975039271133754681e+01
1.024714085453374857e+01,9.523456186111323518e+01
2.605759037845411186e+01,1.472758352672519067e+01
6.690681954026294420e+01,2.233876853691914910e+00
1.355685351650105019e+01,5.441043437947484307e+01
1.261208395324417708e+01,6.286751498834479435e+01
3.362509039239640174e+01,8.844495778862233593e+00
1.182873698202134882e+01,7.146991238778005595e+01
4.929485686189723737e+01,4.115255274577408251e+00
1.209170251408306918e+01,6.839511626906568154e+01
1.873811764001578339e+01,2.848053070438157519e+01
1.205503372656687766e+01,6.881183519093471546e+01
1.544665300357193871e+01,4.191130838502613187e+01
1.263141734075329303e+01,6.267521481632774538e+01
2.748296171510172314e+01,1.323954116443634099e+01
1.776174956677105143e+01,3.169775579500888085e+01
2.235617520252413826e+01,2.000806045980369419e+01
1.114713386442572229e+01,8.047733140273864194e+01
2.324551761885262735e+01,1.850638349325505416e+01
1.686512214073486859e+01,3.515774553087976528e+01
3.431281709730481566e+01,8.493510918756689065e+00
2.519856293463010033e+01,1.574883570426916002e+01
2.833972124046254137e+01,1.245113241824190986e+01
1.007599919528294663e+01,9.849716979552916030e+01
1.251317783030352437e+01,6.386527210566555368e+01
1.307887493615005958e+01,5.846005587290461136e+01
1.941083847061427292e+01,2.654064107721357146e+01
1.127425736272846812e+01,7.867271013871969387e+01
1.194719996659098094e+01,7.005961307377191361e+01
4.922705778337424221e+01,4.126598737495823066e+00
2.344144580305251324e+01,1.819831640033496001e+01
1.333068155450486003e+01,5.627238106047641963e+01
1.135711821750832939e+01,7.752891517644653163e+01
1.244969561760955834e+01,6.451824316141853899e+01
4.329132488533063139e+01,5.335784065137564980e+00
1.095389784979682446e+01,8.334175216725226676e+01
1.058253643711216263e+01,8.929362518841911367e+01
1.316161646049756229e+01,5.772733891071814583e+01
1.364242908426928302e+01,5.372996901937039382e+01
4.877732225142698042e+01,4.203045485870942066e+00
5.626935784005947738e+01,3.158319648790464118e+00
1.326150111110411167e+01,5.686101763942242115e+01
9.696541955603180440e+01,1.063570390372550634e+00
1.316566134222082418e+01,5.769187325761939178e+01
1.139626522248195784e+01,7.699719500274478889e+01
1.276853336945375794e+01,6.133635563960589110e+01
1.606225384676222845e+01,3.876029106186987860e+01
1.206661164149720911e+01,6.867984861806681351e+01
5.494533738984696924e+01,3.312365945509886611e+00
3.240407885833544555e+01,9.523588878969347249e+00
5.243955323981410999e+01,3.636486954276018313e+00
2.364727795086373874e+01,1.788288928441702907e+01
1.581584882624350108e+01,3.997744087489851950e+01
2.506176156762816731e+01,1.592123718436159052e+01
3.968023007597266627e+01,6.351139277587996901e+00
1.825513902207054784e+01,3.000749280657666773e+01
1.133174772991819701e+01,7.787646055273340551e+01
1.089176194874742620e+01,8.429536944671033893e+01
1.690797881051911133e+01,3.497974266786916786e+01
1.411484132948386794e+01,5.019355998065577040e+01
3.972936560339743295e+01,6.335439374087172837e+00
1.721647655703197444e+01,3.373738746304824332e+01
1.648768861701406507e+01,3.678582041154971449e+01
1.286481620826196348e+01,6.042168435902951273e+01
2.820750372881768797e+01,1.256813079054168192e+01
2.686976766911708836e+01,1.385071450004432592e+01
1.167513070649103746e+01,7.336290116731602495e+01
1.947170313915514939e+01,2.637497887284733267e+01
2.790115394451679620e+01,1.284563771141973909e+01
1.645170300204850733e+01,3.694692326300179985e+01
1.315578722748652751e+01,5.777850736692595035e+01
4.884158568790164878e+01,4.191992427334946036e+00
1.906544893070204694e+01,2.751097156651558251e+01
3.402081089967933281e+01,8.639939035114608146e+00
3.452593771292194447e+01,8.388977596806961756e+00
2.053124122328010159e+01,2.372299890609524908e+01
1.855881880218781887e+01,2.903349622145189102e+01
2.469222100624076432e+01,1.640135350066287501e+01
2.000376902987385819e+01,2.499058008819365639e+01
1.642281672579864349e+01,3.707701028238759022e+01
1.216616147086359234e+01,6.756049885174471115e+01
1.078747744656254781e+01,8.593304448838787835e+01
3.139906924981066894e+01,1.014300058914712288e+01
2.707472947467545055e+01,1.364180219888472934e+01
1.608309061035074805e+01,3.865992280992843178e+01
3.494527072698016923e+01,8.188855002168665465e+00
3.201104597080372827e+01,9.758886563688060178e+00
1.858760922423126161e+01,2.894362567968559219e+01
2.341249650924301662e+01,1.824334825901458856e+01
2.571929107585442864e+01,1.511757085779674448e+01
1.271553948492483954e+01,6.184867760917242663e+01
1.577256252211260268e+01,4.019717057639069679e+01
2.228492098135809130e+01,2.013621330182971292e+01
1.128721250824576927e+01,7.849221712623159419e+01
1.607218433255658852e+01,3.871240838450435007e+01
2.313362787931700026e+01,1.868583498480468919e+01
2.836647241126276597e+01,1.242765926250416975e+01
1.293463856196598094e+01,5.977112153017694851e+01
2.439133708756796537e+01,1.680849323305659482e+01
1.799571473297448065e+01,3.087889848355353806e+01
3.515559630602211882e+01,8.091165088366444991e+00
1.170655537212688202e+01,7.296956422190463343e+01
7.898764267087977942e+01,1.602808712055645790e+00
1.361950217379952832e+01,5.391101808044599863e+01
1.506553079738752032e+01,4.405864381237214644e+01
1.044086932751004859e+01,9.173322864476952532e+01
1.245425785404840369e+01,6.447098324906215794e+01
1.118562792054486899e+01,7.992437748699421718e+01
1.146469453269509309e+01,7.608079190223828903e+01
1.885341372032695517e+01,2.813325640576809050e+01
1.532063864923119567e+01,4.260359632623853798e+01
1.143549355880108997e+01,7.646983846499347237e+01
1.529156451476816869e+01,4.276575635023615973e+01
1.500802700382411281e+01,4.439691516954457029e+01
1.431239313540902458e+01,4.881749449894078907e+01
1.741689477009807518e+01,3.296541475285604150e+01
3.276394987569872796e+01,9.315528402179321432e+00
2.034191193856950974e+01,2.416665043840044191e+01
1.248985799955847931e+01,6.410398061597585695e+01
1.416646281344524461e+01,4.982842363513156414e+01
2.534488443512314149e+01,1.556751774271158872e+01
1.140300460601899424e+01,7.690620840708562866e+01
1.702061354790169645e+01,3.451831420464004196e+01
1.185057556434778725e+01,7.120674147055100889e+01
5.221201800242045721e+01,3.668250976592427826e+00
1.480753358150276178e+01,4.560731945033166568e+01
2.627719033633204759e+01,1.448245361880987758e+01
1.317742090663881349e+01,5.758895044930194729e+01
1.224940254279201568e+01,6.664540116088626576e+01
8.612042856340892172e+01,1.348303417469310261e+00
1.037556893490600451e+01,9.289153930701488093e+01
4.592105441782265984e+01,4.742161025483098591e+00
3.204276928956499404e+01,9.739572938359060572e+00
2.433029325612942984e+01,1.689294285182480593e+01
1.689109036343196379e+01,3.504972617408392210e+01
1.343535684380686135e+01,5.539895700920064314e+01
2.666880608007831910e+01,1.406024385892956730e+01
2.219246438997871707e+01,2.030434278071192367e+01
1.277358859757097598e+01,6.128781674838732130e+01
5.016764354895902756e+01,3.973311332535733431e+00
1.254605784075634567e+01,6.353096164695251247e+01
6.805496864569981597e+01,2.159137615409167488e+00
1.503524088942914716e+01,4.423634319824866168e+01
3.081252478319283128e+01,1.053283857112271349e+01
2.748554726877982191e+01,1.323705040564256841e+01
1.174170923314600401e+01,7.253328669020768871e+01
1.386980057847970116e+01,5.198278776854209582e+01
1.370236215946720115e+01,5.326097545781616560e+01
1.267020241661717606e+01,6.229208875508616927e+01
1.173762629848683581e+01,7.258375689096429539e+01
1.154286404607131189e+01,7.505382651069869837e+01
1.358867663777308366e+01,5.415588680296828272e+01
1.157694010390869543e+01,7.461264351651674076e+01
1.103188662761993655e+01,8.216756554645020572e+01
9.907313204457423694e+01,1.018798306717243918e+00
1.214558304887505891e+01,6.778963009090973912e+01
1.862739138078880785e+01,2.882012902137167742e+01
2.553374908672861920e+01,1.533807394776944655e+01
2.240236924524150552e+01,1.992563165264991909e+01
1.188792687584975027e+01,7.075998789652689425e+01
1.773916666973117628e+01,3.177851300438144477e+01
2.522548640681712939e+01,1.571523579218829525e+01
4.734140531365948590e+01,4.461878178296681874e+00
1.148480567519828277e+01,7.581457373014367818e+01
1.163088467520582192e+01,7.392213488603142935e+01
1.204909983079246238e+01,6.887962827229625873e+01
1.444461399478512043e+01,4.792786891195171251e+01
1.642768248190995095e+01,3.705504967146536188e+01
4.866129472380950460e+01,4.223112784761831939e+00
1.042571676941448722e+01,9.200006941997128251e+01
1.076655808859278629e+01,8.626730368795624315e+01
1.880577032071788679e+01,2.827598513467340524e+01
1.112405976887493253e+01,8.081153807815935863e+01
1.203343420745337156e+01,6.905908571804874896e+01
1.360369144683775033e+01,5.403640576954758501e+01
2.740434510279065705e+01,1.331561237465549574e+01
1.210975186770502887e+01,6.819138498490396216e+01
6.754668893670954333e+01,2.191754311268260480e+00
1.230049112587910720e+01,6.609294381097117821e+01
3.151533497056071909e+01,1.006829994062439759e+01
1.189610407081534760e+01,7.066274272334817397e+01
1.157934950280953679e+01,7.458159636347176047e+01
1.951980484832098739e+01,2.624514987121590792e+01
1.120830448420020531e+01,7.960129975327249952e+01
1.150779248861524984e+01,7.551199703605394120e+01
1.002008675998893139e+01,9.959947200029635894e+01
1.300253568906744839e+01,5.914852118916990520e+01
1.225488482914858501e+01,6.658578616593418076e+01
1.314001903715713837e+01,5.791726046033301145e+01
2.074580937792952540e+01,2.323481579965672594e+01
3.343100891717035239e+01,8.947486116878986095e+00
1.190023206706995573e+01,7.061372772205268689e+01
1.074734313747224057e+01,8.657605047614418936e+01
1.866911324176898290e+01,2.869145811963192827e+01
3.590398668409864769e+01,7.757372596410221810e+00
9.304202886552806717e+01,1.155158707092711179e+00
2.330281981355178900e+01,1.841548011291818554e+01
1.375937751163896650e+01,5.282049017730860641e+01
1.509877989723015368e+01,4.386481393818846186e+01
1.579588219994289133e+01,4.007857091624516244e+01
2.960908772765229813e+01,1.140643543430356210e+01
1.161162600751493912e+01,7.416754796306608455e+01
7.596687186900571476e+01,1.732812263278301179e+00
4.933425484540098438e+01,4.108685072153244633e+00
2.611944819063265300e+01,1.465790844595143483e+01
4.185511870962169922e+01,5.708248141989027857e+00
1.088629179676717662e+01,8.438010432976902564e+01
1.126595200289841969e+01,7.878874933618540410e+01
2.599158272306192075e+01,1.480248221009898657e+01
1.696745595926660144e+01,3.473493886067404190e+01
2.101665002558328155e+01,2.263982238456368634e+01
1.114044666224655877e+01,8.057397559009989152e+01
1.133966312688360212e+01,7.776777867171173853e+01
3.671727994642220239e+01,7.417524654643072424e+00
1.128578436056356082e+01,7.851208381286505755e+01
1.193850304775149418e+01,7.016172381542229175e+01
3.151525124052303539e+01,1.006835343981733644e+01
1.306538341180379525e+01,5.858085179021298217e+01
1.091590531331616276e+01,8.392289952883450610e+01
1.381294535039864435e+01,5.241159939522385969e+01
1.469211435227503060e+01,4.632670374189293483e+01
1.102293166728100182e+01,8.230112460232409433e+01
1.405679420686423065e+01,5.060896159841875175e+01
1.621276343489391536e+01,3.804397681538316789e+01
3.695593152587088781e+01,7.322033178807623166e+00
2.446722334965129164e+01,1.670439023451676874e+01
1.124222001915167191e+01,7.912174173002610189e+01
2.604038193882710317e+01,1.474705501323199286e+01
1.095219019159419105e+01,8.336774337437704219e+01
1.092039565874130957e+01,8.385389738954407335e+01
5.137079092189522100e+01,3.789374212823175991e+00
1.578644714052880360e+01,4.012649261727320038e+01
5.520900352549712409e+01,3.280803222480638048e+00
7.154511607850832888e+01,1.953619649364800814e+00
1.555972394829226957e+01,4.130439112750822517e+01
1.305527574957941006e+01,5.867159589827190302e+01
1.569483715993743189e+01,4.059629239272400980e+01
1.386958308693920294e+01,5.198441808506488826e+01
1.052499524631280536e+01,9.027264827565568339e+01
2.415084443197453012e+01,1.714491590110292307e+01
1.079946505356097397e+01,8.574237581585573764e+01
1.546605846734473388e+01,4.180620104381467428e+01
9.824788577438583559e+01,1.035985252411611102e+00
1.331636253670263592e+01,5.639346494379790187e+01
2.882114039090293289e+01,1.203864694453989337e+01
1.649723748185008176e+01,3.674324829375026980e+01
1.221288760282327424e+01,6.704451902793047680e+01
1.198827271505673941e+01,6.958037614031006513e+01
1.156233817442650569e+01,7.480121722769314374e+01
1.067001537483358753e+01,8.783546596633951253e+01
1.325076539289790567e+01,5.695319211143216620e+01
5.290742672306742378e+01,3.572454628298376011e+00
2.335087306147570274e+01,1.833976447721234493e+01
1.078757019535651374e+01,8.593156683367398330e+01
1.380386583274459333e+01,5.248056971855225328e+01
6.937188255627006583e+01,2.077940174071176038e+00
1.963250789781548633e+01,2.594468715856582364e+01
2.037671268613415521e+01,2.408417400163206423e+01
1.511945602666216359e+01,4.374492411801059433e+01
1.079846100180209234e+01,8.575832138172695807e+01
1.218982038596678485e+01,6.729850041352317191e+01
1.291666779222502903e+01,5.993755459050265699e+01
1.272395472439911401e+01,6.176689496651571432e+01
1.167566911130776930e+01,7.335613529749458905e+01
1.782252095175154238e+01,3.148195777851773158e+01
1.936433932418139392e+01,2.666825698642463749e+01
1.259288617316009251e+01,6.305934340309536879e+01
1.626296059596863230e+01,3.780948662069853583e+01
1.200134528068898021e+01,6.942887668402461543e+01
1.150092624104892991e+01,7.560218783058418524e+01
7.348797892958450007e+01,1.851686212637579487e+00
1.231011384726391356e+01,6.598965550415648806e+01
2.710704672377004698e+01,1.360929384617038629e+01
1.409730499796210701e+01,5.031851412998300077e+01
1.283366530501991498e+01,6.071536107566927143e+01
1.110851457953619814e+01,8.103787070473002530e+01
1.258576921821580896e+01,6.313068070290484002e+01
1.056607250341368065e+01,8.957211460628066391e+01
1.879942765184068065e+01,2.829506821193664834e+01
1.239628230538076359e+01,6.507543560989101650e+01
1.204234995987929580e+01,6.895686550585222108e+01
1.144064272302838425e+01,7.640101940366648137e+01
1.417156475812372385e+01,4.979255235294378679e+01
1.217997247843725717e+01,6.740737050127536634e+01
2.067060756160437762e+01,2.340418467523877410e+01
3.691446797587673956e+01,7.338491115805742204e+00
2.476693538404515493e+01,1.630254688238255056e+01
1.305012249231810095e+01,5.871794175042948893e+01
1.072026221031265081e+01,8.701401011155343213e+01
1.020140078103061576e+01,9.609048381605757072e+01
1.225812505028120825e+01,6.655058924057109948e+01
3.090444555470581633e+01,1.047027496480315278e+01
2.502429730012112685e+01,1.596894473671803105e+01
2.820750804385945543e+01,1.256812694532394481e+01
1.296676995219747042e+01,5.947526531903228886e+01
1.094935116071321346e+01,8.341098142181981245e+01
1.004081328902048043e+01,9.918870433784891816e+01
1.092441559600439760e+01,8.379219607773515577e+01
4.134498697545473078e+01,5.849978650033134109e+00
1.279766491895097857e+01,6.105743141347362979e+01
3.279912701685794474e+01,9.295557265063560948e+00
3.780058811789307782e+01,6.998466471944808198e+00
1.187386792171687588e+01,7.092765025752721897e+01
2.459327626264977695e+01,1.653359226502994872e+01
1.161833190186696996e+01,7.408195629438338869e+01
1.247360794763835479e+01,6.427111294095016092e+01
1.400165922488593573e+01,5.100831683698733343e+01
5.970438737731860357e+01,2.805352938299085608e+00
2.472115441495331467e+01,1.636298398493699935e+01
1.312021417261704848e+01,5.809224376618621477e+01
2.715569083719801924e+01,1.356058073444006773e+01
1.381240974045608283e+01,5.241566424973552074e+01
1.356364145485986583e+01,5.435598849060146875e+01
1.239670114694330216e+01,6.507103833736459819e+01
1.241568407145070907e+01,6.487221009817746165e+01
2.781862927484631598e+01,1.292196457702066326e+01
1.494105461292529213e+01,4.479582028119533987e+01
8.045664005280541176e+01,1.544814068547459618e+00
1.294587561952502774e+01,5.966740355002701079e+01
1.380254041787261698e+01,5.249064929307010630e+01
1.590101797169037567e+01,3.955033288012429438e+01
1.583209512639563066e+01,3.989543628109140627e+01
2.085172454122214347e+01,2.299937539241782858e+01
1.608416782139210355e+01,3.865474461213523227e+01
1.113797604694695842e+01,8.060972524056835198e+01
1.886633228079715607e+01,2.809474158083352435e+01
1.079870742370127168e+01,8.575440748972557969e+01
1.265279280513873772e+01,6.246362829991733179e+01
2.619678359305579107e+01,1.457149310162247602e+01
1.964898569723775879e+01,2.590119055264358394e+01
5.816228108742497938e+01,2.956086500275671103e+00
8.610245999147073803e+01,1.348866226357881226e+00
6.305568948713285948e+01,2.515077906702445354e+00
3.336640402153328466e+01,8.982168369451013490e+00
2.814880386741061002e+01,1.262060312767598980e+01
1.150699013641296986e+01,7.552252790967007456e+01
4.446077825891646995e+01,5.058781003173535851e+00
6.545061669862538167e+01,2.334385161874716452e+00
2.646945292894171331e+01,1.427282921678346206e+01
6.029892579502119787e+01,2.750304941960336702e+00
1.826182604534603371e+01,2.998552084562835418e+01
1.246544852602924536e+01,6.435527946541085953e+01
1.618002290672240306e+01,3.819809774920628342e+01
2.162922736892001652e+01,2.137558395568478531e+01
1.048973920288594641e+01,9.088048128367294964e+01
1.189519077687542037e+01,7.067359388721749269e+01
1.217586698447546745e+01,6.745283538833680836e+01
2.158184192285392555e+01,2.146955216701455527e+01
3.291977672612308226e+01,9.227546406289246050e+00
1.316968330492382755e+01,5.765664095537258049e+01
1.177416760972875487e+01,7.213392638002932244e+01
1.161182780369792056e+01,7.416497014357318562e+01
1.104414779663003543e+01,8.198522261116313814e+01
2.829113697131130678e+01,1.249393370902192224e+01
2.060315492190316178e+01,2.355768138501343500e+01
1.908948803961543561e+01,2.744172687717827941e+01
1.036656766971558774e+01,9.305292433157666210e+01
2.219082825754699684e+01,2.030733697435101703e+01
1.756936299148676284e+01,3.239574476701831429e+01
2.847122678169204235e+01,1.233637716382016514e+01
1.116508360593133631e+01,8.021877783147130003e+01
2.038016945547817471e+01,2.407600465112123089e+01
1.737970750301720457e+01,3.310663752104215263e+01
1.512261334364853305e+01,4.372665979149839899e+01
1.009056941342339009e+01,9.821292634581605796e+01
1.202438399122497259e+01,6.916308021180243770e+01
1.353534601238474266e+01,5.458348682796074058e+01
2.095291246450624101e+01,2.277776996936120213e+01
1.221829419667995253e+01,6.698519777086519866e+01
1.036423667203177956e+01,9.309478569578435270e+01
2.522361379196233599e+01,1.571756929417027493e+01
1.129906853372508913e+01,7.832758099101485527e+01
1.200815718736271265e+01,6.935012873342972739e+01
1.168803439211870021e+01,7.320100409788929596e+01
1.907584590906601107e+01,2.748099092720290315e+01
2.091000297139447639e+01,2.287135057861277332e+01
1.743911697291563812e+01,3.288145437914591440e+01
6.917275786828946593e+01,2.089920749994191862e+00
1.223341958129081242e+01,6.681965934107792293e+01
2.395950944405667116e+01,1.741983977828310159e+01
1.073494965674071544e+01,8.677606967021395690e+01
1.358452477320576790e+01,5.418899539846699298e+01
2.447227344282816475e+01,1.669749671698398430e+01
1.065387188033665211e+01,8.810185656729116488e+01
1.679411309298446398e+01,3.545568278060582657e+01
1.129174363543600457e+01,7.842923538101473468e+01
1.617923418668127766e+01,3.820182207128777918e+01
1.194163433201716451e+01,7.012493362543391129e+01
1.104130086503527153e+01,8.202750683375641927e+01
1.760040349318849806e+01,3.228157767555619984e+01
2.080876906472633436e+01,2.309442847663920872e+01
1.786849384756612480e+01,3.132016967088819115e+01
2.549032411903098705e+01,1.539037792821478945e+01
1.184285554832541010e+01,7.129960697164581518e+01
1.283187292897231657e+01,6.073232389316627433e+01
1.292486442029293059e+01,5.986155687854740393e+01
1.635845361230136064e+01,3.736934677869152210e+01
2.115602368785070198e+01,2.234250741650371097e+01
1.702384903582911591e+01,3.450519461275807487e+01
1.159133880444607811e+01,7.442739177504167003e+01
1.993442100682048590e+01,2.516475738613647550e+01
2.981274582431440834e+01,1.125112747229629484e+01
1.347548559606732610e+01,5.506950232268043521e+01
4.844495421427651394e+01,4.260915292161913115e+00
1.110460960032292022e+01,8.109487529158728591e+01
1.689539657757023505e+01,3.503186185330853419e+01
3.124481680703562603e+01,1.024339770264328564e+01
2.006317656385832393e+01,2.484280381547862149e+01
1.080766098052226987e+01,8.561238065923403440e+01
1.200606422212172397e+01,6.937430985684729023e+01
3.187339334914884503e+01,9.843360598786007998e+00
1.148598314504840268e+01,7.579903047224824775e+01
2.030776584501677107e+01,2.424798784089138692e+01
1.015959939057058214e+01,9.688283379203760148e+01
2.885940587763939646e+01,1.200674335768911760e+01
1.868103155958888806e+01,2.865486005128149571e+01
6.690477920222710395e+01,2.234013105046899206e+00
3.143006668480635568e+01,1.012300368841100173e+01
1.012764847001685631e+01,9.749509410153139299e+01
9.571249117003550566e+01,1.091598071969560380e+00
2.238562406151672590e+01,1.995545285894359111e+01
2.028414607489150256e+01,2.430449161029347138e+01
2.137322482049126293e+01,2.189071223252504339e+01
1.802200263241542189e+01,3.078888081247944442e+01
1.604393013694901171e+01,3.884887757357958549e+01
4.024793303369654751e+01,6.173235380191608890e+00
1.735661911439501282e+01,3.319477534442252420e+01
1.130704685288585942e+01,7.821708317953859080e+01
3.312526261092187241e+01,9.113419045044617306e+00
1.108891628216463232e+01,8.132457280004285849e+01
1.284070609122172257e+01,6.064879671776260750e+01
1.871324160243640833e+01,2.855630097124967293e+01
2.213770828997746420e+01,2.040490979271528360e+01
1.625650559123989680e+01,3.783951876608768572e+01
1.466243708791791533e+01,4.651442713283724117e+01
2.035849012088684873e+01,2.412730803021900527e+01
1.547926371334250817e+01,4.173490234387982412e+01
1.302839790239947781e+01,5.891392697484486263e+01
1.138107653460692426e+01,7.720284632778640344e+01
2.369588404871269915e+01,1.780960010263526883e+01
1.422923861503654130e+01,4.938973266854699062e+01
6.861941522499940049e+01,2.123762630082814962e+00
1.256140698379724618e+01,6.337579590161887211e+01
4.947936532896761008e+01,4.084620939471117929e+00
1.706452598032557688e+01,3.434088966363755446e+01
1.139653314389357774e+01,7.699357478694246026e+01
1.274906962312847192e+01,6.152378054260868367e+01
2.134849153766253593e+01,2.194146455966228615e+01
1.314321131830087452e+01,5.788912947761363625e+01
1.204453191769268727e+01,6.893188365617378111e+01
1.168711385898381039e+01,7.321253587627937520e+01
1.687113865935650026e+01,3.513267437024860840e+01
1.146670348881524859e+01,7.605413566512676482e+01
1.602695754780659598e+01,3.893120326401643894e+01
3.822622474183769725e+01,6.843482836739893216e+00
1.611388457066582802e+01,3.851230420235155094e+01
1.634010372641377984e+01,3.745332522743490955e+01
1.203191306770810520e+01,6.907654847062488557e+01
1.130788218160438419e+01,7.820552760059922548e+01
2.046253049576746719e+01,2.388258437159155179e+01
1.076162174592184506e+01,8.634646325138287182e+01
9.854504431539309905e+01,1.029746730507102859e+00
1.362266767646354815e+01,5.388596635815794400e+01
2.000827478934829529e+01,2.497932585807653538e+01
9.140656649689675817e+01,1.196865113624168808e+00
1.736335285227020719e+01,3.316903359109442562e+01
9.058550596662328758e+01,1.218660040960954483e+00
1.270381020774622982e+01,6.196293863261989543e+01
3.401835220249611780e+01,8.641187993989365879e+00
2.164259878270771864e+01,2.134917922615322894e+01
2.267758319521459498e+01,1.944493350055781278e+01
1.042433721232737831e+01,9.202442161492672312e+01
1.617423600001268369e+01,3.822543608805495552e+01
1.470683888345014623e+01,4.623398531081627283e+01
2.450687398210058987e+01,1.665038058601363247e+01
1.205474079130495113e+01,6.881517954453485686e+01
1.405102822818845532e+01,5.065050589855707841e+01
5.013310539333922122e+01,3.978787878032523206e+00
1.234599485003582764e+01,6.560664314685956811e+01
1.351412242637196570e+01,5.475506541144495287e+01
4.588712349482287323e+01,4.749176736154794298e+00
3.200199119274112292e+01,9.764409785825034049e+00
1.149015730639453281e+01,7.574396770783496891e+01
1.019329413940804940e+01,9.624338450931459477e+01
1.976516292647068340e+01,2.559759731466609622e+01
1.798527992147582211e+01,3.091473990040784869e+01
1.916697829963132094e+01,2.722028686014651910e+01
1.774004934058185512e+01,3.177535075057440039e+01
3.289995736960219119e+01,9.238667339719528471e+00
1.424201441056231410e+01,4.930116231728205634e+01
6.820879455989968676e+01,2.149409931319957057e+00
2.446193796203323245e+01,1.671160950844220849e+01
2.290373595165807075e+01,1.906282862342368034e+01
3.219564412628053418e+01,9.647299545455922498e+00
1.614625486820178324e+01,3.835803869641947017e+01
2.016508928122689426e+01,2.459233134206479932e+01
1.822160896565612020e+01,3.011802954925819620e+01
1.109172026950545842e+01,8.128346028661763967e+01
1.045006017518424990e+01,9.157194050665523832e+01
1.608976262582372030e+01,3.862786688360169052e+01
1.342179806027787592e+01,5.551094228372643613e+01
2.011412634330415017e+01,2.471710784660157856e+01
8.608225173520065709e+01,1.349499607416878355e+00
3.063639183026847590e+01,1.065429626866113466e+01
1.128575065010216250e+01,7.851255284369970866e+01
1.861168053530574085e+01,2.886880594780549103e+01
1.048867179555919193e+01,9.089897960825260270e+01
3.032621166037934302e+01,1.087335773027766628e+01
1.269650304532493656e+01,6.203428167036351226e+01
1.584865752488469681e+01,3.981209561305031031e+01
3.151850891708334501e+01,1.006627226624070026e+01
1.430946192119582072e+01,4.883749653543647185e+01
2.200184393306737363e+01,2.065769402466375837e+01
1.552329647744957342e+01,4.149847102468093141e+01
3.680046241490982339e+01,7.384029929913291213e+00
1.849022527531050031e+01,2.924930796458180282e+01
1.761326822797110481e+01,3.223443795515921551e+01
1.810212414481508958e+01,3.051693566059067564e+01
1.210854485667158897e+01,6.820498064934777460e+01
1.132987456604718446e+01,7.790221325285720866e+01
1.659559110081996280e+01,3.630902178732406327e+01
4.824488498796463887e+01,4.296328191119351381e+00
1.973302036040401219e+01,2.568105565437739557e+01
2.805960452682952422e+01,1.270097053352925265e+01
4.365931822270478335e+01,5.246215193974229862e+00
2.042962576468164215e+01,2.395957872140300893e+01
3.670565180042548548e+01,7.422225060028788235e+00
1.733630521718152906e+01,3.327261318956367830e+01
1.123098574636270541e+01,7.928011069565545199e+01
1.408839997154254675e+01,5.038214510479176766e+01
1.126016694243381266e+01,7.886972766754230690e+01
2.929116675622173460e+01,1.165538590509534700e+01
1.841376774269035721e+01,2.949270983504800014e+01
1.764586050929875327e+01,3.211547253150544634e+01
1.113841088081016828e+01,8.060343149643965432e+01
1.234343979476614273e+01,6.563380671737094474e+01
1.089278139881502305e+01,8.427959186050330231e+01
4.105023229366381798e+01,5.934289946752656419e+00
4.043218838968891049e+01,6.117098922506579939e+00
1.859440951189498747e+01,2.892245921140623111e+01
1.293912879383453429e+01,5.972964429777411510e+01
3.378018286845255602e+01,8.763468045621177538e+00
1.560759907013162362e+01,4.105138361418488557e+01
1.336010260011244455e+01,5.602481269937626962e+01
1.042049834989798995e+01,9.209223682955339996e+01
1.334574478084088511e+01,5.614542445186481245e+01
1.098333825000556274e+01,8.289556247989818871e+01
1.354583183511149791e+01,5.449901342763618572e+01
2.350173368720997402e+01,1.810506959671366545e+01
1.362079273761075981e+01,5.390080247638049116e+01
1.159403168030868692e+01,7.439282218669687552e+01
1.194771971007489775e+01,7.005351781270884715e+01
1.661128663983394205e+01,3.624043945002675571e+01
3.750305107225866408e+01,7.109954104912637796e+00
1.347166207405991223e+01,5.510076636914516257e+01
4.120552187733610339e+01,5.889645593255304235e+00
1.952311295092630772e+01,2.623625638244517333e+01
1.841035223508062302e+01,2.950365388626360641e+01
1.139240459821285079e+01,7.704938900690666514e+01
5.218768181643488191e+01,3.671672935545365224e+00
5.407383096273816392e+01,3.419996974378338273e+00
2.999685214677482392e+01,1.111344322129147955e+01
8.739385755670789990e+01,1.309297024860257119e+00
1.416226419811616566e+01,4.985797277955465745e+01
2.273587099608322859e+01,1.934535961012919358e+01
1.442200906559513385e+01,4.807823009097973710e+01
1.040070376435386201e+01,9.244310969281485768e+01
1.589705099711902392e+01,3.957007424483185787e+01
1.005003716674533898e+01,9.900671801923694204e+01
2.267264887265995910e+01,1.945339815020469842e+01
2.022850558736526239e+01,2.443837926622610013e+01
3.334839810344212196e+01,8.991870535639302275e+00
1.037622229125423168e+01,9.287984153022580358e+01
2.163817893961255123e+01,2.135790174016008436e+01
1.179809578736430176e+01,7.184162784011965641e+01
7.463979444691770482e+01,1.794978002084129720e+00
1.614524584421471332e+01,3.836283334506789799e+01
1.415162766044687004e+01,4.993294867835723494e+01
3.245202006609437717e+01,9.495471362334299670e+00
2.228591706952974150e+01,2.013441333141907919e+01
1.081167139480892914e+01,8.554887938851199181e+01
1.503813636790852470e+01,4.421931009711537541e+01
2.157398524161920150e+01,2.148519231324226908e+01
1.388691216087070757e+01,5.185475934643491769e+01
1.358296477227879961e+01,5.420144330492600204e+01
2.102533585134123228e+01,2.262112066817153533e+01
6.352438702260745629e+01,2.478101176888770851e+00
1.425647314324934989e+01,4.920121181097756846e+01
8.757756313237214840e+01,1.303809936881825893e+00
2.649555090922575928e+01,1.424472573892632177e+01
1.414005011444209181e+01,5.001475004025704862e+01
2.474954006766882486e+01,1.632547156061637850e+01
1.119093221739598043e+01,7.984863006129644702e+01
1.972102290231940458e+01,2.571231175201807773e+01
4.911809047555502161e+01,4.144928568127256518e+00
1.233585130726978463e+01,6.571458176924248562e+01
1.257448432322271437e+01,6.324404404475789221e+01
2.150038603397234738e+01,2.163253847117723794e+01
3.169066608116667538e+01,9.957200797843924533e+00
1.795478264833887039e+01,3.101985016537365070e+01
2.876056812208606317e+01,1.208940922738898927e+01
1.278387917238797478e+01,6.118918737076183589e+01
3.758845596097101094e+01,7.077681696561750613e+00
1.516312972147693472e+01,4.349329386322715152e+01
1.013560194641002710e+01,9.734214399696857356e+01
2.108318857876299290e+01,2.249714530444756377e+01
6.166171348045185141e+01,2.630079172858251102e+00
2.074523831459810452e+01,2.323609500732248989e+01
1.034013986758594505e+01,9.352919002065597454e+01
3.428567603851178802e+01,8.506963424207766522e+00
1.457758400287759848e+01,4.705750473211190865e+01
1.192725974141641387e+01,7.029406294076254369e+01
1.093287392736426078e+01,8.366259282764009697e+01
9.123433900785464346e+01,1.201388139475794370e+00
3.455945707532666944e+01,8.372712479305997491e+00
1.054766469140623109e+01,8.988503039633512515e+01
1.165574899291999067e+01,7.360708640795924396e+01
2.518745038394067137e+01,1.576273535183276131e+01
6.679344337123531261e+01,2.241466920551854702e+00
3.704839542789625995e+01,7.285530711898233314e+00
1.603245084507866025e+01,3.890452935912748700e+01
1.843072363009201808e+01,2.943846942129466626e+01
1.181392038796833965e+01,7.164929479204779739e+01
3.237001727589945688e+01,9.543641953083334073e+00
1.008774206194461520e+01,9.826798750314763709e+01
2.091545640020950358e+01,2.285942532874946309e+01
9.292837560141860820e+01,1.157985999411796252e+00
1.032289197726582053e+01,9.384199555960537964e+01
1.665589064124295859e+01,3.604659761729869416e+01
2.273982211773492423e+01,1.933863754974339244e+01
1.966474200656170979e+01,2.585970069502822000e+01
1.234210301628154660e+01,6.564802513898497693e+01
1.662896303412280119e+01,3.616343406847962427e+01
1.975953290011259256e+01,2.561218629098141619e+01
3.388626934597876073e+01,8.708683012743506424e+00
2.473546993562129259e+01,1.634404948705828886e+01
1.033323315271103837e+01,9.365426129779982034e+01
1.570365039352184233e+01,4.055073811709204534e+01
1.321421604968887742e+01,5.726868271941371802e+01
1.820951304544505689e+01,3.015805547184461943e+01
2.878771646043557908e+01,1.206661807518688612e+01
1.231274154683359434e+01,6.596149240405465264e+01
5.152951868831510041e+01,3.766065144763946382e+00
2.025158140655741335e+01,2.438271800011504453e+01
1.185824889746097099e+01,7.111461719998116848e+01
3.335903362294698837e+01,8.986137877393385764e+00
6.355664390864077262e+01,2.475586395194111944e+00
1.260879396049779011e+01,6.290032711190470138e+01
1.717134097195998876e+01,3.391498081923099051e+01
1.220977193030300434e+01,6.707874004675606727e+01
2.882024400819996401e+01,1.203939582110752760e+01
1.906073610227169013e+01,2.752457760114034713e+01
1.153921570625327853e+01,7.510129336766532049e+01
1.234753521630226736e+01,6.559027519088574820e+01
3.897918164850079137e+01,6.581646700971601760e+00
1.049926043303240597e+01,9.071572651095088702e+01
1.084800510360481596e+01,8.497677370746913539e+01
1.293809284128257708e+01,5.973920978094761836e+01
1.657247663075393618e+01,3.641037647289613233e+01
1.362912252499938148e+01,5.383493689767038859e+01
3.287876799895636282e+01,9.250579259760833395e+00
7.430636699884549046e+01,1.811122990507403996e+00
1.545853432728457477e+01,4.184690765380811683e+01
3.952603729876395988e+01,6.400788066897753481e+00
1.461582785751562596e+01,4.681156507168770986e+01
3.446361489483570750e+01,8.419345708534896389e+00
1.005006645605687154e+01,9.900614094158376588e+01
1.003793366960930555e+01,9.924562176668234770e+01
3.700176110460110834e+01,7.303906588406203326e+00
1.142045991342006772e+01,7.667129744479510123e+01
1.839792162342166648e+01,2.954353582171772175e+01
1.081560592004857035e+01,8.548664838561379042e+01
1.299515472578883646e+01,5.921573039968958341e+01
1.088438161100143908e+01,8.440972398543402733e+01
2.549003411519602125e+01,1.539072812735459195e+01
1.573488708406908287e+01,4.038989634401610118e+01
4.203651275060936854e+01,5.659090489111747502e+00
1.034841967532496732e+01,9.337958381332207125e+01
1.516289287426367416e+01,4.349465262055482384e+01
1.205447368821878129e+01,6.881822919248257620e+01
1.279666282611929518e+01,6.106699447078723608e+01
1.305921656289220678e+01,5.863619118329854984e+01
1.613121130947491366e+01,3.842961552518895019e+01
1.978675529913945041e+01,2.554176084453479234e+01
4.664031214126188019e+01,4.597027517637520155e+00
1.089566924105336376e+01,8.423492201862714523e+01
2.290579205493111559e+01,1.905940648590613762e+01
1.123309167724004531e+01,7.925038730559482758e+01
1.229575362527390858e+01,6.614388427250682412e+01
1.017498788958295108e+01,9.659000710468087902e+01
1.496355260110348873e+01,4.466121879627376501e+01
1.191776070607222060e+01,7.040616317667303292e+01
1.626996133574629866e+01,3.777695582061495116e+01
2.024198605859333355e+01,2.440583985340133921e+01
2.143526363714056515e+01,2.176418161372911797e+01
1.479915028254150045e+01,4.565900459154554625e+01
6.309533504134935100e+01,2.511918233143401125e+00
3.078206114574127383e+01,1.055369665133565249e+01
1.488805567830968890e+01,4.511531888483469999e+01
1.052027207434157319e+01,9.035372392677309961e+01
3.025529832059778457e+01,1.092438811364191764e+01
1.340302547673170075e+01,5.566655096875699371e+01
1.922074607577692973e+01,2.706820876741303294e+01
1.294691936644974994e+01,5.965778347642229562e+01
2.518087644937379466e+01,1.577096673467471355e+01
2.604298228584726260e+01,1.474411022406192728e+01
4.987072996477762388e+01,4.020763694598959326e+00
9.631212453685618868e+01,1.078047939847351033e+00
1.019775635427445515e+01,9.615917682921573828e+01
1.892328600509609515e+01,2.792588166485957046e+01
1.334136606832322869e+01,5.618228499754055605e+01
1.347795796244908217e+01,5.504930052373219240e+01
1.540672582183751871e+01,4.212881972260571217e+01
6.160387737329556757e+01,2.635019931537837756e+00
3.092188489240698246e+01,1.045846823493119082e+01
1.570016554713015999e+01,4.056874159305282035e+01
1.528663366745022500e+01,4.279334979282994311e+01
7.570054955054274615e+01,1.745026133871983687e+00
1.470579875567673511e+01,4.624052571758380736e+01
4.720197218872569778e+01,4.488277604847947799e+00
1.117348227659798354e+01,8.009822850388894722e+01
2.605995510800432768e+01,1.472491083049820482e+01
1.092039384583767259e+01,8.385392523085646133e+01
7.918186094209993087e+01,1.594955576006147124e+00
3.906014001163065075e+01,6.554391952461424253e+00
1.048289612684891914e+01,9.099917081761508086e+01
1.232414124216920115e+01,6.583952152852293693e+01
1.178227130457699623e+01,7.203473492720388549e+01
1.039643195275280974e+01,9.251909358435909780e+01
1.782058514826108109e+01,3.148879775523904456e+01
3.288144754084135712e+01,9.249071643371090445e+00
4.050551091140694382e+01,6.094972789290757476e+00
2.078304237330390691e+01,2.315163963563808736e+01
1.055581571911142902e+01,8.974626850046610116e+01
2.054404608619068284e+01,2.369343558838402330e+01
1.337134377926210682e+01,5.593065309369323046e+01
1.250152895481228121e+01,6.398434637482304765e+01
3.011679109430135881e+01,1.102510177090508492e+01
1.654794960673678617e+01,3.651838985469831300e+01
1.985584230447792820e+01,2.536432854692462513e+01
4.040928615202162177e+01,6.124034702208257741e+00
3.613251439049499680e+01,7.659556629066402778e+00
1.008680183987831214e+01,9.828630808441441502e+01
4.614169951966937333e+01,4.696916360533395896e+00
1.252393124439711869e+01,6.375564600448988273e+01
3.051103059279493834e+01,1.074202713939011922e+01
1.014981643562303582e+01,9.706968587462222331e+01
3.204524388645035060e+01,9.738068778405709836e+00
1.710053038971084760e+01,3.419643545028291953e+01
2.234769403116659348e+01,2.002324985598146867e+01
3.933526457023862122e+01,6.463025192979902300e+00
4.450414890375693489e+01,5.048925936067655051e+00
1.619041460812011834e+01,3.814907913568771392e+01
1.013179822528452689e+01,9.741524688828063461e+01
3.072936308220289447e+01,1.058992494910988569e+01
1.596130354204391466e+01,3.925213522831172241e+01
1.202825655816624817e+01,6.911855247154588255e+01
3.167884560828807139e+01,9.964632936134812269e+00
1.711378301128550206e+01,3.414349368449241950e+01
1.110776868127772232e+01,8.104875462532109509e+01
4.190737012450369292e+01,5.694022572664096948e+00
1.117176474868008285e+01,8.012285872510915397e+01
4.422331053618630392e+01,5.113255555956792264e+00
1.349554529503595646e+01,5.490591402422373335e+01
1.683123214502158049e+01,3.529946960484669916e+01
9.203279223744908677e+01,1.180632686950107368e+00
1.556859625134522673e+01,4.125732707007013289e+01
4.327708636731811964e+01,5.339295676564318249e+00
1.431816811825033930e+01,4.877812307419308979e+01
1.127005829079580224e+01,7.873134584457079654e+01
3.529930376969311823e+01,8.025419092066863769e+00
3.096592116272898210e+01,1.042874365743846887e+01
3.960020699011228373e+01,6.376833652407215780e+00
5.275141264042584766e+01,3.593617186765228233e+00
1.055938381875263232e+01,8.968562679430633011e+01
1.303808054746307832e+01,5.882645538355058079e+01
1.827994086230155446e+01,2.992612097254191994e+01
3.798246936607975499e+01,6.931601827001958149e+00
1.156824930397249140e+01,7.472479309358024580e+01
1.425568606859695464e+01,4.920664488456327490e+01
1.126015943271411679e+01,7.886983286849408614e+01
1.504938004223245862e+01,4.415326062649250360e+01
2.322383229491948242e+01,1.854096041244998361e+01
2.007355590512858612e+01,2.481711974864252923e+01
2.060243610160673455e+01,2.355932527167250612e+01
2.427940484461633375e+01,1.696383057991127075e+01
1.042529889067008320e+01,9.200744487162847918e+01
1.060597839589912894e+01,8.889933733920635461e+01
4.400279243179229383e+01,5.164633695063638896e+00
1.242301133294856541e+01,6.479570763756238705e+01
1.379510663581205065e+01,5.254723590630579366e+01
1.743182471578285586e+01,3.290897073818966589e+01
1.142570408573303986e+01,7.660093237679889455e+01
1.083678622933939373e+01,8.515281062433533066e+01
2.222513615095886763e+01,2.024469040924469709e+01
9.046537522370263673e+01,1.221898754965450751e+00
1.344189631296435827e+01,5.534506704636911678e+01
1.791144007494641244e+01,3.117015710116010396e+01
2.052866897071002228e+01,2.372894428599381911e+01
3.997079219549892315e+01,6.259137445865623484e+00
1.454830840549704440e+01,4.724708315382025603e+01
1.082821073278422830e+01,8.528773906399949567e+01
1.225701437460534216e+01,6.656265081892917124e+01
1.836232664675632620e+01,2.965818585947050678e+01
1.212643844030090712e+01,6.800384474183182704e+01
3.120708172499524835e+01,1.026818497062282809e+01
1.002237545624610071e+01,9.955398838969647102e+01
1.002591194250940454e+01,9.948376849936727240e+01
1.094699470297861588e+01,8.344689549922276228e+01
3.263967705850100742e+01,9.386599621161765938e+00
1.596592468006447341e+01,3.922941643342131357e+01
4.069901206411286410e+01,6.037154157198187043e+00
3.450657744521787151e+01,8.398393680682000095e+00
3.087669952379089366e+01,1.048910075278706699e+01
4.796154373798818682e+01,4.347240763628003712e+00
4.390988996414021273e+01,5.186510989308037445e+00
1.504002575133790920e+01,4.420820080975349242e+01
1.252456863329196679e+01,6.374915698152984334e+01
1.008410346112380829e+01,9.833891547197897864e+01
4.168519459836065977e+01,5.754880812224856257e+00
1.184212297253807655e+01,7.130842869751889168e+01
1.113516850125286695e+01,8.065037914136918573e+01
1.046986188068900603e+01,9.122588706575372441e+01
3.819793978072691232e+01,6.853621567460870700e+00
1.159568059815533481e+01,7.437166621755920914e+01
1.071345508095873633e+01,8.712461939513174514e+01
4.075737080247569111e+01,6.019877848324314051e+00
1.692146496972899072e+01,3.492400820354149715e+01
1.073196014127815445e+01,8.682442142156007492e+01
1.557173594989913035e+01,4.124069147959323089e+01
2.978554328794763606e+01,1.127168771255268354e+01
1.047836583802387089e+01,9.107787424352433447e+01
1.089956702102260522e+01,8.417468650937539110e+01
3.262679626753693185e+01,9.394012588901707872e+00
1.125060030655442311e+01,7.900391406429366725e+01
1.502392550571191876e+01,4.430300216754596931e+01
2.518444405114398421e+01,1.576649885414186514e+01
1.107977189124664896e+01,8.145886628074030966e+01
6.170710294053133538e+01,2.626211418160205202e+00
1.156355719841035423e+01,7.478544705075749732e+01
1.444886321857097400e+01,4.789968312443714638e+01
3.252549097767361985e+01,9.452621709632424540e+00
1.662725874176427610e+01,3.617084794517327140e+01
2.920938819184006263e+01,1.172074126409022199e+01
4.456266306066992655e+01,5.035675395781473718e+00
3.415434513865650956e+01,8.572511461972334601e+00
1.216351057210404640e+01,6.758995014502244203e+01
1.119535315204342574e+01,7.978557963828895083e+01
1.398468077133282073e+01,5.113224788305900148e+01
2.224697098931244099e+01,2.020497060941120893e+01
3.893607341271557942e+01,6.596228563784533705e+00
1.140748194075323418e+01,7.684585025516496160e+01
8.210614810058639534e+01,1.483367103479748650e+00
1.072444035976130472e+01,8.694622350325708737e+01
1.242132048416212342e+01,6.481334943348257127e+01
1.584641608996376050e+01,3.982335904725441367e+01
1.618780281528423970e+01,3.816139032215788518e+01
1.316966189276789301e+01,5.765682843991098139e+01
1.232936786583706734e+01,6.578371242841417654e+01
1.259352843510259845e+01,6.305291159427497405e+01
1.484847003194649950e+01,4.535619214149471645e+01
1.328630659462890407e+01,5.664889723412980516e+01
5.406448154370324488e+01,3.421179922910531968e+00
1.020275984890424859e+01,9.606488588107957582e+01
3.492833359899294265e+01,8.196798656987972720e+00
1.750081789099876417e+01,3.265000925046620495e+01
1.782280745655332765e+01,3.148094563050478456e+01
3.294881014364241167e+01,9.211291544837440171e+00
2.391690774283402021e+01,1.748195280385144557e+01
9.768603872040627323e+01,1.047936584682711114e+00
3.461550345746510260e+01,8.345621707609057083e+00
4.368989525921662676e+01,5.238874476922962486e+00
3.940806079128901729e+01,6.439169704916786863e+00
1.110112966135026014e+01,8.114572587308984453e+01
2.389864659186545737e+01,1.750867921660585225e+01
1.229306267577782741e+01,6.617284521376649309e+01
5.804514104576160349e+01,2.968029808428417571e+00
5.205698959818515448e+01,3.690131991359104635e+00
1.364087911592381630e+01,5.374218003332011051e+01
1.016582447002519629e+01,9.676421701212684923e+01
1.196300630624159389e+01,6.987460030445076598e+01
4.078850444500393024e+01,6.010691475892421032e+00
1.442062709888131877e+01,4.808744545961383210e+01
1.119104551734820063e+01,7.984701326862754911e+01
1.067024603289222817e+01,8.783166853954766395e+01
1.850845979416304843e+01,2.919170356779255471e+01
1.852772727953565735e+01,2.913102065087095127e+01
2.851657043478546782e+01,1.229717667994971464e+01
1.184700066398456819e+01,7.124972203925115366e+01
1.021928797913656517e+01,9.575439674362085896e+01
4.728804364693607454e+01,4.471953773511929242e+00
1.087671619761844610e+01,8.452874215537771363e+01
4.966052119782500540e+01,4.054874839123660202e+00
3.257458386960237817e+01,9.424151240142206731e+00
1.202426252650090888e+01,6.916447753939173992e+01
1.746072897454313733e+01,3.280010677295308597e+01
1.158199678976326830e+01,7.454750615840477224e+01
1.778700603954984061e+01,3.160780191276166562e+01
1.319468261665863729e+01,5.743836956067904254e+01
1.793787760050022229e+01,3.107834528524700346e+01
9.208068006969958219e+01,1.179404997529261090e+00
1.256191783668130135e+01,6.337064142596819494e+01
1.100603334776570819e+01,8.255404376285945034e+01
3.078061574775576403e+01,1.055468783683762624e+01
2.263079032595051032e+01,1.952542780813015000e+01
3.578854050942735654e+01,7.807500565857299790e+00
1.678626988920664687e+01,3.548882309269941260e+01
1.060165306649701478e+01,8.897189156342746230e+01
2.772473448457881773e+01,1.300963789214891264e+01
2.377199478650987174e+01,1.769574075995689810e+01
6.726824871081835511e+01,2.209936309854037884e+00
1.330740842317916872e+01,5.646938105822795251e+01
1.695005682061081842e+01,3.480628590203220796e+01
1.088641788387419673e+01,8.437814975081636248e+01
4.417258238165561579e+01,5.125006508448828768e+00
3.327080898069672799e+01,9.033858384424805266e+00
1.022171828886073186e+01,9.570886913854936040e+01
1.124505118188866959e+01,7.908190583702291576e+01
1.401123315302493388e+01,5.093863230474414650e+01
1.696490837390028261e+01,3.474537179248696361e+01
1.727188879335454885e+01,3.352125994259633757e+01
2.947516491773829017e+01,1.151032304511258886e+01
1.644599352806443093e+01,3.697258107608554667e+01
2.943540261203159147e+01,1.154144109111094885e+01
1.505693214879862474e+01,4.410897982587554367e+01
3.965383531648667770e+01,6.359597101873924352e+00
3.325110684474803691e+01,9.044567142938877424e+00
8.492835529448744580e+01,1.386419227002116950e+00
2.038737181119880404e+01,2.405899673840303166e+01
1.189114245647597023e+01,7.072172350228495930e+01
1.096427069324505865e+01,8.318413438445115560e+01
1.019047895781549862e+01,9.629656749126581872e+01
2.183201684813219501e+01,2.098032852339769150e+01
1.313309755468257833e+01,5.797832433911509042e+01
1.231524094586956508e+01,6.593472112746702862e+01
1.169510236173850259e+01,7.311255234838037609e+01
1.042221726599546017e+01,9.206186214625152786e+01
3.438014794892054482e+01,8.460275730967703467e+00
1.161123470537372881e+01,7.417254698514884126e+01
1.719337836054245017e+01,3.382809636733971104e+01
1.087188624857172314e+01,8.460386439217391796e+01
1.405163688206197037e+01,5.064611808819868344e+01
1.099166633199447318e+01,8.276999471132533870e+01
5.492156809032746168e+01,3.315233658804046080e+00
1.075302666960295284e+01,8.648455479948950142e+01
1.466503147149841801e+01,4.649797089926492077e+01
1.269194066287568212e+01,6.207888871587709190e+01
1.167164878442519971e+01,7.340667938777340851e+01
1.862412508226904606e+01,2.883023885461812696e+01
1.404180216851387009e+01,5.071708682653589761e+01
1.590434622841082835e+01,3.953378144367847824e+01
1.290360766940045423e+01,6.005894513308535210e+01
2.234413274024492679e+01,2.002963312459876022e+01
2.558476072901937570e+01,1.527697192350737510e+01
2.386001010914725384e+01,1.756542868866582197e+01
4.260341144975384964e+01,5.509488071571785994e+00
1.067267867199043430e+01,8.779163390395414979e+01
2.445894135371642619e+01,1.671570463381985761e+01
1.161802226967990315e+01,7.408590506695068711e+01
1.098737967490000500e+01,8.283459169592363480e+01
2.569071722092702714e+01,1.515121783582426929e+01
1.609344539619154446e+01,3.861018996195362263e+01
1.338651520612837409e+01,5.580394842786910914e+01
1.067184983108015928e+01,8.780527130039610029e+01
1.228078577584543929e+01,6.630521515880712968e+01
1.261124351717244885e+01,6.287589447730029946e+01
2.889198306829434770e+01,1.197968218656571260e+01
3.876331909456704494e+01,6.655153662442018891e+00
1.106714756810543854e+01,8.164481294359548258e+01
1.511307104093469889e+01,4.378189472671407145e+01
7.748326882252396786e+01,1.665651466693400140e+00
1.221605659309211589e+01,6.700973924953134997e+01
2.686872989637685549e+01,1.385178445545968096e+01
1.122889978035399494e+01,7.930956878683635125e+01
1.385155934502170716e+01,5.211979104881362446e+01
1.312195754058692820e+01,5.807680865613481558e+01
2.114034553425086216e+01,2.237565911250548112e+01
1.825054718183552183e+01,3.002259448494186955e+01
2.479530859041653201e+01,1.626525830621089597e+01
1.163632317300654861e+01,7.385305268296433212e+01
1.174899288583731050e+01,7.244338221670227540e+01
1.006217781559183244e+01,9.876794651842934059e+01
1.335744524318077708e+01,5.604710629380211628e+01
1.181274091196592124e+01,7.166360355297409512e+01
1.271403428306258476e+01,6.186332288278732960e+01
2.292268533846787193e+01,1.903132449550390248e+01
3.760661700344112290e+01,7.070847418382929739e+00
1.156451912743354349e+01,7.477300636051381844e+01
1.200817690282259065e+01,6.934990101050907185e+01
4.964167331074605727e+01,4.057954523051233053e+00
1.219325354683977736e+01,6.726060830367127608e+01
3.571015736612599767e+01,7.841812824296719775e+00
1.502107823312335988e+01,4.431979918797226503e+01
3.110661878928516089e+01,1.033461699350606011e+01
1.801506849119424203e+01,3.081258713760879075e+01
3.468270862932730125e+01,8.313310186307129257e+00
1.476948043753894524e+01,4.584263410959722762e+01
1.166607709728165254e+01,7.347681379830564197e+01
2.450781446731156166e+01,1.664910269677104893e+01
9.625411884961771136e+01,1.079347660929434127e+00
1.135430798764534366e+01,7.756729726634544875e+01
2.980081230291111538e+01,1.126014014295633103e+01
3.349862332174164692e+01,8.911402938858641321e+00
3.881896854306337019e+01,6.636086171432148184e+00
8.525396821900217503e+01,1.375849069688468651e+00
1.476194909617870721e+01,4.588942259215107100e+01
2.076203632731026261e+01,2.319851080177573621e+01
2.205697639580288794e+01,2.055455330888428733e+01
2.108363781519292246e+01,2.249618660560659222e+01
1.540472971143103997e+01,4.213973834635023508e+01
2.255299084661314168e+01,1.966037117234484910e+01
1.045716105942363328e+01,9.144761977109904194e+01
2.128960456507497057e+01,2.206301245818977108e+01
1.490385515697507657e+01,4.501971668068109267e+01
1.785256182441797890e+01,3.137609624653968154e+01
1.122935381999753268e+01,7.930315542397978845e+01
3.182190057607623146e+01,9.875242542669447232e+00
3.446382180200899370e+01,8.419244615986180236e+00
2.566776019928904873e+01,1.517833219092548269e+01
1.054464813716042926e+01,8.993646537075981939e+01
1.642020100780415248e+01,3.708882386829540678e+01
1.000749335650941596e+01,9.985030115284256169e+01
1.393345482100215804e+01,5.150891151908368926e+01
1.331106350849394815e+01,5.643837345803697758e+01
1.319994548360413056e+01,5.739257691179705034e+01
1.329317282329425787e+01,5.659039143830027996e+01
1.031053924885958573e+01,9.406698846431021366e+01
1.683321560178618626e+01,3.529115142625253299e+01
1.079212416621780690e+01,8.585906075788376768e+01
1.029328664540493321e+01,9.438258455715237005e+01
4.673251162857138041e+01,4.578906279943745439e+00
1.654919751260455385e+01,3.651288266381878600e+01
2.607528762765512553e+01,1.470759914362995424e+01
1.521590454515971480e+01,4.319211290981893114e+01
3.655911835393884957e+01,7.481842681760617175e+00
1.541524700464634634e+01,4.208225697152989397e+01
2.501382805570725765e+01,1.598231476319339706e+01
1.438615805647298806e+01,4.831815527081474926e+01
1.404994560936279591e+01,5.065831195068041382e+01
1.304366799983461433e+01,5.877606777509917180e+01
3.543041804638826164e+01,7.966131051017363518e+00
2.099967230190291545e+01,2.267644467285968091e+01
3.476626183160381345e+01,8.273399710687678876e+00
1.080519802544605668e+01,8.565141436854020185e+01
1.087077256462156960e+01,8.462120019636611801e+01
2.322624350961081063e+01,1.853711098104731647e+01
1.168219320808637285e+01,7.327422449844300445e+01
1.166914009128258556e+01,7.343824548896836291e+01
1.076440713570490360e+01,8.630178314283499219e+01
6.499543987583830074e+01,2.367196038531454327e+00
1.671411936994199365e+01,3.579587649403021743e+01
1.132418127084132564e+01,7.798056448687187014e+01
1.277467069928627197e+01,6.127743419617475240e+01
1.354658882713553858e+01,5.449292271855473757e+01
3.082689122321481534e+01,1.052302349555392169e+01
3.521027674127075358e+01,8.066053959968389364e+00
2.322111446389485678e+01,1.854530078521211323e+01
1.051990507082249593e+01,9.036002830173495681e+01
2.269895172360702418e+01,1.940834026570707849e+01
1.396891281550576203e+01,5.124774807699358803e+01
1.082009148632562301e+01,8.541578455880636511e+01
1.248436807943089910e+01,6.416037163388477893e+01
1.001865563077059562e+01,9.962792889120247253e+01
2.832063129942311619e+01,1.246792381606941724e+01
2.755398077852895611e+01,1.317138055388978479e+01
1.803170655607248207e+01,3.075575110794497391e+01
1.194124058199437677e+01,7.012955829558553944e+01
1.055479373211825944e+01,8.976364903141251261e+01
2.405839494690329161e+01,1.727693502155837280e+01
1.065584750583070672e+01,8.806919090863944177e+01
1.545131819243671600e+01,4.188600379293631448e+01
1.348760301219141589e+01,5.497059663576267496e+01
1.285168325940734135e+01,6.054523554140072861e+01
1.361081537787218565e+01,5.397985502293946780e+01
1.120536835839217460e+01,7.964302083617802452e+01
1.603421647612993439e+01,3.889596177328169802e+01
1.797642992982906307e+01,3.094518671747774974e+01
1.578004547039661887e+01,4.015905636048875493e+01
1.427775784837108120e+01,4.905462679257547620e+01
1.696796957197737044e+01,3.473283607094165859e+01
2.808224128135048403e+01,1.268050258935022612e+01
1.255250532166168043e+01,6.346571419966005578e+01
1.133928158400155795e+01,7.777301220284516603e+01
1.543516149884381861e+01,4.197373770051581943e+01
1.831743669891826798e+01,2.980372868750374238e+01
1.815391870026357424e+01,3.034304964309325925e+01
8.708970905807832708e+01,1.318458063368280753e+00
4.816565761267590062e+01,4.310473819887327807e+00
1.477232894991354506e+01,4.582495636616805967e+01
1.104802089275648669e+01,8.192774969507888727e+01
6.614014936225423469e+01,2.285965424404062585e+00
1.034334760056333202e+01,9.347118749431848528e+01
1.279057309278904953e+01,6.112515765665957446e+01
1.030538745537036149e+01,9.416106252665447585e+01
4.606263969201196318e+01,4.713053345899944624e+00
1.159150612849935769e+01,7.442524306324435202e+01
2.763988829379892209e+01,1.308963187785024473e+01
1.544396369104378230e+01,4.192590598736326513e+01
1.020922790857430229e+01,9.594320056064020719e+01
1.601031833996565368e+01,3.901216617600946535e+01
1.001804583336727283e+01,9.964005794358588730e+01
1.865431144012408282e+01,2.873700831458226546e+01
2.285793426402256046e+01,1.913929961688375059e+01
1.685206362725069695e+01,3.521225348712165726e+01
3.193182935024843516e+01,9.807366399793016498e+00
1.803194892638612146e+01,3.075492432754807481e+01
2.288888398733467255e+01,1.908757533499715109e+01
1.326792308038814738e+01,5.680598697127260976e+01
2.126856599162301364e+01,2.210668290459242868e+01
2.183533651328128400e+01,2.097394965481064233e+01
3.048576452853224694e+01,1.075984012335871043e+01
1.546965981277910274e+01,4.178673829569743248e+01
1.007999648790906555e+01,9.841906581118941233e+01
1.432557895073098386e+01,4.872766884837403722e+01
2.003653996859447872e+01,2.490889981431007882e+01
1.197242533774422490e+01,6.976469906885259320e+01
4.815256029173348651e+01,4.312819005130132943e+00
3.473305358374883411e+01,8.289227656787170773e+00
2.872445951954761512e+01,1.211982275335597237e+01
1.100411606932514985e+01,8.258281352064791747e+01
2.737499352279083809e+01,1.334418179065061771e+01
2.495481025534118302e+01,1.605800008628870756e+01
3.762431000699201888e+01,7.064198785466062169e+00
2.013194096407649170e+01,2.467338319204105090e+01
1.405153695060382368e+01,5.064683845899437387e+01
1.296987136737118185e+01,5.944682472298688225e+01
1.042284306852062592e+01,9.205080742426184770e+01
1.066075027973901790e+01,8.798820523060781795e+01
1.203296813805285836e+01,6.906443551198870523e+01
3.422305905891451516e+01,8.538121811859083365e+00
1.471833739737168045e+01,4.616177410273138548e+01
1.185928623004755167e+01,7.110217694311228342e+01
1.818945724581886125e+01,3.022459702519197577e+01
1.219404219414401958e+01,6.725190845152354768e+01
1.045239499389912829e+01,9.153103504887197062e+01
1.379696535404222502e+01,5.253307860087454628e+01
1.235145283900664914e+01,6.554867406043135247e+01
1.509939089136218549e+01,4.386126404642660503e+01
1.382873581299241117e+01,5.229197444789168259e+01
2.233502495808490096e+01,2.004597183300423779e+01
2.388236220575045010e+01,1.753256423227843896e+01
1.092587428811705053e+01,8.376982370676461187e+01
5.268266244700548384e+01,3.603002554605932328e+00
1.281750474637913939e+01,6.086855980300317270e+01
1.489711036257298638e+01,4.506049203448363727e+01
1.113712614589753791e+01,8.062202875644324251e+01
4.577371926143721481e+01,4.772738024890096575e+00
1.083512988738622163e+01,8.517884685177951098e+01
1.991202847945731236e+01,2.522138841885777438e+01
2.287703303233679719e+01,1.910735627307331441e+01
1.343068492141345693e+01,5.543750525079905600e+01
1.056576573097927785e+01,8.957731605693962251e+01
1.924302321340647737e+01,2.700557274961280285e+01
2.656436183775324977e+01,1.417102373993243347e+01
6.228148618750326904e+01,2.577994968010362431e+00
1.232161860093934358e+01,6.586648332614657875e+01
3.729330334152431448e+01,7.190155660439174312e+00
1.134445881313524573e+01,7.770204243098305597e+01
2.143826442373446284e+01,2.175808922748784724e+01
3.292949107432763611e+01,9.222102873826548475e+00
1.827417971722624657e+01,2.994499305370208120e+01
1.434127787396531239e+01,4.862104609904825736e+01
1.023902263999022821e+01,9.538563899610618080e+01
1.294863463305066276e+01,5.964197914974632653e+01
1.008904341883098432e+01,9.824263852418313547e+01
2.184556207459252519e+01,2.095431910355241456e+01
5.890209868882152477e+01,2.882295222919012190e+00
1.068672062736277617e+01,8.756107556080698373e+01
3.395248812294526886e+01,8.674746414188492238e+00
1.119571019529523959e+01,7.978049082336501385e+01
1.437051515750048836e+01,4.842340513729563867e+01
5.849473217841431705e+01,2.922580526827208036e+00
1.292017372400986375e+01,5.990503049732078011e+01
2.154115067190109301e+01,2.155074077997266002e+01
1.346161341764514852e+01,5.518305893059932288e+01
2.168401031179053007e+01,2.126771293586152822e+01
1.270229392297916959e+01,6.197773266402825243e+01
1.338220387680932078e+01,5.583991080841040855e+01
1.095490185913056536e+01,8.332647643704081020e+01
2.268315286656028107e+01,1.943538556925993177e+01
1.738054127232918589e+01,3.310346125214803692e+01
1.107586920074031589e+01,8.151628204603160555e+01
1.319401535180427487e+01,5.744417940300969860e+01
3.698912058264350122e+01,7.308899460125408254e+00
1.586454873221228290e+01,3.973237756830606315e+01
2.306313630255845482e+01,1.880023459896183624e+01
1.598678336196313055e+01,3.912711441551336122e+01
1.060596785512479023e+01,8.889951404506332722e+01
3.316160985592790666e+01,9.093452213398373729e+00
1.146503173547237431e+01,7.607631668094813904e+01
1.261732354508649756e+01,6.281531188480020944e+01
2.828293007759700117e+01,1.250118552220385126e+01
2.219540559411868585e+01,2.029896191393986271e+01
1.256504214913796602e+01,6.333913097548808224e+01
4.502971101598134140e+01,4.931757121086917550e+00
2.830632941058529539e+01,1.248052593802068699e+01
1.455691520831340746e+01,4.719122982125055188e+01
2.936610746366337565e+01,1.159597398940485924e+01
1.572596874655388710e+01,4.043572027676952985e+01
1.575758905261417198e+01,4.027360067945055278e+01
2.102831306225513330e+01,2.261471567700094809e+01
1.444045698566640823e+01,4.795546710578496175e+01
1.008263928036314994e+01,9.836747870799884197e+01
1.526751268298187547e+01,4.290060542525711895e+01
1.319563160071698604e+01,5.743010832109865760e+01
1.805002079289525696e+01,3.069337086370021694e+01
1.505758996056837518e+01,4.410512598573672705e+01
1.147797545996738577e+01,7.590483074992869206e+01
1.585464180596136252e+01,3.978204740248902738e+01
1.475324306337742897e+01,4.594359816499292748e+01
1.704047072499083271e+01,3.443791303248153923e+01
3.016085096768579987e+01,1.099291370175043525e+01
2.590262816356114683e+01,1.490432587309810231e+01
1.006635170143575841e+01,9.868605773097191047e+01
1.200613317160358484e+01,6.937351304593144619e+01
2.013483692296195926e+01,2.466628624210551735e+01
3.741175442387553574e+01,7.144697570651811880e+00
1.924161074878717415e+01,2.700953767921876647e+01
7.680779953890508693e+01,1.695076697361681761e+00
1.554235938388412919e+01,4.139673662066612536e+01
5.015337480418065041e+01,3.975572485662810518e+00
1.336322828488583880e+01,5.599860714181477306e+01
1.732021861687589137e+01,3.333444748875300689e+01
1.506552163253966903e+01,4.405869741700658437e+01
5.897049410079431908e+01,2.875613188088700145e+00
1.312035197749364102e+01,5.809102347080754924e+01
1.130543584735285201e+01,7.823937637255724553e+01
2.528689761115573376e+01,1.563899712731103619e+01
2.294121584223494636e+01,1.900059224450771822e+01
2.197914137618208130e+01,2.070039129612680640e+01
1.220200128921799099e+01,6.716420320546488654e+01
4.554922862491213920e+01,4.819899099979598311e+00
2.898274030634180320e+01,1.190477273718602369e+01
3.708668965069968948e+01,7.270492988116552091e+00
2.156042507467441993e+01,2.151222651241517525e+01
1.785356692413001056e+01,3.137256359474585921e+01
2.304259605725701121e+01,1.883376671853784146e+01
1.412685774667478711e+01,5.010820621733068236e+01
1.381251653800287293e+01,5.241485370334468996e+01
1.041422482387286408e+01,9.220322292220217264e+01
2.539464422150450673e+01,1.550656966120389413e+01
2.836850553059833047e+01,1.242587799074149757e+01
2.737192250050058817e+01,1.334717628828861180e+01
1.179786073897414056e+01,7.184449046539657502e+01
9.183793893261618280e+01,1.185647917762036263e+00
4.903835111271658320e+01,4.158419343143245683e+00
3.225009561804493075e+01,9.614749788836110866e+00
1.433886118403537502e+01,4.863743678627928091e+01
1.149941512987116177e+01,7.562205854853409903e+01
1.077705066875028628e+01,8.609940506897541468e+01
2.078047957524829670e+01,2.315735044086873629e+01
1.283050534829927436e+01,6.074527128324088920e+01
1.039003326630988866e+01,9.263308416475754825e+01
1.776308215050270434e+01,3.169300005172869206e+01
1.403339711653583599e+01,5.077785720219380750e+01
1.025631717332322168e+01,9.506422552212762866e+01
1.317335983583001990e+01,5.762446285578540284e+01
1.920270606550393211e+01,2.711909119353565956e+01
1.571913817343479280e+01,4.047086967879494779e+01
1.041363051283538432e+01,9.221374738946909133e+01
2.569988020191470568e+01,1.514041579544551119e+01
1.495402169502035861e+01,4.471816635698021969e+01
1.470645123295859413e+01,4.623642272594265279e+01
1.035031597300428530e+01,9.334537050671322334e+01
1.399459991839453643e+01,5.105979014280781314e+01
1.118491275333583346e+01,7.993459859870679907e+01
1.198792472818335852e+01,6.958441577344432005e+01
2.237547757363181944e+01,1.997355514688422673e+01
9.725726567507464893e+01,1.057196919523428313e+00
1.130069230413823789e+01,7.830507318926396465e+01
1.114312048189411719e+01,8.053531237513284680e+01
1.216588136612743476e+01,6.756360988546059332e+01
2.251332168572491454e+01,1.972971656269278284e+01
1.852609652372967375e+01,2.913614938069638427e+01
1.427356078848152698e+01,4.908347950553902450e+01
1.039222344535174081e+01,9.259404311418525424e+01
2.426569485162123740e+01,1.698300494943998729e+01
1.168271378314047126e+01,7.326769452873962507e+01
3.662044825011875560e+01,7.456803316070648613e+00
1.120794646338037914e+01,7.960638531963694220e+01
1.274285628613929156e+01,6.158379239058242405e+01
1.521615906845014088e+01,4.319066795821128579e+01
2.535486070535906933e+01,1.555526958154391970e+01
1.546698937687540187e+01,4.180116882728246708e+01
1.520540571937532270e+01,4.325177892976105909e+01
1.286466971214496446e+01,6.042306046782011464e+01
1.866566093554752825e+01,2.870207235501975873e+01
2.215963501162822880e+01,2.036454889128147983e+01
1.070144477411861139e+01,8.732029028288792460e+01
1.132473361995406158e+01,7.797295787171464099e+01
2.546671246934004529e+01,1.541892976218790068e+01
2.243840582099825909e+01,1.986168103717777811e+01
1.493564249639389097e+01,4.482829081269830596e+01
1.098115274229321692e+01,8.292856209729843897e+01
1.106919591558777860e+01,8.161459910064421308e+01
1.217197385335240689e+01,6.749599103948911250e+01
1.241613108487963402e+01,6.486753904132987714e+01
1.318257495536547097e+01,5.754392764700945406e+01
1.301744012125690375e+01,5.901315349300530499e+01
1.442609460730558268e+01,4.805100195954262432e+01
1.136128795728502716e+01,7.747201738817786065e+01
2.785687544425734430e+01,1.288650644532908807e+01
2.867040195864570151e+01,1.216556928399297099e+01
1.465129429712137465e+01,4.658520553812218168e+01
2.091921070947425676e+01,2.285122103725515075e+01
1.377268064981966056e+01,5.271850002211943576e+01
2.295672989083817939e+01,1.897491990277373830e+01
1.537999976019982817e+01,4.227536273035328662e+01
1.052811687627469084e+01,9.021912378883564543e+01
3.107930845274314535e+01,1.035278766006545759e+01
1.261391179416446384e+01,6.284929645430416656e+01
1.632792941410866305e+01,3.750919740259811164e+01
1.454262758991682247e+01,4.728400280780132192e+01
4.123685432526949057e+01,5.880698892069264438e+00
2.331936277077048203e+01,1.838936117963212880e+01
1.195241203623997528e+01,6.999852482390186026e+01
3.631669762821812952e+01,7.582061447430639589e+00
2.695374540337029146e+01,1.376454171532685322e+01
1.089454899042913638e+01,8.425224610898411015e+01
3.097063328792288317e+01,1.042557047031801254e+01
1.383829498650253775e+01,5.221975523175464673e+01
8.778311926438654211e+01,1.297710988853497671e+00
6.876222632152025938e+01,2.114950177952946486e+00
1.345176900755149596e+01,5.526385773757267117e+01
1.929232689805361289e+01,2.686771764437677490e+01
1.583116099300749724e+01,3.990014455973103935e+01
2.320124061826393458e+01,1.857708566304533448e+01
5.787322518814649897e+01,2.985689417144993918e+00
2.025456254374104859e+01,2.437554106130357567e+01
1.558146487654733292e+01,4.118920692354787150e+01
1.093580351106381698e+01,8.361777422083167721e+01
2.515618966367383535e+01,1.580193529677388398e+01
1.416833264689987892e+01,4.981527251737892925e+01
1.122541127052559951e+01,7.935887035701546210e+01
1.378851241570059116e+01,5.259750831951362215e+01
2.313868897023126792e+01,1.867766162916352357e+01
1.298401973960257827e+01,5.931733977594662122e+01
1.215735077874808390e+01,6.765845941277736131e+01
1.111540044514855197e+01,8.093749770464738447e+01
1.563468251003764742e+01,4.090928290924028232e+01
1.140888902293331064e+01,7.682689630470810016e+01
1.082928358797924950e+01,8.527084101886663348e+01
1.248664720267044181e+01,6.413695204871878275e+01
1.170649495886487479e+01,7.297031736634150434e+01
1.096188219296618271e+01,8.322038855514800559e+01
2.701885732109959548e+01,1.369828015647527941e+01
1.406593691275219271e+01,5.054319243165081588e+01
1.410916624378734774e+01,5.023394649777462462e+01
1.221680309204881354e+01,6.700155033598976217e+01
1.315844841836415036e+01,5.775513924881484940e+01
2.828849734272198546e+01,1.249626546124474480e+01
1.639247740253409802e+01,3.721438212092305520e+01
1.261832022682406418e+01,6.280538910577590883e+01
1.088718264413649450e+01,8.436629603408314892e+01
1.114027443310583010e+01,8.057646696388701457e+01
2.813336554037739745e+01,1.263445816810154909e+01
1.245253935053695038e+01,6.448877901793733258e+01
1.932275820753951834e+01,2.678315663197140140e+01
1.258706133234340463e+01,6.311772011497845369e+01
1.129985512039974083e+01,7.831667655261051664e+01
1.513403640494352942e+01,4.366067556956722484e+01
1.220679245502943466e+01,6.711148965551259948e+01
2.214007374040003384e+01,2.040054989539610020e+01
1.071423420573032814e+01,8.711194868441607753e+01
1.349536753276819212e+01,5.490736048561844740e+01
9.168192578067154841e+01,1.189686533935731205e+00
1.263431523439375503e+01,6.264646687493895882e+01
1.223366870866430567e+01,6.681693792739091009e+01
8.223323579972068842e+01,1.478785694574300758e+00
1.228172830381136471e+01,6.629503872108735152e+01
1.644913467351238978e+01,3.695846177214698258e+01
4.461806197848668631e+01,5.023178314271230960e+00
1.018274473962305215e+01,9.644290554223346135e+01
2.784582624023941122e+01,1.289673518746259084e+01
2.370822512961830952e+01,1.779106370778613666e+01
2.032688787230858907e+01,2.420238788533549013e+01
1.024184957822663655e+01,9.533298989323728279e+01
2.178934218893596864e+01,2.106258939358578175e+01
2.897231620546534714e+01,1.191334083893643658e+01
1.156423150828394064e+01,7.477672583221962554e+01
2.089894343676050070e+01,2.289556361341339041e+01
1.991082403392841016e+01,2.522443989550872345e+01
1.514328416583332704e+01,4.360736610279775505e+01
1.749771372366783595e+01,3.266159477343492057e+01
2.610372025694387332e+01,1.467557704349185244e+01
3.210780512241663587e+01,9.700156994269505617e+00
1.473545289890311238e+01,4.605460086911916306e+01
1.017923333178164036e+01,9.650945451970663669e+01
2.157899855440403414e+01,2.147521043414689501e+01
1.623316220424434420e+01,3.794842393396485392e+01
1.454823143906826388e+01,4.724758307010149139e+01
1.171064266667614362e+01,7.291863686245369536e+01
4.548885569136658802e+01,4.832701556579403146e+00
1.354417405852436929e+01,5.451235535860050163e+01
5.234905826892041603e+01,3.649070493803975523e+00
1.391631209290208737e+01,5.163589158682313496e+01
1.099751255990112142e+01,8.268201779239687710e+01
1.155926341270339464e+01,7.484101673753993111e+01
1.417537678351200192e+01,4.976577564643189788e+01
1.341915961718986061e+01,5.553277328726255035e+01
1.187447336614923721e+01,7.092041765783835672e+01
1.291407427895779492e+01,5.996163133792588695e+01
1.014479367915680363e+01,9.716582939499706129e+01
1.657764275941621790e+01,3.638768671137734145e+01
1.959832585997581944e+01,2.603526792233780895e+01
1.023062378235727543e+01,9.554231746738359732e+01
1.238385663190561559e+01,6.520609148010407807e+01
1.379665107648256672e+01,5.253547195788487301e+01
1.458829021998511521e+01,4.698845990443990672e+01
1.193253825433685478e+01,7.023188571700944749e+01
1.372154428403318427e+01,5.311216647140423675e+01
1.241519254408060036e+01,6.487734688488693280e+01
1.507438153134755154e+01,4.400692204100848670e+01
1.447839410091294354e+01,4.770448504753834129e+01
1.007195576012362004e+01,9.857626999652670463e+01
3.668486719560387854e+01,7.430637886815746995e+00
1.026251417093435947e+01,9.494945152008497757e+01
2.032509552972202727e+01,2.420665658686257515e+01
1.993020256932519274e+01,2.517541128594125865e+01
1.204685891509879525e+01,6.890525616371725448e+01
1.142310993286009690e+01,7.663572799615130293e+01
1.563780055019016757e+01,4.089297063188891457e+01
1.304264635941690464e+01,5.878527608399313209e+01
1.129475902694554712e+01,7.838736405271500018e+01
1.072043805394544513e+01,8.701115561361638129e+01
1.381111048880258352e+01,5.242552650400359937e+01
2.268902085913709143e+01,1.942533383973135130e+01
1.353826237159672630e+01,5.455997304092441169e+01
1.116063547983446114e+01,8.028273374986031286e+01
1.151939672202646214e+01,7.535993742668651407e+01
2.860898994830882103e+01,1.221785452319470622e+01
1.256245896097866854e+01,6.336518219933494578e+01
2.842439498939016929e+01,1.237706127257031419e+01
2.129312153137590968e+01,2.205572480306041427e+01
2.777234815200569429e+01,1.296506797828220847e+01
1.166939886293091178e+01,7.343498850455084437e+01
1.159557556943638978e+01,7.437301348939703871e+01
1.638786374599498075e+01,3.723533891535873153e+01
1.450096509519644528e+01,4.755609496837185901e+01
1.209191875211212697e+01,6.839267009105175532e+01
1.292830484870867735e+01,5.982970088497470584e+01
2.038503025718981476e+01,2.406452419409746923e+01
2.154492627496509627e+01,2.154318819776660021e+01
2.539987059150094950e+01,1.550018894109161849e+01
2.754052412816087525e+01,1.318425510657900190e+01
7.733756513382540732e+01,1.671933541319607253e+00
1.471941772141048688e+01,4.615499831239762329e+01
1.053374445477133747e+01,9.012275168078392085e+01
2.360308972425959340e+01,1.794991041318271030e+01
2.006050696291880087e+01,2.484941628897209043e+01
1.386699639636401571e+01,5.200381379874088594e+01
1.565037764530192632e+01,4.082727149879560358e+01
1.166253198873097219e+01,7.352149069543573034e+01
1.216542486665938227e+01,6.756868053954582365e+01
1.900221886735256405e+01,2.769436221395017483e+01
2.563488296936560573e+01,1.521729016239224563e+01
7.191774803123094273e+01,1.933427272446814449e+00
1.446689666726678070e+01,4.778034058359001079e+01
1.774524284007070563e+01,3.175675409113175007e+01
1.228643544265459120e+01,6.624425097623800696e+01
1.074968365720885011e+01,8.653835431656123944e+01
1.940489659373241338e+01,2.655689732112993795e+01
1.124798694346414329e+01,7.904062994940973397e+01
1.652569978563952446e+01,3.661679108863248189e+01
1.772561256651395212e+01,3.182713123124248611e+01
1.428634643239830737e+01,4.899566376156930403e+01
1.293900947002090973e+01,5.973074595889030292e+01
1.332280261837063229e+01,5.633895828298066988e+01
2.018069600113364359e+01,2.455430914310296231e+01
1.117901261109116362e+01,8.001899781667331979e+01
1.410511799635495045e+01,5.026278548056486528e+01
1.593646005173685332e+01,3.937461162906429735e+01
1.077768684051108217e+01,8.608924103389610138e+01
1.326659394714159745e+01,5.681736992432948341e+01
1.306455812821083384e+01,5.858825308803934462e+01
1.408711590797116031e+01,5.039133035265601990e+01
1.567199552013621577e+01,4.071471530036332354e+01
1.353103233622422330e+01,5.461829466988930193e+01
2.108746405664539836e+01,2.248802364846654456e+01
1.349296915994302104e+01,5.492688176718620241e+01
4.695131133159296866e+01,4.536329027297743899e+00
1.141736446094022916e+01,7.671287701092904854e+01
1.146176671477874898e+01,7.611966534315195076e+01
5.059433623514726719e+01,3.906575254321389856e+00
1.037185502855594699e+01,9.295807557136762966e+01
2.243232768611350636e+01,1.987244570976446312e+01
2.147078745303045721e+01,2.169222270775148331e+01
1.157061535199549596e+01,7.469423562249835413e+01
1.304627496084076554e+01,5.875258036462773248e+01
1.184477808563311285e+01,7.127646343464486733e+01
1.442561006169550275e+01,4.805423000923862276e+01
1.260101784169498806e+01,6.297798295545703695e+01
1.093736993390666790e+01,8.359382487779434712e+01
1.901214931353831972e+01,2.766543907165882388e+01
1.217617225118420521e+01,6.744945323399286963e+01
1.293603139189182549e+01,5.975825104116763953e+01
1.981032195731513923e+01,2.548102726196428591e+01
1.543100510348593524e+01,4.199635229275961024e+01
1.996635931131782371e+01,2.508431439158373166e+01
1.289621557670057506e+01,6.012781627225546544e+01
1.470710427988733215e+01,4.623231669896270546e+01
1.237264374878987816e+01,6.532433291722617241e+01
2.225123888626843538e+01,2.019722052744322127e+01
1.562943169348692507e+01,4.093677504420328006e+01
2.183174443937948084e+01,2.098085209683881303e+01
1.233020079274522729e+01,6.577482511596268466e+01
1.689661922101119629e+01,3.502679220879427646e+01
1.461420517879470715e+01,4.682196103187808944e+01
1.257047906778523050e+01,6.328435259704386340e+01
1.283987476697791053e+01,6.065665044658481264e+01
1.555172546544228673e+01,4.134688897413283826e+01
2.204112813338935339e+01,2.058412267269499196e+01
4.416207034208652260e+01,5.127446642379339004e+00
1.156176318212164844e+01,7.480865747588316594e+01
1.459617076567617922e+01,4.693773499183237163e+01
1.086454003909115862e+01,8.471831522623861588e+01
1.275579284853565021e+01,6.145894267000221589e+01
1.309039389193204705e+01,5.835721671865225346e+01
1.239207220342606242e+01,6.511966078133616520e+01
1.537710133435538040e+01,4.229130117665332023e+01
3.073077005714565857e+01,1.058895527487544186e+01
1.231494028349958292e+01,6.593794068534697317e+01
1.770184956763032602e+01,3.191263819657749679e+01
2.350522899595030069e+01,1.809968542429565375e+01
1.434731770359044845e+01,4.858011844571598203e+01
2.304190311839422733e+01,1.883489951083028657e+01
2.757494597891489718e+01,1.315135979604846206e+01
1.399060140632728988e+01,5.108898007625140991e+01
8.520599064153910263e+01,1.377398925260079343e+00
1.000944972994337867e+01,9.981127295618418316e+01
5.066308326528139361e+01,3.895980430037945474e+00
1.187279162992999737e+01,7.094051030088472487e+01
1.144075914121661874e+01,7.639946453778834723e+01
1.133575371621842187e+01,7.782142814511679774e+01
1.322598943400582705e+01,5.716677032679706372e+01
1.166802372290484335e+01,7.345229894976857565e+01
1.552539564067034839e+01,4.148724990323965756e+01
1.186472060178436827e+01,7.103705831389270031e+01
2.926938374756287331e+01,1.167274082105116406e+01
1.595212442257646579e+01,3.929732089642754289e+01
1.110876818036279090e+01,8.103417073798644310e+01
1.122717351732413960e+01,7.933395955655430498e+01
1.285391215929517017e+01,6.052423997728490690e+01
1.242040295122026272e+01,6.482292570568021972e+01
2.271454485319553740e+01,1.938170245372820233e+01
1.696462661313828235e+01,3.474652595449172310e+01
1.201674678645836103e+01,6.925102089444605724e+01
1.050456445671014016e+01,9.062414025075926816e+01
1.222117128512846840e+01,6.695366238869254971e+01
3.488299439795066803e+01,8.218120096040282263e+00
1.599071481302834030e+01,3.910787732352593338e+01
3.416397367478845837e+01,8.567680109168591684e+00
1.246434902224120655e+01,6.436663376787996071e+01
1.417700201879850752e+01,4.975436611732616399e+01
1.219019868177425181e+01,6.729432355862653026e+01
2.080901905192015988e+01,2.309387359448210830e+01
1.131797174221937574e+01,7.806615497797415060e+01
1.119141558616880339e+01,7.984173272100569818e+01
1.031640794144268902e+01,9.395999517395119938e+01
1.132167968906575872e+01,7.801502868577146899e+01
1.943906482981999062e+01,2.646362072883117023e+01
2.482161932797361459e+01,1.623079446849876462e+01
2.914045599195418390e+01,1.177625803932372861e+01
1.062068351244949049e+01,8.865333243640066030e+01
1.073072550155909610e+01,8.684440199903448843e+01
1.233197161705177081e+01,6.575593644187885900e+01
1.779428353339284641e+01,3.158195332543001399e+01
2.063726413471754739e+01,2.347987359778161931e+01
1.745825211213103856e+01,3.280941436159967850e+01
1.243056403896196116e+01,6.471699290559857332e+01
2.151521750419053802e+01,2.160272406060807171e+01
6.432577359810326811e+01,2.416740189525401039e+00
1.118097831968892564e+01,7.999086428475888511e+01
1.362596053859747514e+01,5.385992524089132161e+01
1.676457856912126587e+01,3.558071892309741457e+01
1.839628145462466335e+01,2.954880411964582620e+01
1.055985145698043048e+01,8.967768359565670266e+01
1.489531985266726188e+01,4.507132578727802752e+01
3.003184807206312712e+01,1.108755746017124899e+01
9.199416221087976453e+01,1.181624433529625984e+00
1.372194568869233677e+01,5.310905916290202811e+01
1.442086448649247821e+01,4.808586229934508793e+01
1.091713027395141467e+01,8.390406738554092669e+01
2.493317908274078576e+01,1.608587491494793298e+01
9.253625483619012471e+01,1.167820683441844309e+00
1.292101890821892773e+01,5.989719378873615341e+01
1.819946131304648063e+01,3.019137782262950509e+01
1.350523700041590480e+01,5.482713850824575985e+01
1.569872148813874446e+01,4.057620543022496662e+01
1.907322726805369939e+01,2.748853739943079333e+01
1.001539468817118639e+01,9.969281576925669697e+01
1.320995080751943718e+01,5.730567062925756971e+01
1.788565426806199099e+01,3.126009812566341850e+01
1.262262330551364364e+01,6.276257542760405528e+01
1.112783513877808517e+01,8.075671309379269758e+01
1.736745760461379007e+01,3.315335661844328996e+01
1.978963464088801416e+01,2.553432886213870745e+01
1.356391189031533173e+01,5.435382102739728083e+01
1.170052364960653257e+01,7.304481651368162431e+01
1.428024474182379322e+01,4.903754263052456253e+01
3.009257357690272627e+01,1.104285419277366209e+01
4.300783391017606760e+01,5.406358743286291180e+00
1.318910707302259055e+01,5.748694264832327150e+01
1.356954059104060661e+01,5.430873800680151930e+01
2.371065633425306984e+01,1.778741543264820635e+01
4.028919082403246676e+01,6.160598559386527562e+00
1.040014590135859684e+01,9.245302724083296653e+01
1.159568622428862383e+01,7.437159404851335864e+01
1.224592321937722161e+01,6.668327725102744807e+01
1.109998444194141598e+01,8.116247084325075889e+01
2.641274262068299450e+01,1.433418486605064679e+01
1.113829730615443125e+01,8.060507529412345207e+01
1.364403594021824517e+01,5.371731422472939954e+01
1.290113926592580462e+01,6.008192975301174954e+01
1.047816561062234442e+01,9.108135509332434765e+01
1.099726957872683464e+01,8.268567149854180798e+01
1.097210372294611602e+01,8.306540579282101078e+01
5.223812366743533175e+01,3.664585523233439446e+00
1.216627830346274663e+01,6.755920129293754428e+01
1.160472036764345738e+01,7.425584423395822853e+01
1.191939399976969050e+01,7.038686923205261792e+01
2.487430271067637833e+01,1.616211414169343641e+01
1.645379620442207624e+01,3.693752330846307785e+01
1.350842645846301160e+01,5.480125122750043687e+01
2.171812936932369809e+01,2.120094251330488078e+01
2.613116122075407333e+01,1.464477087101798247e+01
2.488435286130388846e+01,1.614906185285175155e+01
1.682343655831832763e+01,3.533219108014482401e+01
2.292448530958084518e+01,1.902833603237975524e+01
1.562966561790004683e+01,4.093554967705211567e+01
1.171983738615317172e+01,7.280426609371995994e+01
1.433028912037439007e+01,4.869564187873482553e+01
5.943444989573887938e+01,2.830893330463804425e+00
1.736944357330725452e+01,3.314577574643772095e+01
1.186987736948105265e+01,7.097534882465025419e+01
2.275645255495678754e+01,1.931038248841478122e+01
1.175907075193255658e+01,7.231926324961392538e+01
1.408991095119680459e+01,5.037133988187473932e+01
3.371350090687223400e+01,8.798168870634382799e+00
1.305901032405216711e+01,5.863804326170966874e+01
1.397652488977195695e+01,5.119194086649928721e+01
2.355214010683229375e+01,1.802765538782023569e+01
1.317589297797929682e+01,5.760230770864658467e+01
7.195884044202784935e+01,1.931219718730434298e+00
6.888008746004879868e+01,2.107718561937181434e+00
1.519050421056841316e+01,4.333667840158872053e+01
1.004371265054754936e+01,9.913144614772703278e+01
8.810291644169272729e+01,1.288307188531140124e+00
2.990195060782775016e+01,1.118409791083753646e+01
4.504023565403760898e+01,4.929452564125270442e+00
1.686792647012730839e+01,3.514605639960284833e+01
1.140783567179168578e+01,7.684108469897083182e+01
1.325348618220982999e+01,5.692981083216265148e+01
1.309230308573139467e+01,5.834019799979486010e+01
1.335983105153959904e+01,5.602709021508530185e+01
1.057074565604298932e+01,8.949293539756284588e+01
1.242802771016515884e+01,6.474341066485997942e+01
1.156512124331472080e+01,7.476522073653750056e+01
2.166443197840086654e+01,2.130616993493557842e+01
1.450245284708033644e+01,4.754633826837740429e+01
2.255471549433369916e+01,1.965736462429261877e+01
1.519832640792545320e+01,4.329208127847971355e+01
2.740502935847706567e+01,1.331494744781890915e+01
1.197637245682883744e+01,6.971872117386227785e+01
1.804557175307266093e+01,3.070850730434202802e+01
1.678838560599403351e+01,3.547987886549581305e+01
1.237204242286893141e+01,6.533068306830283234e+01
1.744368039819706340e+01,3.286425245509228432e+01
2.649865780403042592e+01,1.424138562485551951e+01
1.195751021990786533e+01,6.993884864496092746e+01
1.103127443857987444e+01,8.217668570371444048e+01
3.228155102936224097e+01,9.596021533739849119e+00
1.848198095461141932e+01,2.927540846310551714e+01
2.409820451479969705e+01,1.721990013213002513e+01
1.288813117168707478e+01,6.020327330653524456e+01
2.396106520975896359e+01,1.741757774951234339e+01
1.338144357165356269e+01,5.584625639855086376e+01
2.106574853582164764e+01,2.253441087709670043e+01
1.187461216474411430e+01,7.091875973475796968e+01
1.274289625689244332e+01,6.158340605035746762e+01
1.212320246312703809e+01,6.804015334255352343e+01
1.355661522066859170e+01,5.441234723065472423e+01
1.512828710795502474e+01,4.369386715124176135e+01
6.073904457217518171e+01,2.710591597101922989e+00
2.095903219225548852e+01,2.276447036666857571e+01
1.819388947918203314e+01,3.020987272447496252e+01
1.244092862102009711e+01,6.460920590741449132e+01
1.158260545810568942e+01,7.453967139014922338e+01
2.517456969415616896e+01,1.577886963723128488e+01
1.314612430566647383e+01,5.786347756441720946e+01
1.277371317346678659e+01,6.128662133287424751e+01
1.157880727284671174e+01,7.458858176743819968e+01
1.402516670260711606e+01,5.083747081210561447e+01
1.209004580857514632e+01,6.841386199280175617e+01
1.490018356962484702e+01,4.504190623112685898e+01
2.528664043582321597e+01,1.563931523874613738e+01
1.941683507614790472e+01,2.652425023098441770e+01
2.075089120434514456e+01,2.322343693005543486e+01
1.087178729595287052e+01,8.460540449074608205e+01
1.205690408092250365e+01,6.879048766553836458e+01
1.243147851637031209e+01,6.470747190596755161e+01
1.524318205513241331e+01,4.303766758177911100e+01
2.578608193118284930e+01,1.503935751672247179e+01
1.240447150833220213e+01,6.498954077134476393e+01
2.047545965386454725e+01,2.385243274376439260e+01
1.608866848795961602e+01,3.863312097270473089e+01
1.637955561100138979e+01,3.727312195249785987e+01
2.064597361546135090e+01,2.346006785965047570e+01
4.910713191017473633e+01,4.146778708304393213e+00
1.466810525553981392e+01,4.647848511796218673e+01
2.382927452155216486e+01,1.761077056001298757e+01
1.882257173908347880e+01,2.822552820127602757e+01
1.969480894378041569e+01,2.578080391564325069e+01
2.521573061407792693e+01,1.572739837781883310e+01
2.069241776428617285e+01,2.335487376288810779e+01
1.488851214145454271e+01,4.511255256883772091e+01
1.057374171989732581e+01,8.944222703541244357e+01
4.848443405270381845e+01,4.253978972846392814e+00
1.243518223395069278e+01,6.466893246092331538e+01
1.733065748440024123e+01,3.329430255101338787e+01
2.277735035245507333e+01,1.927496490609490110e+01
7.784203616173245166e+01,1.650333156091629228e+00
1.203556121223189557e+01,6.903467870899787329e+01
1.076599189220072006e+01,8.627637772794790294e+01
1.007878798560012967e+01,9.844266920461478776e+01
1.152594950285303099e+01,7.527427389337911734e+01
1.531306098368256308e+01,4.264577152322807052e+01
1.129206486670076970e+01,7.842477320967209664e+01
1.382455567075966307e+01,5.232360236322291769e+01
1.350130836392856715e+01,5.485905056138722102e+01
1.788496871116348430e+01,3.126249466177110392e+01
1.194979128312167660e+01,7.002923146375627539e+01
5.699588957066481498e+01,3.078314069538239828e+00
2.638621574535923742e+01,1.436302054847987009e+01
1.700153455524387880e+01,3.459583005297318437e+01
2.348148700645347375e+01,1.813630489273498725e+01
4.193266325644528791e+01,5.687155552169130601e+00
1.212459363685202973e+01,6.802454040804670399e+01
1.362405346158414510e+01,5.387500477865342674e+01
2.143388384766292276e+01,2.176698380819579270e+01
1.104333351592735291e+01,8.199731342519488919e+01
1.123637477862714640e+01,7.920408250529672500e+01
1.521961103416989758e+01,4.317107799668282553e+01
1.153960776236666064e+01,7.509619034828752149e+01
2.074709573993817457e+01,2.323193467758286346e+01
1.218841278888487700e+01,6.731404544705786464e+01
1.394688006324182616e+01,5.140979447158228766e+01
9.487053936154907774e+01,1.111059355651465630e+00
2.884797279221080757e+01,1.201626231598070760e+01
1.356581967042867021e+01,5.433853439526399853e+01
1.326572099036646790e+01,5.682484795586692172e+01
2.078945505089263790e+01,2.313735921291394249e+01
1.284071060235626760e+01,6.064875410410321166e+01
1.324116674124955040e+01,5.703579389519406817e+01
9.423620634305932242e+01,1.126067465882003349e+00
3.390757778622852214e+01,8.697740907431224855e+00
1.079689944360795195e+01,8.578312966939597572e+01
1.747528129297945299e+01,3.274550177399213169e+01
1.461020832208741105e+01,4.684758233207285372e+01
1.796906286588281176e+01,3.097056610474913541e+01
1.271348935647623257e+01,6.186862617771681272e+01
1.997902109611587562e+01,2.505252989672733577e+01
5.616107643078472478e+01,3.170510191020614599e+00
1.163168948990796991e+01,7.391190566476586810e+01
2.967086769606741115e+01,1.135898447435307368e+01
1.581835238601286520e+01,3.996478747207248716e+01
1.136672276078815536e+01,7.739795126681876525e+01
1.641127045516429206e+01,3.712920024453379853e+01
3.700836969729409276e+01,7.301298300905674665e+00
1.184320837072784016e+01,7.129535884510400479e+01
1.571204798010220216e+01,4.050740355829728401e+01
2.462267749297957309e+01,1.649413126565287513e+01
5.642332711285043700e+01,3.141106176537493244e+00
1.098674903254295643e+01,8.284410142464574278e+01
1.629499374472689865e+01,3.766097886850204191e+01
1.117747975622857126e+01,8.004094657848153815e+01
2.213782852214916730e+01,2.040468815219139742e+01
1.217414751712822074e+01,6.747189070838086877e+01
1.147462496492259376e+01,7.594916437992743852e+01
1.370420492262635470e+01,5.324665273494997564e+01
4.852506163152444429e+01,4.246858672128380974e+00
1.076518185011926043e+01,8.628936220456202477e+01
1.036555893766065850e+01,9.307103624149615939e+01
2.243955855880422945e+01,1.985964046917937864e+01
1.186820437695958574e+01,7.099536020853857110e+01
1.462469444996320611e+01,4.675482087772283535e+01
1.486245617069777225e+01,4.527086848951017117e+01
1.842826978581475927e+01,2.944630979155211392e+01
1.315397159454882647e+01,5.779445871671592272e+01
1.127635531101612187e+01,7.864343899228937573e+01
1.817050104818045497e+01,3.028769295106107151e+01
9.861108242320831607e+01,1.028367985767803416e+00
1.075584986906233986e+01,8.643915976194057293e+01
4.713999266959807244e+01,4.500087711207815921e+00
1.136015902135401490e+01,7.748741599126188362e+01
2.142654897135779279e+01,2.178188919138095869e+01
1.099691162800010424e+01,8.269105444220882362e+01
1.269443916599264810e+01,6.205445454730725885e+01
1.241178324882975303e+01,6.491299307755950565e+01
1.101475813993840269e+01,8.242331340928653560e+01
1.174943988497570047e+01,7.243787020697716628e+01
1.198198997038705294e+01,6.965336407461506951e+01
1.376892733569949989e+01,5.274724533460063469e+01
3.005247666894643643e+01,1.107234125974775196e+01
2.204241405094726858e+01,2.058172105619280501e+01
1.060167741529428298e+01,8.897148288167312558e+01
1.868347116276145314e+01,2.864737729576513203e+01
1.433171433609609124e+01,4.868595729503052638e+01
3.987483944277003189e+01,6.289297019177702452e+00
1.201889520511496556e+01,6.922626539316978267e+01
1.927288302042379442e+01,2.692195718262552617e+01
2.215216222881974772e+01,2.037829071181941742e+01
1.049913141399754402e+01,9.071795605298299847e+01
1.205726401246046464e+01,6.878638068132815420e+01
3.383472876618647973e+01,8.735235165282267289e+00
1.072952124323963474e+01,8.686389754973528454e+01
5.786806358472194489e+01,2.986222064379523644e+00
1.665995267454436757e+01,3.602902198159269176e+01
1.077034075986407657e+01,8.620671813087648161e+01
2.684594533200380795e+01,1.387530687576508370e+01
2.890297693359531550e+01,1.197057046325904039e+01
2.439301171477039887e+01,1.680618544145437099e+01
1.376909845910090979e+01,5.274593424920549012e+01
3.403737565227174144e+01,8.631531593323590101e+00
2.094242186668157046e+01,2.280059562671076279e+01
1.709017741037425253e+01,3.423787939971723659e+01
1.248423152500765276e+01,6.416177523336831712e+01
1.114010383017673256e+01,8.057893492769588306e+01
1.617584741000783310e+01,3.821782056348500589e+01
1.317706247276115228e+01,5.759208348621445595e+01
4.151177908554136309e+01,5.803063288254692864e+00
1.093382543568138487e+01,8.364803210695480118e+01
1.175424889607048762e+01,7.237860937908159542e+01
1.661216739726942748e+01,3.623659670156500567e+01
1.117655794100246602e+01,8.005415028688207713e+01
1.545405993159436164e+01,4.187114293304440338e+01
1.045025808672535739e+01,9.156847208087941681e+01
1.227963169476936933e+01,6.631767891860711472e+01
2.324004036278841667e+01,1.851510775917580887e+01
1.155822201748541644e+01,7.485450368872925253e+01
1.283248147789233151e+01,6.072656386711930310e+01
1.236903729497955062e+01,6.536243184590375677e+01
1.238694963651348324e+01,6.517353179957379439e+01
1.956151697378187038e+01,2.613334118105407811e+01
1.366528397893406677e+01,5.355039486805931404e+01
1.160925555417514943e+01,7.419783908036298214e+01
1.545108481157726921e+01,4.188726913650402395e+01
1.124510357032064789e+01,7.908116898878169820e+01
1.863566373399553555e+01,2.879454824516944100e+01
1.397659983402109596e+01,5.119139187299160909e+01
1.364463316523372072e+01,5.371261191850663863e+01
5.719874558825807753e+01,3.056518234367419762e+00
1.400503193519000078e+01,5.098375201463156259e+01
1.133074824377116840e+01,7.789020013546999621e+01
1.092137662727836300e+01,8.383883439087500733e+01
2.529696394927226066e+01,1.562655325373705040e+01
2.205907606031108514e+01,2.055064057817940437e+01
1.128834583264766067e+01,7.847645703510782766e+01
1.336244305410427913e+01,5.600518874098115418e+01
1.077066080242082968e+01,8.620159506385579107e+01
1.486661046181570178e+01,4.524557125169581440e+01
2.098001812621439655e+01,2.271895136523953340e+01
1.422387360953626434e+01,4.942699764530033235e+01
1.418101224236505153e+01,4.972623019637633490e+01
2.596721636069709760e+01,1.483027509046558023e+01
3.732228132684090127e+01,7.178994748985503271e+00
2.106108658828231839e+01,2.254438812760237454e+01
1.996288058519713005e+01,2.509305752486055496e+01
1.392742904793373704e+01,5.155349234655863455e+01
2.259465963432538871e+01,1.958792321828707728e+01
1.520791886558674300e+01,4.323748518398232932e+01
2.750897061904352725e+01,1.321451782388487217e+01
1.250847169725217789e+01,6.391333793106321792e+01
1.865407997648114247e+01,2.873772146837030661e+01
1.846685037572105870e+01,2.932340098295533792e+01
3.558847604461729475e+01,7.895528718891188014e+00
1.053889667657684193e+01,9.003465538001096036e+01
2.075259819564360342e+01,2.321961663015713739e+01
1.604523353557810950e+01,3.884256622672067749e+01
1.131539336088948211e+01,7.810173610942754863e+01
3.541551798421821218e+01,7.972835502828715448e+00
1.360486523955819571e+01,5.402708192804939813e+01
2.219787546118325849e+01,2.029444499984468919e+01
1.340826993861366390e+01,5.562301306094308728e+01
3.672501310460948787e+01,7.414401178437395323e+00
8.867834313949391856e+01,1.271641988860097161e+00
1.021532970895039405e+01,9.582861758953372089e+01
1.122539040886569595e+01,7.935916532391492240e+01
1.147440240773620523e+01,7.595211062421235226e+01
1.723519936773786299e+01,3.366412859132140767e+01
3.455415895242808944e+01,8.375280220026391831e+00
1.321088175247911778e+01,5.729759447710460307e+01
1.193693435776636846e+01,7.018016560660210246e+01
2.411132618186472243e+01,1.720116268804526527e+01
1.359054234812931661e+01,5.414101877769923732e+01
1.454851629709927785e+01,4.724573288532012327e+01
1.196622872623349920e+01,6.983697190934101684e+01
1.095513227336399531e+01,8.332297133937419176e+01
1.392167259303553095e+01,5.159613473828575536e+01
1.146963926491588559e+01,7.601520691880682534e+01
1.978580204483365179e+01,2.554422204170739974e+01
2.570100694132601049e+01,1.513908830432604979e+01
1.089480149198566039e+01,8.424834083787399663e+01
5.671348308041726227e+01,3.109047513049335798e+00
1.322202485037630382e+01,5.720105802832179620e+01
1.264615059888099324e+01,6.252926175234978245e+01
1.205356506005935557e+01,6.882860496719419530e+01
1.651794140948016221e+01,3.665119653285782420e+01
2.682284277782133231e+01,1.389921881372129775e+01
1.738327159027236490e+01,3.309306322370667885e+01
1.200912110988644343e+01,6.933899628373823987e+01
1.027282302300677941e+01,9.475898221646831132e+01
1.140885670213634384e+01,7.682733159986503324e+01
1.624226593286720544e+01,3.790589595952211965e+01
1.063999547438205973e+01,8.833180672669161027e+01
1.147447334802725649e+01,7.595117148774576776e+01
1.016731952896309643e+01,9.673576161231495973e+01
2.717501587902868820e+01,1.354130084795736799e+01
4.192782140585131856e+01,5.688469140451214656e+00
2.317661151337953385e+01,1.861658928906451393e+01
1.035145976466810147e+01,9.332474312460755073e+01
1.569008210802362413e+01,4.062090242695729359e+01
6.804700947414214340e+01,2.159642735380077117e+00
1.309926429169341588e+01,5.827820822456323668e+01
5.548172562684666076e+01,3.248628719631716066e+00
1.481159637700442921e+01,4.558230286268170062e+01
2.271178220372395629e+01,1.938641790108022178e+01
1.813309229699640568e+01,3.041278948415066452e+01
1.225558162673207896e+01,6.657821484090844422e+01
2.804273115616551237e+01,1.271625953353819227e+01
1.812135979464188651e+01,3.045218317618355997e+01
2.303465984160531477e+01,1.884674668731205216e+01
1.542695461327915218e+01,4.201840825252325828e+01
1.064427981324101502e+01,8.826071366325129475e+01
1.437190725666477675e+01,4.841402476545496825e+01
4.164910667879210848e+01,5.764858056298550082e+00
1.107903382149243399e+01,8.146971999398208197e+01
1.191826853405118669e+01,7.040016340284329033e+01
1.536586341352781915e+01,4.235318381559382317e+01
1.173563089338683163e+01,7.260844176952427631e+01
2.556006591815119933e+01,1.530650582056073539e+01
5.691713675032340092e+01,3.086838519073325404e+00
1.037431084965509420e+01,9.291407045406195664e+01
1.177756132615222207e+01,7.209236143905732774e+01
2.559269694460583011e+01,1.526749870974844825e+01
1.165643827143179578e+01,7.359838147052977320e+01
1.293771680976971616e+01,5.974268244188372279e+01
1.932706062518042245e+01,2.677123350493088338e+01
3.031246621446610945e+01,1.088322119940494481e+01
1.927853957202863455e+01,2.690616105882029530e+01
1.240332502546032600e+01,6.500155574938897018e+01
2.090700945277080791e+01,2.287790060343717968e+01
4.557960728422389707e+01,4.813476347065292593e+00
1.335794267007072733e+01,5.604293217517116688e+01
2.131655332342868547e+01,2.200726283029308306e+01
1.073596714476403768e+01,8.675962226003635180e+01
1.360511842391333381e+01,5.402507111356121072e+01
1.584854685422311604e+01,3.981265163201970125e+01
1.103635902980744454e+01,8.210098345387086738e+01
2.368202835698199493e+01,1.783044599578245482e+01
1.678600001665896713e+01,3.548996422651119076e+01
1.116854310585365262e+01,8.016908936770650485e+01
1.813196447282606627e+01,3.041657300643507256e+01
2.129497233514961607e+01,2.205189112399937912e+01
1.652867966648549114e+01,3.660358932771725904e+01
1.251624792945946041e+01,6.383394503834631450e+01
1.286702788788632468e+01,6.040091469498853627e+01
1.755102471736121572e+01,3.246347783928952424e+01
3.295797813394808884e+01,9.206167608802282132e+00
1.010538497843312733e+01,9.792515634052496409e+01
1.117892786831454899e+01,8.002021100238106044e+01
1.952911500028610448e+01,2.622013203607083298e+01
1.637458341665504236e+01,3.729576159338863306e+01
2.727173952023897030e+01,1.344541834813940895e+01
1.722317594263185825e+01,3.371114656410185262e+01
5.702295521670979639e+01,3.075392551850446132e+00
1.470354181563641660e+01,4.625472231115104904e+01
1.105279812750734969e+01,8.185694346020358125e+01
4.749308632269218577e+01,4.433423449396742377e+00
2.113485746863759474e+01,2.238728114772239408e+01
1.155514485901850463e+01,7.489437680888768512e+01
1.262148297082161719e+01,6.277391697525427361e+01
1.663680681182307097e+01,3.612934206120630876e+01
1.505043374068962159e+01,4.414707840014676066e+01
1.080353810955548965e+01,8.567773631317214722e+01
1.354901107459747855e+01,5.447344033062603330e+01
1.865672808396129767e+01,2.872956407077723640e+01
1.917874837633137375e+01,2.718688670836364807e+01
1.186822854603819799e+01,7.099507105153621467e+01
1.848024805560950057e+01,2.928089905008253879e+01
1.333085493967720225e+01,5.627091727843355073e+01
1.282895983271935236e+01,6.075990823268445951e+01
1.486038407372897296e+01,4.528349429634324963e+01
1.191867901476046399e+01,7.039531430650511368e+01
3.489676918694943453e+01,8.211633505409542622e+00
1.832911177017034277e+01,2.976577269265409953e+01
1.027911530397115669e+01,9.464300576763572792e+01
1.523874097942054284e+01,4.306275645123163542e+01
1.559439704934747439e+01,4.112092020822689875e+01
1.208081694498245540e+01,6.851842832603028910e+01
1.067459710100796322e+01,8.776008107211288234e+01
2.574402573743539691e+01,1.508853512194598778e+01
1.475235923250812675e+01,4.594910339789191767e+01
1.040600320485963159e+01,9.234897710298866969e+01
1.136756144779515765e+01,7.738653100543734809e+01
1.154842654714783734e+01,7.498154195416391588e+01
1.265986887045776044e+01,6.239382138574740821e+01
2.364524676536340664e+01,1.788596178570382023e+01
1.097085464500614727e+01,8.308432156115244993e+01
1.301391754428921921e+01,5.904510490326976679e+01
1.135880975024767459e+01,7.750582597319595379e+01
1.541328067605607011e+01,4.209299483129760944e+01
2.076301213307466398e+01,2.319633031770377229e+01
3.188043034008132182e+01,9.839015613866335386e+00
1.886581671379573066e+01,2.809627715385560975e+01
1.609846208521491917e+01,3.858612988280305700e+01
1.316360416960518442e+01,5.770990652783081032e+01
1.131863279449976289e+01,7.805703650868268539e+01
1.409285553604276231e+01,5.035029273662978255e+01
1.883576436668020193e+01,2.818600355328451457e+01
1.664540946294735235e+01,3.609200710586731731e+01
1.198095311482822289e+01,6.966542047815690353e+01
1.000610596361019766e+01,9.987799248518136608e+01
1.306300776396542318e+01,5.860216083802001208e+01
4.313570506137980942e+01,5.374353116046241219e+00
3.467039231142650380e+01,8.319217679741532478e+00
1.905684436102297141e+01,2.753582075029079235e+01
1.039356241309110906e+01,9.257018749170113381e+01
1.070926928597792305e+01,8.719273927425007287e+01
6.453544468503449139e+01,2.401062064263578488e+00
1.353171464293749970e+01,5.461278679589612040e+01
1.921647160022600076e+01,2.708025210890694012e+01
1.131190991195941287e+01,7.814984563319887911e+01
4.756728556193880308e+01,4.419603023154815347e+00
1.535809478100174630e+01,4.239604193598776050e+01
1.448855001007685495e+01,4.763763051552976435e+01
1.259862432588069403e+01,6.300191463452131302e+01
1.257630274158400319e+01,6.322575634621512819e+01
1.048837030966175909e+01,9.090420542570673490e+01
2.342816035145571618e+01,1.821896176039295057e+01
1.137248517252964142e+01,7.731953641499174523e+01
1.367087096358055476e+01,5.350663407190788945e+01
2.460711725572901187e+01,1.651499789052561340e+01
1.731428567199186119e+01,3.335729628861685825e+01
1.044188657516087382e+01,9.171535622961151546e+01
2.960224909586582953e+01,1.141170621098428839e+01
4.229697525319998874e+01,5.589608332770653831e+00
1.231094988641826227e+01,6.598069306616565655e+01
1.758362958705627932e+01,3.234319708438200536e+01
1.654564688951318630e+01,3.652855535351721272e+01
2.336742786900957825e+01,1.831378782927830073e+01
1.116532310754961266e+01,8.021533640467821158e+01
1.015143052855979455e+01,9.703881987248321650e+01
1.721762960756230498e+01,3.373286888403222150e+01
3.514834605093287223e+01,8.094503456616047643e+00
1.188700257419886697e+01,7.077099254063708145e+01
1.235641260318429424e+01,6.549606320508333113e+01
1.803332820308117590e+01,3.075021993491697359e+01
1.200785294160166750e+01,6.935364305861325818e+01
1.238467936235836042e+01,6.519742831593582366e+01
1.132183237016096555e+01,7.801292454938842980e+01
6.199821290405185437e+01,2.601606791750724845e+00
3.231861199338742807e+01,9.574025917262549257e+00
1.320321393420955047e+01,5.736416540753526760e+01
5.669991874754467176e+01,3.110535247097001132e+00
1.213912940976756438e+01,6.786172852341972828e+01
7.837347036931716104e+01,1.628027904986852459e+00
1.099579482508755746e+01,8.270785255489079191e+01
1.052509301449845225e+01,9.027097118795079211e+01
8.596988748627319410e+01,1.353029555157278407e+00
1.048639362536955133e+01,9.093847952546937563e+01
1.141613189718882992e+01,7.672944279987454763e+01
1.025478870768118256e+01,9.509256608286003143e+01
1.119928718534043810e+01,7.972953607181405289e+01
2.321846677840857964e+01,1.854953060140475074e+01
3.501085422699624417e+01,8.158204464185947913e+00
1.128919116781485599e+01,7.846470483351743042e+01
2.362911445339722860e+01,1.791039269817520818e+01
1.061041882323253915e+01,8.882494471569653172e+01
1.618700326542391466e+01,3.816516034522680201e+01
1.891752530958635603e+01,2.794289202880849743e+01
1.807262111985816944e+01,3.061665299537432006e+01
1.585984600348792029e+01,3.975594378647896576e+01
1.589128106162954168e+01,3.959881430982427020e+01
1.470578437721962928e+01,4.624061614019895927e+01
1.731775219477475503e+01,3.334394325608081289e+01
2.708644399761398347e+01,1.363000495834906545e+01
2.965655969753748877e+01,1.136994754898309878e+01
1.177389139280779951e+01,7.213731096106431551e+01
1.177532466691269164e+01,7.211975114843369283e+01
1.054626756837607182e+01,8.990884711886579339e+01
1.381275907140359749e+01,5.241301305137275790e+01
1.252128052607285369e+01,6.378264262787919137e+01
1.476276390784204118e+01,4.588435711727051824e+01
1.354451703410096997e+01,5.450959465923443759e+01
1.936644359120953496e+01,2.666246200554466483e+01
1.042745952895126571e+01,9.196931972500097174e+01
1.383591176090112462e+01,5.223774640979257100e+01
3.200492629030045322e+01,9.762618925197966036e+00
1.259230585694378313e+01,6.306515571470970372e+01
2.015401788180416176e+01,2.461935784460949961e+01
1.780186776556955408e+01,3.155504897509005602e+01
2.136244211616926236e+01,2.191281650759329125e+01
1.366990257616472348e+01,5.351421525050437111e+01
1.453754235454447219e+01,4.731708850172938696e+01
1.594865630811141699e+01,3.931441354957819811e+01
2.036099014423505338e+01,2.412138345289199037e+01
3.835576452093352628e+01,6.797335601122905580e+00
1.757444275264031575e+01,3.237701997837799439e+01
1.282994744200676251e+01,6.075055437673666603e+01
2.567553684990184593e+01,1.516913910480137062e+01
1.092513253726865585e+01,8.378119902819608456e+01
1.487250371177975694e+01,4.520972111678904781e+01
5.961877392895778627e+01,2.813415780628522267e+00
1.441054629803711329e+01,4.815474749050739689e+01
1.174010800385979181e+01,7.255307361945024525e+01
1.319132431380039527e+01,5.746761908713229161e+01
1.213879557597604908e+01,6.786546115891978559e+01
1.148016987065338945e+01,7.587581542102938670e+01
1.076795775918648523e+01,8.624487827297760134e+01
3.845446069671479705e+01,6.762488662822381258e+00
1.527655336129947194e+01,4.284984321483609904e+01
2.743561569680205281e+01,1.328527590850008089e+01
1.748126862624779321e+01,3.272307495115843068e+01
2.112427841863390654e+01,2.240970988737953817e+01
1.196876613040862303e+01,6.980736387150497535e+01
1.265398939181411997e+01,6.245181548593836141e+01
2.553743729038655275e+01,1.533364391395008752e+01
3.181669054914677375e+01,9.878476976623527861e+00
1.902376285849577897e+01,2.763167122543611498e+01
1.419275126263505271e+01,4.964400571362808279e+01
1.060931270857000008e+01,8.884346725305475445e+01
1.003185913160982778e+01,9.936584949705790848e+01
1.198953182040477117e+01,6.956576265501178113e+01
1.191560000841976930e+01,7.043169948608202446e+01
1.036377233602896020e+01,9.310312787614951446e+01
2.410534537842372771e+01,1.720969934527315104e+01
2.286404731129316659e+01,1.912906662524318335e+01
1.047436121871719195e+01,9.114753041238667208e+01
1.297015776259109643e+01,5.944419945060655408e+01
1.138113659080057261e+01,7.720203155909976545e+01
1.973279740258313808e+01,2.568163599019466403e+01
1.594870471545281987e+01,3.931417489654842967e+01
1.434225090451513474e+01,4.861444906505403907e+01
1.054875787159634903e+01,8.986640157872720636e+01
5.277760782525680838e+01,3.590050821819854132e+00
1.825591810389772363e+01,3.000493168712482017e+01
1.160178447934038815e+01,7.429343059815261086e+01
1.023695178460700461e+01,9.542423443887631151e+01
1.207864064569193907e+01,6.854312150882404353e+01
2.728358209819528923e+01,1.343374877649610788e+01
1.330488773096396571e+01,5.649078002316220903e+01
1.098328208218981850e+01,8.289641032748144767e+01
1.447388959651603813e+01,4.773418245527913228e+01
1.047748684861264223e+01,9.109315650468289505e+01
2.673284066101115641e+01,1.399296604759380358e+01
5.429648986554394696e+01,3.392005057699599035e+00
1.109901681534481810e+01,8.117662315784401983e+01
1.132219540261798052e+01,7.800792185006588397e+01
1.150731993242873230e+01,7.551819906993370068e+01
1.680916802324320614e+01,3.539220030572110431e+01
2.757829710431500203e+01,1.314816386425926886e+01
1.887424322582091207e+01,2.807119527221661315e+01
2.833923011146001869e+01,1.245156398714546420e+01
1.147253737045684119e+01,7.597680699732744358e+01
2.394459509331852232e+01,1.744154709984738716e+01
1.075631561814757653e+01,8.643167428282126252e+01
1.056662555421435457e+01,8.956273855087788149e+01
2.816905524886523438e+01,1.260246316713922354e+01
1.126431316565947505e+01,7.881167684671429186e+01
1.051771692423625915e+01,9.039762991360667854e+01
1.026238809622324055e+01,9.495178446600165501e+01
1.194477685845982862e+01,7.008804043394977157e+01
1.016414173389073028e+01,9.679625948603057850e+01
1.329488683724903630e+01,5.657580079615721047e+01
1.615333437643741021e+01,3.832442377367892306e+01
1.030015808389206633e+01,9.425669759687926330e+01
1.111472452078285933e+01,8.094734217540747068e+01
1.304928977191062778e+01,5.872543598028180867e+01
3.447063731968122369e+01,8.415915647205428840e+00
1.059365269995769587e+01,8.910632612425756349e+01
1.758719170958824307e+01,3.233009678211769966e+01
2.069566427785445129e+01,2.334754701401212529e+01
1.230253591370656885e+01,6.607097519950555409e+01
1.003506448676923313e+01,9.930238164961120617e+01
1.550505239634420995e+01,4.159618715939308942e+01
1.055566562453435964e+01,8.974882078365949667e+01
1.405229854235710540e+01,5.064134879918738363e+01
1.101714859436025584e+01,8.238754956403452923e+01
1.481186395461173788e+01,4.558065598104615646e+01
1.024491340905088599e+01,9.527597809310117327e+01
1.215043634155539287e+01,6.773548599289307504e+01
1.048697588267802949e+01,9.092838164310829541e+01
1.142539107725965941e+01,7.660512953191987151e+01
1.558160330975574226e+01,4.118847504395580472e+01
1.319287190469064441e+01,5.745413739064005654e+01
1.781600013885932299e+01,3.150500734330823960e+01
1.273467732603339719e+01,6.166292327366235071e+01
1.393772397486754500e+01,5.147736177806751101e+01
1.128559922850036124e+01,7.851465970147975781e+01
3.285141053392596433e+01,9.265992769820794450e+00
1.877589059224639456e+01,2.836605287542060339e+01
2.156453375481911650e+01,2.150402986519877757e+01
1.521155313525791897e+01,4.321682747618584131e+01
1.018357239293153427e+01,9.642722969821744528e+01
2.903617848062866003e+01,1.186099397904919073e+01
1.130856607434163053e+01,7.819606882841863182e+01
1.191588690562309161e+01,7.042830797783568642e+01
1.412076617175759274e+01,5.015144802544547531e+01
1.186176244956391201e+01,7.107249396444197487e+01
1.990077814503975517e+01,2.524991285713002398e+01
3.863809804067311404e+01,6.698360539186311691e+00
3.492316572094522797e+01,8.199224736591890661e+00
1.953462835056540570e+01,2.620533366165016176e+01
2.567372199127376575e+01,1.517128377365986402e+01
1.153927299500959336e+01,7.510054766227879952e+01
1.015623936065859745e+01,9.694694867866328991e+01
2.308385806904513871e+01,1.876649680565710909e+01
1.887334096609517431e+01,2.807387928183599257e+01
1.797916202814780107e+01,3.093578262303154602e+01
1.001369754775963195e+01,9.972661088701948984e+01
1.509223137692211658e+01,4.390288808859388325e+01
2.584740475169364160e+01,1.496808058914666972e+01
1.625184598876989028e+01,3.786121997976665199e+01
1.236227651626406754e+01,6.543394323339933294e+01
1.260301179039776009e+01,6.295805677657615007e+01
1.035930131693157819e+01,9.318351084389674099e+01
1.324187980878775406e+01,5.702965137182253130e+01
1.773138953909471027e+01,3.180639574268133529e+01
1.055767894459778944e+01,8.971459434550683909e+01
1.063967203685066032e+01,8.833717724105760283e+01
2.085206817780279565e+01,2.299861735139029761e+01
1.313207659582663034e+01,5.798733978831177183e+01
1.752755284637788336e+01,3.255048242785958479e+01
1.423329658648941276e+01,4.936157425093379914e+01
1.077678718394097324e+01,8.610361525931625692e+01
1.825815998444971200e+01,2.999756365627663257e+01
1.214691123183434129e+01,6.777480622213965944e+01
1.038983287288662893e+01,9.263665751191088304e+01
1.036965752323254009e+01,9.299747851408096722e+01
1.402278738155708560e+01,5.085472400478301580e+01
1.042707921768773360e+01,9.197602871902036270e+01
2.827652083555584639e+01,1.250685327777777367e+01
1.911680152894794915e+01,2.736336713052853398e+01
1.172966750487475274e+01,7.268228911677000781e+01
1.563542371001302556e+01,4.090540437785686123e+01
1.795335827850220767e+01,3.102477241901954841e+01
1.635811359897097716e+01,3.737090028399362041e+01
1.039775132914955158e+01,9.249561547647736859e+01
1.031161716715301679e+01,9.404732302748890049e+01
1.245205064756016533e+01,6.449384107199020377e+01
3.332818114941305510e+01,9.002782824493390734e+00
1.034504900160998098e+01,9.344044449859310930e+01
1.074133444684847660e+01,8.667293866213266540e+01
4.669102915412066324e+01,4.587046119390450372e+00
2.823313872345366349e+01,1.254531804549047003e+01
1.376166566018687121e+01,5.280292673940670056e+01
2.517650249574050392e+01,1.577644704071737713e+01
1.054625260679680565e+01,8.990910221977172512e+01
2.017410154805429912e+01,2.457036425252087852e+01
1.720118831874149024e+01,3.379738499595769952e+01
1.049434143385983731e+01,9.080078857358785172e+01
1.389326395852433116e+01,5.180735570565847325e+01
1.888941583343291342e+01,2.802611794627105368e+01
1.020062074442628486e+01,9.610518036491167493e+01
3.344662345630786859e+01,8.939133808290222305e+00
1.120502034845487316e+01,7.964796808165222330e+01
1.067072473527656129e+01,8.782378823392802758e+01
2.535196415763523348e+01,1.555882426901139404e+01
1.150561940894802326e+01,7.554052380646596987e+01
1.404494613334671627e+01,5.069438330184807739e+01
1.177373546891078604e+01,7.213922165544929044e+01
2.565826733089238587e+01,1.518956541739906285e+01
1.564822331197985505e+01,4.083851387490756935e+01
1.025051915906086997e+01,9.517179853579492033e+01
1.861845587347227138e+01,2.884779879930939472e+01
1.995512548713728762e+01,2.511256498775035695e+01
1.035429891224700683e+01,9.327357087347476750e+01
5.528171112176209334e+01,3.272178943474716384e+00
1.116021797031199370e+01,8.028874069934775548e+01
1.009612496888317956e+01,9.810486959320255096e+01
1.363424416295108443e+01,5.379449882635071134e+01
1.118296632142796376e+01,7.996242677756713135e+01
2.890248124176269329e+01,1.197098106917511373e+01
1.154029759543009526e+01,7.508721271382043483e+01
2.322095996691392372e+01,1.854554756247864233e+01
2.088425938849918140e+01,2.292777138754496846e+01
1.006980677696037318e+01,9.861834852957377962e+01
2.024572606666356123e+01,2.439682366827842941e+01
1.239132114358676695e+01,6.512755505566217096e+01
1.233379644467451186e+01,6.573648024718495719e+01
1.438974623980081446e+01,4.829406133889560238e+01
3.069388467595704739e+01,1.061442043432635174e+01
1.117602139440383979e+01,8.006183706763896168e+01
2.194397036942913815e+01,2.076680015823031411e+01
3.010328382437112538e+01,1.103499786305891561e+01
1.238732360245190200e+01,6.516959675858134915e+01
1.150841151731018996e+01,7.550387378885469047e+01
3.318014099144411944e+01,9.083297649059574042e+00
1.176119172833029047e+01,7.229318194369000139e+01
1.081646672027911826e+01,8.547304246411827933e+01
1.097132829884306204e+01,8.307714788862249122e+01
1.262111526854708288e+01,6.277757472622131019e+01
1.926936257364110716e+01,2.693179518063207567e+01
7.749533888153504790e+01,1.665132649790979524e+00
3.725638014418090194e+01,7.204414431152509124e+00
1.353136436470824400e+01,5.461561428872494872e+01
2.042749454270509446e+01,2.396457843826507883e+01
1.530096432815305008e+01,4.271322807248749598e+01
1.557924019253101733e+01,4.120097123447144583e+01
1.197047994503344448e+01,6.978737665002992685e+01
4.293541080608887484e+01,5.424612930324437698e+00
1.336967601298453090e+01,5.594460781854428433e+01
2.117244009253809267e+01,2.230787357685471406e+01
1.166634675857514836e+01,7.347341708396693605e+01
1.457858715167818175e+01,4.705102892552871197e+01
1.056112809085677995e+01,8.965600434921398687e+01
1.484009164917604195e+01,4.540742077548864586e+01
1.050816728760235641e+01,9.056200810713336580e+01
2.164078176977888290e+01,2.135276443519152423e+01
2.076792657366654282e+01,2.318535343958433614e+01
1.110614889010383521e+01,8.107239767786784057e+01
1.091022576630954433e+01,8.401029792489899251e+01
1.647479561412223248e+01,3.684341933820373782e+01
1.046106166799298087e+01,9.137943646826569477e+01
1.976122272180574768e+01,2.560780617967635919e+01
1.630058365621055927e+01,3.763515335870012279e+01
1.216015394083513890e+01,6.762726971415143851e+01
1.323178603639583528e+01,5.711669387417396848e+01
2.219039403247604980e+01,2.030813173636390090e+01
3.148683911188857110e+01,1.008653198207062118e+01
2.213895998915891639e+01,2.040260254008185470e+01
4.090774118707877705e+01,5.975702950652292067e+00
1.661313507434572045e+01,3.623237542694625546e+01
1.027712832409907229e+01,9.467960586071960449e+01
1.034935251058756478e+01,9.336275109981954756e+01
1.994011987204949321e+01,2.515037531937952053e+01
1.220814136131806649e+01,6.709665986177417096e+01
1.724902796147041428e+01,3.361017297697377870e+01
1.141362670769088972e+01,7.676312935625055900e+01
1.180418478774729429e+01,7.176753024115444646e+01
2.287941347960961735e+01,1.910338049912977354e+01
1.337072061120771771e+01,5.593586672570394569e+01
7.114845003601804763e+01,1.975463970013711101e+00
1.171951423582431850e+01,7.280828111455033991e+01
4.068566531433753397e+01,6.041115729492966047e+00
1.030897405625134411e+01,9.409555466910909161e+01
1.424406487241392760e+01,4.928696933551575654e+01
2.203501028500398817e+01,2.059555430098502882e+01
2.324975227189351656e+01,1.849964269229245062e+01
1.285815238189824505e+01,6.048432849896372687e+01
1.905858692015684852e+01,2.753078568629745959e+01
1.884291168132314809e+01,2.816462511321396534e+01
1.502801781134817638e+01,4.427887699781354058e+01
1.039474297976372341e+01,9.254916165729795807e+01
1.138287422434524387e+01,7.717846306524184286e+01
1.031319904492529993e+01,9.401847456647655576e+01
1.654799984211182817e+01,3.651816813458188449e+01
1.413757462625353689e+01,5.003226673118783907e+01
1.253129218401111622e+01,6.368076727395431647e+01
1.326207244176225508e+01,5.685611859471962504e+01
1.018188697831335965e+01,9.645915566908726646e+01
1.197250821326301562e+01,6.976373322852667513e+01
1.474903567528985882e+01,4.596981413234568947e+01
1.806362325784488121e+01,3.064716216036890017e+01
2.316224891079012593e+01,1.863968424627524456e+01
1.574274309068449895e+01,4.034959534690674587e+01
1.457017821353332465e+01,4.710535404870712028e+01
1.310388309136703811e+01,5.823713216666968862e+01
2.030036695146390358e+01,2.426566643516371258e+01
2.523183451644720421e+01,1.570732915424831688e+01
1.419856058901548757e+01,4.960339043698847661e+01
1.011043013411263658e+01,9.782745042970050520e+01
1.128778939517549418e+01,7.848419430166164545e+01
1.096217529776538768e+01,8.321593834914122567e+01
1.401779581797932295e+01,5.089094792855164684e+01
2.113456018793763391e+01,2.238791095533208164e+01
1.359209301413427617e+01,5.412866602993838683e+01
1.399096581657800797e+01,5.108631877240321018e+01
1.066756721566681954e+01,8.787578628898391742e+01
1.133039265350503122e+01,7.789508918608994748e+01
1.644385979853393920e+01,3.698217670719837002e+01
2.891049632950388570e+01,1.196434436794073619e+01
1.978058305848441734e+01,2.555770319470592611e+01
1.886549080535963796e+01,2.809724790971194608e+01
1.137649646638599776e+01,7.726502108974604255e+01
2.470128825470245459e+01,1.638931462634267433e+01
2.461150530097589240e+01,1.650910941708103863e+01
3.314422662659919183e+01,9.102993242646153504e+00
1.960219628708892969e+01,2.602498768055528089e+01
2.961029601348041496e+01,1.140550454505628508e+01
1.271347466264063186e+01,6.186876918943804071e+01
1.201810015715414792e+01,6.923542491437871149e+01
1.145890346073287525e+01,7.615771037429418300e+01
1.039984018905405172e+01,9.245846279425087744e+01
1.243238170259434305e+01,6.469807052564654271e+01
1.316691102273787628e+01,5.768092262713088303e+01
1.357934290948718825e+01,5.423036022260783540e+01
1.876991551286700854e+01,2.838411543883630017e+01
1.163463068158527669e+01,7.387454107448959917e+01
2.115573817485670105e+01,2.234311047929249838e+01
1.314428986489846984e+01,5.787962975374892949e+01
1.243792355265845728e+01,6.464042953315396289e+01
1.965875316826928199e+01,2.587545888214646084e+01
1.101483879774020025e+01,8.242210629966692181e+01
1.039161014219749291e+01,9.260497306512131388e+01
1.231141053150528286e+01,6.597575567683651343e+01
1.187708121350009094e+01,7.088927712502260192e+01
2.184028577164048457e+01,2.096444485849213635e+01
1.148766497082086779e+01,7.577683772349858771e+01
2.501640545363199664e+01,1.597902167114881067e+01
1.595073620661019120e+01,3.930416140103054801e+01
3.201696527243835533e+01,9.755278448251603507e+00
1.244714555204733486e+01,6.454468176979713689e+01
1.379616968945461508e+01,5.253913824157010026e+01
1.637180057031675062e+01,3.730844159080365330e+01
2.530665007411122147e+01,1.561459341088950481e+01
2.557974049138512740e+01,1.528296897850762726e+01
1.036076663995949332e+01,9.315715482347809484e+01
1.596388553428165658e+01,3.923943900693033271e+01
1.332884106826048409e+01,5.628792265081825263e+01
1.250865083369873965e+01,6.391150733775383230e+01
1.181395490669591020e+01,7.164887609417840508e+01
2.128693477592293348e+01,2.206854705354239243e+01
1.892438481402551886e+01,2.792263883106630118e+01
1.342494612351046079e+01,5.548491142063038239e+01
2.377391209585918119e+01,1.769288663641588144e+01
3.175643691042645500e+01,9.915998746123642960e+00
3.574683446391362196e+01,7.825729308638000425e+00
1.901395155106138191e+01,2.766019478256116315e+01
1.371032708082421436e+01,5.319911022955329116e+01
1.986544499552074683e+01,2.533981291766304977e+01
6.718831840829710700e+01,2.215197520493861205e+00
2.145274829421041929e+01,2.172871910132348106e+01
2.221502816989827167e+01,2.026311752986990200e+01
1.028750711230874870e+01,9.448866283109703090e+01
1.030781084550986826e+01,9.411679276462780308e+01
1.182993315555852654e+01,7.145545988079908284e+01
1.699567026023108340e+01,3.461970850578740766e+01
1.200312978885330395e+01,6.940823420333694571e+01
2.382095924936624343e+01,1.762306762227409251e+01
1.297047958044140792e+01,5.944124968039384527e+01
1.316906771278905453e+01,5.766203143631302908e+01
2.804174927388064376e+01,1.271715006917776947e+01
1.473642078356183838e+01,4.604855135703693492e+01
3.061676267052178702e+01,1.066796211089643087e+01
1.071599573730036070e+01,8.708331152569660105e+01
1.314080340354283294e+01,5.791034657614093106e+01
1.038397012959179655e+01,9.274129153015627480e+01
1.818897502505878805e+01,3.022619965770242345e+01
1.146051902408273371e+01,7.613624032860684565e+01
1.733409739805695082e+01,3.328108949938003747e+01
8.985816081059165583e+01,1.238468455454376560e+00
1.732485362116879202e+01,3.331661361346574068e+01
2.085050429290862795e+01,2.300206748752232500e+01
1.237451993687598595e+01,6.530452585487071815e+01
1.208433779256182383e+01,6.847850759510858154e+01
1.750871275806610328e+01,3.262057140757342211e+01
1.998231054943845919e+01,2.504428236754595005e+01
1.098033381267879527e+01,8.294093242939487709e+01
1.183721015210215555e+01,7.136763153322010567e+01
1.807444644440194281e+01,3.061046940281736894e+01
1.001254044528747045e+01,9.974966209493129554e+01
2.509199970179824390e+01,1.588288723781629663e+01
1.923914691282445233e+01,2.701645600378934020e+01
2.660054501541291927e+01,1.413249791758896734e+01
7.562057414622671558e+01,1.748719122723763730e+00
1.021778674006076670e+01,9.578253606692352662e+01
1.082069464027967420e+01,8.540626253936923717e+01
1.409342215040049773e+01,5.034624423443067798e+01
2.607990579172336254e+01,1.470239083554021242e+01
1.418879426029773505e+01,4.967169923501558770e+01
1.174333396035630450e+01,7.251321766165109750e+01
1.000248053962858208e+01,9.995040766055561221e+01
1.077486866498751183e+01,8.613428034295669988e+01
1.332908908829297445e+01,5.628582792365011045e+01
1.167328331445839495e+01,7.338612355639411078e+01
1.885825252129235707e+01,2.811882094699122092e+01
1.665314940722026904e+01,3.605846567780638168e+01
1.476033805079954320e+01,4.589944051675113457e+01
1.194386258850909321e+01,7.009877093948776405e+01
2.097960259654783144e+01,2.271985133383827815e+01
1.819360319161464901e+01,3.021082347391459777e+01
1.157105795583987273e+01,7.468852148232579680e+01
1.315082255444912995e+01,5.782214046170303590e+01
1.288469881276162354e+01,6.023535271620160358e+01
4.407518928064363450e+01,5.147681022647570437e+00
3.069474875493194332e+01,1.061382283579206565e+01
2.268291623029786663e+01,1.943579108510655828e+01
1.165237064485726393e+01,7.364977410020560455e+01
1.847023869876715807e+01,2.931264334808777505e+01
1.385451624378932145e+01,5.209754610031612998e+01
3.229471834413732978e+01,9.588198082482925599e+00
1.399478158670387273e+01,5.105846452218463583e+01
1.210908561429507380e+01,6.819888910108569746e+01
1.160117158694267836e+01,7.430128068144023246e+01
1.394300689151087447e+01,5.143836027814298717e+01
1.143651899493859503e+01,7.645612600224940536e+01
1.062596185977003493e+01,8.856527888177294017e+01
1.452393114939204111e+01,4.740581714919145639e+01
2.907726193237398959e+01,1.182750070675152720e+01
2.187618577119184238e+01,2.089569374977766003e+01
1.428504911711634406e+01,4.900456337529787731e+01
1.819113316917282575e+01,3.021902818303112426e+01
1.234853468830642775e+01,6.557965806221987748e+01
1.356735310295945141e+01,5.432625200431216683e+01
1.130926778333927274e+01,7.818636542695453784e+01
1.282299775902563610e+01,6.081642220435531954e+01
1.020417156502201550e+01,9.603830714985558359e+01
1.276896656475551239e+01,6.133219396054714423e+01
1.467601001657718385e+01,4.642843031786781438e+01
2.565471831742244291e+01,1.519376828568652904e+01
1.277994730941826518e+01,6.122684394376202022e+01
2.861289516999721627e+01,1.221451965099039505e+01
1.376403552471693814e+01,5.278474529688973860e+01
1.567998313300124913e+01,4.067324452239843424e+01
1.452973543515699362e+01,4.736794970810240102e+01
1.187103226597062289e+01,7.096153954638337780e+01
1.104486256489902019e+01,8.197461160733392660e+01
6.670780714997468408e+01,2.247225585807434367e+00
9.345426368492030633e+01,1.144990174379055814e+00
2.693925481202586880e+01,1.377935355730927469e+01
1.181465009341777339e+01,7.164044454834581188e+01
1.166716742823967401e+01,7.346308119322769414e+01
1.217245983710269996e+01,6.749060161114226730e+01
1.027035252402151677e+01,9.480457561262213062e+01
1.789271285420344881e+01,3.123543908439544126e+01
2.004512520659223540e+01,2.488756764145384892e+01
1.773494884470197874e+01,3.179363029029366672e+01
7.679268501467970509e+01,1.695744021316408556e+00
1.097799154001604016e+01,8.297632888652859151e+01
8.001351891704143782e+01,1.561972051131155670e+00
1.649171745047333459e+01,3.676784947045733531e+01
1.425863757773866958e+01,4.918627564102786920e+01
2.621166068511205793e+01,1.455495695559393354e+01
1.334636397486959858e+01,5.614021492735607666e+01
1.275655128961031259e+01,6.145163480131892442e+01
3.700195552115391706e+01,7.303829835889183997e+00
2.592584950476507544e+01,1.487763872911719432e+01
1.760304858542118467e+01,3.227187693143435609e+01
1.364577944799043330e+01,5.370358828521732875e+01
1.679176455244784094e+01,3.546560132503545049e+01
1.584762035814096137e+01,3.981730688538400642e+01
1.979275426004866034e+01,2.552628035075330359e+01
2.817963226609666094e+01,1.259300445931116741e+01
1.181753026941828466e+01,7.160552829426443111e+01
2.373429812359983870e+01,1.775199691023239978e+01
1.294699679829554384e+01,5.965706989032214835e+01
1.340612051438563057e+01,5.564085073981484442e+01
1.672310663414678800e+01,3.575741228264961791e+01
1.712030539554348252e+01,3.411748310118323246e+01
2.558667546727146203e+01,1.527468555316088050e+01
1.299565873578493402e+01,5.921113736721471099e+01
2.777416764711493613e+01,1.296336934195317525e+01
2.547944632639035945e+01,1.540352178338521760e+01
1.183928135696688422e+01,7.134266311641309244e+01
2.385042916792242806e+01,1.757954391830607932e+01
2.162690539129370393e+01,2.138017419097358740e+01
1.158197720419186894e+01,7.454775828405021798e+01
1.063904428052974183e+01,8.834760221081236864e+01
2.841042307765118125e+01,1.238923805219672936e+01
1.342744955775136262e+01,5.546422396574497071e+01
1.354000367018803352e+01,5.454594068207319424e+01
1.986286835763844749e+01,2.534638757300186640e+01
1.730973913927693175e+01,3.337482167764326135e+01
1.418766841325149208e+01,4.967958283548900056e+01
1.157387015695049648e+01,7.465223048843662923e+01
1.376238992701845376e+01,5.279736921599084098e+01
2.137718958774252442e+01,2.188259296781860996e+01
1.133602381444605811e+01,7.781771975851705747e+01
1.086500217035006166e+01,8.471110857345912848e+01
1.357995178136511960e+01,5.422549737750024690e+01
2.231490576892189992e+01,2.008213515053181197e+01
2.132342008445267467e+01,2.199309115597852227e+01
3.409187729367805986e+01,8.603955722244281290e+00
1.815669656039770885e+01,3.033376576264202029e+01
1.385543165561143297e+01,5.209066228242370045e+01
2.313497626723284384e+01,1.868365689570260102e+01
1.340545107153410953e+01,5.564640807610113171e+01
1.509613427039789890e+01,4.388019007298635898e+01
2.533595192430905030e+01,1.557849672894884918e+01
1.287354276900205008e+01,6.033979628871983181e+01
1.243604439675191209e+01,6.465996607040644051e+01
4.170246187327136766e+01,5.750116079791571799e+00
1.575852653945285375e+01,4.026880900715518408e+01
1.984585124724437932e+01,2.538987345746073387e+01
1.042329908680076223e+01,9.204275317343477525e+01
1.823638191198736180e+01,3.006925322720168481e+01
1.230728361632220924e+01,6.602000947102330031e+01
1.422531879883134032e+01,4.941695530594186891e+01
1.769258016440793213e+01,3.194608595812307428e+01
1.011279745505390970e+01,9.778165462165705435e+01
1.411802768707607036e+01,5.017090574221600008e+01
1.028015524643211265e+01,9.462385852720751700e+01
1.381825931553065878e+01,5.237129622061588208e+01
1.153624023626510464e+01,7.514003917356752993e+01
1.798360955284871920e+01,3.092048306444638328e+01
1.272411538574031376e+01,6.176533517406866736e+01
1.197876489821069868e+01,6.969087501471236124e+01
1.106895262226974630e+01,8.161818688451342041e+01
1.985150035354591580e+01,2.537542521085309843e+01
1.058895680545356122e+01,8.918537577880927358e+01
3.393021286047418528e+01,8.686140134749543051e+00
1.628933022836370625e+01,3.768717155369095906e+01
1.153439026539573575e+01,7.516414413757028967e+01
1.727913785146654035e+01,3.349313972138762097e+01
1.160625760376816018e+01,7.423617532591157442e+01
2.962947957711341473e+01,1.139074037133252837e+01
1.153875352956049838e+01,7.510730974758831735e+01
1.349569038062178983e+01,5.490473349715804119e+01
1.793717835962916851e+01,3.108076837235297418e+01
6.942755179148289812e+01,2.074609192049594597e+00
1.275280706303511380e+01,6.148772452180779169e+01
1.264193392778326164e+01,6.257098152475269615e+01
1.220788850703397799e+01,6.709943935203311582e+01
2.255371874959953971e+01,1.965910214774509157e+01
1.283142851208596191e+01,6.073653089750224865e+01
1.794425195560495112e+01,3.105626922178234395e+01
1.722805988168284230e+01,3.369203589822900113e+01
1.109554244783833354e+01,8.122746908638852403e+01
1.235683956193454769e+01,6.549153718788639367e+01
1.243224136933597279e+01,6.469953113794005617e+01
1.377040947395602188e+01,5.273589135081175527e+01
1.118777541509403939e+01,7.989369744815776642e+01
1.597901961093530510e+01,3.916514515576265865e+01
1.245884548637191180e+01,6.442351260460898743e+01
3.933474417913588184e+01,6.463196203272471685e+00
1.800935865884336451e+01,3.083212837725704247e+01
1.876470527606387506e+01,2.839987998105606692e+01
1.137287849882631718e+01,7.731418837913045650e+01
1.639067220154527149e+01,3.722257984924197416e+01
1.057119901510104221e+01,8.948525952979485965e+01
1.441926171491799913e+01,4.809655285176612693e+01
3.131731567504530389e+01,1.019602613641375832e+01
1.236328783025718714e+01,6.542323870935912566e+01
2.574950670945788289e+01,1.508211239407301818e+01
1.951239097408635814e+01,2.626509772961812317e+01
1.365890610087366497e+01,5.360041609592900613e+01
1.373290279031119532e+01,5.302434448639565545e+01
1.081130577016307015e+01,8.555466579550100903e+01
1.217701402497733021e+01,6.744012825177189541e+01
2.583300305164133093e+01,1.498477442026730522e+01
1.596087288722162434e+01,3.925425345198200233e+01
7.982748333385632122e+01,1.569260793456821457e+00
1.120047464722257935e+01,7.971263129425111060e+01
1.457644709565686902e+01,4.706484562978976527e+01
1.014258577209436396e+01,9.720813743680901098e+01
1.790682205027958318e+01,3.118623623737159178e+01
1.013232704363309722e+01,9.740507871556984298e+01
1.087494046480022902e+01,8.455634924283093312e+01
1.168191220933484686e+01,7.327774964276379421e+01
1.116500657908176031e+01,8.021988468635824177e+01
2.373611199765035806e+01,1.774928385796733110e+01
1.042415908201919272e+01,9.202756670864829402e+01
2.813965721534619391e+01,1.262880898645764027e+01
2.551518197489890127e+01,1.536040475861658372e+01
3.357893202652338971e+01,8.868828182581555808e+00
1.815498131698990747e+01,3.033949777069874543e+01
2.296620098824760703e+01,1.895927288665793142e+01
1.312448322848574378e+01,5.805445809554084491e+01
1.171387024607046179e+01,7.287845914813757986e+01
1.104511161861917934e+01,8.197091479511408352e+01
1.021321473944153624e+01,9.586831039822250489e+01
1.389375981395133230e+01,5.180365785850671045e+01
3.439318912356090863e+01,8.453861029781284842e+00
1.160857029893226766e+01,7.420659915289701303e+01
1.368978027858366531e+01,5.335892168934810798e+01
2.621254100993155234e+01,1.455397934150518502e+01
4.259815550204346124e+01,5.510847725168554589e+00
1.737863698174452409e+01,3.311071637387296818e+01
4.190006513986906356e+01,5.696008172120373914e+00
1.061878237892168997e+01,8.868507937386908679e+01
1.367213531596445364e+01,5.349673830790292328e+01
3.574647644819931713e+01,7.825886065240441170e+00
1.626136639629150693e+01,3.781690036742772776e+01
2.750759380811305022e+01,1.321584068389425326e+01
1.379628793055202252e+01,5.253823767197158645e+01
1.264170307487546907e+01,6.257326679040585304e+01
1.226999453940488571e+01,6.642189490027408283e+01
7.962351532490602324e+01,1.577310901877885696e+00
1.308381351391429170e+01,5.841593188046199714e+01
6.787322831408624779e+01,2.170715899009334482e+00
1.007290291259313264e+01,9.855773266548190747e+01
2.875752375242824499e+01,1.209196901515664457e+01
1.846048512074224490e+01,2.934362613975959277e+01
1.306869613380076345e+01,5.855115678798767931e+01
1.263300219196108998e+01,6.265949018370285728e+01
2.586695186280870828e+01,1.494546700972693465e+01
1.825551180141162178e+01,3.000626730719806901e+01
2.334752812798035748e+01,1.834501982472000847e+01
1.958750829096645774e+01,2.606403279362847769e+01
1.090847118969974616e+01,8.403732542594097765e+01
1.260874887459722693e+01,6.290077694606225123e+01
2.555371208579413178e+01,1.531411857464259541e+01
3.037262908040726828e+01,1.084014838617871668e+01
1.615580987148853964e+01,3.831268005377794594e+01
1.505371949612187699e+01,4.412780865461132151e+01
1.265323371621837545e+01,6.245927519515880277e+01
1.037902022468485264e+01,9.282977195131279302e+01
1.187594073964842600e+01,7.090289309880961355e+01
8.753778584980724986e+01,1.304995111920243200e+00
1.926091290469972961e+01,2.695543005922536395e+01
1.357276475123904014e+01,5.428293939059775397e+01
3.984665932847362058e+01,6.298195922257560753e+00
1.772892460964423478e+01,3.181524072042122953e+01
1.366355880448508664e+01,5.356391837339412376e+01
1.238273159934426104e+01,6.521794061178211166e+01
1.045659710826732436e+01,9.145748404741813431e+01
1.489477413279851348e+01,4.507462852531994457e+01
1.182998412889972961e+01,7.145484410386302443e+01
1.347903809418556165e+01,5.504047821553155728e+01
1.130012838733861535e+01,7.831288879039045980e+01
1.180058103444090634e+01,7.181137078853801370e+01
2.277922137008505032e+01,1.927179865932255964e+01
1.141474778169755133e+01,7.674805185744260427e+01
1.629565050711502394e+01,3.765794323442564462e+01
2.843489036060202935e+01,1.236792616584670235e+01
1.358119969111335834e+01,5.421553280596678803e+01
1.391142392494433011e+01,5.167218539209426353e+01
1.367869735818714361e+01,5.344542294610020861e+01
1.666756218306154835e+01,3.599613168094978732e+01
1.312315292816109924e+01,5.806622870879035503e+01
1.457054527523335707e+01,4.710298071905901907e+01
1.090175540557036271e+01,8.414089597053308012e+01
1.308333461030995437e+01,5.842020848320469639e+01
1.861609491911512748e+01,2.885511640866051408e+01
1.021540710531558283e+01,9.582716551650136694e+01
1.305083593007550746e+01,5.871152216905060328e+01
1.943038034513120849e+01,2.648728205352696463e+01
1.384372624591965995e+01,5.217878889123247887e+01
1.776376468770697770e+01,3.169056461797304891e+01
1.148218112583220929e+01,7.584923645321860874e+01
1.745341133477640483e+01,3.282761654478761670e+01
1.043918215462652554e+01,9.176288275377658010e+01
1.573051479857138091e+01,4.041235215079535692e+01
1.352107347774398249e+01,5.469878179750572400e+01
1.203946247617769671e+01,6.898994600303244340e+01
2.530869996998450944e+01,1.561206408347505281e+01
1.288911531717516290e+01,6.019408004285946134e+01
3.202059289192863645e+01,9.753068218492909836e+00
1.142654315649541807e+01,7.658968291281188101e+01
1.200834873851479045e+01,6.934791627418253768e+01
2.695952653157372936e+01,1.375863908581698958e+01
2.649011596944494684e+01,1.425057147917686606e+01
4.337582254544199145e+01,5.315015715630405424e+00
2.243173175317593149e+01,1.987350160704318114e+01
4.435155678073125074e+01,5.083727495004157326e+00
1.375114647478867624e+01,5.288374272450035818e+01
2.453537344013886212e+01,1.661172201602251519e+01
1.188471482320449368e+01,7.079824132095241396e+01
2.692616140228633981e+01,1.379275781390315281e+01
1.603515363327574406e+01,3.889141544162006880e+01
1.639591425598412044e+01,3.719878226225410600e+01
1.240526063577198812e+01,6.498127276307835132e+01
1.129450716744261562e+01,7.839086005698976578e+01
1.073372686596224312e+01,8.679584193069720754e+01
1.185740317883899486e+01,7.112476193403037428e+01
2.177136280344273089e+01,2.109739188021723066e+01
3.494863867883482555e+01,8.187276781011711080e+00
2.551904046776846968e+01,1.535576010658652102e+01
1.015599286966900472e+01,9.695165463693146535e+01
4.941337234409471080e+01,4.095538483253373663e+00
2.393174164654167413e+01,1.746028741586049549e+01
1.880461164785831230e+01,2.827946977200858214e+01
7.644588241163471309e+01,1.711164665992932044e+00
1.162467790312618909e+01,7.400109455014626292e+01
1.538072523555925386e+01,4.227137475056824911e+01
2.185661227868621737e+01,2.093313640911502560e+01
4.924531731379834554e+01,4.123539125335942579e+00
3.121296581962666750e+01,1.026431393334396169e+01
2.906627925961203829e+01,1.183644042067537683e+01
5.706764777184369564e+01,3.070577447824053063e+00
2.958561520997552563e+01,1.142454179875250020e+01
1.219039754345953774e+01,6.729212803491320471e+01
1.627104363410791521e+01,3.777193038051298402e+01
2.028069383263509096e+01,2.431276668558758303e+01
1.727165119835893492e+01,3.352218220976104135e+01
2.343414237471544936e+01,1.820966145480976550e+01
1.226792723844299182e+01,6.644428264583633847e+01
1.252300497917622124e+01,6.376507773778694599e+01
3.083222768409661896e+01,1.051938114806701030e+01
1.378526939942739737e+01,5.262225859961289842e+01
3.753642962635547775e+01,7.097314944825136251e+00
1.011162276513333325e+01,9.780437497005669911e+01
2.321623539862043728e+01,1.855309647124192907e+01
1.243948187167723418e+01,6.462423527323035444e+01
1.855412116563118374e+01,2.904819980971046078e+01
1.330282125157707007e+01,5.650833210438000975e+01
1.644207092843043938e+01,3.699022434419135408e+01
1.537774372924840982e+01,4.228776786917762820e+01
1.334519072281070962e+01,5.615008657617308074e+01
1.004790607817690251e+01,9.904871969765210338e+01
1.584683689457703082e+01,3.982124409765073381e+01
3.082956667543992424e+01,1.052119715622852603e+01
1.188071391299543222e+01,7.084593291641988344e+01
3.706889132608834814e+01,7.277476399567752274e+00
1.198175256104651787e+01,6.965612435913514844e+01
2.641779483214159185e+01,1.432870277273784687e+01
1.752263172130396995e+01,3.256876820722025201e+01
1.030170105887245846e+01,9.422846442767523456e+01
1.124976897860136660e+01,7.901559085321406428e+01
1.302543145492387744e+01,5.894076446906457534e+01
1.321955543903793284e+01,5.722243032558692732e+01
2.806550164549675230e+01,1.269563364253228599e+01
1.032427995056160164e+01,9.381676543620494613e+01
2.479741942710049685e+01,1.626248932109720258e+01
1.900169177661218001e+01,2.769589867128415506e+01
1.385618445269576959e+01,5.208500233561879611e+01
1.040038034080966156e+01,9.244885924082591089e+01
1.143491081982320523e+01,7.647763268248722568e+01
1.945661656565619424e+01,2.641589681189595495e+01
2.938919067857053946e+01,1.157776544168780042e+01
4.481803948411482708e+01,4.978451610575681308e+00
1.503823791517442032e+01,4.421871290814885924e+01
1.346811518033132415e+01,5.512979230108043538e+01
1.231908107584479595e+01,6.589362091329365967e+01
2.580661564613013326e+01,1.501543411455972077e+01
3.166997133935234032e+01,9.970218114658131014e+00
2.563092215300712340e+01,1.522199366455376612e+01
1.474229958514919936e+01,4.601183302560676935e+01
2.182387591695680484e+01,2.099598397046252529e+01
1.527532358727413353e+01,4.285674293713184113e+01
2.084179992383150193e+01,2.302128466601008583e+01
1.351485316290176009e+01,5.474914445258425388e+01
2.279826582604683693e+01,1.923961484070978756e+01
2.984887288117904092e+01,1.122390874670968586e+01
1.403486371886323880e+01,5.076724548069115883e+01
1.185054790756289478e+01,7.120707383523914302e+01
1.202179713720879661e+01,6.919284848009789357e+01
1.269127890243963463e+01,6.208536283465310390e+01
2.984813074906470831e+01,1.122446688730157582e+01
1.048310897509942308e+01,9.099547557458778613e+01
1.015844244088877524e+01,9.690490310970901078e+01
1.815395532347792695e+01,3.034292721700258255e+01
3.324118790233001874e+01,9.049965621823186979e+00
3.035562455623642819e+01,1.085229659245678313e+01
1.247402478919505064e+01,6.426681754734794083e+01
3.158567203183300620e+01,1.002350835765019710e+01
1.306941566504070806e+01,5.854470994632074365e+01
1.193094979548496326e+01,7.025058798110650571e+01
1.488633940207848205e+01,4.512572235756560701e+01
5.299764014978303095e+01,3.560302801350982538e+00
2.873428546362908520e+01,1.211153520856331056e+01
1.598577481306153025e+01,3.913205166172787131e+01
1.455961426044848750e+01,4.717373488198975906e+01
4.966607717609870321e+01,4.053967679239932842e+00
9.128507779468344552e+01,1.200052980709703565e+00
3.773209927520866813e+01,7.023895848564998268e+00
1.240810639531580861e+01,6.495146968665149245e+01
1.271701989904630281e+01,6.183427858691499779e+01
2.928008235449549801e+01,1.166421220770093647e+01
1.271119166658393951e+01,6.189099508989943388e+01
1.166580499655706760e+01,7.348024147902658854e+01
1.196544003875694351e+01,6.984617865146130100e+01
1.653643233257605161e+01,3.656927613611757977e+01
2.278565505241997258e+01,1.926091715288341888e+01
3.479239676310221085e+01,8.260974954461209663e+00
1.183154518948167500e+01,7.143598976488084418e+01
1.177406593095797760e+01,7.213517225731223448e+01
5.804190693082480124e+01,2.968360576918713356e+00
1.680477457382230000e+01,3.541070863708276306e+01
2.429372680460507539e+01,1.694383499095459911e+01
1.453977263995865954e+01,4.730257348541349671e+01
1.508427724119672497e+01,4.394920142484108538e+01
1.664060199563764186e+01,3.611286406861661646e+01
1.709276600046972661e+01,3.422750996922923150e+01
1.412376123263261896e+01,5.013018021851353012e+01
2.962652092504469792e+01,1.139301555716591707e+01
1.269429533384676922e+01,6.205586076572092225e+01
4.059283317985267558e+01,6.068778293759940823e+00
1.288016049986238443e+01,6.027780793848104679e+01
1.449682129128657948e+01,4.758328593565931186e+01
1.042114648767993401e+01,9.208078192830288344e+01
1.824778967459583612e+01,3.003166887458839440e+01
1.645502516472892651e+01,3.693200608143384045e+01
2.029763401801176315e+01,2.427220127720508813e+01
5.416501709354471927e+01,3.408491622581375502e+00
2.411987724760435725e+01,1.718896841372936279e+01
2.002876867739238165e+01,2.492823319132786253e+01
2.547554170855327627e+01,1.540824391850425990e+01
1.417027462321336095e+01,4.980161950740688326e+01
2.830631013148179775e+01,1.248054293871290810e+01
1.435455446104942467e+01,4.853114807656042728e+01
1.312633416449524226e+01,5.803808680564865341e+01
1.753119679296504074e+01,3.253695227430719683e+01
1.811368693698732812e+01,3.047798739319736683e+01
5.034148095417803148e+01,3.945917717913419942e+00
1.504769127230234105e+01,4.416317163298923276e+01
1.068037615358088566e+01,8.766513443306163822e+01
1.314874609654727422e+01,5.784040451820997930e+01
1.486912310631064749e+01,4.523028098485886517e+01
2.666503320547004563e+01,1.406422294941256368e+01
1.660013321550169962e+01,3.628915481683682742e+01
1.514831127554718648e+01,4.357842787532176487e+01
1.444906246972245611e+01,4.789836206969989263e+01
1.411533692734952261e+01,5.019003539110872225e+01
3.034106775013421498e+01,1.086271235465265050e+01
1.132833035943627742e+01,7.792345297803545634e+01
1.098836866645946841e+01,8.281968156179173945e+01
2.290511871411857214e+01,1.906052707952039071e+01
3.974055349716911678e+01,6.331872727965830450e+00
1.400590512491393191e+01,5.097739511013872260e+01
3.021668735981013043e+01,1.095232437318867014e+01
1.065637959522748623e+01,8.806039626833334921e+01
1.881180794672534518e+01,2.825783776387702773e+01
1.164901736624454465e+01,7.369218175582344088e+01
2.012942846658547325e+01,2.467954289819345703e+01
1.656649323684831998e+01,3.643668221713259214e+01
2.944950885293599896e+01,1.153038709647139726e+01
1.350293529606459231e+01,5.484583172066996326e+01
3.275993011277093814e+01,9.317814641068631332e+00
1.230660365245370436e+01,6.602730514129434880e+01
2.288842552593155588e+01,1.908834000133051845e+01
1.336384377706246163e+01,5.599344905833756059e+01
2.509266211308235839e+01,1.588204867674108378e+01
1.902398923510203588e+01,2.763101362132761452e+01
1.930171239373491332e+01,2.684159503572302796e+01
1.189831491173397460e+01,7.063648529612474647e+01
1.121504565555059862e+01,7.950563456464990963e+01
7.492327104592821740e+01,1.781420888250785151e+00
1.458847142701786836e+01,4.698729260099015903e+01
1.348437006676740069e+01,5.499695874867310863e+01
2.205357163861513925e+01,2.056090045903987473e+01
1.725280407625284695e+01,3.359546209502750713e+01
1.612194366249374156e+01,3.847381050368656474e+01
1.795181043120129516e+01,3.103012270730410194e+01
2.803637024161723090e+01,1.272203033877640621e+01
1.358835380335362508e+01,5.415846012306516144e+01
1.007535311224246755e+01,9.850980248256392713e+01
3.318218649956484967e+01,9.082177808061405955e+00
1.509976179053887968e+01,4.385910932277592877e+01
1.154995354737612878e+01,7.496171689383032799e+01
1.710957546262189766e+01,3.416028873307337221e+01
3.730708905533117559e+01,7.184842830250686596e+00
1.143285584980691105e+01,7.650512771404216039e+01
2.308324819567534192e+01,1.876748846313473607e+01
3.206064699985638811e+01,9.728713973693551509e+00
2.646232730225000296e+01,1.428051686607127380e+01
5.352747836895790812e+01,3.490168790676793087e+00
1.340082370566335790e+01,5.568484463082980085e+01
5.765096253449153352e+01,3.008755344626587114e+00
1.630949417250962696e+01,3.759404147174452504e+01
1.986738952204006736e+01,2.533485287731070557e+01
1.055506229099060000e+01,8.975908126724132785e+01
2.319683975291489020e+01,1.858413515846678266e+01
2.124687512802952583e+01,2.215184322178037135e+01
1.203233251307930374e+01,6.907173255758874575e+01
4.491526042870009405e+01,4.956922805713995572e+00
1.147154967297617389e+01,7.598989072769562370e+01
1.552632329377896170e+01,4.148229256389984698e+01
1.063517163734390536e+01,8.841195491592714006e+01
1.017038183223476189e+01,9.667751608209306369e+01
1.191544334586180298e+01,7.043355155023436964e+01
1.297446719160819839e+01,5.940471759580662336e+01
1.113454028460569667e+01,8.065948007212713833e+01
5.693725687305544625e+01,3.084657290131832319e+00
1.282642033174927576e+01,6.078397030406660662e+01
1.272479685013778195e+01,6.175871978360765269e+01
2.840273293880896333e+01,1.239594781910469834e+01
1.183093993119593179e+01,7.144329913014549049e+01
3.472077920762829706e+01,8.295089453937317003e+00
2.211862983316648013e+01,2.044012554398822701e+01
1.330121628104821241e+01,5.652196990674088539e+01
2.147558755866985791e+01,2.168252673798619057e+01
1.688470928508025537e+01,3.507622320249745229e+01
1.180975005927600918e+01,7.169990617087678686e+01
1.719715979334580425e+01,3.381322128203662913e+01
1.650428322052897911e+01,3.671188333677329041e+01
1.759298252996199352e+01,3.230881705072867049e+01
1.841365306924269873e+01,2.949307717565509179e+01
1.249122940738566179e+01,6.408990548022252653e+01
1.584922046693453090e+01,3.980926752384053202e+01
3.369422539029367414e+01,8.808238118796445804e+00
2.372325954341502552e+01,1.776852098281558767e+01
1.803436488595604104e+01,3.074668476077955148e+01
1.408144555311607782e+01,5.043192196013871609e+01
1.100946974428104852e+01,8.250251645756148378e+01
3.150647789505543628e+01,1.007396152092418440e+01
1.324290159608584538e+01,5.702085119689106563e+01
1.335779521277233428e+01,5.604416950286693577e+01
2.874022626106381395e+01,1.210652865502086861e+01
1.157802336881583471e+01,7.459868232907001584e+01
3.158491395115939682e+01,1.002398951895195722e+01
1.713153716227243351e+01,3.407276160405093179e+01
1.020885062598076942e+01,9.595029212652441686e+01
3.984490715616769307e+01,6.298749858401601287e+00
1.340151283598951082e+01,5.567911794474917286e+01
4.807881284791864829e+01,4.326059902394791656e+00
1.160924368051770017e+01,7.419799085599963462e+01
1.276932231944206109e+01,6.132877656517577236e+01
9.262351160089853863e+01,1.165621409092670202e+00
1.368431714852369829e+01,5.340153469142369858e+01
1.351509899009236015e+01,5.474715279777261401e+01
3.086158569893581927e+01,1.049937690980088867e+01
1.617598898427762677e+01,3.821715159216372371e+01
1.391394803967074978e+01,5.165343949862777606e+01
3.050313273617557996e+01,1.074759050064337274e+01
1.324696439887756050e+01,5.698588032491356614e+01
1.045407543423402608e+01,9.150161110184419044e+01
1.491632085574797983e+01,4.494450138709462550e+01
6.137741197224684697e+01,2.654500770803113863e+00
2.640626969270254065e+01,1.434121316042114103e+01
4.572761669979449550e+01,4.782366620679829872e+00
1.137027399442672859e+01,7.734961201210417414e+01
3.943375528222613013e+01,6.430781090462693861e+00
3.837970286112908269e+01,6.788858923363979336e+00
1.536118412452247739e+01,4.237899080687235198e+01
1.505059459584141202e+01,4.414613475011299926e+01
1.369928816934270621e+01,5.328488065341129953e+01
1.512663884230448730e+01,4.370338982509888126e+01
1.219172552568022105e+01,6.727746925957893609e+01
1.828723103349794954e+01,2.990226574165570739e+01
1.040050660325471199e+01,9.244661459090625044e+01
1.863774517169333933e+01,2.878811713336056499e+01
3.221547391081296752e+01,9.635426679973695840e+00
4.888149350936986792e+01,4.185150369836237338e+00
1.594519565832590224e+01,3.933148053123751708e+01
6.381181783192597834e+01,2.455826981744322346e+00
2.943186474398223140e+01,1.154421594415906682e+01
1.119272586275019421e+01,7.982304046846218171e+01
1.703999205587341237e+01,3.443984784523421894e+01
1.203455645740458735e+01,6.904620648278095985e+01
2.965998154856114510e+01,1.136732421475738342e+01
1.853141995730440073e+01,2.911941217673031446e+01
1.788255114453169625e+01,3.127094807226442441e+01
4.132198271578911886e+01,5.856493917615011036e+00
2.523364351373589543e+01,1.570507712137638379e+01
1.303665669492234969e+01,5.883930603598837195e+01
1.796833547378110651e+01,3.097307364933339713e+01
1.348602325299889948e+01,5.498347595385098430e+01
9.443746117738216128e+01,1.121273075232843919e+00
1.355309015105003567e+01,5.444065549893440448e+01
1.447230023635635554e+01,4.774466744695130416e+01
2.466332168399224400e+01,1.643981269157358582e+01
1.080444830941096512e+01,8.566330141077331461e+01
1.457367736081380194e+01,4.708273672574551938e+01
2.561390698622838258e+01,1.524222414237281420e+01
1.068754581817997895e+01,8.754755481295346442e+01
1.618807310612835337e+01,3.816011597798814137e+01
2.022151807255162481e+01,2.445527147383104349e+01
2.723723138203518346e+01,1.347950920450146128e+01
1.083640129456589030e+01,8.515886039291828524e+01
1.098342776769280604e+01,8.289421124621181036e+01
1.413218455644965665e+01,5.007043900909055623e+01
1.004219181864735333e+01,9.916147419028460774e+01
3.641306296302450818e+01,7.541983463370455887e+00
2.587255813155024597e+01,1.493899070953698072e+01
1.159925436487583461e+01,7.432584498932952499e+01
1.234539158179892482e+01,6.561305515423811130e+01
2.750205799797582173e+01,1.322116157645850976e+01
1.350475828827985580e+01,5.483102556512090331e+01
8.391412449262715256e+01,1.420135763431453091e+00
3.196259461878425512e+01,9.788495525713326373e+00
1.825598140160619209e+01,3.000472361941437782e+01
1.354194651202948307e+01,5.453029056356584192e+01
2.265413191710943508e+01,1.948521264893910399e+01
1.771634373591073341e+01,3.186044255794080016e+01
2.373018804956491223e+01,1.775814674266827708e+01
2.751727652290372461e+01,1.320654160214068895e+01
1.267327646961771670e+01,6.226187305533019156e+01
1.918887537269591093e+01,2.715819833068985290e+01
2.147895667523744123e+01,2.167572517570352986e+01
1.322838010538191611e+01,5.714610950348090768e+01
3.597017796465179629e+01,7.728849079530255572e+00
1.501881788333786716e+01,4.433314055582665247e+01
1.439297381276436738e+01,4.827240422595042446e+01
2.012761515546354474e+01,2.468398989354103534e+01
2.436792107373412719e+01,1.684081252818937813e+01
1.720884741404248430e+01,3.376730746875310984e+01
1.233036547747057554e+01,6.577306814668358470e+01
3.498956116911987380e+01,8.168136910948630813e+00
1.280638351151760546e+01,6.097432385070970184e+01
1.393238233658682113e+01,5.151684191171064953e+01
1.212141182474390888e+01,6.806025732235480064e+01
1.284679813258011194e+01,6.059129019040503294e+01
1.545694694351165843e+01,4.185550320807052316e+01
2.257590178689860849e+01,1.962048713732320238e+01
4.363848649389630197e+01,5.251225166883357609e+00
1.257568843237825007e+01,6.323193352101134224e+01
1.124534749588784166e+01,7.907773828825494888e+01
1.073810033125181995e+01,8.672515507028778359e+01
8.346620554729349806e+01,1.435418895821063190e+00
2.661305286659809255e+01,1.411921679254341733e+01
1.343738785043928452e+01,5.538221161981017815e+01
4.294375491808204970e+01,5.422505095065690561e+00
1.449682500467882740e+01,4.758326155854467743e+01
1.247920037521458170e+01,6.421352094855426174e+01
1.663706723408019172e+01,3.612821099513124068e+01
1.112464589347191612e+01,8.080302286196929629e+01
1.489765247943366333e+01,4.505721264425022099e+01
1.753143733211808097e+01,3.253605943738762818e+01
2.000877498702809376e+01,2.497807696156292678e+01
1.066333749448176782e+01,8.794551376266366560e+01
3.413583410334771173e+01,8.581811313130472740e+00
1.724081256422065778e+01,3.364221168844651544e+01
2.211947743691753132e+01,2.043855906980829218e+01
1.942809813956605325e+01,2.649350530528845837e+01
2.471642104379842309e+01,1.636925184164472569e+01
2.416780560234043662e+01,1.712085945161807032e+01
1.392762043566830243e+01,5.155207550175551745e+01
1.310187761707475573e+01,5.825496197907577312e+01
2.322562337862333237e+01,1.853810088691257718e+01
1.307030302676798961e+01,5.853676084654192380e+01
1.287427863303303788e+01,6.033289871907154378e+01
3.662824392474176705e+01,7.453629556146963431e+00
1.489885950710652374e+01,4.504991234056035410e+01
1.407203691637920784e+01,5.049938259310953015e+01
1.233909321083732280e+01,6.568005535033461229e+01
1.454906701463825414e+01,4.724215622143186977e+01
3.414620269010691800e+01,8.576600324004717280e+00
1.030283942596017255e+01,9.420764285563663520e+01
1.425267287008538375e+01,4.922745292015152785e+01
3.285324192986243474e+01,9.264959737613118307e+00
2.482694696562102976e+01,1.622382925334392567e+01
6.561875078043760823e+01,2.322437757650732237e+00
1.089464980617324663e+01,8.425068682736694825e+01
1.123420825827510861e+01,7.923463451199934582e+01
1.230264937996134300e+01,6.606975647152228248e+01
1.247753137114791500e+01,6.423070059605922211e+01
1.468623748942073171e+01,4.636378746162218789e+01
3.587700715686032993e+01,7.769044079348111254e+00
4.988339348135966134e+01,4.018722512505688904e+00
3.012758068891897167e+01,1.101720634252522757e+01
2.611967422200522293e+01,1.465765475727205569e+01
1.392174870900542594e+01,5.159557054492405825e+01
1.313625086363120964e+01,5.795049271077630948e+01
3.722183711318211863e+01,7.217792480509776176e+00
1.218690696839293786e+01,6.733068119089614356e+01
3.056845342193675918e+01,1.070170725693108160e+01
2.695211313059134284e+01,1.376620898104255630e+01
1.368960185967701548e+01,5.336031257019401153e+01
3.934066647618113421e+01,6.461250426033739558e+00
1.267453715953122106e+01,6.224948774915813487e+01
2.608411357645639939e+01,1.469764775652782518e+01
2.088882087394367559e+01,2.291775901997036513e+01
3.951635140905270305e+01,6.403926257706443081e+00
1.818015866477994535e+01,3.025552279906050757e+01
1.213430247472126666e+01,6.791572904099112407e+01
1.346144187472257947e+01,5.518446536589933515e+01
3.992701458224544098e+01,6.272870519536091649e+00
4.907069702942610689e+01,4.152938941922349692e+00
3.799429667192983828e+01,6.927286999681158797e+00
1.409167075939157954e+01,5.035875963313525716e+01
3.725755419210779706e+01,7.203960391978830202e+00
3.253659565583252089e+01,9.446170487125360893e+00
1.359033995561656916e+01,5.414263136700344603e+01
7.935497896027804643e+01,1.588004169300430091e+00
1.138612469409059003e+01,7.713440409737908965e+01
6.009346110507506467e+01,2.769144149695888402e+00
1.758311855356703290e+01,3.234507714871753592e+01
1.846839979549888255e+01,2.931848097341805826e+01
2.181957706509120243e+01,2.100425796366451436e+01
1.481177676387961739e+01,4.558119261112452847e+01
1.603693237546162820e+01,3.888278860909938572e+01
1.313687491541838170e+01,5.794498710159454902e+01
4.393525868624894315e+01,5.180523216688368571e+00
2.057452516026714306e+01,2.362328873699048515e+01
1.453473625796989133e+01,4.733536047235181599e+01
1.842705351243222722e+01,2.945019711350096969e+01
3.668055732415751180e+01,7.432384151203548228e+00
3.928262692102756404e+01,6.480357352662664994e+00
1.071183184282581635e+01,8.715102659085202674e+01
4.385814633565447451e+01,5.198756249555716025e+00
1.620137040951880891e+01,3.809750171868810042e+01
3.662512869629198065e+01,7.454897578795734780e+00
1.164667625355108882e+01,7.372181064526114369e+01
1.229183085379865048e+01,6.618610886025442142e+01
1.317930046870029948e+01,5.757252555812787875e+01
3.966322709574359351e+01,6.356585704915807433e+00
1.378734051897068724e+01,5.260645006828760728e+01
1.150224948918219958e+01,7.558479389393598069e+01
3.713911963793214710e+01,7.249979696986758704e+00
2.742615337367215034e+01,1.329444462110753555e+01
1.214422765071760146e+01,6.780476272342653488e+01
9.671133583726431482e+01,1.069166237119661078e+00
3.740611855369737526e+01,7.146850674098615741e+00
1.147812048178498934e+01,7.590291270298058635e+01
3.867532870753689878e+01,6.685470440842832041e+00
5.225696266153479996e+01,3.661943782980723761e+00
1.395350984228939417e+01,5.136095305305898506e+01
2.104083777597272942e+01,2.258780053783391395e+01
3.637805330188266595e+01,7.556507019001658776e+00
1.915960494422601812e+01,2.724124172527284671e+01
1.397394528921159029e+01,5.121084275072954739e+01
1.281952723644659109e+01,6.084935529657258257e+01
1.999752000320635403e+01,2.500620114537182914e+01
1.114129267234285692e+01,8.056173934233991929e+01
7.411504348443510537e+01,1.820485669044184185e+00
1.172507511858281859e+01,7.273923553494066141e+01
1.300776397754533775e+01,5.910098290604961591e+01
1.576116277575621716e+01,4.025533928799486461e+01
1.330300848721886808e+01,5.650674144172938185e+01
1.379507344258338719e+01,5.254748878129377232e+01
2.859213130299026417e+01,1.223226668423666297e+01
1.442430533786934355e+01,4.806292371516971684e+01
2.002779622512863966e+01,2.493065403734112451e+01
1.275607133792649961e+01,6.145625916718710613e+01
3.777495642188740277e+01,7.007967127455390077e+00
1.652825435423738654e+01,3.660547315099741184e+01
2.808088391274079143e+01,1.268172851458972339e+01
2.860715018254269282e+01,1.221942606829020583e+01
1.889811378426725952e+01,2.800032556290135588e+01
1.255057424502508567e+01,6.348524582969802310e+01
2.555073771141111649e+01,1.531768423084760933e+01
1.540650603833224253e+01,4.213002171943653451e+01
1.275405823773162872e+01,6.147566120672481560e+01
1.267038416978385307e+01,6.229030164223552646e+01
5.520183225628002077e+01,3.281655696046284376e+00
5.074197267764170505e+01,3.883875552435119616e+00
3.435923828866530272e+01,8.470576036073710569e+00
1.545594231966001253e+01,4.186094453316770370e+01
2.626195986996539844e+01,1.449925651427366802e+01
2.111269381293480052e+01,2.243430919990413841e+01
3.979348090190728016e+01,6.315040487452201035e+00
1.081826254392399456e+01,8.544466789471854895e+01
1.131104849945117330e+01,7.816174936041849719e+01
1.954464810584638101e+01,2.617847170699953807e+01
1.286169384008058536e+01,6.045102445169806060e+01
6.605625495333389097e+01,2.291775669100907020e+00
5.684552494949788581e+01,3.094620778208043710e+00
1.036758536464190961e+01,9.303465684927834900e+01
1.482058533403420952e+01,4.552702662413864232e+01
1.168935158125926321e+01,7.318450803570974017e+01
3.312310992672563970e+01,9.114603653053727328e+00
1.305458073042056633e+01,5.867784335570743082e+01
1.352057134335952249e+01,5.470284473958964355e+01
3.890459755183920976e+01,6.606906271520277762e+00
2.761763990914357336e+01,1.311073002154602740e+01
1.042117071460944722e+01,9.208035379367557027e+01
1.627653425808262710e+01,3.774645118658111898e+01
3.487795636014606515e+01,8.220494443298241194e+00
2.240541810733518346e+01,1.992020918123035145e+01
3.438235703452564707e+01,8.459188611029464511e+00
1.463678758029973359e+01,4.667759374523928528e+01
1.839732743722449015e+01,2.954544421245993746e+01
1.304250141352491887e+01,5.878658269402967562e+01
4.235399159083896592e+01,5.574569160782672839e+00
1.376694859517606417e+01,5.276240927771550560e+01
2.052684999713066816e+01,2.373314992252634781e+01
1.401198414477261522e+01,5.093317219760265147e+01
1.373799830406719558e+01,5.298501762613224741e+01
1.583542957161785303e+01,3.987863659272051819e+01
1.277047001562788076e+01,6.131775369131302966e+01
3.980695093726820488e+01,6.310767393203511766e+00
1.492203143641886598e+01,4.491010793457664363e+01
1.698528284939807520e+01,3.466206506805232124e+01
1.278392702016905602e+01,6.118872933289001281e+01
2.855800004027637939e+01,1.226152308857957784e+01
1.035261961767237260e+01,9.330383307011000227e+01
3.742643921687950126e+01,7.139092024199328534e+00
1.014825650323900597e+01,9.709953017040474776e+01
1.406881283042281972e+01,5.052253067360503280e+01
3.355165952204703217e+01,8.883252116539157583e+00
1.932677168326073769e+01,2.677203398931089495e+01
1.097566582803180246e+01,8.301149750251511250e+01
3.680018295639950310e+01,7.384142078151356259e+00
3.322593971989791584e+01,9.058274021387001440e+00
1.283793709584429621e+01,6.067496203505019992e+01
1.709993596333391253e+01,3.419881295819636335e+01
2.154600468710926364e+01,2.154103170938709866e+01
2.991605304047012481e+01,1.117355602471920051e+01
2.617925056705061237e+01,1.459101756577140208e+01
3.918998134005517642e+01,6.511032851851224379e+00
1.969471706386709542e+01,2.578104446172946496e+01
8.940183265269651258e+01,1.251143595031873001e+00
1.282602839675396744e+01,6.078768520760082339e+01
1.886463684303443955e+01,2.809979177360235880e+01
2.832709742302155576e+01,1.246223245038600957e+01
1.564797323604954116e+01,4.083981919551396089e+01
2.554565401596739349e+01,1.532378140806304323e+01
1.558785799289992724e+01,4.115542763294285322e+01
2.990317195706333209e+01,1.118318433481294960e+01
2.591177961244675743e+01,1.489379999703445279e+01
2.096670154661868324e+01,2.274781950162352118e+01
1.322162796192262846e+01,5.720449221664975425e+01
5.756809711748969249e+01,3.017423381951672035e+00
1.297216646246254435e+01,5.942579137492396768e+01
1.399770449538630501e+01,5.103714336231372783e+01
5.808902957858020244e+01,2.963546577587663933e+00
7.289776650333041630e+01,1.881791729364006738e+00
1.556472090589969248e+01,4.127787434489653862e+01
1.711885772337769396e+01,3.412325369871322067e+01
2.942657453493337627e+01,1.154836707667865170e+01
1.733990050217440171e+01,3.325881701751750086e+01
1.052099721343228467e+01,9.034126944969327155e+01
1.819510882258513007e+01,3.020582383693198025e+01
1.965649991544206898e+01,2.588139150421705637e+01
3.898632805908872712e+01,6.579234017289441461e+00
3.817316294129166465e+01,6.862521337728700210e+00
1.391286656561215906e+01,5.166147005447569285e+01
1.230436935972765866e+01,6.605128649578877287e+01
4.472793752109445364e+01,4.998529445406082239e+00
1.557333718622949270e+01,4.123221125498738360e+01
3.073561218958736063e+01,1.058561913927331410e+01
2.564682055939216809e+01,1.520312735468155729e+01
1.382463032879122089e+01,5.232303723178494437e+01
1.194065046107642836e+01,7.013649023653754000e+01
1.317925499709702386e+01,5.757292283696626356e+01
2.940059991657810201e+01,1.156878141743632860e+01
1.122469654537658634e+01,7.936897692622372347e+01
1.692543333857324583e+01,3.490763342647009182e+01
1.483699701263752146e+01,4.542636451697521238e+01
1.057048196010939023e+01,8.949740051421387932e+01
1.378357260598145473e+01,5.263521526939873496e+01
3.955079410496455239e+01,6.392777432555980077e+00
2.394847399828526946e+01,1.743589758541468271e+01
1.437413958937714220e+01,4.839898834281234485e+01
2.087253082505168678e+01,2.295354548995306132e+01
1.374355624334934589e+01,5.294217166112026263e+01
4.749656858228495793e+01,4.432773391261690676e+00
1.383335412429367040e+01,5.225706457693831908e+01
2.810693972140996522e+01,1.265822687865776963e+01
4.237412495139554380e+01,5.569273091649035834e+00
3.490617408771781527e+01,8.207209119400282304e+00
1.422792583826731594e+01,4.939884723459578453e+01
1.271646016966866988e+01,6.183972211813630793e+01
1.648330197227005911e+01,3.680540238583712664e+01
4.382183798147183751e+01,5.207374622917464002e+00
3.844442102711161624e+01,6.766021139843695131e+00
4.755199082871201455e+01,4.422446543226263849e+00
4.237733209169397952e+01,5.568430152115009690e+00
1.216838864258876640e+01,6.753577001260298118e+01
1.212084950704860731e+01,6.806657245311750160e+01
2.232510030219926023e+01,2.006379872661358021e+01
3.240743292779323781e+01,9.521617656770473559e+00
3.110017820697160928e+01,1.033889785923525650e+01
1.234003194560134986e+01,6.567006286305914387e+01
1.466391982824061735e+01,4.650502100806043160e+01
1.585081865255908795e+01,3.980124025495971551e+01
3.179695576264845158e+01,9.890742939018243973e+00
1.447392517523491051e+01,4.773394778238283465e+01
1.367934517209593714e+01,5.344036102711279312e+01
1.220000551362860186e+01,6.718617953017142952e+01
2.458002564042700655e+01,1.655142295726111001e+01
1.145413534370061903e+01,7.622112929620381294e+01
2.867195347105833036e+01,1.216425269975102985e+01
1.840353484293384767e+01,2.952551655935613795e+01
1.320531898108511548e+01,5.734587813516041166e+01
2.297727765438800418e+01,1.894099788293829079e+01
1.307828689627846686e+01,5.846531307774583297e+01
1.267254225741567808e+01,6.226908782727498703e+01
1.319952036455181776e+01,5.739627387504098976e+01
1.675112082642241873e+01,3.563791252968839984e+01
5.859986230552188857e+01,2.912103517474887493e+00
5.795716061907211269e+01,2.977047735670428352e+00
1.181251174537513293e+01,7.166638417463504140e+01
1.086357255031073343e+01,8.473340559708611863e+01
3.460794802048851437e+01,8.349266055532480024e+00
1.991987254785259509e+01,2.520152891997593159e+01
3.250502854295321242e+01,9.464526608350146475e+00
1.271915135524305995e+01,6.181355613312708641e+01
2.611109873377360913e+01,1.466728416337105401e+01
1.599122748957605822e+01,3.910536977741632825e+01
2.502584144176736558e+01,1.596697416945941583e+01
6.759476607904946377e+01,2.188637625866458603e+00
2.295062177345196019e+01,1.898502128149487689e+01
1.969933143447677537e+01,2.576896797463972533e+01
2.383625641672849582e+01,1.760045530377238876e+01
1.175891391065616709e+01,7.232119246200315388e+01
3.261728944926186813e+01,9.399489450225816611e+00
1.264347729102076556e+01,6.255570663535925746e+01
3.964264896894068357e+01,6.363186705621767913e+00
1.231206858865365383e+01,6.596870330264246718e+01
1.657843833329423688e+01,3.638419441640530749e+01
1.980238250168311254e+01,2.550146379691134513e+01
4.676553016219167347e+01,4.572442741630667662e+00
1.168795937907571414e+01,7.320194370548193774e+01
4.076991726081184453e+01,6.016173326449317571e+00
2.916600679867057266e+01,1.175563395479607465e+01
1.536329111089941257e+01,4.236736753778025388e+01
3.309613727710058839e+01,9.129466124041169195e+00
8.583972569147373122e+01,1.357135958733906245e+00
2.096235026397756585e+01,2.275726428849542771e+01
7.183038002419191059e+01,1.938133426495876721e+00
2.346370095171960202e+01,1.816381083234404770e+01
1.238974279014424695e+01,6.514414956453120453e+01
4.803291443720332410e+01,4.334331486341762130e+00
4.220270724837602927e+01,5.614607189503003859e+00
2.827323140471612817e+01,1.250976365059785245e+01
1.171893139688989471e+01,7.281552350804268769e+01
2.982750923572289992e+01,1.123999252202376375e+01
1.539322331269407762e+01,4.220276060547168839e+01
1.073222261620637319e+01,8.682017459293562922e+01
1.370531637767955147e+01,5.323801683630791359e+01
2.691712725228450509e+01,1.380201784767169926e+01
1.436387017539699684e+01,4.846821855951102265e+01
1.388498713549767238e+01,5.186913871116333752e+01
1.425170697645465090e+01,4.923412581829407486e+01
1.466716310534433099e+01,4.648445643224412294e+01
2.875077609846641735e+01,1.209764552260154602e+01
1.460446756741415442e+01,4.688441946205444566e+01
1.377522809154759820e+01,5.269900344636005229e+01
1.412752778972878609e+01,5.010345324712508130e+01
2.867721330377167277e+01,1.215979089476455854e+01
3.153584035941759822e+01,1.005521087864540952e+01
2.081767532416546729e+01,2.307467209460984847e+01
1.235322233611426945e+01,6.552989679263393441e+01
1.274091397898938105e+01,6.160257028326577000e+01
1.979672543466520551e+01,2.551604035932644265e+01
1.253340482930982169e+01,6.365930087487856781e+01
3.646809436569321150e+01,7.519238498052770225e+00
3.176391190957344435e+01,9.911332232703783163e+00
1.372525898538924771e+01,5.308342105563422564e+01
1.406892566198250627e+01,5.052172030425441562e+01
7.632237894693095370e+01,1.716707096846234792e+00
1.971899224787615523e+01,2.571760771317850214e+01
2.307435062699804362e+01,1.878196490195382751e+01
2.697847209056175544e+01,1.373932193680741953e+01
1.326497017687176871e+01,5.683128084935287205e+01
1.126457856833638971e+01,7.880796315543477704e+01
1.592217982731417791e+01,3.944527160699860957e+01
1.104798102070140686e+01,8.192834104903522530e+01
2.484212300892779979e+01,1.620401304605879389e+01
1.002637011748565143e+01,9.947467648874362567e+01
6.050786555784159049e+01,2.731343575595545747e+00
1.342378563970860661e+01,5.549450515609405699e+01
1.340096137292218259e+01,5.568370054268134339e+01
1.258518292493116064e+01,6.313656285122450385e+01
1.351978269962067891e+01,5.470922684131773650e+01
1.286980598721344293e+01,6.037484101060476149e+01
3.412761443414985507e+01,8.585945686191925219e+00
1.242107664636181497e+01,6.481589415647718511e+01
1.109447790323177152e+01,8.124305781681829330e+01
2.044900772963014290e+01,2.391418154172918875e+01
2.994362899707000025e+01,1.115298539735656647e+01
1.191171654621065379e+01,7.047763130935427967e+01
2.004318309155249622e+01,2.489239091337847043e+01
1.045285451364239293e+01,9.152298760247134624e+01
3.200066064970050661e+01,9.765221783909851183e+00
3.987743652778964787e+01,6.288477843793813804e+00
1.631906631431263577e+01,3.754995194477854881e+01
1.553695668727866419e+01,4.142553156407042536e+01
5.247788514292039252e+01,3.631176429433978559e+00
1.141056388071472227e+01,7.680434445136187094e+01
1.201014542138033114e+01,6.932716933250219427e+01
3.621261139016525021e+01,7.625710464051814519e+00
1.794574761721908018e+01,3.105109276047189582e+01
1.018156087217222705e+01,9.646533476621770831e+01
2.722685809360977416e+01,1.348978240407313045e+01
1.682437429022455078e+01,3.532825260386194088e+01
3.536622328244101965e+01,7.995076636518103186e+00
7.557150670637928158e+01,1.750990693851741886e+00
1.519730775525123612e+01,4.329788507913200135e+01
1.417826076335366281e+01,4.974553213431014598e+01
1.248740963555053796e+01,6.412912037991439718e+01
6.740166440171131512e+01,2.201196217837970259e+00
5.595064424221793331e+01,3.194403822464731313e+00
1.295490030162917527e+01,5.958430112886994579e+01
3.960345986939525886e+01,6.375786157149557098e+00
1.428006189615457799e+01,4.903879841775680148e+01
1.507331389578801684e+01,4.401315623994651105e+01
2.271378542768680120e+01,1.938299851293012921e+01
2.799080198804929864e+01,1.276348628486056569e+01
1.072345648329744172e+01,8.696217885634756328e+01
3.080224678477434352e+01,1.053986887383273796e+01
3.903396565748806779e+01,6.563185037781343212e+00
5.765848714237940698e+01,3.007970092427103115e+00
1.385831600148869214e+01,5.206898117031770568e+01
1.659534105118034120e+01,3.631011596504347949e+01
2.612101775251036884e+01,1.465614696764199643e+01
9.807159403924704577e+01,1.039713136938968496e+00
1.115677940507341326e+01,8.033823896528829778e+01
1.189737268409702686e+01,7.064767403264163192e+01
1.280950307584717507e+01,6.094462868411937251e+01
2.141870857979565557e+01,2.179783878018288235e+01
2.701056647045362169e+01,1.370669077793594681e+01
1.169711316234860377e+01,7.308741757769145408e+01
1.231918986684489248e+01,6.589245710279259072e+01
1.291954766296676560e+01,5.991083644588119483e+01
1.475041239184593245e+01,4.596123342977578830e+01
1.238138829111515271e+01,6.523209290984694064e+01
3.582421809191594519e+01,7.791957223726749149e+00
6.982793921887247279e+01,2.050886137471413129e+00
1.120281963737347297e+01,7.967926366402974736e+01
1.458719252895627960e+01,4.699553196459881832e+01
3.756532480523754458e+01,7.086400660809530017e+00
2.469142703375681691e+01,1.640240831476747729e+01
1.104961574629216692e+01,8.190410121089195172e+01
1.958811724371514273e+01,2.606241226854131554e+01
1.030869346057634139e+01,9.410067717374293750e+01
1.323333518445852519e+01,5.710332203171928001e+01
1.441098012384689753e+01,4.815184824872102354e+01
1.215729781596541059e+01,6.765904891681708477e+01
1.114035804086517700e+01,8.057525752473711123e+01
1.658934413312938361e+01,3.633637235533316812e+01
3.011479577016491760e+01,1.102656280558208479e+01
1.240777088103796366e+01,6.495498239498448356e+01
4.141767423998219044e+01,5.829463455606821221e+00
2.629578504276411621e+01,1.446197872078530189e+01
2.564016501393786029e+01,1.521102108217221627e+01
1.294356619623839322e+01,5.968869746272306998e+01
1.272811670386876060e+01,6.172650713467365335e+01
1.002146339829224253e+01,9.957211012205627298e+01
1.685286268612509630e+01,3.520891447022857079e+01
1.262785835175884586e+01,6.271054809720586576e+01
1.124348866164205774e+01,7.910388756686811007e+01
8.051339928097168297e+01,1.542636752761788799e+00
1.019409337298441010e+01,9.622829382371376994e+01
1.542853537904169592e+01,4.200979851000920462e+01
1.846146716673322175e+01,2.934050439177437752e+01
3.651371734320190399e+01,7.500460035732740671e+00
1.410983443022595907e+01,5.022918884491836877e+01
4.250034778733017049e+01,5.536241570869465889e+00
6.852715602784736859e+01,2.129484990176475634e+00
1.061293429990933035e+01,8.878284314587257597e+01
1.372317869836910376e+01,5.309951603248218532e+01
1.502029280372323150e+01,4.432443438168991889e+01
1.526214932779597078e+01,4.293076259492472957e+01
8.594515642478032191e+01,1.353808346491516268e+00
1.344983009195957990e+01,5.527979246361300625e+01
1.906193092562764591e+01,2.752112716607041065e+01
8.916021570605205682e+01,1.257933778157479976e+00
1.362538171238106166e+01,5.386450143546596081e+01
1.433574129764700267e+01,4.865860901390021809e+01
1.266616969668931070e+01,6.233176081758029596e+01
1.865211741661852685e+01,2.874376930353995974e+01
1.503045240813077044e+01,4.426453378606483824e+01
3.537376631696564289e+01,7.991667290243453792e+00
2.025211085229392438e+01,2.438144315450104926e+01
5.713433221666241479e+01,3.063413970049000845e+00
1.310059774436707869e+01,5.826634505936330299e+01
4.908935793276238257e+01,4.149782132976654658e+00
1.239910030187574286e+01,6.504585902676019771e+01
2.686189850808106172e+01,1.385883078918824118e+01
1.339468187861101178e+01,5.573592237914170511e+01
1.382083840755148252e+01,5.235175214006900291e+01
1.293452819657099084e+01,5.977214154288707704e+01
2.107440374074116463e+01,2.251590502563137974e+01
5.932205707588336452e+01,2.841630432566736086e+00
1.261249625113141093e+01,6.286340482340531821e+01
1.386178416203435404e+01,5.204292954616784073e+01
1.429607537830383457e+01,4.892900015594484842e+01
1.240487556723644502e+01,6.498530708519172094e+01
1.234767407109625204e+01,6.558880001865693998e+01
1.540246931508215766e+01,4.215210772663139238e+01
1.506183695768973507e+01,4.408025678352136367e+01
2.384168209904552072e+01,1.759244549869103480e+01
4.629024402467472044e+01,4.666820098318492427e+00
1.224973296391254252e+01,6.664180585783773836e+01
7.007533032837937981e+01,2.036430967766657663e+00
1.091078460538184558e+01,8.400169230461885661e+01
1.972587945826504097e+01,2.569965245246815755e+01
1.458372925705230472e+01,4.701785514793758836e+01
1.776201857292140929e+01,3.169679567590345215e+01
3.704860891492621988e+01,7.285446748592853794e+00
3.965748376575543688e+01,6.358427002418208573e+00
1.100909994524295321e+01,8.250805912022914868e+01
1.207679655593154600e+01,6.856405575547711351e+01
1.117257648161160510e+01,8.011121664766145045e+01
1.949560824809432802e+01,2.631033762808948140e+01
1.338770796388343065e+01,5.579400533269978268e+01
7.505778478718428914e+01,1.775041513524648007e+00
1.313241035268071677e+01,5.798439235891373045e+01
3.672989720349722376e+01,7.412429473442546879e+00
2.806381640972650970e+01,1.269715843716593184e+01
2.685723596050553752e+01,1.386364312854767356e+01
1.199443455967524486e+01,6.950890410284868892e+01
6.861320831495487482e+01,2.124146888454108595e+00
5.162960604319829372e+01,3.751477772498050367e+00
1.375825024729595647e+01,5.282914608825105773e+01
1.258899555705142603e+01,6.309832627621248946e+01
1.482590622613246900e+01,4.549435396011433141e+01
3.624394761894575367e+01,7.612529907213274605e+00
2.754565245440220878e+01,1.317934639239337180e+01
2.875591944584878945e+01,1.209331828633068362e+01
1.384583069398123456e+01,5.216292863572900274e+01
7.040884359088855149e+01,2.017184289762837146e+00
1.348304846121799372e+01,5.500774085753239717e+01
5.246484665837581218e+01,3.632981482677374974e+00
1.315737733765040929e+01,5.776454278449909197e+01
2.101718582190251894e+01,2.263866807408807347e+01
1.279708158189122713e+01,6.106299797551605479e+01
1.677702325118749727e+01,3.552795312504665759e+01
1.211182849852718668e+01,6.816800351245819911e+01
2.805379715683399766e+01,1.270622949146400238e+01
1.247561323392401711e+01,6.425045317522808830e+01
1.602463640692445068e+01,3.894248231581961051e+01
1.216882879153776642e+01,6.753088453658779144e+01
1.489651980958754862e+01,4.506406483348739300e+01
2.872442904583073897e+01,1.211984846918429959e+01
3.310688458621737595e+01,9.123539787564332926e+00
1.308061577035503475e+01,5.844449659118703266e+01
1.328633483596072828e+01,5.664865640945938452e+01
1.556514768564912110e+01,4.127561078534516525e+01
1.290128969855178909e+01,6.008052861715887616e+01
1.061708634010410357e+01,8.871341583950891163e+01
5.665808665306851566e+01,3.115130115986219916e+00
1.078922095913783608e+01,8.590527357915262030e+01
2.421172068796616728e+01,1.705880833554201814e+01
1.439111761493903785e+01,4.828485758958058227e+01
1.377066001817152063e+01,5.273397240831900490e+01
1.333425656474762810e+01,5.624221104393972581e+01
1.463724848303805182e+01,4.667465419111711356e+01
1.581009742444148536e+01,4.000653217530567218e+01
1.384463881267343766e+01,5.217191040789777645e+01
1.093780967146032879e+01,8.358710349458671374e+01
1.253221384141440531e+01,6.367140106090391782e+01
1.688454541493288374e+01,3.507690405870258843e+01
1.844966235738722915e+01,2.937806278831596174e+01
1.100993752639557499e+01,8.249550599421415598e+01
1.534915355567952844e+01,4.244544960807451872e+01
2.985764030797662372e+01,1.121731811533601686e+01
1.332448361709634632e+01,5.632474388701144363e+01
1.095068200652736401e+01,8.339070863698034941e+01
1.300435489002360967e+01,5.913197357557004352e+01
5.044720973934264663e+01,3.929395103413898305e+00
1.676342629597840173e+01,3.558561053835143895e+01
8.411343208342879052e+01,1.413413686039936223e+00
1.643902979221912375e+01,3.700391161374315629e+01
1.557598185086287579e+01,4.121821071050369056e+01
2.784076221809962348e+01,1.290142724952935360e+01
1.672219180041922471e+01,3.576132480583552109e+01
3.199103935243796215e+01,9.771096443305500756e+00
1.042965507741294395e+01,9.193060284634826473e+01
1.391108086349046147e+01,5.167473400119213522e+01
2.714195502718660791e+01,1.357430949439192602e+01
1.894193844172567154e+01,2.787091059869047882e+01
1.435500750187350327e+01,4.852808486055454296e+01
5.789685609082383877e+01,2.983252665231197920e+00
1.366930533683572158e+01,5.351889163916293768e+01
5.486948906835807804e+01,3.321529910737834435e+00
1.106736942015617586e+01,8.164153973802108055e+01
1.005114374142802980e+01,9.898491904799242036e+01
3.098244890458362377e+01,1.041762009458114768e+01
1.256969928279308490e+01,6.329220476883994451e+01
1.424409834258367269e+01,4.928673771098577561e+01
4.591503682530049701e+01,4.743404115532843690e+00
4.492388520607447333e+01,4.955019664365974741e+00
2.380569725261972636e+01,1.764567140614494534e+01
1.111605925515358351e+01,8.092790422337331790e+01
1.130976919401195957e+01,7.817943290545355239e+01
1.541503249062911962e+01,4.208342820445638921e+01
1.386026063190155178e+01,5.205437136984202340e+01
4.185467467872560832e+01,5.708369258781924138e+00
5.570760283772514754e+01,3.222337746473108222e+00
2.631856978412355730e+01,1.443694925959426456e+01
1.036283366421761087e+01,9.311999531657865248e+01
5.913809041694946700e+01,2.859337408273749048e+00
2.333297117403742860e+01,1.836791711537313887e+01
1.155761251344952001e+01,7.486239897420809086e+01
1.378216876857321438e+01,5.264593855231182573e+01
1.214676531214123401e+01,6.777643459612612276e+01
1.452851110755743669e+01,4.737593350373363421e+01
1.378776746184600377e+01,5.260319216574833234e+01
1.447987371711287352e+01,4.769473624392880851e+01
5.042777325635398000e+01,3.932424717238718337e+00
1.210333262214042627e+01,6.826373750807231033e+01
1.104286889796446047e+01,8.200421348468745464e+01
1.716653512287607697e+01,3.393397278158878549e+01
1.083622760144824859e+01,8.516159042536989432e+01
1.158323265664517976e+01,7.453159939354942765e+01
2.149987098849286227e+01,2.163357493084805583e+01
1.086825781699741533e+01,8.466036481412997716e+01
1.412184374882818894e+01,5.014379463548413440e+01
4.330539745217856762e+01,5.332316784752498151e+00
1.791873228056899592e+01,3.114479225497768766e+01
1.811431610353057309e+01,3.047587023935647466e+01
1.395963762261725627e+01,5.131587171657270829e+01
4.268323444343329243e+01,5.488900474974506949e+00
1.518955384412435627e+01,4.334210147244494493e+01
2.818786015946405499e+01,1.258565386404819186e+01
2.932671227161250371e+01,1.162714914806906030e+01
3.680320800512476609e+01,7.382928245293962632e+00
5.918335242813002139e+01,2.854965575046339854e+00
3.030985112882927979e+01,1.088509925437035619e+01
1.104079036308958450e+01,8.203509255335985983e+01
1.855850216416249765e+01,2.903448694659285678e+01
4.591936189315536154e+01,4.742510611021694800e+00
1.845819081337856105e+01,2.935092127309847854e+01
1.011127750831581196e+01,9.781105428505402699e+01
2.183117191922426770e+01,2.098195255248541358e+01
1.723790656707716451e+01,3.365355557307849210e+01
6.514647313070493340e+01,2.356232716390419313e+00
4.947391719203883298e+01,4.085520597340995153e+00
2.708118309003469548e+01,1.363530111997763150e+01
2.955742193117907135e+01,1.144634673882679543e+01
1.154530703152925675e+01,7.502206711144876294e+01
6.183563715717721010e+01,2.615304853222550907e+00
1.413780701456540356e+01,5.003062194732078183e+01
1.415686918150113804e+01,4.989598059632864846e+01
3.258874421563155011e+01,9.415963121645704703e+00
1.324834667152471113e+01,5.697398964657526221e+01
1.503668629960733583e+01,4.422783911878430985e+01
3.536575443867301516e+01,7.995288619367713068e+00
2.831142940568978972e+01,1.247602988186676143e+01
1.432662715494165084e+01,4.872053881300578837e+01
1.360814913984899377e+01,5.400100958846706334e+01
2.986891024807848893e+01,1.120885482340364092e+01
1.040356890660785893e+01,9.239219905042496350e+01
2.949353685814394055e+01,1.149598762598863466e+01
1.525853959917000857e+01,4.295107734814005340e+01
1.922020428735065067e+01,2.706973481247545621e+01
8.823528672339777756e+01,1.284444659721192705e+00
6.207281185267886769e+01,2.595357340343159347e+00
1.457184873482482246e+01,4.709455432277498943e+01
2.772772081507954667e+01,1.300683571547303430e+01
1.187113062325210500e+01,7.096036365919509592e+01
1.491751594565524464e+01,4.493730038008494176e+01
3.519343248940488422e+01,8.073776944005107481e+00
1.026577890085909139e+01,9.488906934587350861e+01
1.313127569194149658e+01,5.799441354155867856e+01
1.082790566693622658e+01,8.529254493205252174e+01
1.328915602940803353e+01,5.662460674762688484e+01
1.686302983845259007e+01,3.516647055781550790e+01
1.089228115075956538e+01,8.428733342896143199e+01
2.501602446935899238e+01,1.597950838336155677e+01
3.215094674709659017e+01,9.674142222920862011e+00
2.593370546736309024e+01,1.486862648280314403e+01
1.095551328268351909e+01,8.331717585070137488e+01
5.269017247097406198e+01,3.601975543081112452e+00
3.473090729796434317e+01,8.290252196748275182e+00
1.032320061679327594e+01,9.383638433160119519e+01
1.431000961265903193e+01,4.883375826148751742e+01
7.432352898285881793e+01,1.810286677280040113e+00
1.381622970016790930e+01,5.238668412266883223e+01
3.180404863157458450e+01,9.886331807511410830e+00
1.781111644212239398e+01,3.152228666388400313e+01
1.198229602510786407e+01,6.964980591370847662e+01
1.720002888753993631e+01,3.380194162358674959e+01
1.114404361827131673e+01,8.052197036036749012e+01
1.410909239544316129e+01,5.023447235774851549e+01
1.106709763025547311e+01,8.164554975386931801e+01
1.319381059693208336e+01,5.744596237037800535e+01
1.351641761307482348e+01,5.473647136803234048e+01
1.137676456925183288e+01,7.726137950441234636e+01
1.032746318138360664e+01,9.375894012340731365e+01
1.138416955517418572e+01,7.716090079080595387e+01
3.271648985563799528e+01,9.342575059258011905e+00
1.372505441570137741e+01,5.308500346681822180e+01
1.372771920896814635e+01,5.306439598969074467e+01
