2.621816754463761967e+01,1.454773331512496348e+01
3.312504302267654310e+01,9.113539872439691436e+00
3.790624761184090374e+01,6.959505936495487433e+00
1.143954317896816697e+01,7.641570710981287107e+01
1.147067549941916553e+01,7.600147346043193863e+01
5.175817601127386069e+01,3.732863194026438070e+00
2.776383004544815236e+01,1.297302471709471128e+01
1.437991163827398289e+01,4.836014175363397527e+01
1.367678124912748139e+01,5.346039934015632156e+01
2.020969568898754076e+01,2.448389181224662181e+01
1.875236947786940078e+01,2.843725663560881500e+01
1.305508883408354315e+01,5.867327596480948415e+01
2.019925815511849976e+01,2.450920140267231062e+01
1.037467565627177279e+01,9.290753626005583499e+01
2.641916220223465928e+01,1.432721959681665957e+01
4.984377526015492776e+01,4.025113597945804145e+00
3.049566592958098354e+01,1.075285419971225132e+01
6.654071819990679160e+01,2.258525674292803487e+00
1.075379241220250215e+01,8.647223866998940878e+01
1.462083098571889117e+01,4.677953348739661266e+01
3.614275936650782484e+01,7.655214910086949764e+00
7.514328608569056200e+01,1.771004372806065597e+00
1.159885949192746324e+01,7.433090579123965824e+01
2.304365523184347708e+01,1.883203541433057637e+01
3.467644618752207464e+01,8.316313165449800593e+00
2.146291101790437494e+01,2.170814680446713751e+01
4.055335975549358807e+01,6.080598377246341890e+00
6.083940506035713724e+01,2.701656206607057520e+00
8.359825542447532598e+01,1.430887768084298628e+00
9.285774114893303022e+01,1.159748368713648503e+00
1.523650058725955247e+01,4.307542137445447850e+01
2.519474821233001194e+01,1.575360510957538374e+01
3.021149520427234236e+01,1.095608923538956425e+01
1.947780659053369945e+01,2.635845204486100712e+01
1.498304729138066627e+01,4.454507550471831934e+01
3.149407394256790482e+01,1.008189835040282567e+01
4.638587397351136588e+01,4.647597533705036810e+00
1.421438749685101932e+01,4.949299085422467215e+01
2.840344638529313315e+01,1.239532509648165437e+01
1.160192734790491009e+01,7.429160087967360937e+01
1.785473354832645754e+01,3.136846397645948059e+01
1.015822754019176166e+01,9.690900326427221501e+01
3.799846489215426715e+01,6.925767313337474640e+00
4.686660344381108700e+01,4.552741998801345780e+00
4.121172327530054247e+01,5.887873219508938938e+00
1.021445865419759791e+01,9.584496217219562197e+01
1.401061576294998190e+01,5.094312171469766781e+01
1.567514832311445794e+01,4.069833873234748722e+01
2.451789136306577177e+01,1.663541988917139847e+01
4.238700454182055211e+01,5.565889080000465228e+00
8.505038654706245893e+01,1.382443581354892981e+00
1.217284805336829479e+01,6.748629686152159479e+01
1.922929340052623459e+01,2.704415074858245660e+01
1.009909527411739560e+01,9.804716966130918365e+01
8.789737606930852110e+01,1.294339421938199841e+00
1.151079680946723016e+01,7.547258487971578234e+01
4.032628277320657872e+01,6.149270784927780120e+00
1.011656949956336682e+01,9.770875085885909073e+01
4.235374809926660333e+01,5.574633257330102509e+00
3.290958265395362048e+01,9.233263941147486165e+00
1.929920965579031389e+01,2.684855716892993271e+01
1.761730550474503687e+01,3.221966561259814199e+01
4.040445215094820952e+01,6.125500152654402619e+00
1.330234865886943929e+01,5.651234732014975748e+01
1.090954789593650531e+01,8.402073829544160333e+01
5.855309285910857398e+01,2.916757477046003633e+00
3.911426050810884192e+01,6.536266515202541427e+00
1.264810660700626421e+01,6.250992316033555340e+01
6.490085822457423603e+01,2.374100614495235906e+00
1.406276121595658424e+01,5.056602265328352530e+01
1.306820829440111709e+01,5.855552832747876835e+01
1.101942189114781634e+01,8.235356011620496020e+01
1.704773346460880035e+01,3.440857654400437582e+01
2.308838520553497986e+01,1.875913811318457647e+01
5.442130181713077519e+01,3.376464183868276514e+00
2.928499214647742477e+01,1.166030139532542442e+01
4.209648807523798553e+01,5.642976840342734945e+00
1.774772548918113912e+01,3.174787009492664325e+01
8.094965355869665302e+01,1.526054384976393674e+00
1.279706501002443098e+01,6.106315612561110129e+01
1.008250100138787531e+01,9.837017689715435154e+01
4.328793936338795589e+01,5.336618714266292862e+00
1.455763142328859594e+01,4.718658645131218066e+01
1.104915796170871012e+01,8.191088819171240232e+01
3.329133352988433359e+01,9.022722830787374804e+00
1.087484609150853032e+01,8.455781683061472620e+01
1.328127772665385642e+01,5.669180481650518288e+01
1.280186052766133642e+01,6.101741674339290000e+01
3.034760812105445638e+01,1.085803069987766811e+01
1.363094497531738547e+01,5.382054245336470188e+01
1.228417847659004636e+01,6.626859525965967634e+01
1.102393468439351487e+01,8.228614888207142997e+01
1.643512992370850512e+01,3.702147490797268858e+01
5.302808754184017204e+01,3.556215502735164069e+00
1.471167646793449002e+01,4.620358441969951713e+01
2.171946695792581039e+01,2.119833128293722169e+01
1.121237652163711296e+01,7.954349209535598675e+01
2.420069719924419616e+01,1.707435254964970639e+01
1.545754322375712952e+01,4.185227408841139152e+01
1.701498385837433602e+01,3.454115989662746955e+01
5.279951081470174756e+01,3.587072895157766173e+00
2.245878237301357672e+01,1.982565691308229816e+01
3.240860443364459087e+01,9.520929294566332857e+00
3.955474074335287327e+01,6.391501796732407037e+00
5.599000452421714158e+01,3.189914148206106859e+00
2.906999829087481046e+01,1.183341205612589775e+01
1.846552125448556225e+01,2.932762244597983781e+01
2.259309793215943785e+01,1.959063126297060009e+01
1.461536494333037162e+01,4.681453045514049904e+01
1.178945117197789116e+01,7.194702221723449043e+01
2.294649903230540744e+01,1.899184387866876733e+01
1.137762386642934942e+01,7.724970958474519023e+01
2.699372190968687946e+01,1.372380255111728253e+01
2.871651602329870556e+01,1.212652879541301765e+01
2.161261438149860226e+01,2.140845816362245202e+01
1.039152736801640131e+01,9.260644836919705369e+01
4.061618455465931987e+01,6.061802080688367234e+00
8.708685648947053437e+01,1.318544438140097252e+00
5.218755576089565551e+01,3.671690672926009924e+00
1.067036433408741303e+01,8.782972098959749019e+01
1.000000000000000000e+01,1.000000000000000000e+02
1.211995617722142882e+01,6.807660683598784601e+01
2.079083401912059159e+01,2.313429010802671826e+01
2.756908621089854705e+01,1.315695099387235523e+01
1.272688991889233812e+01,6.173840773282061889e+01
1.144698150229063138e+01,7.631642852537045485e+01
3.518239878318394176e+01,8.078841843212504870e+00
5.968601753363036977e+01,2.807080037124243699e+00
1.284384067491840220e+01,6.061919723332805177e+01
1.802164994836220657e+01,3.079008590230894882e+01
1.265152151701177452e+01,6.247618224588155300e+01
5.913084492631497113e+01,2.860038178631989059e+00
3.781730498405634933e+01,6.992280596479554688e+00
1.097650235123121654e+01,8.299884531237410101e+01
1.466786112152754562e+01,4.648003232016056785e+01
3.366786483756653325e+01,8.822036494434581044e+00
7.507504256922585739e+01,1.774225536400602099e+00
1.625131636419560621e+01,3.786368778715060301e+01
1.134195809963670598e+01,7.773631022950411307e+01
1.678120296828879532e+01,3.551025733763713532e+01
3.844727172734414467e+01,6.765017834167495359e+00
1.050132608477986373e+01,9.068004174740950418e+01
2.780613437936238697e+01,1.293358035006920304e+01
1.503011894808977367e+01,4.426649792447791754e+01
1.922264414006357214e+01,2.706286354399103189e+01
9.785801261250702510e+01,1.044256571720013849e+00
1.506181568822245076e+01,4.408038127903517278e+01
4.343405999345718982e+01,5.300772265360431668e+00
1.655814520930234224e+01,3.647343163561483692e+01
7.238094816733563164e+01,1.908760610046495332e+00
4.815265265384454096e+01,4.312802460218733813e+00
4.138138347147493334e+01,5.839692619371321669e+00
1.389274522285630376e+01,5.181122460623419101e+01
3.368135536757348092e+01,8.814970857545437966e+00
1.064062238243534964e+01,8.832139863443326533e+01
1.054808917889809194e+01,8.987779604275256418e+01
1.771494028701501122e+01,3.186549098299130378e+01
2.650071988863408379e+01,1.423916939830778183e+01
1.497648338964871861e+01,4.458413054387067831e+01
3.849796176714490059e+01,6.747214644190365540e+00
3.037061661796457201e+01,1.084158504547059998e+01
3.298269769077859337e+01,9.192373279051395230e+00
1.000000000000000000e+02,1.000000000000000000e+00
6.419414457557802223e+01,2.426661321547720185e+00
4.275971714398184531e+01,5.469282455313502211e+00
5.783901399906886809e+01,2.989222471624219502e+00
1.332119134140359762e+01,5.635258816840901375e+01
1.910395524214177243e+01,2.740018001510303591e+01
9.684153808493576321e+01,1.066293208286253069e+00
1.168325122526441007e+01,7.326095389825776749e+01
2.878996883059309297e+01,1.206473009625463355e+01
1.071119411485213035e+01,8.716140457514211448e+01
2.746986184703642309e+01,1.325217155899239962e+01
1.833532044661779992e+01,2.974561763040333418e+01
7.964196619302525448e+01,1.576580146833332918e+00
3.083950338418244641e+01,1.051441823844145240e+01
5.694306213273436157e+01,3.084028369834571404e+00
1.408799001536582018e+01,5.038507735731030834e+01
3.666203575498747824e+01,7.439895692061362809e+00
1.273954236590004463e+01,6.161583597804752799e+01
2.402012513842209884e+01,1.733203146286149021e+01
1.784928784653332556e+01,3.138760752555041122e+01
1.281463240035105144e+01,6.089584972515648786e+01
1.119216801925442084e+01,7.983099779604515334e+01
1.449091097893609614e+01,4.762210881368111615e+01
1.002425526915972576e+01,9.951665388038182414e+01
1.082703964477455294e+01,8.530619006325896692e+01
2.656476132921938671e+01,1.417059752413379137e+01
1.347931644284671115e+01,5.503820506090961828e+01
1.146393556349961429e+01,7.609086608462301626e+01
4.238204278160854699e+01,5.567192378366368821e+00
2.285544527733121711e+01,1.914346843139072973e+01
5.232104782519838437e+01,3.652978651149281220e+00
1.314667724848917096e+01,5.785861024757970483e+01
2.066433792078838394e+01,2.341838867172582184e+01
3.256317241239526794e+01,9.430757607666617304e+00
1.071305658240536651e+01,8.713110114574229215e+01
1.928537587019343746e+01,2.688708899723819812e+01
1.313462798703434586e+01,5.796481398558459830e+01
1.123669212157905406e+01,7.919960885733195255e+01
4.321738448065907079e+01,5.354057615815429827e+00
2.969944092436996641e+01,1.133713849214525737e+01
1.055066277565321364e+01,8.983395405901495678e+01
7.782004006374612004e+01,1.651266232457729188e+00
2.592888023994171220e+01,1.487416094315742221e+01
3.569149542733556046e+01,7.850015433255790320e+00
1.531842331235221977e+01,4.261591980638599608e+01
1.318645050732622792e+01,5.751010782429642632e+01
2.381548556215078349e+01,1.763116943024321159e+01
1.752689776153016510e+01,3.255291568519978540e+01
1.529394606969027137e+01,4.275243852275494305e+01
2.338728175662205899e+01,1.828270721411017519e+01
1.159956492968157882e+01,7.432186506719610009e+01
1.257253739980099994e+01,6.326363290585788945e+01
1.961250121552972203e+01,2.599764642745856591e+01
1.333090051156035472e+01,5.627053255314335445e+01
4.494839838369031781e+01,4.949616572788885449e+00
1.169686045094562310e+01,7.309057572828011473e+01
4.986873453086186458e+01,4.021085472516018555e+00
5.065781989954928122e+01,3.896790059635821368e+00
4.078660347429620003e+01,6.011251778233334342e+00
1.025556559982642924e+01,9.507815949187403248e+01
6.663019173860890021e+01,2.252464079694862509e+00
3.040351119772715549e+01,1.081813798653983127e+01
4.205859230978347796e+01,5.653150327122614449e+00
1.178016529781871746e+01,7.206049334321745903e+01
1.455620192106600719e+01,4.719585489135246803e+01
2.903143384222975243e+01,1.186487120581119292e+01
2.629915238409326506e+01,1.445827553672326182e+01
2.940050900885238150e+01,1.156885295995510710e+01
2.400648460494190317e+01,1.735173324977277787e+01
1.198534773808702880e+01,6.961434191860062981e+01
1.629436816091200413e+01,3.766387073284041520e+01
2.713377374067759362e+01,1.358249649106363499e+01
4.217856904841142551e+01,5.621035349304365880e+00
1.009789025930751194e+01,9.807057164687034856e+01
3.464186465378007540e+01,8.332925112423177794e+00
4.355611241498566244e+01,5.271106366069721716e+00
1.159552260728638373e+01,7.437369288330205563e+01
2.390420017536860442e+01,1.750054469496550880e+01
1.029391879329083181e+01,9.437099287462196173e+01
1.516443292682216537e+01,4.348581870635224789e+01
1.647220173998646331e+01,3.685502370275391115e+01
1.003243899025981278e+01,9.935436346015654863e+01
2.384422751218385983e+01,1.758868965030291420e+01
1.488768883674819499e+01,4.511754224913409672e+01
2.932682693153588360e+01,1.162705823026009178e+01
7.013047564698067049e+01,2.033229635349944608e+00
3.181919831813199551e+01,9.876919931614427384e+00
1.463432275351473066e+01,4.669331867822782556e+01
5.183822478092693586e+01,3.721343494243326333e+00
1.666233440077155237e+01,3.601872268840038771e+01
5.996299713461804970e+01,2.781207141097399749e+00
8.304241639637203320e+01,1.450106983763474355e+00
1.303383824844829064e+01,5.886475569427905441e+01
3.978051474200977822e+01,6.319157838352931655e+00
4.661327033493647320e+01,4.602362821747992605e+00
2.214130533391413280e+01,2.039828042792148466e+01
3.203305016786200099e+01,9.745483986766762641e+00
1.420564236669719982e+01,4.955394633380656444e+01
1.695779688792727313e+01,3.477451980461598424e+01
2.196371989980584516e+01,2.072947040186571499e+01
1.437246160971309550e+01,4.841029013107536372e+01
5.693789920634461765e+01,3.084587692661096447e+00
1.288636138023888655e+01,6.021981087701258417e+01
1.066049029842790219e+01,8.799249688460352559e+01
2.204880885562461046e+01,2.056978417555070138e+01
1.972702606859812846e+01,2.569666501476978127e+01
3.825456133209511478e+01,6.833348142206437714e+00
3.491615774129921590e+01,8.202516379782208489e+00
6.357998940245049369e+01,2.473768742282926425e+00
1.094485609038866691e+01,8.347950954463941287e+01
2.450320479352696879e+01,1.665536752228318207e+01
1.120176090370013711e+01,7.969432613623054351e+01
3.303793028242794350e+01,9.161663473988662432e+00
1.144112213076413376e+01,7.639461680225686280e+01
3.467478509335529679e+01,8.317109969821327553e+00
4.603670320062554566e+01,4.718365390127968517e+00
1.468783634604582744e+01,4.635369407382680151e+01
3.295610054499176300e+01,9.207216634065712668e+00
2.619104627089367909e+01,1.457787776500376964e+01
1.018977693535484619e+01,9.630983661038712285e+01
3.762564690813899659e+01,7.063696789170875512e+00
9.026216055541797800e+01,1.227406871911172370e+00
2.130981915353329725e+01,2.202117416969906216e+01
2.353506961560835364e+01,1.805381656292331272e+01
3.049953281514983416e+01,1.075012776969671791e+01
2.047557150591222452e+01,2.385217214677381747e+01
8.297309724018768406e+01,1.452530954549160702e+00
1.673706864877223310e+01,3.569777970431184855e+01
6.261561137137523758e+01,2.550555330397583642e+00
4.994784363022977658e+01,4.008358094724779441e+00
1.875815032317316522e+01,2.841973187461096728e+01
2.510603705244188788e+01,1.586513124329434454e+01
1.686671850719210752e+01,3.515109076994702519e+01
2.496417189342495035e+01,1.604595874970004132e+01
3.679044392419110210e+01,7.388052001942291724e+00
4.663083523010124054e+01,4.598896240260755164e+00
2.904815140214353875e+01,1.185121838394200111e+01
1.706061700181676599e+01,3.435662803677296750e+01
1.986414241016689175e+01,2.534313632833092100e+01
2.663913867296782811e+01,1.409157844961843864e+01
1.119779516712879186e+01,7.975078415559370626e+01
1.040358960146831713e+01,9.239183147695497667e+01
2.273104889808486462e+01,1.935356821633106961e+01
3.315412465849012591e+01,9.097558729227859686e+00
5.159912526592271576e+01,3.755911248136199809e+00
1.245105855837296716e+01,6.450411910435957452e+01
2.621616778615474885e+01,1.454995278998504560e+01
1.062749161973304979e+01,8.853978389733248378e+01
1.272063702829646381e+01,6.179911827570207805e+01
3.627206685322289559e+01,7.600731542352470171e+00
2.629777307554725141e+01,1.445979223898831378e+01
1.984289708228858373e+01,2.539743399234031784e+01
1.375915147467145161e+01,5.282222567408181391e+01
4.071487071970017979e+01,6.032452066734686369e+00
1.675418036645483255e+01,3.562489778805594653e+01
3.355915827809849361e+01,8.879282654750179304e+00
5.888266001122573812e+01,2.884198576324082275e+00
5.155389171842877261e+01,3.762505036367152833e+00
5.502551744465882422e+01,3.302719795969980776e+00
3.254002020061345490e+01,9.444182342592563728e+00
2.402684901946037499e+01,1.732233212933334343e+01
2.896739145131831350e+01,1.191739196394538958e+01
2.987211492266776247e+01,1.120644998494236333e+01
2.376932710556255657e+01,1.769971304232830533e+01
1.809158172880367843e+01,3.055251198263223245e+01
2.691021720397987593e+01,1.380910696585092978e+01
1.074233528469227927e+01,8.665678919112676226e+01
1.312340333846721308e+01,5.806401278308771907e+01
2.429137775589862613e+01,1.694711218820118503e+01
1.200348556479111117e+01,6.940411982946982050e+01
1.884525594840295071e+01,2.815761843768633454e+01
1.380685862510172335e+01,5.245782067337422916e+01
1.485723670314565048e+01,4.530268212203478129e+01
1.608787739013598639e+01,3.863692052047792913e+01
3.245637893695178633e+01,9.492921062180041503e+00
2.828151720710590311e+01,1.250243460634500536e+01
7.172486594109714986e+01,1.943839977172591826e+00
5.568615937738451294e+01,3.224819920732677758e+00
2.935417114993536103e+01,1.160540647001230852e+01
1.479543468910047999e+01,4.568194026106525740e+01
1.273224933209492704e+01,6.168644330932866637e+01
1.978746614140385773e+01,2.553992575995487258e+01
1.494705763634730999e+01,4.475984579509468375e+01
1.539866655360565417e+01,4.217292955604460047e+01
1.173877292687307872e+01,7.256957780566878569e+01
2.001151073909023026e+01,2.497124797643283145e+01
2.256071909571036471e+01,1.964690402873990749e+01
8.070503546999360367e+01,1.535319389179796712e+00
5.590466643663413748e+01,3.199660345158799046e+00
3.613791618087250157e+01,7.657266943808585857e+00
3.184246634640071250e+01,9.862490616775989594e+00
3.496957581685494176e+01,8.177475871286160825e+00
1.830491722018490464e+01,2.984451059778698223e+01
2.286824144966480432e+01,1.912205055492085037e+01
1.497677666287016862e+01,4.458238448009944221e+01
2.024278582141649707e+01,2.440391141351428317e+01
2.221750053575706119e+01,2.025860801697970714e+01
1.169989854530072826e+01,7.305262202565675977e+01
3.036789930298508722e+01,1.084352533901475724e+01
3.015320535870499086e+01,1.099848910736421992e+01
1.318241049745179794e+01,5.754536344106529810e+01
2.270884918372511763e+01,1.939142603010941102e+01
3.918775597017808821e+01,6.511772361804148979e+00
1.526829876144024212e+01,4.289618811928308872e+01
1.020609822825712065e+01,9.600205117690715895e+01
4.785544272332214888e+01,4.366538797379478254e+00
2.247788566599502502e+01,1.979197274899467018e+01
4.133713255940412523e+01,5.852201955261906008e+00
2.080630948698044236e+01,2.309988892600647858e+01
1.991815913854560449e+01,2.520586490214674313e+01
1.128636162078695548e+01,7.850405274926268362e+01
7.108092006165394139e+01,1.979219306902586739e+00
1.529905326496670170e+01,4.272389968393143533e+01
4.969112564743863913e+01,4.049881633767836497e+00
3.325387302658316457e+01,9.043062483512670724e+00
2.532057554577272640e+01,1.559742312302420153e+01
1.660416448952550539e+01,3.627153589136588607e+01
5.869608144269612637e+01,2.902563854241829500e+00
3.631742052270222132e+01,7.581759610143198991e+00
1.508385946345725692e+01,4.395163598110827508e+01
3.477978474646884877e+01,8.266967311503936600e+00
1.534822503065446142e+01,4.245058542726281559e+01
6.355229182818004574e+01,2.475925464636650197e+00
2.967902289546834638e+01,1.135274289041564622e+01
3.904981147935595232e+01,6.557859636380725554e+00
3.065786762562353474e+01,1.063937485607359434e+01
4.033677819679438414e+01,6.146071183564287388e+00
1.387175753919519217e+01,5.196812184065372264e+01
1.727831189243660148e+01,3.349634195810835990e+01
1.527373059213091722e+01,4.286568301148096793e+01
3.574089387934415640e+01,7.828330993447210950e+00
3.211035319493942097e+01,9.698617570353867734e+00
1.410692657943326367e+01,5.024989839342200071e+01
5.614203856598943077e+01,3.172660806849284310e+00
4.485030275643435260e+01,4.971291642486534990e+00
1.013873545565446754e+01,9.728198356102119249e+01
2.092138785030264359e+01,2.284646535488145602e+01
1.530197209026808380e+01,4.270760221519535804e+01
5.407815754682303577e+01,3.419449754826884291e+00
3.018830502482745359e+01,1.097292829030619643e+01
3.225607827306101427e+01,9.611183552656944684e+00
2.626559364685387621e+01,1.449524492257918062e+01
5.689335898863594565e+01,3.089419257838690758e+00
1.080787037958670993e+01,8.560906326586818693e+01
2.376981292768868315e+01,1.769898953437531830e+01
4.505869769932409241e+01,4.925413870746736755e+00
1.029419570679210238e+01,9.436591579015288289e+01
1.409488733575552466e+01,5.033577763843729258e+01
1.660080459758867732e+01,3.628621961021101328e+01
2.649341991498549831e+01,1.424701737582471317e+01
3.657851837458433408e+01,7.473908548933576590e+00
6.452874591105806701e+01,2.401560601983452337e+00
3.724092833690846760e+01,7.210394105810326693e+00
2.381671806431413785e+01,1.762934467066576261e+01
1.078798583637582098e+01,8.592494539450595425e+01
1.293593517137732718e+01,5.975914003619881498e+01
2.319786149289651433e+01,1.858249813379892501e+01
3.041108443870000855e+01,1.081275059795481930e+01
1.042827215284737363e+01,9.195498685107908443e+01
1.552334059090225615e+01,4.149823516845835059e+01
2.190315302984899759e+01,2.084427168412163311e+01
1.870419340819868381e+01,2.858393599927974549e+01
3.400171215341604380e+01,8.649647860729087867e+00
2.924448287879304686e+01,1.169262731613077833e+01
1.653586641300692861e+01,3.657177925541139274e+01
2.342898951769144844e+01,1.821767222286377574e+01
3.637957129018080593e+01,7.555876420591199683e+00
2.870284390086889204e+01,1.213808408755410717e+01
1.084037770752560625e+01,8.509639675953863502e+01
7.883001768369845763e+01,1.609224930056413871e+00
2.023822315762852142e+01,2.441491627233780193e+01
6.990660295809715308e+01,2.046273136826713301e+00
2.719379992378227939e+01,1.352260007406933084e+01
8.565493009313880179e+01,1.362998161568717892e+00
1.354878301675246455e+01,5.447527417798367111e+01
2.873474773845979868e+01,1.211114551919468241e+01
2.580912414040674108e+01,1.501251543356383067e+01
1.586868803925310623e+01,3.971165209185393508e+01
2.268032391178213913e+01,1.944023428800598907e+01
4.624189558887091778e+01,4.676584032306307037e+00
3.603006547765028245e+01,7.703177359536236501e+00
3.062151093030772842e+01,1.066465395746749500e+01
7.009569260438414062e+01,2.035248003591419774e+00
1.513164898267509706e+01,4.367445393467126280e+01
1.157340636442560999e+01,7.465821383320482596e+01
6.869994264796051198e+01,2.118786762773273935e+00
1.726667485318723294e+01,3.354150752744979513e+01
3.860558019789291961e+01,6.709649475558282283e+00
2.463183761711439246e+01,1.648186582295473457e+01
4.015623000601268444e+01,6.201462669894618251e+00
3.855078774008812559e+01,6.728735957079531538e+00
1.539970829829412047e+01,4.216722400129927451e+01
3.592294961636532946e+01,7.749184866471899191e+00
1.744888868117383041e+01,3.284463621658102284e+01
1.533874753446601957e+01,4.250306031870049139e+01
4.973026883731591852e+01,4.043508738504637989e+00
4.936903916716136820e+01,4.102897336454126354e+00
2.067946889563032187e+01,2.338413117537877284e+01
1.013600845897266822e+01,9.733433618760057016e+01
1.375282440102226467e+01,5.287083925048501243e+01
1.280764678207032858e+01,6.096229615032788018e+01
2.921611294330170949e+01,1.171534629583410059e+01
1.464197122124247130e+01,4.664454941639510821e+01
5.701523822808567843e+01,3.076225114378820624e+00
2.702320415057534220e+01,1.369387362506441441e+01
1.311092612918280054e+01,5.817458034511423648e+01
2.035567723532319917e+01,2.413397664112780916e+01
2.270105046034177931e+01,1.940475178738158846e+01
4.537445868585921716e+01,4.857100459153431693e+00
5.607368150951338492e+01,3.180400835287848338e+00
1.625836782568947214e+01,3.783085098091220289e+01
3.696774514379463028e+01,7.317354187384133013e+00
5.399442342686888452e+01,3.430063689108377112e+00
1.473021518252002338e+01,4.608735854722928593e+01
1.985423383241016637e+01,2.536843844780802470e+01
3.225486080327668503e+01,9.611909120593729483e+00
6.082140399955356003e+01,2.703255639413727263e+00
2.358167368987624712e+01,1.798252815355549572e+01
1.642420596737383676e+01,3.707073822931798190e+01
5.048497204755422274e+01,3.923518996985623897e+00
1.288860794233363372e+01,6.019881935421090446e+01
1.492412772131221743e+01,4.489749242086785586e+01
2.927642683366530107e+01,1.166712522935634588e+01
1.398348331243284370e+01,5.114100555603095444e+01
1.603250386883226497e+01,3.890427202430510079e+01
1.742332136982560087e+01,3.294110062244762815e+01
2.204739544929557127e+01,2.057242162042468436e+01
2.895627985998374143e+01,1.192654000349757659e+01
1.634805468240990223e+01,3.741690287250274594e+01
1.016891330758631540e+01,9.670544110464528842e+01
3.148052143677779213e+01,1.009058082391464417e+01
8.097512169835236762e+01,1.525094592551492712e+00
4.729312597026716247e+01,4.470992674269174572e+00
3.276783487866653388e+01,9.313319607475461837e+00
1.927317158332993330e+01,2.692115102365862711e+01
1.057786851950954699e+01,8.937245151386549935e+01
4.691750305272134369e+01,4.542869048553471067e+00
2.701546735961353463e+01,1.370171815405086413e+01
6.741283437472070261e+01,2.200466823633661306e+00
2.396724406390225326e+01,1.740859826070415295e+01
1.090350057224488012e+01,8.411396367748400849e+01
2.486183208084854357e+01,1.617833195629001963e+01
1.684356207760135149e+01,3.524780823123649043e+01
1.993137069957302643e+01,2.517246043041838988e+01
1.002205242016390763e+01,9.956040624650249526e+01
5.074125864002106567e+01,3.883984862012582973e+00
4.943982808884714331e+01,4.091156529059669644e+00
1.548963017157978328e+01,4.167905874479264838e+01
1.027099643565255960e+01,9.479268896545057999e+01
1.480618270457135921e+01,4.561564201226933335e+01
3.980883623881507560e+01,6.310169665717777043e+00
3.734188566879983995e+01,7.171458840092358678e+00
1.288066532486198490e+01,6.027308315955188789e+01
6.177172169791685974e+01,2.620719786980474808e+00
2.906863513182508285e+01,1.183452192598278963e+01
1.639056299225352831e+01,3.722307587431771481e+01
1.327987081827336091e+01,5.670381764425123805e+01
1.793676825480116932e+01,3.108218964498162151e+01
1.533493160866961702e+01,4.252421577055818602e+01
1.601239300703680613e+01,3.900205750416606065e+01
3.845750156431272160e+01,6.761419273557881304e+00
4.516711677303112538e+01,4.901796339646354639e+00
3.449131469432050068e+01,8.405828071215401209e+00
1.765448771408512840e+01,3.208409251461366551e+01
1.586241524859396534e+01,3.974306624036180580e+01
1.623220891160410062e+01,3.795288136988391159e+01
3.865668711178067696e+01,6.691919927161799286e+00
2.228287115054334677e+01,2.013991818606555739e+01
6.404318408437936228e+01,2.438114897469182640e+00
1.083484861801116672e+01,8.518326934310178444e+01
2.793398105539700538e+01,1.281546389571787081e+01
2.718434935623514193e+01,1.353200390108407802e+01
5.105175749163870336e+01,3.836883429636381848e+00
2.537761207451478995e+01,1.552739106879554321e+01
1.065474428039868648e+01,8.808742976989491069e+01
1.550133567070062313e+01,4.161613642738423380e+01
1.613142186185129390e+01,3.842861234095194334e+01
1.026825814509598445e+01,9.484325343934645502e+01
4.463171287951070809e+01,5.020106040359235244e+00
2.132070307531127540e+01,2.199869690331071936e+01
2.657208923557562841e+01,1.416278282108797093e+01
1.990144392324475930e+01,2.524822347614536966e+01
2.264974965400833540e+01,1.949275335824114208e+01
1.505392223306008148e+01,4.412662009040381150e+01
2.017966704072219386e+01,2.455681325341647536e+01
2.997089612663861047e+01,1.113270094813509736e+01
2.406836670074873297e+01,1.726262198931330616e+01
3.505165154974519481e+01,8.139224519423621018e+00
2.266600267250500167e+01,1.946480820210152274e+01
5.583262833558275418e+01,3.207922401305151716e+00
1.467747172965479940e+01,4.641918326691563124e+01
5.547532950783829619e+01,3.249377874758558438e+00
3.336551433317954007e+01,8.982647393215124509e+00
6.310037436654523901e+01,2.511517035289741351e+00
1.626477558120062028e+01,3.780104877528859220e+01
2.696421987872339798e+01,1.375384989109897305e+01
1.485393918830464344e+01,4.532279838160962981e+01
3.588419347721374919e+01,7.765932667680495172e+00
2.265353114198782336e+01,1.948624616430153722e+01
1.088486474642861879e+01,8.440223093449657199e+01
3.453872316764628891e+01,8.382767926536981662e+00
1.479810823136828901e+01,4.566543523710710417e+01
6.351894188037021394e+01,2.478526064059588307e+00
4.651492228538288032e+01,4.621845254203598152e+00
1.066553380484507230e+01,8.790929696209173017e+01
1.595592758242910136e+01,3.927858977836552867e+01
2.643736367037987023e+01,1.430749851832307229e+01
5.088650417156248551e+01,3.861844361156909322e+00
5.711590253889479385e+01,3.065391242173900466e+00
2.453029119795040103e+01,1.661860603867296504e+01
4.846631216248413665e+01,4.257160752056382336e+00
2.249527246820763082e+01,1.976138977831391941e+01
1.895277170068942851e+01,2.783905810707564044e+01
3.387452244444031635e+01,8.714724000019012706e+00
1.386756942376810464e+01,5.199951614659544674e+01
1.013541629055728421e+01,9.734571016608329330e+01
4.295454903449357431e+01,5.419780177758396711e+00
1.645238813365885022e+01,3.694384614401361233e+01
7.303905913718857335e+01,1.874518192713442666e+00
3.367327834728227742e+01,8.819200159888055168e+00
3.311562804944514937e+01,9.118722678036746743e+00
1.566280040134507878e+01,4.076253389298931040e+01
3.422569742173151752e+01,8.536805502971098747e+00
2.336803402153741160e+01,1.831283774466264447e+01
3.853980875268251793e+01,6.732570186267967216e+00
1.100654694090283847e+01,8.254633958437000274e+01
1.700229006922506869e+01,3.459275551978225849e+01
1.064996021662178016e+01,8.816658697337878436e+01
6.126877635450141923e+01,2.663922502571731687e+00
5.717269642870802215e+01,3.059304105050268507e+00
2.757568207237063262e+01,1.315065769187934563e+01
2.782609450117498895e+01,1.291503205903940099e+01
1.015977159777769678e+01,9.687954950938053855e+01
1.674212354429085536e+01,3.567622672687141261e+01
1.362356358292085545e+01,5.387887934343569896e+01
1.482232483159548231e+01,4.551634145757990524e+01
3.349084730370051233e+01,8.915541578529126099e+00
1.552458709100538137e+01,4.149157148362608893e+01
2.523970201649139256e+01,1.569753837680593023e+01
3.782824325750340222e+01,6.988237457662661356e+00
3.802562579418358979e+01,6.915876987957407351e+00
2.028174534727876122e+01,2.431024574204541722e+01
2.467694388997379207e+01,1.642166743792106587e+01
1.061292201516936728e+01,8.878304868300379837e+01
2.407500197174051948e+01,1.725310785588363771e+01
2.000030987514522351e+01,2.499922533014080628e+01
1.470868087809601121e+01,4.622240610509923187e+01
1.049714617427825836e+01,9.075227279331356556e+01
1.781848688445806062e+01,3.149621428787622790e+01
1.505277275074424992e+01,4.413335967346604605e+01
4.518680190174384137e+01,4.897526443576359689e+00
2.856636294319323000e+01,1.225434493169261252e+01
1.017889329033521406e+01,9.651590271829309131e+01
1.577795921960064973e+01,4.016967717667754556e+01
1.315159406681965848e+01,5.781535661665177628e+01
1.787764457685513975e+01,3.128811521947109853e+01
2.314112185717983294e+01,1.867373457231288114e+01
1.066213577534646539e+01,8.796533938950855713e+01
2.686132133331579297e+01,1.385942637071203443e+01
2.351413252255600739e+01,1.808598128096837954e+01
3.521721303928522673e+01,8.062876931493244470e+00
4.496072400594763252e+01,4.946903149318112369e+00
6.255406567790202388e+01,2.555576680088365915e+00
4.772017741181377204e+01,4.391328241354009343e+00
1.588967371142573093e+01,3.960682610197100217e+01
1.981891100991068910e+01,2.545894628493302747e+01
6.088640309402224204e+01,2.697487015521994991e+00
3.982973491461252280e+01,6.303549506525825130e+00
2.558137032990097381e+01,1.528102162559701860e+01
3.165278110292272018e+01,9.981050461180872801e+00
1.335269961563843211e+01,5.608695231208239562e+01
1.639824002027463123e+01,3.718823119530176058e+01
2.039062555516856534e+01,2.405131913482908246e+01
2.148141859430858247e+01,2.167075708451143257e+01
3.511867020932402284e+01,8.108189207939474841e+00
2.705961499618307897e+01,1.365704604552312773e+01
3.477798303030662908e+01,8.267823894499251480e+00
3.462608161206723167e+01,8.340523366258029370e+00
1.653477654756186510e+01,3.657660056424025896e+01
1.624001394924867725e+01,3.791640942036497819e+01
2.965485008050397298e+01,1.137125855317025724e+01
1.141134180962133904e+01,7.679387306523895518e+01
1.557684955331677301e+01,4.121361874904003741e+01
1.591851107818384214e+01,3.946345565467100158e+01
2.160895511216642007e+01,2.141570941172830089e+01
1.956721419528979666e+01,2.611812534533900276e+01
1.132547516274674138e+01,7.796274754655075867e+01
1.401065809117305960e+01,5.094281390209545179e+01
3.672615760389412998e+01,7.413939074848181932e+00
4.338892272791780869e+01,5.311806732313645973e+00
1.672724745810650404e+01,3.573971100535919732e+01
4.816990037509855682e+01,4.309714527848313992e+00
1.984769101545590431e+01,2.538516668153392075e+01
2.513434546946134773e+01,1.582941407410916845e+01
1.599384683394782414e+01,3.909256209660293280e+01
2.832209915197909567e+01,1.246663149663383585e+01
4.999734124278774772e+01,4.000425435087518800e+00
1.674669313009129468e+01,3.565675979858726663e+01
2.936057587196087226e+01,1.160034381077550947e+01
7.561712549235943470e+01,1.748878633269745242e+00
1.865854580729101642e+01,2.872396665116699666e+01
2.594017713854609042e+01,1.486120842565405731e+01
4.013261712886285437e+01,6.208762341111667915e+00
4.044913062798298853e+01,6.111975665635555721e+00
1.355220141623618524e+01,5.444779602035968935e+01
2.422354242454769135e+01,1.704216208900128748e+01
3.549906707520342763e+01,7.935350614682715076e+00
2.590325414556606276e+01,1.490360552136110606e+01
3.485191424131843263e+01,8.232784102565783968e+00
2.183391017194951544e+01,2.097669006989958973e+01
3.585932278814216545e+01,7.776708725925751686e+00
1.471653685542743872e+01,4.617307041461086214e+01
2.123076722873359401e+01,2.218546942252049448e+01
2.000420865556779404e+01,2.498948168129549074e+01
2.734995250637161845e+01,1.336862825696938195e+01
2.766627366408231481e+01,1.306467657697274731e+01
3.265978006355403807e+01,9.375047750050336859e+00
1.396527003034403869e+01,5.127448710657488817e+01
3.025367116137939405e+01,1.092556325676771856e+01
5.481663143188605858e+01,3.327938654322149414e+00
1.913648343506968885e+01,2.730710953562990539e+01
1.619327098571636370e+01,3.813562187131513070e+01
1.387225520906316412e+01,5.196439317447423178e+01
1.168097541162392439e+01,7.328950365788342936e+01
2.045034513061515113e+01,2.391105378970872763e+01
2.681242869824730946e+01,1.391001796084127129e+01
3.481220061086835926e+01,8.251578676508213306e+00
1.343391286585122302e+01,5.541086704207204150e+01
1.917097693113753820e+01,2.720893297392021282e+01
3.875670458671060459e+01,6.657425492469589479e+00
1.552882973073220008e+01,4.146890271264791039e+01
1.520690213989939643e+01,4.324326704948419575e+01
4.550618351253174154e+01,4.829021870058515908e+00
5.127576931840621199e+01,3.803431770710638649e+00
1.667637352183967536e+01,3.595810299114220498e+01
4.636938675995342862e+01,4.650903143767089354e+00
2.322161658859656796e+01,1.854449877791762802e+01
1.204173230392924054e+01,6.896393968912198602e+01
1.165806484096084183e+01,7.357784555226841405e+01
1.151380921308232530e+01,7.543309766196273358e+01
4.107721530005621702e+01,5.926496215334948303e+00
2.525605121582702850e+01,1.567722173152344745e+01
5.567691958669394836e+01,3.225890351127771449e+00
2.628774864103418096e+01,1.447082238689723965e+01
2.888683293434378285e+01,1.198395419990523258e+01
1.269632167960233105e+01,6.203605399040459645e+01
1.740677650002936616e+01,3.300375038769300318e+01
2.545816164738894116e+01,1.542928924271122781e+01
1.064760263869454882e+01,8.820563475125310049e+01
4.943145343406033021e+01,4.092542890315820081e+00
1.640174741078883613e+01,3.717232804791876788e+01
2.027840025549983594e+01,2.431826676040564905e+01
2.865501220055122999e+01,1.217864032675484509e+01
1.369136182848846595e+01,5.334659495013028874e+01
1.709101151640436811e+01,3.423453760514076549e+01
6.518332291674161638e+01,2.353569393168849277e+00
1.341216694797926579e+01,5.559069435919471402e+01
6.211527250419749890e+01,2.591810293254828590e+00
1.097655066640929711e+01,8.299811464655968507e+01
3.944932941597701159e+01,6.425704498463549186e+00
1.583901241475906652e+01,3.986059724329788168e+01
4.234806893219232649e+01,5.576128550849151821e+00
1.120133779014592079e+01,7.970034691465370713e+01
1.014695231903249883e+01,9.712449211128020465e+01
3.409922638157624419e+01,8.600247461396989479e+00
2.079184461331058031e+01,2.313204126369122093e+01
1.735618266658595132e+01,3.319644483239790134e+01
3.807580706116711866e+01,6.897659710157868496e+00
2.356414249943513894e+01,1.800929529749302560e+01
1.512258988725339215e+01,4.372679543897853449e+01
3.376910999205739472e+01,8.769216062530526656e+00
3.329922951357865202e+01,9.018444363885102177e+00
5.106481854671319809e+01,3.834920930275089734e+00
3.096994586402659877e+01,1.042603329746300567e+01
3.529377239832798807e+01,8.027934836287361264e+00
2.549744646739841158e+01,1.538178096353688673e+01
3.290660731980243270e+01,9.234933714469377719e+00
2.834641896742318323e+01,1.244524917541455267e+01
3.445238269064078196e+01,8.424836372364254089e+00
2.390763118946306776e+01,1.749552200522310130e+01
2.603564511496076506e+01,1.475242154487252932e+01
1.529080756151165410e+01,4.276999059092843680e+01
2.063308209550540084e+01,2.348939265100717577e+01
3.130859391908992961e+01,1.020170762043762025e+01
2.470323759666356622e+01,1.638672815418002315e+01
1.452621707940320483e+01,4.739089821290532001e+01
3.660607581968035618e+01,7.462659908113797869e+00
1.557542576912645771e+01,4.122115394989717885e+01
1.012186681239846742e+01,9.760650521832874915e+01
1.699919047303394848e+01,3.460537180864361062e+01
3.755350255752690458e+01,7.090863113857215794e+00
5.778290504573175923e+01,2.995030541526079837e+00
4.047867998974516013e+01,6.103055460756346307e+00
2.095630944887300728e+01,2.277038608743835368e+01
1.815172408032297824e+01,3.035038729180416439e+01
3.965320027254921342e+01,6.359800800737859028e+00
1.580390001422484403e+01,4.003791499910725804e+01
1.375122777800076079e+01,5.288311738318402888e+01
1.944235669680486112e+01,2.645466015415840744e+01
1.038080902811660700e+01,9.279778216957322456e+01
1.652549877191933803e+01,3.661768189650042871e+01
7.043032273032733315e+01,2.015954115764564847e+00
1.020102218879931222e+01,9.609761639259225774e+01
1.168793814060797942e+01,7.320220974017743742e+01
1.442438099726754608e+01,4.806241951296542680e+01
2.358354834808858769e+01,1.797966940187527385e+01
3.756524667274582896e+01,7.086430139051564048e+00
1.790663332615928738e+01,3.118689360561130641e+01
3.154530529862940114e+01,1.004917779822342183e+01
2.488002014712849075e+01,1.615468687736305142e+01
2.223354227331775945e+01,2.022938496023838084e+01
1.295676815162258499e+01,5.956712300033534291e+01
1.172550967746511930e+01,7.273384406010949021e+01
3.282084732450800146e+01,9.283258036240143340e+00
6.315044167897141847e+01,2.507536221923718944e+00
2.645160622997661193e+01,1.429209525408953496e+01
2.043465442474137816e+01,2.394778799087804444e+01
1.336717265723048698e+01,5.596556398832542811e+01
1.841696756195488049e+01,2.948246242134152695e+01
5.313416574203059639e+01,3.542030265317596793e+00
1.379259129084083924e+01,5.256640365732199172e+01
1.666886030774962180e+01,3.599052534112275481e+01
3.021080912236999438e+01,1.095658686257106496e+01
1.430146117526340177e+01,4.889215468440242063e+01
1.729518699918373770e+01,3.343100833856147602e+01
1.939850806299792296e+01,2.657439222241575649e+01
1.421226594347132810e+01,4.950776821057138477e+01
4.259439178084313937e+01,5.511821666099169903e+00
2.407904436380289326e+01,1.724731543564515945e+01
1.931101628440892881e+01,2.681573714167907951e+01
1.063797686494553574e+01,8.836533271348982055e+01
3.259671895408126119e+01,9.411356482680341529e+00
2.472402682480779390e+01,1.635918213934714061e+01
4.368680645776677807e+01,5.239615314555505776e+00
1.376892987335239660e+01,5.274722589166805164e+01
2.661969502410481070e+01,1.411217160577828622e+01
2.979676280777172792e+01,1.126320094399274296e+01
1.057862631979714862e+01,8.935964757474910414e+01
1.972426321315486675e+01,2.570386438565622811e+01
8.112439001434518104e+01,1.519487428889114922e+00
1.972118979598303312e+01,2.571187656491268569e+01
2.875706871169990464e+01,1.209235169546223077e+01
1.608070326374471293e+01,3.867140259225416088e+01
1.605238622613329014e+01,3.880795866687331852e+01
2.623449253592057318e+01,1.452963365285527075e+01
3.111355308025749267e+01,1.033001094576043677e+01
3.226970075647153635e+01,9.603070644875838724e+00
2.066673817351535902e+01,2.341294932404967355e+01
2.397047864752938295e+01,1.740390033468287356e+01
2.780836141911316517e+01,1.293150885482691770e+01
3.819937751791673719e+01,6.853105667893008679e+00
3.019982075702743529e+01,1.096456153788446386e+01
3.556182392103896461e+01,7.907367901430824908e+00
1.951591340826822929e+01,2.625561739150865748e+01
6.169196376768783097e+01,2.627500517891580234e+00
1.926428790228927923e+01,2.694598599954158757e+01
3.028571404162907754e+01,1.090245656590933265e+01
1.929277352097792431e+01,2.686647369676962427e+01
2.673430987029014361e+01,1.399142809649285013e+01
2.834473710710624061e+01,1.244672611920332983e+01
3.544887725842509241e+01,7.957836841020323959e+00
1.407956286257102541e+01,5.044541017020276996e+01
6.674972640542704028e+01,2.244403927990240355e+00
1.625120592478747739e+01,3.786420241449540214e+01
1.014212844342220166e+01,9.721690424960802090e+01
5.105592744861285581e+01,3.836256705718658733e+00
2.347443344056134862e+01,1.814720567476094004e+01
2.783329130040758415e+01,1.290835409377392118e+01
2.352663668488439441e+01,1.806676136860803439e+01
2.573181650929052111e+01,1.510285693026427545e+01
1.968153267601964984e+01,2.581559676459126251e+01
2.205479419899503668e+01,2.055862102307297690e+01
1.000090792538846252e+01,9.998184396491694770e+01
2.079534031293358964e+01,2.312426491858743560e+01
3.048089438111955474e+01,1.076327874908941418e+01
3.055930363532409189e+01,1.070811663051278551e+01
1.077765629818867410e+01,8.608972896355508908e+01
2.340835283750194762e+01,1.824980758897357802e+01
1.772266256739762724e+01,3.183772758749655551e+01
1.011813006661896353e+01,9.767861301763890935e+01
3.041329150497223210e+01,1.081118131097124646e+01
1.227415623630118091e+01,6.637686028844646557e+01
2.024964060335475224e+01,2.438739209047298218e+01
1.001306183283043261e+01,9.973927428787571614e+01
4.718540777833066358e+01,4.491429372532810049e+00
2.631381966196760303e+01,1.444216199291422598e+01
2.731395344263586367e+01,1.340389047152782531e+01
4.333524682872793932e+01,5.324973500648205516e+00
7.792067665515902775e+01,1.647003679800636444e+00
1.914046120793953065e+01,2.729576078165574415e+01
3.268914550789904894e+01,9.358211654565865345e+00
2.531655659944574666e+01,1.560237562765823505e+01
1.765894359543578318e+01,3.206790299888186979e+01
2.932392081503837034e+01,1.162936291934273214e+01
1.574976030612495848e+01,4.031364829477661971e+01
3.526622953700836405e+01,8.040479338091715888e+00
3.386677189614887595e+01,8.718713256406514844e+00
1.062887898821934662e+01,8.851667152786578185e+01
3.547102486260709497e+01,7.947902422823271529e+00
2.346180705897453223e+01,1.816674340253431552e+01
2.819044764554687532e+01,1.258334359852050177e+01
2.794208095159983074e+01,1.280803503728031423e+01
1.171695072939351867e+01,7.284014348536307182e+01
2.611783341727577934e+01,1.465972099535699513e+01
3.415977741091019482e+01,8.569785184641274256e+00
1.946428374754080082e+01,2.639508992295812462e+01
1.923572924944236107e+01,2.702605702839718660e+01
3.702551529345325321e+01,7.294537766930363709e+00
2.226649729842834091e+01,2.016954918607314085e+01
1.704010507237870442e+01,3.443939101021798166e+01
1.094628239820585591e+01,8.345775609165475828e+01
2.629473977378737359e+01,1.446312852932404702e+01
2.825718230187453628e+01,1.252397791276698591e+01
1.208023467333463685e+01,6.852503371090155326e+01
6.977492439521491008e+01,2.054003838372175483e+00
1.067564330384239568e+01,8.774288110690778808e+01
1.921832546595062396e+01,2.707502785251649158e+01
3.972775161462617177e+01,6.335954154577055242e+00
2.582514282820086748e+01,1.499389743658057661e+01
2.672673010560297158e+01,1.399936522688272689e+01
1.364994560445846439e+01,5.367081109851775267e+01
3.092646223319556498e+01,1.045537260568156945e+01
3.678944056648352756e+01,7.388454995838984019e+00
2.833872305693936511e+01,1.245200957379239171e+01
2.611546940672148054e+01,1.466237515432770344e+01
5.924203186990155956e+01,2.849312669077264992e+00
2.851947844034221191e+01,1.229466902995644162e+01
2.743124981399506979e+01,1.328950514149419071e+01
4.038638148353543755e+01,6.130983022679810546e+00
1.384038029341481568e+01,5.220402069111641907e+01
1.317497481297347051e+01,5.761033660689388114e+01
1.907393070140224012e+01,2.748650992039079455e+01
1.247598480394641740e+01,6.424662611272520962e+01
2.868438200294876950e+01,1.215371379047988221e+01
3.839318355634033963e+01,6.784092323545382719e+00
2.251712358426712868e+01,1.972305460626641249e+01
1.392986808419134626e+01,5.153544051318203145e+01
6.082806659095115265e+01,2.702663488375271594e+00
2.404976756673939065e+01,1.728933276480474390e+01
2.047224598189702505e+01,2.385992189868986912e+01
1.055087445480006281e+01,8.983034946982594704e+01
5.778289769167271572e+01,2.995031303884276852e+00
2.588452426163362929e+01,1.492518164088194332e+01
2.818649057185649909e+01,1.258687697299109409e+01
1.344709252862084803e+01,5.530230250985540863e+01
1.451130749488141625e+01,4.748833141641089384e+01
1.828751572726885755e+01,2.990133473247370333e+01
5.680053286687493141e+01,3.099525259577404768e+00
2.925694184671497311e+01,1.168267090638939898e+01
1.533228184616644540e+01,4.253891531890889866e+01
1.695862400710777962e+01,3.477112778756393396e+01
2.987182683016841622e+01,1.120666614244565729e+01
2.515786090440191103e+01,1.579983591632344897e+01
2.632410000955646723e+01,1.443088400399187243e+01
1.753165879716156539e+01,3.253523743253460054e+01
3.115669023615639688e+01,1.030142647080852214e+01
1.621429365984771565e+01,3.803679634895963346e+01
2.015412925888423246e+01,2.461908573911903986e+01
4.468491181918730604e+01,5.008159934487196985e+00
1.576649130834376678e+01,4.022813404164182316e+01
2.613797445306730438e+01,1.463713713321666532e+01
1.480807544830394207e+01,4.560398172555731122e+01
1.487969024346097235e+01,4.516606125181978371e+01
3.907768499756473091e+01,6.548507729832911295e+00
1.128016139148231822e+01,7.859037720555072326e+01
3.096017308053471240e+01,1.043261642909939368e+01
2.463194055745623245e+01,1.648172806317468542e+01
1.009040480159603170e+01,9.821613080420316066e+01
1.631594962808873817e+01,3.756429896083601960e+01
6.382712026965190688e+01,2.454649562665739193e+00
1.878324831261252115e+01,2.834383428958991047e+01
1.681161340540523952e+01,3.538190490352384643e+01
4.420864931652036489e+01,5.116647606829761052e+00
1.844144966196259361e+01,2.940423500475422358e+01
2.351207792237905636e+01,1.808914230178929117e+01
5.081268384826569928e+01,3.873073434714608965e+00
4.140050687551494235e+01,5.834299013453292382e+00
6.020874529358196270e+01,2.758549911103121755e+00
1.086823250754893522e+01,8.466075912104879819e+01
2.416439556424475654e+01,1.712569192526672524e+01
2.852625928850969217e+01,1.228882470423749496e+01
2.450644716907278564e+01,1.665096056900247490e+01
2.865396566565865655e+01,1.217952994915097165e+01
1.538114442529499648e+01,4.226907069770208381e+01
1.400228183431706519e+01,5.100378078301536533e+01
1.986104438174939446e+01,2.535104325190607000e+01
1.229038820587730996e+01,6.620164764628620446e+01
2.472743144641439983e+01,1.635467758813553019e+01
2.712644838505338285e+01,1.358983324594727193e+01
2.836496625149110429e+01,1.242897909748853458e+01
2.984292298680015776e+01,1.122838469759330771e+01
3.691849459092475882e+01,7.336890418504931510e+00
1.494583239476157743e+01,4.476718481388148518e+01
3.724058676641359256e+01,7.210526373821734225e+00
1.597814372930075599e+01,3.916943914287003992e+01
2.502397980548122547e+01,1.596934995495763232e+01
2.624302422534555390e+01,1.452018792964509863e+01
1.205359071264013160e+01,6.882831200395827409e+01
3.056349022009832694e+01,1.070518323728524024e+01
2.772099197816113758e+01,1.301315089341358799e+01
2.482306048813185484e+01,1.622890989062236500e+01
2.520523884142069093e+01,1.574049427680708035e+01
5.993044147553518286e+01,2.784229599205291894e+00
1.111147870690976625e+01,8.099464071921370589e+01
1.800999309040568974e+01,3.082995619087740735e+01
3.397162302740125739e+01,8.664976866488315110e+00
1.745508790682195865e+01,3.282131062168893720e+01
1.644347823189483293e+01,3.698389305071121669e+01
2.352176888442004810e+01,1.807423992941741275e+01
1.159073400229909723e+01,7.443515919007118953e+01
3.059409769751349373e+01,1.068377422196314619e+01
1.257233104094481746e+01,6.326570970737109434e+01
3.780621661517655951e+01,6.996382797837980227e+00
2.171536333557790854e+01,2.120634387421022993e+01
1.173310214444711441e+01,7.263974266570218674e+01
2.013754344140933839e+01,2.465965631004582903e+01
1.877122768166855593e+01,2.838014729678332415e+01
2.242310959688473915e+01,1.988878810247531348e+01
3.213516364847595952e+01,9.683647414092710903e+00
5.740871283544870352e+01,3.034201234661599411e+00
2.750830944208644979e+01,1.321515306755211761e+01
4.623713257737918525e+01,4.677547576952381547e+00
3.902260468372349322e+01,6.567007182811026134e+00
2.330116466222730054e+01,1.841809641895258665e+01
3.500444847010832916e+01,8.161190613571124075e+00
2.388027897347296502e+01,1.753562332525529399e+01
6.043577055038979751e+01,2.737864008320976428e+00
2.874909859571456394e+01,1.209905735300434060e+01
2.933620828893975840e+01,1.161962303980152100e+01
1.787483486229482565e+01,3.129795224261990327e+01
1.571554769053776290e+01,4.048936430176730994e+01
2.833108945745423313e+01,1.245872067890262969e+01
1.264038744849926488e+01,6.258629286649878054e+01
1.817254934743560923e+01,3.028086564670895342e+01
2.422045085937956088e+01,1.704651298383508262e+01
3.015984960551419647e+01,1.099364368355217536e+01
2.301727492799158270e+01,1.887522727856448768e+01
1.264639357569877554e+01,6.252685900962416099e+01
1.134437056524856935e+01,7.770325132444540372e+01
1.444834587850045082e+01,4.790311339518234490e+01
1.778679325366360686e+01,3.160855817436276283e+01
1.585662216189276741e+01,3.977211115085904680e+01
2.177545968399999055e+01,2.108945401208789860e+01
5.826838557906550875e+01,2.945330462460296950e+00
1.343206708795915816e+01,5.542609674273910514e+01
2.801202046166253723e+01,1.274415750230055089e+01
2.295494557850408412e+01,1.897786989883298503e+01
1.717249830102106145e+01,3.391040961828174716e+01
1.761502486328986805e+01,3.222800920138257652e+01
1.499200974806795195e+01,4.449183194596834312e+01
5.981986739163132683e+01,2.794532135340707324e+00
5.906501138609572621e+01,2.866417297692843036e+00
2.357046321358848573e+01,1.799963775754877560e+01
3.480727596133064594e+01,8.253913763449672203e+00
1.067903470376742092e+01,8.768715997517679739e+01
1.188359242285105566e+01,7.081161568131807371e+01
1.908175355952503338e+01,2.746397750577577312e+01
4.962583156794349293e+01,4.060545727288514151e+00
1.616301310083793652e+01,3.827853870599788166e+01
1.317916500656484935e+01,5.757370908338642579e+01
2.095111704357732663e+01,2.278167405114589883e+01
1.554687054412220526e+01,4.137271632437343527e+01
2.934754243588630374e+01,1.161064967625545030e+01
3.687434778596089302e+01,7.354468717793143817e+00
1.819901824894342823e+01,3.019284788858398016e+01
1.113025362701664811e+01,8.072162172067166352e+01
1.659634204960234527e+01,3.630573605137691118e+01
1.646458943725751922e+01,3.688911097279962092e+01
2.510415212811320984e+01,1.586751377303567700e+01
5.931509987534123240e+01,2.842297074020568637e+00
2.416379727721789195e+01,1.712653998784828602e+01
1.950276191972308837e+01,2.629103974632283425e+01
1.189135850192095667e+01,7.071915374250110631e+01
1.117587560539259073e+01,8.006392589049427500e+01
5.948077919887943210e+01,2.826485108524657175e+00
3.850758799196604087e+01,6.743841694064990122e+00
3.310177395308352999e+01,9.126357199357066463e+00
1.155277563169067534e+01,7.492509843019401217e+01
2.762518577911953344e+01,1.310356856003668824e+01
2.835367092841276815e+01,1.243888379719534676e+01
2.952645543477050438e+01,1.147036852675507035e+01
3.048259602717208239e+01,1.076207709424563141e+01
2.558743682530430874e+01,1.527377656555061947e+01
2.681906382757574647e+01,1.390313603895901373e+01
4.324471653956271666e+01,5.347291879566212991e+00
2.758336937279901946e+01,1.314332871272794989e+01
3.169968223088272552e+01,9.951537470033642307e+00
2.850827724181721834e+01,1.230433233456573028e+01
1.595911425338436906e+01,3.926290526823137128e+01
5.575430475178937684e+01,3.216941703480191261e+00
1.571323611105500184e+01,4.050127798618969166e+01
2.194613888487796061e+01,2.076269639288713265e+01
1.222710852818737948e+01,6.688865541629377276e+01
2.919114684160322426e+01,1.173539426483402970e+01
8.543470388396923454e+01,1.370034056305768022e+00
3.326933229067412867e+01,9.034660354508485369e+00
2.135874643560535446e+01,2.192040026504758288e+01
2.640862963189067258e+01,1.433865014377045100e+01
1.655919007540224541e+01,3.646882891655122449e+01
4.582338187048777201e+01,4.762398404799602858e+00
3.046714508114946085e+01,1.077299550725035715e+01
3.038780334224025026e+01,1.082932495294719644e+01
4.065950940666618152e+01,6.048890623536926192e+00
3.173222552345556124e+01,9.931136144670134058e+00
3.251401156345040278e+01,9.459297583219202110e+00
2.161144171424374960e+01,2.141078153281859286e+01
2.844436468495188564e+01,1.235968845476464750e+01
2.356608298858050787e+01,1.800632956039933319e+01
1.239674981637325857e+01,6.507052740277727310e+01
1.744265445684286320e+01,3.286811858536835018e+01
2.572277321707780473e+01,1.511347814561945135e+01
3.011468970745873719e+01,1.102664047592581831e+01
3.574799570373929214e+01,7.825220894067671296e+00
1.511954929639527556e+01,4.374438441080994977e+01
1.677971790017527098e+01,3.551654319831946083e+01
1.010842511492792362e+01,9.786626268098011394e+01
2.163459365152875336e+01,2.136498119603374946e+01
2.872611260621815887e+01,1.211842788721154385e+01
1.325479900146502032e+01,5.691853418426885014e+01
2.779832697424512844e+01,1.294084639034146988e+01
1.648378719121795655e+01,3.680323560030778651e+01
1.321167481854630665e+01,5.729071580128441354e+01
2.732927015592681741e+01,1.338887023755241046e+01
2.497159391161861208e+01,1.603642185751611038e+01
1.248314961927197153e+01,6.417289742655104590e+01
2.730101490018244093e+01,1.341659827025995710e+01
3.144613473794127145e+01,1.011266121509682492e+01
1.593993018115373239e+01,3.935746975657280444e+01
1.131959916098233343e+01,7.804370944950069600e+01
2.514206633977702765e+01,1.581969346596043380e+01
2.809532966191755676e+01,1.266869076245644621e+01
4.574989769279180507e+01,4.777709564149479782e+00
2.700032248458996875e+01,1.371709345240818045e+01
1.189043750231936869e+01,7.073010957737110971e+01
2.875905095013535018e+01,1.209068480469625761e+01
2.478926157056373469e+01,1.627319467301127887e+01
1.448734829012846603e+01,4.764553388943229351e+01
2.666670540930137179e+01,1.406245913871650544e+01
2.065271492987714197e+01,2.344475501745892743e+01
3.373870251367960549e+01,8.785029943257807616e+00
4.541897369159110553e+01,4.847584264403730359e+00
1.699028607298649263e+01,3.464165381346253270e+01
2.590602736831525377e+01,1.490041485032070412e+01
1.627030882062509320e+01,3.777534223345032416e+01
1.905938535375066678e+01,2.752847910155457711e+01
4.298638639136590456e+01,5.411754959029040357e+00
6.032214793616707027e+01,2.748187786714533676e+00
2.615581453165590631e+01,1.461717685839023595e+01
3.658707354265247602e+01,7.470413704336740679e+00
5.387245948254120975e+01,3.445612177279548494e+00
1.081750347842143967e+01,8.545665964040288998e+01
1.750849348990573517e+01,3.262138846216182486e+01
2.663180443326447389e+01,1.409934099124664897e+01
2.282818237009141882e+01,1.918922049724631762e+01
1.791828905810452710e+01,3.114633305413110875e+01
1.548858835071605888e+01,4.168466591471219829e+01
1.028294150694678599e+01,9.457258701082423613e+01
2.939395135528851455e+01,1.157401545011759936e+01
3.240548409033181798e+01,9.522762934718146610e+00
1.685435029873700685e+01,3.520269946783356119e+01
1.712696764011038653e+01,3.409094544285261463e+01
4.886941656206278140e+01,4.187219151885058110e+00
1.322151479991577538e+01,5.720547143921854172e+01
1.782940283973081108e+01,3.145765932097974016e+01
2.458009562227607958e+01,1.655132871047279863e+01
7.713359655902667100e+01,1.680787602538533543e+00
2.038471338091613916e+01,2.406527235629923211e+01
1.853073974046938588e+01,2.912155001668789822e+01
7.356946951329999251e+01,1.847586375558152527e+00
5.625850583435597940e+01,3.159538216827129098e+00
3.022188959188690660e+01,1.094855415033873136e+01
1.505158951905054820e+01,4.414029874689762778e+01
1.673593735996276521e+01,3.570260594890833517e+01
1.553461796653074956e+01,4.143800564527026609e+01
1.542564884884267506e+01,4.202552217893126851e+01
1.423558377161544719e+01,4.934571399670431902e+01
2.629197936309029870e+01,1.446616567384524465e+01
8.627383952747652529e+01,1.343512611259598755e+00
1.156975872052239573e+01,7.470529683879470895e+01
1.671407801457171516e+01,3.579605363255463146e+01
1.199910264255553649e+01,6.945483169109721189e+01
3.408573822229445227e+01,8.607055262272535145e+00
3.047784464172393726e+01,1.076543289338180109e+01
1.161160628587160026e+01,7.416779990188219074e+01
6.876035566996827697e+01,2.115065255561577651e+00
2.445578664768539312e+01,1.672001744012379376e+01
2.921856955735231054e+01,1.171337639279776255e+01
2.137863374733554878e+01,2.187963666204641910e+01
3.740919977539388697e+01,7.145673416920912402e+00
1.152345702426816665e+01,7.530684047577851459e+01
1.141900094286208756e+01,7.669089080716578621e+01
1.097986682096718525e+01,8.294798780671638383e+01
4.312342065386344103e+01,5.377415495901750830e+00
1.512646690607491351e+01,4.370438334709157857e+01
2.168827174557712922e+01,2.125935615688975844e+01
3.639630522705911631e+01,7.548930084048374844e+00
2.686537675793402258e+01,1.385524242665890604e+01
1.473925070045589791e+01,4.603087053104891879e+01
3.378398798586698604e+01,8.761494084051541620e+00
6.802718112536980755e+01,2.160901890603178721e+00
1.186815150488155624e+01,7.099599277218327131e+01
1.635928417240423727e+01,3.736555239498965619e+01
3.091236010967923065e+01,1.046491419919838073e+01
2.359593458483509565e+01,1.796079818574640896e+01
5.465862252211289274e+01,3.347207490513194994e+00
2.442804926770548590e+01,1.675800923968854761e+01
2.762333078739571590e+01,1.310532850908582425e+01
1.864744264271999441e+01,2.875818280440586250e+01
3.784965697758873659e+01,6.980332401626991867e+00
1.696131531756526556e+01,3.476009415323094487e+01
4.054572924938101153e+01,6.082887269807216057e+00
2.917669257564864793e+01,1.174702468018815615e+01
4.363121336216820367e+01,5.252976025166669061e+00
1.844355130016346678e+01,2.939753417564950411e+01
2.408086969325198723e+01,1.724470084240041601e+01
2.446065602089906221e+01,1.671336120807021786e+01
2.800189799393087142e+01,1.275337299474889186e+01
4.682741428976444098e+01,4.560365429133314663e+00
2.045979728228307337e+01,2.388896572140187047e+01
2.665866578439063872e+01,1.407094222975783993e+01
1.376856026016575463e+01,5.275005789901859998e+01
1.095412836612624652e+01,8.333824455222124072e+01
3.028717771041902651e+01,1.090140283947922661e+01
2.269579764178394043e+01,1.941373507472293269e+01
2.526696744522129023e+01,1.566367842201447935e+01
1.971627952378348425e+01,2.572468507007682348e+01
3.403641988055425571e+01,8.632016361676711824e+00
1.685075906084093234e+01,3.521770588260482526e+01
2.770423300335731653e+01,1.302889960813465997e+01
3.157099678503794493e+01,1.003282904193472369e+01
2.480109963624962433e+01,1.625766333173601552e+01
2.589736700213546428e+01,1.491038224395850520e+01
4.717705515094242230e+01,4.493019915091164940e+00
2.346797743256769664e+01,1.815719159027550589e+01
1.753195670763281200e+01,3.253413173672129233e+01
1.641892139859939448e+01,3.709460513109952018e+01
4.513460858011588073e+01,4.908859918192077565e+00
2.588262717386470868e+01,1.492736962721054184e+01
6.412126644378761853e+01,2.432180583866907053e+00
2.950664813659555819e+01,1.148577341213740866e+01
2.326486528089471761e+01,1.847561552059452339e+01
2.449680480969292162e+01,1.666407135186374688e+01
1.532835192418339965e+01,4.256073058640814821e+01
3.321226833936488276e+01,9.065732987947177079e+00
2.499084145359826081e+01,1.601172938444731741e+01
1.286448317525522889e+01,6.042481276697289871e+01
4.093311109808465176e+01,5.968297890689702179e+00
2.323368425008001026e+01,1.852523961842521771e+01
1.458352364080066721e+01,4.701918098708684823e+01
1.836938029558208996e+01,2.963541336965338857e+01
1.620863666475864306e+01,3.806335151503064651e+01
1.751698146298731373e+01,3.258978228807369959e+01
2.979651484673532380e+01,1.126338840528574536e+01
4.498400174702790366e+01,4.941784754674993785e+00
1.776794737713497696e+01,3.167564604746982226e+01
7.064414316786377412e+01,2.003769104143436675e+00
5.751602105889372041e+01,3.022889916341227945e+00
8.571886628568776700e+01,1.360965647216887175e+00
3.656446764678586447e+01,7.479653691053880671e+00
1.178338265689199105e+01,7.202114762438870343e+01
1.658317906227568628e+01,3.636339467116031443e+01
1.736787920485671677e+01,3.315174706169893426e+01
2.872988095986542589e+01,1.211524906951522595e+01
1.471930287900154255e+01,4.615571853290160220e+01
2.916656434825530653e+01,1.175518451645257301e+01
6.690233124104685203e+01,2.234176593442815051e+00
1.268815564095610959e+01,6.211593192503918459e+01
2.188229423249914163e+01,2.088402927621554284e+01
1.632340922342934064e+01,3.752997396923652929e+01
2.933248950468301430e+01,1.162256950708778547e+01
5.428553540112839215e+01,3.393374164497828804e+00
1.313083630465893847e+01,5.799829485323158451e+01
1.528595786636662801e+01,4.279713371421635770e+01
3.033041062411704658e+01,1.087034730783401137e+01
1.559089360698602711e+01,4.113940291536189164e+01
1.541214642951033298e+01,4.209919067053948538e+01
1.791927834754925186e+01,3.114289408885826305e+01
1.293141217830072520e+01,5.980095100662273921e+01
2.454223773612480386e+01,1.660243094553533894e+01
3.467017811380272718e+01,8.319320474838660218e+00
2.494773017931742842e+01,1.606711578485155201e+01
3.524320116900675970e+01,8.050990279416909701e+00
1.348936693335464732e+01,5.495622124519587715e+01
3.684074253351524675e+01,7.367891981413291269e+00
2.579467753306419198e+01,1.502933600815458348e+01
4.566888420035619589e+01,4.794675262021212525e+00
3.148467707601238885e+01,1.008791730310863421e+01
2.463918503927469672e+01,1.647203748081916075e+01
1.667082699836450033e+01,3.598203409431660305e+01
1.314629518760083648e+01,5.786197329898415376e+01
1.128926319134488487e+01,7.846370365444987272e+01
2.624372534965061732e+01,1.451941210071486843e+01
1.657964070196708306e+01,3.637891738657721419e+01
2.316127695039358159e+01,1.864124870362964259e+01
1.278892998294460348e+01,6.114086527259665615e+01
2.211348680217903961e+01,2.044963434959625559e+01
8.088162126057720513e+01,1.528622697750988912e+00
2.617184717557769602e+01,1.459927363519365962e+01
2.270537236170170559e+01,1.939736521472082842e+01
1.963368025640638237e+01,2.594158885316684859e+01
1.071262180331921954e+01,8.713817383998575394e+01
3.116865217695706392e+01,1.029352100173779405e+01
1.445475159179128610e+01,4.786066567601478283e+01
1.482365292689764935e+01,4.550818593321488237e+01
2.812140053957578445e+01,1.264521179054863254e+01
3.988541925583558623e+01,6.285960924783623227e+00
2.769263611383070867e+01,1.303981415927195009e+01
2.972336651522498130e+01,1.131889435633909891e+01
1.627985016865613233e+01,3.773107621586576954e+01
2.232988017982887641e+01,2.005521003400952296e+01
1.506741360962216625e+01,4.404763343291116939e+01
1.116778385973709042e+01,8.017999039150940632e+01
1.980480701974673963e+01,2.549522036570766659e+01
1.868704442301211088e+01,2.863642267443544398e+01
6.747453997120406655e+01,2.196444001635750709e+00
2.243592189208851906e+01,1.986607913902119549e+01
7.958560420631370391e+01,1.578813984344789478e+00
2.246068377766424362e+01,1.982230038119472582e+01
1.083526510015240163e+01,8.517672097935557929e+01
1.928404456465680994e+01,2.689080151365627103e+01
1.627835595411120906e+01,3.773800331717274048e+01
2.670683526948100095e+01,1.402023020859232716e+01
2.015742101001742270e+01,2.461104569408128739e+01
3.431775773225679416e+01,8.491065519114707527e+00
3.052633903377447311e+01,1.073125595222466977e+01
2.074737110271376750e+01,2.323131800499035648e+01
1.541458954061126718e+01,4.208584683818710204e+01
4.231042903919942688e+01,5.586054152874947221e+00
3.859370928660304401e+01,6.713777708100304054e+00
1.699326795515080590e+01,3.462949743872556496e+01
1.315085257268808583e+01,5.782187649146403174e+01
5.561381723615829031e+01,3.233215032636274078e+00
5.224381707585518342e+01,3.663786850916327609e+00
1.976711620678278791e+01,2.559253873029612691e+01
1.347849511508749210e+01,5.504491289921644182e+01
8.091565070314199204e+01,1.527337229745617364e+00
2.782776049366674442e+01,1.291348571093311470e+01
4.722148305591563400e+01,4.484569457980624563e+00
4.707676502000711594e+01,4.512183743780425971e+00
1.448747743238081576e+01,4.764468446286161907e+01
1.541240025764250099e+01,4.209780401164650954e+01
1.385427932159619679e+01,5.209932795704521169e+01
1.585649912868880129e+01,3.977272835005385332e+01
1.231092536037071206e+01,6.598095596228111503e+01
1.533973104264457277e+01,4.249761031866490413e+01
2.965954988238812362e+01,1.136765509806938645e+01
5.023190642953463936e+01,3.963151530896302344e+00
4.876237590620630158e+01,4.205622464341304045e+00
1.287486324703930407e+01,6.032741972389148088e+01
1.294107224633536291e+01,5.971170559718316184e+01
1.222786750359350982e+01,6.688035220743688569e+01
3.351612995616145696e+01,8.902095901962791658e+00
1.980883245473632925e+01,2.548485943964161038e+01
1.722059740529365968e+01,3.372124284078753931e+01
1.573459789020276212e+01,4.039138104895822323e+01
4.530795906423273323e+01,4.871368697386707858e+00
4.239509093154941155e+01,5.563766020234908183e+00
1.950207888214758611e+01,2.629288140460236178e+01
1.507403671678571655e+01,4.400893535719970373e+01
1.081946926356880390e+01,8.542560928715444390e+01
2.921079324000576705e+01,1.171961374866702776e+01
3.131805152040066176e+01,1.019554701271543706e+01
2.336620418067580829e+01,1.831570606598941708e+01
2.318553052208759979e+01,1.860226918667105167e+01
6.990937547357626158e+01,2.046110834949187662e+00
2.977595603937598057e+01,1.127894738670412167e+01
4.361281244394792367e+01,5.257409583468404257e+00
3.809053161321560310e+01,6.892327922216206382e+00
2.635527921924407124e+01,1.439675972815497218e+01
2.788668073022748572e+01,1.285897496835640297e+01
1.503064196373362016e+01,4.426341732843130927e+01
1.847631935072340070e+01,2.929335263884142648e+01
2.091700217756775615e+01,2.285604680670916622e+01
2.250177186011100616e+01,1.974997570223975885e+01
4.889008360249854945e+01,4.183679819145123879e+00
8.389660857399425709e+01,1.420728816704998954e+00
2.334171025906977093e+01,1.835416587445582692e+01
2.707839576337671872e+01,1.363810837597001502e+01
4.112728773896228063e+01,5.912073991695803166e+00
3.574888411940919752e+01,7.824831960949933496e+00
1.497234620169227881e+01,4.460877309616623876e+01
2.843585340162163888e+01,1.236708844746601521e+01
2.047272940064304336e+01,2.385879511221019200e+01
4.125629469262300120e+01,5.875158112774054864e+00
2.093651716877412738e+01,2.281345828319255276e+01
2.378714265985881227e+01,1.767321031194046910e+01
3.099772555231768578e+01,1.040735436743894837e+01
4.022122694148505673e+01,6.181435912035935232e+00
1.662759415018904363e+01,3.616938869801339251e+01
1.680100276315813090e+01,3.542660976901851910e+01
2.130059219703001716e+01,2.204025649593222980e+01
2.799391835206405332e+01,1.276064470656563543e+01
1.993586335607622928e+01,2.516111620386842773e+01
2.762995197342480580e+01,1.309904819263194398e+01
1.950424475279792347e+01,2.628704228404187049e+01
1.620415761419740974e+01,3.808439688407568013e+01
2.239110254442969605e+01,1.994568895983977441e+01
4.502642297477300559e+01,4.932477427593630281e+00
2.258532363040464119e+01,1.960412052656389648e+01
3.250767504479897241e+01,9.462985626566034369e+00
2.634454624065217487e+01,1.440849282759100447e+01
1.189591299828759041e+01,7.066501271595905109e+01
2.335991152216578826e+01,1.832557511083363266e+01
1.044547861436454816e+01,9.165228807892945895e+01
1.375736878996474388e+01,5.283591600634119345e+01
2.863761879863648474e+01,1.219343850642227167e+01
2.524639543428684618e+01,1.568921590125160748e+01
6.094465612212990635e+01,2.692332775642142462e+00
2.990756758626440259e+01,1.117989730593132514e+01
1.943149227058016493e+01,2.648425078450053149e+01
2.888941653501400353e+01,1.198181082898600991e+01
1.290951131310594135e+01,6.000402662665486275e+01
2.284062806615798280e+01,1.916831405467068095e+01
1.019811160578653642e+01,9.615247753050334723e+01
3.607017575724302816e+01,7.686054914240276759e+00
1.983432299556740475e+01,2.541939661428385477e+01
1.626697447879177716e+01,3.779082990917260076e+01
1.335971275980317152e+01,5.602808238778376193e+01
1.504506394579387063e+01,4.417859745015127260e+01
1.464019108690515125e+01,4.665589334103278674e+01
6.451140012690403580e+01,2.402852235775315037e+00
1.093153793594754042e+01,8.368304362544702713e+01
2.156451136720157891e+01,2.150407451487692967e+01
5.136931510324264138e+01,3.789591950181275148e+00
2.356172104208452822e+01,1.801299714773159977e+01
1.474207661487313814e+01,4.601322487140492967e+01
3.837462957975798616e+01,6.790654071281037041e+00
3.302015408505666016e+01,9.171530379815928669e+00
1.299417276836422985e+01,5.922468049204643847e+01
1.282739190412722152e+01,6.077476285324577532e+01
5.391037386535648324e+01,3.440767383531556867e+00
4.701397793475101849e+01,4.524243818497645897e+00
7.023784904435439103e+01,2.027017944461914745e+00
3.078669520304997675e+01,1.055051977547774023e+01
1.425843899507330725e+01,4.918764572224608145e+01
1.063547104141302135e+01,8.840697713424543736e+01
2.169819841405178096e+01,2.123990879968351919e+01
2.270946101576453202e+01,1.939038116727407868e+01
1.932342153393299711e+01,2.678131786136527737e+01
1.561871040371754304e+01,4.099299551995647306e+01
1.402714637274711329e+01,5.082312230265751651e+01
2.290241654502306190e+01,1.906502510317156762e+01
1.251225720014063825e+01,6.387467064311336884e+01
1.915723487116534329e+01,2.724798254433133948e+01
2.114508022306482360e+01,2.236563976797333098e+01
2.190437264310107324e+01,2.084195057293020170e+01
1.441516077646628879e+01,4.812392251657672659e+01
2.300939276129748734e+01,1.888816140265963739e+01
3.844565627065760793e+01,6.765586367726829309e+00
1.275567688630977869e+01,6.146006012511664096e+01
1.806573404137158789e+01,3.064000100702208229e+01
1.524108664896731469e+01,4.304950238008591157e+01
1.777994723777254293e+01,3.163290406793983323e+01
3.389591286483202737e+01,8.703728409366799923e+00
5.853539313358198370e+01,2.918521661387198041e+00
8.095829850180693654e+01,1.525728490059823361e+00
1.585749235192903228e+01,3.976774623054592439e+01
2.466497740680268080e+01,1.643760560588989250e+01
5.129633842756688011e+01,3.800382137131778304e+00
2.224568614124272159e+01,2.020730464100895318e+01
9.985990720459824388e+01,1.002807754722563560e+00
3.580588747111717396e+01,7.799937362419257170e+00
1.413132601749098960e+01,5.007652318383102852e+01
4.217664396284047967e+01,5.621548487381795134e+00
3.615150000258413598e+01,7.651513633030480932e+00
1.268210520540590380e+01,6.217521515721919911e+01
4.677348244825275003e+01,4.570888088021360929e+00
1.106296867768983816e+01,8.170650509427389352e+01
2.097281746290350313e+01,2.273455438119504279e+01
2.745591445444214784e+01,1.326563898049796464e+01
1.966870447542395084e+01,2.584928232331889930e+01
1.950258077566870440e+01,2.629152814195680676e+01
2.618489416001751380e+01,1.458472868106724540e+01
3.268881714623459800e+01,9.358399663411528735e+00
2.806729153972803203e+01,1.269401445410293761e+01
2.544258876787695201e+01,1.544818291734869220e+01
2.932979765767630198e+01,1.162470301070097634e+01
2.915667891655792232e+01,1.176315694522923216e+01
3.335628348512839381e+01,8.987619705331232112e+00
4.434844113691016076e+01,5.084441821827346608e+00
2.810725715087765408e+01,1.265794096875847075e+01
5.292286848015285727e+01,3.570370201275621991e+00
2.789703599331840422e+01,1.284943034468745005e+01
1.328250979691428491e+01,5.668128797168155586e+01
2.097325341382649810e+01,2.273360926822053685e+01
3.462449056957834159e+01,8.341289900680756375e+00
2.473950141333532216e+01,1.633872316285421178e+01
1.438045740915638504e+01,4.835647106978304066e+01
1.788306695763458976e+01,3.126914416109301342e+01
1.974995330739009347e+01,2.563703838185747585e+01
1.965003377043928268e+01,2.589842764443985246e+01
2.557342849153125997e+01,1.529051415398602742e+01
3.444775279203152252e+01,8.427101179576496293e+00
2.132427787434777855e+01,2.199132180444162188e+01
1.143873578749397701e+01,7.642649493968927743e+01
2.125153522098873182e+01,2.214212925718229030e+01
2.049196559073329027e+01,2.381402274495988181e+01
7.530924836256707522e+01,1.763207294429155469e+00
2.116862064789469855e+01,2.231592430215112799e+01
3.640550465872660624e+01,7.545115436078798865e+00
2.838925742970981858e+01,1.240771856392451156e+01
2.982835251675573218e+01,1.123935699657768694e+01
1.705629829747255144e+01,3.437402863575397305e+01
1.201307849490123303e+01,6.929332008043613200e+01
1.360969145186257201e+01,5.398877100290742703e+01
2.385637500184420645e+01,1.757078214935150839e+01
2.265299692160194667e+01,1.948716525440947578e+01
1.132977186202589515e+01,7.790362562142553315e+01
4.136582864199095155e+01,5.844085254760406301e+00
2.321260449134883430e+01,1.855890106257802685e+01
1.892392365205811799e+01,2.792399975559705894e+01
1.508004504472365603e+01,4.397387346730288016e+01
5.058210079126300940e+01,3.908465427431388139e+00
1.735590194476806403e+01,3.319751870821660589e+01
1.565249337296991605e+01,4.081623510376711295e+01
2.600114020188101094e+01,1.479160204041657423e+01
4.502011632188329315e+01,4.933859458756981731e+00
2.923984958467775996e+01,1.169633319522198533e+01
1.341264259083748200e+01,5.558675168380595721e+01
2.296534612408504117e+01,1.896068439637419800e+01
2.413712700940225631e+01,1.716440876661821946e+01
2.022282022366650978e+01,2.445212221636576544e+01
7.920857709042485340e+01,1.593879836857896581e+00
2.171160326884074010e+01,2.121368963967722010e+01
3.085561169694879524e+01,1.050344290409161374e+01
1.759251750423415572e+01,3.231052512118901632e+01
6.481592143373741521e+01,2.380326881315702359e+00
3.297091961943397109e+01,9.198941962467474198e+00
1.231393400710055808e+01,6.594871782684515438e+01
2.151396149331527852e+01,2.160524652011882552e+01
2.114874861896182878e+01,2.235788149282301163e+01
2.717656763799677577e+01,1.353975449851378166e+01
3.127321591728382799e+01,1.022480215447744634e+01
2.905121802105560747e+01,1.184871650934068832e+01
1.821289921936104150e+01,3.014684243800935803e+01
2.134347308283591715e+01,2.195178389181116430e+01
3.482344541482923717e+01,8.246250518852408007e+00
1.177631411221647895e+01,7.210763266201537647e+01
1.596881947833933246e+01,3.921519484940478861e+01
1.154839239669621342e+01,7.498198541975104092e+01
1.047521923205550642e+01,9.113259944201905682e+01
2.285136078655452607e+01,1.915031251468156626e+01
1.539085928989789132e+01,4.221572621686683391e+01
7.485178254583273372e+01,1.784825267343818300e+00
2.750426417139328095e+01,1.321904066857189441e+01
9.152954482631339772e+01,1.193651078377063524e+00
6.835056224137608183e+01,2.140502883830285974e+00
5.825142908488832205e+01,2.947045433184143803e+00
1.543314840268614141e+01,4.198468850313607703e+01
1.706246721018313650e+01,3.434917735882148548e+01
3.815536199016194985e+01,6.868926094314868003e+00
1.407563946558508228e+01,5.047353606162185002e+01
1.632764644065095894e+01,3.751049755314944889e+01
3.007563493631241514e+01,1.105529639805622466e+01
2.185804594672478984e+01,2.093039049262510076e+01
8.539967050431782525e+01,1.371158340926530217e+00
1.184767110298970749e+01,7.124165847287179076e+01
6.449595651755952019e+01,2.404003103398695718e+00
2.110596903369854260e+01,2.244860750678185468e+01
3.650745825237125786e+01,7.503032117562662862e+00
3.347905341003718149e+01,8.921824161779474238e+00
3.820884095448278117e+01,6.849711380196891852e+00
3.252911950921706108e+01,9.450513000661930008e+00
1.386499740417854376e+01,5.201881022582453795e+01
2.444671247143667259e+01,1.673243207814419620e+01
1.380686521685743529e+01,5.245777058393668568e+01
1.918101381208929368e+01,2.718046509699865609e+01
1.477052941738285519e+01,4.583612299679324309e+01
3.240983818808005879e+01,9.520204436571033213e+00
1.449213411897085280e+01,4.761407051521431555e+01
2.313243361596202519e+01,1.868776443022332145e+01
1.229951656431605933e+01,6.610341807540960701e+01
2.336335442735678214e+01,1.832017446778340997e+01
2.059793344828994677e+01,2.356962640879261528e+01
4.111777229697448632e+01,5.914810643187918160e+00
2.403631317895952435e+01,1.730869367842150552e+01
2.664416835788467353e+01,1.408625874821933621e+01
2.089796733943873974e+01,2.289770246451596236e+01
6.461219006499024431e+01,2.395361561512381332e+00
1.097969830433616956e+01,8.295053400103527963e+01
2.827973859620908215e+01,1.250400729879631356e+01
2.558428586675424654e+01,1.527753903136831504e+01
4.310550018805830064e+01,5.381887585143752872e+00
4.498933623894378542e+01,4.940612905960143131e+00
1.599882167501365515e+01,3.906825417561667280e+01
1.806829452679519221e+01,3.063131754030361975e+01
5.259669582033786384e+01,3.614790028938696942e+00
2.672640288215968596e+01,1.399970803010669229e+01
1.032160763371225620e+01,9.386535100285891531e+01
1.165290362432463667e+01,7.364303708067062360e+01
2.190253202218699258e+01,2.084545370599199998e+01
3.761512788117169492e+01,7.067648050836300655e+00
2.961243017047145898e+01,1.140386062323070782e+01
1.763928567803510816e+01,3.213941830450576731e+01
1.828070612521094773e+01,2.992361550356278599e+01
2.008369580756161810e+01,2.479206662592653387e+01
9.702887381345840367e+01,1.062179752740574967e+00
6.424950550917482417e+01,2.422481231541951718e+00
3.159374112606226959e+01,1.001838896994624584e+01
2.600980242132510867e+01,1.478175138757064033e+01
3.031020527366281314e+01,1.088484489257318089e+01
1.156207170661078543e+01,7.480466511266715202e+01
1.135856504029838909e+01,7.750916559417508722e+01
9.940404369544135932e+01,1.012026528267448544e+00
1.515905743643836168e+01,4.351666482553530102e+01
1.945329151109276111e+01,2.642492785990464199e+01
2.315865328441407200e+01,1.864547271267531769e+01
3.209157828025232817e+01,9.709969083278283009e+00
3.166045227094278758e+01,9.976214330690176268e+00
2.083385590050552594e+01,2.303884420851250781e+01
2.363669717164047057e+01,1.789890313375397213e+01
4.291245713498746284e+01,5.430417682163660054e+00
1.287066392314220131e+01,6.036679231642209231e+01
1.419838351220425565e+01,4.960462771374893265e+01
1.777860678789506821e+01,3.163767428659502912e+01
1.793852251619417260e+01,3.107611070296047373e+01
4.146564294708347376e+01,5.815983858430463727e+00
3.732019424753475079e+01,7.179797721780095898e+00
2.874689134222986553e+01,1.210091541212096544e+01
2.063931092558059888e+01,2.347521685241306955e+01
2.845347120901330840e+01,1.235177829237531810e+01
3.094953378350215800e+01,1.043979035190464266e+01
2.200383552599539883e+01,2.065395468972937820e+01
1.341635969722739574e+01,5.555595447033734757e+01
2.218101356643571975e+01,2.032531219758948282e+01
2.011942255134635715e+01,2.470409656706365098e+01
1.563765192865434628e+01,4.089374793592511281e+01
5.033325246445647849e+01,3.947207982134728343e+00
4.532048476107887325e+01,4.868676367158662366e+00
1.365073627389032040e+01,5.366459390409026753e+01
1.571235115773835034e+01,4.050584035235176117e+01
1.705864355646704666e+01,3.436457765473809189e+01
1.234019942670586900e+01,6.566828032784296454e+01
3.466583468998747009e+01,8.321405328626799047e+00
1.066771444556230541e+01,8.787336067970913689e+01
3.658645129972982346e+01,7.470667812151001286e+00
2.870719397129333927e+01,1.213440573988413895e+01
1.895719676266098475e+01,2.782606302333990911e+01
3.063159409314249615e+01,1.065763403265206222e+01
1.396572078100531478e+01,5.127117734027547868e+01
3.477005959173174432e+01,8.271592485047772669e+00
1.916087340908247327e+01,2.723763506149843749e+01
3.092279873203708718e+01,1.045785010061514164e+01
2.182939028076505039e+01,2.098537763936512235e+01
1.942851769747051449e+01,2.649236106569995286e+01
7.989503994963241951e+01,1.566608084913454269e+00
2.138716769424189224e+01,2.186217924013225300e+01
1.482502934647789239e+01,4.549973597350033572e+01
1.528998086388702760e+01,4.277461568572802264e+01
9.418469237718001352e+01,1.127299599538444275e+00
1.354549103779044117e+01,5.450175579428342587e+01
2.752705373731443572e+01,1.319716172017087530e+01
3.616682458989193094e+01,7.645030816352494263e+00
3.666436422587542410e+01,7.438950740154880670e+00
3.042662975383541735e+01,1.080170470309645481e+01
4.406095872545120073e+01,5.151006696471340796e+00
2.423843734325346944e+01,1.702122314641466971e+01
8.327948812309440996e+01,1.441862695621647816e+00
1.036450568065127698e+01,9.308995324635412771e+01
2.931858203120614803e+01,1.163359861583849408e+01
2.607960546661450252e+01,1.470272945435540990e+01
1.896867230080320610e+01,2.779240516339282863e+01
1.374495017686164999e+01,5.293143402667762132e+01
1.600469172591459355e+01,3.903960125454707963e+01
1.798265009810671700e+01,3.092378264436010227e+01
3.377534440367342938e+01,8.765979035181549861e+00
1.687753692249941295e+01,3.510604187190982373e+01
1.523403624612695850e+01,4.308935873378450054e+01
1.566988987005437650e+01,4.072565816012643580e+01
2.178771179929988122e+01,2.106574176797225917e+01
3.706909166109435461e+01,7.277397739461811454e+00
1.434813945358709297e+01,4.857455402126573318e+01
2.104699784226522041e+01,2.257458041137562788e+01
2.805776039475452066e+01,1.270264016336029833e+01
4.017727966961372488e+01,6.194966236675773175e+00
4.651850276929434358e+01,4.621133803717014210e+00
8.067746422709677745e+01,1.536368948617180319e+00
1.991953812758152864e+01,2.520237512161222782e+01
4.687305880301909156e+01,4.551488077595144510e+00
3.230386352068850186e+01,9.582770041198640953e+00
4.741183946437970320e+01,4.448631058258867732e+00
1.218183960791827758e+01,6.738670882003447105e+01
3.202728858586647220e+01,9.748990649870805214e+00
2.682363778982669444e+01,1.389839492233450358e+01
1.060106831960856866e+01,8.898170707824930048e+01
2.789686075084754080e+01,1.284959178027086324e+01
2.268654456603462322e+01,1.942957471875389786e+01
1.911610524131059208e+01,2.736536054090155190e+01
7.302479467904731791e+01,1.875250590468800604e+00
1.791695370266884169e+01,3.115097591649999131e+01
1.923125982099492148e+01,2.703862043458164521e+01
2.723466295493206957e+01,1.348205175620092788e+01
2.508278092160091433e+01,1.589456439228633400e+01
2.071085391137663478e+01,2.331331272941404720e+01
2.455257970732732886e+01,1.658844742910815384e+01
2.230554770424500433e+01,2.009898919456786714e+01
9.919089494481903557e+01,1.016380636764849799e+00
2.024350747782872517e+01,2.440217150502612142e+01
6.773013529089404017e+01,2.179897703107824825e+00
3.374999728646741204e+01,8.779150931594626783e+00
1.314727109397010274e+01,5.785338356623950773e+01
2.112971761051871411e+01,2.239817399978169732e+01
3.935056128046728219e+01,6.458001437033780157e+00
2.797385497028947299e+01,1.277895562570962618e+01
5.152043519456069021e+01,3.767393240878208704e+00
1.261107936196963131e+01,6.287753136690975708e+01
2.672034345062777660e+01,1.400605823971431541e+01
3.789186622952660599e+01,6.964789725286847144e+00
2.106232072613721940e+01,2.254174624705839136e+01
2.930329103960927029e+01,1.164574303138316047e+01
2.997777076234709170e+01,1.112759553261888890e+01
2.694598095496298740e+01,1.377247532679851183e+01
9.348878022115191300e+01,1.144144857988146580e+00
3.701735004703079568e+01,7.297756164106620425e+00
1.492901319839089780e+01,4.486811207575397020e+01
5.254449686716340295e+01,3.621975633156554242e+00
2.860244990495927198e+01,1.222344246645055144e+01
3.674586823792031254e+01,7.405987473565369683e+00
1.854693920102548432e+01,2.907070093869873162e+01
3.385230757500142573e+01,8.726165463927589627e+00
2.875449889050953800e+01,1.209451320558683740e+01
3.293998733356190201e+01,9.216226601969280452e+00
1.659227491661854614e+01,3.632353690806866098e+01
2.610714370283886510e+01,1.467172846085957438e+01
2.488115295578384689e+01,1.615321590432899868e+01
2.712507283202835850e+01,1.359121160244683857e+01
1.628381888942671907e+01,3.771268668955824666e+01
1.221578835258925366e+01,6.701268214981470805e+01
2.756829705974596934e+01,1.315770424835336172e+01
2.709568658343060221e+01,1.362070790626989414e+01
2.320603981231576896e+01,1.856940267872323247e+01
3.545649298569566099e+01,7.954418668421991967e+00
1.640920643195599382e+01,3.713854138496099466e+01
1.887917391238927678e+01,2.805653444099828064e+01
3.034171060235684081e+01,1.086225206123699571e+01
1.673715347566659517e+01,3.569741785973430126e+01
4.219304068711043953e+01,5.617180133318532498e+00
4.219217879309148600e+01,5.617409629094693102e+00
2.894807580193474550e+01,1.193330106715215955e+01
2.814265284904540465e+01,1.262612059226002259e+01
3.379882922909619936e+01,8.753801337351804435e+00
2.372828557039794006e+01,1.776099447125815090e+01
4.457609351394553698e+01,5.032641428048626686e+00
1.093632937103887315e+01,8.360973309807053511e+01
2.499233026127891932e+01,1.600982178516339971e+01
1.880773668518628483e+01,2.827007288836235688e+01
1.731500420510742089e+01,3.335452784288855099e+01
2.909106449569100050e+01,1.181628000359663133e+01
2.763840510841323450e+01,1.309103679767497930e+01
2.300608846284502107e+01,1.889358749711550445e+01
1.607216528739280648e+01,3.871250013127048817e+01
3.148792713193481063e+01,1.008583494289455018e+01
2.724524142845412555e+01,1.347158447217603516e+01
2.881175531853989114e+01,1.204649110210529273e+01
2.789975432976541825e+01,1.284692656828806356e+01
3.415024497823220884e+01,8.574570058171140374e+00
1.700447872178680342e+01,3.458385120089123888e+01
2.195576488102033963e+01,2.074449453801068799e+01
1.008046346128872806e+01,9.840994757581390218e+01
7.863044017695764865e+01,1.617404273439980500e+00
1.387222252452525595e+01,5.196463804283277454e+01
2.605520278386779509e+01,1.473028280411027602e+01
1.649172326160564950e+01,3.676782355893831067e+01
2.048469590730404377e+01,2.383092815826122290e+01
4.214382293273293811e+01,5.630307866303534858e+00
2.677437784065106641e+01,1.394958296728849589e+01
3.086541933304499707e+01,1.049676892516006532e+01
6.768020885522096819e+01,2.183115029617144653e+00
3.573710996688265595e+01,7.829988838047852617e+00
1.982729143006035244e+01,2.543742931905241633e+01
9.148176169398811908e+01,1.194898349573263019e+00
4.377434913795701021e+01,5.218679249559070144e+00
1.267205775462650585e+01,6.227384950435476441e+01
4.776066300524686170e+01,4.383886544931995921e+00
2.874811524372837468e+01,1.209988508278503794e+01
6.128971259724896470e+01,2.662102849647590919e+00
3.807108655672708153e+01,6.899370323373664959e+00
2.993082126920027619e+01,1.116253240998046081e+01
8.424749669495555793e+01,1.408918882142411677e+00
2.263829631306331791e+01,1.951248219499352032e+01
1.913873970506159594e+01,2.730067143353727488e+01
3.205281521290275748e+01,9.733468783727939666e+00
2.463804805273542797e+01,1.647355780556137717e+01
1.006380808410072980e+01,9.873594963819891746e+01
2.722596915867771017e+01,1.349066330822008375e+01
2.673058581618350615e+01,1.399532688608105957e+01
3.651253430568299052e+01,7.500946086320673167e+00
2.774746218745902837e+01,1.298833445989396296e+01
3.003438658049977761e+01,1.108568329712589318e+01
1.115186819369923121e+01,8.040901543906979043e+01
2.007679523474842398e+01,2.480911206168518746e+01
2.300254580905627577e+01,1.889940760017200816e+01
1.618740910184949300e+01,3.816324668282439347e+01
7.561749865600971532e+01,1.748861372282910498e+00
1.999103096916967814e+01,2.502243766925850466e+01
1.497610473627781147e+01,4.458638508803107925e+01
1.661244671699265751e+01,3.623537815606809431e+01
1.931493350650127638e+01,2.680486135521874402e+01
1.356653184056701811e+01,5.433282958193564127e+01
2.884479807535153029e+01,1.201890752984534139e+01
4.337036609906163420e+01,5.316353169066599271e+00
1.530501289278040922e+01,4.269063359397524238e+01
2.301242893424402425e+01,1.888317766611419657e+01
2.637319759779083839e+01,1.437720358928670095e+01
2.786346512997755909e+01,1.288041187054525061e+01
4.187079081231314603e+01,5.703975783765466545e+00
2.082097143284942931e+01,2.306736690165457304e+01
1.813692752679020970e+01,3.039992868357296985e+01
1.579701031541755896e+01,4.007284684051966650e+01
2.817892241939405196e+01,1.259363892042713751e+01
1.676980473581456010e+01,3.555854552321560647e+01
8.941632310595687727e+01,1.250738117191862120e+00
1.603859454475074742e+01,3.887472974484561661e+01
1.339578502605612798e+01,5.572674301285578480e+01
2.188755723697355648e+01,2.087398708432352734e+01
6.321280313875851675e+01,2.502591132394081708e+00
2.897240907081868855e+01,1.191326446732158573e+01
2.048909983013458103e+01,2.382068482980464097e+01
2.953149429428349748e+01,1.146645455991751739e+01
4.922323737641900010e+01,4.127239325119113289e+00
1.409943860956202677e+01,5.030328628365248989e+01
2.522748677523300387e+01,1.571274366800123268e+01
3.410871159512075934e+01,8.595464880210862191e+00
2.350211002372146041e+01,1.810448977267465764e+01
6.018425756326040243e+01,2.760795161655805963e+00
7.324759330513009559e+01,1.863859968165489489e+00
1.672106698249107026e+01,3.576613626102263055e+01
1.805582240203102273e+01,3.067364954296486701e+01
1.887961108658153009e+01,2.805523510800724551e+01
1.181469583377705490e+01,7.163988984031512075e+01
2.673525046651881354e+01,1.399044362447408041e+01
2.237487828787762822e+01,1.997462509928403307e+01
1.804128708746805287e+01,3.072309510048757275e+01
3.791127754367163050e+01,6.957659334614485047e+00
1.815202989059386240e+01,3.034936466435898339e+01
2.085028360677716819e+01,2.300255441271235313e+01
1.942772561337572768e+01,2.649452133973532142e+01
2.715424311019904380e+01,1.356202673623885779e+01
2.897124222001645322e+01,1.191422412808000075e+01
2.855699536005423056e+01,1.226238586327170488e+01
3.743019567162007633e+01,7.137659152695466247e+00
2.309813477461985087e+01,1.874330524046792235e+01
4.678148470218027200e+01,4.569324466045920019e+00
2.221530537602222566e+01,2.026261184019971040e+01
2.151095691370446161e+01,2.161128244097311324e+01
2.852905013076282614e+01,1.228642052368717685e+01
2.861284070763249687e+01,1.221456614985179989e+01
1.544631378091613350e+01,4.191314926714930778e+01
2.133439567236548839e+01,2.197046806247697148e+01
2.920593932365124701e+01,1.172350958309533731e+01
6.983356770370227196e+01,2.050555553865219149e+00
1.350591950392798779e+01,5.482159741656356289e+01
2.109268407836605164e+01,2.247689434449898016e+01
3.491203647525660614e+01,8.204453061277202863e+00
1.590515004193892601e+01,3.952978563285424940e+01
2.027633599834423350e+01,2.432321851416129022e+01
1.922522030275539962e+01,2.705561122987447220e+01
2.286416973894198179e+01,1.912886177018763334e+01
1.986735361727053117e+01,2.533494444893048581e+01
1.647784686197518411e+01,3.682977580859924416e+01
2.877115313532385343e+01,1.208051538733861818e+01
1.658527122247801344e+01,3.635422108000538799e+01
2.003970597575578338e+01,2.490102988590561850e+01
1.555049220215512840e+01,4.135344743177432747e+01
3.653786657621753875e+01,7.490548647017168271e+00
8.097210853936975639e+01,1.525208099240539461e+00
2.818613314454492169e+01,1.258719620245756232e+01
1.558267015444142700e+01,4.118283541979968732e+01
2.663781503882863788e+01,1.409297890665257924e+01
1.445491480971810461e+01,4.785958484300711291e+01
1.918434830058152940e+01,2.717101728359694235e+01
1.968205565507351551e+01,2.581422487161043477e+01
1.775528029237197813e+01,3.172085865056143561e+01
1.905872521116883078e+01,2.753038615837958858e+01
1.240370591614815865e+01,6.499756369938270950e+01
1.761834461605306856e+01,3.221586516115885956e+01
2.158621511135190829e+01,2.146085394109578459e+01
1.543059306370332884e+01,4.199859516169306772e+01
1.532988798601879843e+01,4.255220180411674846e+01
2.985441170576117642e+01,1.121974443790282727e+01
2.619175040911162355e+01,1.457709395309882261e+01
3.262520543059347489e+01,9.394928733730642634e+00
3.510650959716110719e+01,8.113807403690065811e+00
2.452374461425949903e+01,1.662747985613670920e+01
1.058423319694135856e+01,8.926499813738516309e+01
1.489569823447945929e+01,4.506903600494551654e+01
5.265019566397180029e+01,3.607447513185498167e+00
1.771275096488411549e+01,3.187336871313216236e+01
5.037453418180586340e+01,3.940741192536357573e+00
3.140933273273766702e+01,1.013637290904251032e+01
1.709396992206533028e+01,3.422268887880979094e+01
1.593828510498709328e+01,3.936559476832188409e+01
1.762582933044227573e+01,3.218851037989308139e+01
6.519548520231207078e+01,2.352691353439894772e+00
1.811120333513543201e+01,3.048634690135347469e+01
1.112437146368590923e+01,8.080700960942058941e+01
4.150083570217310580e+01,5.806124119105757764e+00
2.634491412815168587e+01,1.440809042222638325e+01
2.933883639342140626e+01,1.161754141562026454e+01
5.609534954095948933e+01,3.177944313800512344e+00
3.196585787648391985e+01,9.786497096446375110e+00
2.095741349729931002e+01,2.276798703693100734e+01
3.656698227046449290e+01,7.478625010730624467e+00
4.431080486879832137e+01,5.093082634543122822e+00
4.894081545193589733e+01,4.175010743807998637e+00
6.773944046113346928e+01,2.179298851806578341e+00
1.909194408225625139e+01,2.743466696584416198e+01
1.674637042341760917e+01,3.565813404087695204e+01
3.301742565972829624e+01,9.173046238137525066e+00
1.714832166678474934e+01,3.400609449208327817e+01
2.044321223277470878e+01,2.392774244474238543e+01
1.815035449768358689e+01,3.035496780088746860e+01
2.135319596071425607e+01,2.193179757012140385e+01
3.315375943942518688e+01,9.097759166237070261e+00
2.458111503201659787e+01,1.654995593012330346e+01
6.824511341242596529e+01,2.147122783530506229e+00
5.514687062659632488e+01,3.288200220611690483e+00
9.984832631869409170e+01,1.003040389081262918e+00
2.684184892824204383e+01,1.387954229163348607e+01
3.795856424097627979e+01,6.940335191330586184e+00
1.754390430958975600e+01,3.248983458451451867e+01
5.660352106705172304e+01,3.121138958779341888e+00
2.250969909693526816e+01,1.973606746067193995e+01
1.915101359338716591e+01,2.726568863614032523e+01
6.774648707709275186e+01,2.178845518089272737e+00
5.634678280293748287e+01,3.149646047010220773e+00
1.303555816632661646e+01,5.884922343007757917e+01
2.436474751358576185e+01,1.684519991715450260e+01
1.562128830477035280e+01,4.097946690891331656e+01
2.756183332814875797e+01,1.316387639519787101e+01
8.669468151302881154e+01,1.330500643773402158e+00
3.598734099598041780e+01,7.721478774113002430e+00
1.298829819156818211e+01,5.927826697586809956e+01
1.583658279520338930e+01,3.987282886129154491e+01
2.914009597794148831e+01,1.177654902286090532e+01
4.335092873536702029e+01,5.321121650830488825e+00
3.138856050161194133e+01,1.014979338757001237e+01
5.720956569359130839e+01,3.055362178683687091e+00
1.897821736571006923e+01,2.776445589977846851e+01
2.251565434812381739e+01,1.972562870601898410e+01
1.896616517888643116e+01,2.779975335980991957e+01
2.672569821380544397e+01,1.400044629192453094e+01
2.880006583701827338e+01,1.205627203897231325e+01
4.221293285606144252e+01,5.611887368218624772e+00
1.019723986749616351e+01,9.616891793599468485e+01
1.650839272179601736e+01,3.669360793521286013e+01
1.109571203725575295e+01,8.122498610668574770e+01
1.477266422018720782e+01,4.582287636609631676e+01
1.490908525664299411e+01,4.498813643252987760e+01
1.838304212162633888e+01,2.959138111281954764e+01
6.791542776604353548e+01,2.168019175587243552e+00
1.621092656414458943e+01,3.805259887990291645e+01
5.342821516429302164e+01,3.503149466330126138e+00
3.167116714486615336e+01,9.969465239548501501e+00
5.151827119603118632e+01,3.767709742362736147e+00
1.418888692977230193e+01,4.967105041241799768e+01
4.926994074803475598e+01,4.119418547113356865e+00
1.521291161579712359e+01,4.320910947988490847e+01
4.888859240155917973e+01,4.183935044428423566e+00
1.952932809015677762e+01,2.621955984904660042e+01
3.828795971144229782e+01,6.821431956729345103e+00
1.842974713726488289e+01,2.944158907514313483e+01
3.129652407498397082e+01,1.020957793626508625e+01
1.431862544391005976e+01,4.877500725401043269e+01
4.497091092006524349e+01,4.944662235409388096e+00
1.621796923904533827e+01,3.801955727140929753e+01
7.825953488383838419e+01,1.632771740342132682e+00
2.346527308069735440e+01,1.816137703183692054e+01
2.958978956789753312e+01,1.142131860836592416e+01
3.962608273876369935e+01,6.368508253613822667e+00
2.381287629934288574e+01,1.763503346367683378e+01
3.182402066580166888e+01,9.873926825646258010e+00
2.487631732806513796e+01,1.615949645859358341e+01
2.129217490074000096e+01,2.205768600138941338e+01
4.902495936956931644e+01,4.160691495550498331e+00
3.365386198801185458e+01,8.829379446637716455e+00
2.662114604103164339e+01,1.411063324662716134e+01
1.529842420557679894e+01,4.272741330369590429e+01
5.083515198782590971e+01,3.869650546405114078e+00
2.950922870896905437e+01,1.148376464573761702e+01
2.546631498333992383e+01,1.541941109264748810e+01
3.128579087602454933e+01,1.021658432640151659e+01
2.387636445091098381e+01,1.754137371663788159e+01
1.643635102267308312e+01,3.701597427034980115e+01
1.336853357584801216e+01,5.595416996357956663e+01
1.914103415670354025e+01,2.729412671755949304e+01
1.553926822108097205e+01,4.141320802437380166e+01
1.426666000217130303e+01,4.913097436720101285e+01
4.724936381364351945e+01,4.479278537854570530e+00
2.361637571927302304e+01,1.792971973355527737e+01
1.847451483672808337e+01,2.929907542472885140e+01
3.305178125350226992e+01,9.153986347886833741e+00
1.935886322471899490e+01,2.668334657935761456e+01
1.870499160565861629e+01,2.858149652870576318e+01
2.016673887312500568e+01,2.458830831666268679e+01
3.595968099039528454e+01,7.733361987811291804e+00
2.958301388118593422e+01,1.142655107990628416e+01
2.135060678522132704e+01,2.193711720496963125e+01
2.218946341604645767e+01,2.030983520048139113e+01
1.383113313839072589e+01,5.227384867136562718e+01
1.778891750515557035e+01,3.160100959611652272e+01
3.820326825864288622e+01,6.851709855399327864e+00
2.096065922524784142e+01,2.276093640273955643e+01
1.696153142716205053e+01,3.475920839098616000e+01
6.443608668926188443e+01,2.408472465967264942e+00
2.630908006286294665e+01,1.444736599271582733e+01
1.588573071048472585e+01,3.962649018125098621e+01
2.940455085540418168e+01,1.156567275053964039e+01
1.478173251446333758e+01,4.576667079400986893e+01
1.892742173447508236e+01,2.791367912899594117e+01
2.706935696786901957e+01,1.364721776515195728e+01
9.507853897697542322e+01,1.106203430496724760e+00
2.813246167157141642e+01,1.263527004700549838e+01
2.874245370929155641e+01,1.210465229323531666e+01
7.497795854753793776e+01,1.778823166709730952e+00
2.613099553036909484e+01,1.464495658957689805e+01
1.391320264064505352e+01,5.165897430694663939e+01
2.775061494743766133e+01,1.298538340637469268e+01
2.919654342098644406e+01,1.173105641340417726e+01
7.282210701037699607e+01,1.885703985554991968e+00
1.773114769881292929e+01,3.180726338196748060e+01
1.563859802226752116e+01,4.088880015948306124e+01
7.554275864568815280e+01,1.752323638682227180e+00
7.060960913585545029e+01,2.005729606378202856e+00
3.094811889546213735e+01,1.044074494770498696e+01
3.955165366490268042e+01,6.392499572332440039e+00
1.490917254642289969e+01,4.498760964366624648e+01
2.616525551630633828e+01,1.460663038040985384e+01
1.656188647888074428e+01,3.645695506722266543e+01
1.860294005222456448e+01,2.889594000150999875e+01
1.772932013668602025e+01,3.181382119078539006e+01
1.520163013841847111e+01,4.327326621377163463e+01
1.856623504557982329e+01,2.901030611645582269e+01
3.029214180198404449e+01,1.089783022132816903e+01
1.882260966839622895e+01,2.822541444725075266e+01
3.693783517214826873e+01,7.329209265822814068e+00
3.160056371255796392e+01,1.001406348085913578e+01
2.188135394774625198e+01,2.088582417028590399e+01
1.904735435702155044e+01,2.756326604710006123e+01
2.070637016569458311e+01,2.332341032565967609e+01
3.182259174530594237e+01,9.874813577630183303e+00
1.520675634594323711e+01,4.324409623843935435e+01
6.022185794713299600e+01,2.757348753500190597e+00
1.680938544864808293e+01,3.539128473224735671e+01
2.630843088177268996e+01,1.444807900160375347e+01
7.563106715458673079e+01,1.748233923924453093e+00
1.571578537287878952e+01,4.048813960520995181e+01
4.829156583871370145e+01,4.288026148386938630e+00
3.951433397039764372e+01,6.404580190438549536e+00
1.487142258581090637e+01,4.521629468833702248e+01
1.779328344047426924e+01,3.158550362862331440e+01
3.450026049294854147e+01,8.401469431888545003e+00
1.677115420380951960e+01,3.555282341392971546e+01
2.240878325680235150e+01,1.991422675485527094e+01
1.682157742725392779e+01,3.534000138261947654e+01
1.561267818491906390e+01,4.102467829537553001e+01
1.420989412411222119e+01,4.952429659309259335e+01
5.701420678570455891e+01,3.076336419186397109e+00
7.179311462043369829e+01,1.940145989119252734e+00
1.747427693045679931e+01,3.274926608424703289e+01
1.970321884745832008e+01,2.575880062693310535e+01
3.980643881817631780e+01,6.310929773228039608e+00
1.932437773305820272e+01,2.677866756757607192e+01
4.968273261589442313e+01,4.051250063143111646e+00
1.604434038820451747e+01,3.884689087962389920e+01
2.651290070964218515e+01,1.422608860169628819e+01
2.111193954431656294e+01,2.243591225467264039e+01
1.424976618134601303e+01,4.924753794821340591e+01
4.186196225737126042e+01,5.706381938232917506e+00
1.466046632035678954e+01,4.652693359525569150e+01
3.264615187563106957e+01,9.382876640931202772e+00
4.701379213015706426e+01,4.524279579363071235e+00
3.211790376909488032e+01,9.694058024756607495e+00
1.575720962135455139e+01,4.027554026740874349e+01
1.890143618368595213e+01,2.799048291513121001e+01
1.431500998145275361e+01,4.879964802994397388e+01
2.868882228916564969e+01,1.214995192176200867e+01
3.372327194074065204e+01,8.793071218661033583e+00
2.632694895531685120e+01,1.442776092418646705e+01
7.026845687015062936e+01,2.025252455293554910e+00
2.965915185294651835e+01,1.136796021075731566e+01
4.462105643236405683e+01,5.022504140584183041e+00
1.722493095100265492e+01,3.370427741257152121e+01
2.589075568853142073e+01,1.491799807411893042e+01
1.821191068040236161e+01,3.015011525628299083e+01
3.219465389440424019e+01,9.647893011096291715e+00
4.551383291196096792e+01,4.827398802492480989e+00
3.326958913653933081e+01,9.034520857372607239e+00
7.614788021522751649e+01,1.724584044867431887e+00
2.484838169734524627e+01,1.619585129951634528e+01
4.926236986606357959e+01,4.120684829195553789e+00
2.085747046465119681e+01,2.298670516501912786e+01
2.398344379730842846e+01,1.738508875897457884e+01
2.268124230147843434e+01,1.943866000480159784e+01
5.745101225348956575e+01,3.029734900886472904e+00
1.972343673489994487e+01,2.570601858731576783e+01
2.204348713895247514e+01,2.057971724796827928e+01
1.688647051207104610e+01,3.506890681635591278e+01
1.945192456282269688e+01,2.642864191693734455e+01
1.888190573615502643e+01,2.804841662025217275e+01
2.137486618181548437e+01,2.188735041602797793e+01
1.698637468882943935e+01,3.465760923874142208e+01
1.385691079426063155e+01,5.207954217048506962e+01
1.739602262614139150e+01,3.304456751914802481e+01
4.645057808859839099e+01,4.634658653179297261e+00
1.802700351032024884e+01,3.077180087159583621e+01
2.971398995043032443e+01,1.132603907787310682e+01
1.381761220460506756e+01,5.237620167476303834e+01
1.572999489083573899e+01,4.041502361278465827e+01
5.630136769714197698e+01,3.154729376457241941e+00
1.341664719515254944e+01,5.555357354009779414e+01
3.672691977919995310e+01,7.413631362538932734e+00
1.808864393425506023e+01,3.056243691589282463e+01
1.834554870052304665e+01,2.971245853321875074e+01
2.414999578990431317e+01,1.714612088289220537e+01
3.599521391822010230e+01,7.718101438781675760e+00
1.598122292830612245e+01,3.915434657089191006e+01
8.989445249001397542e+01,1.237468682359981198e+00
2.183911766331643278e+01,2.096668756791293120e+01
4.960155948480598198e+01,4.064520683669653245e+00
2.615576317402481976e+01,1.461723426098320644e+01
2.942105549781203422e+01,1.155270015335116440e+01
1.991772212032530120e+01,2.520697100685087122e+01
9.886749259642658672e+01,1.023040813453392373e+00
2.552915943247169750e+01,1.534358942778682611e+01
3.104486554172639146e+01,1.037577232712120789e+01
1.764595030625758554e+01,3.211514567300510947e+01
1.864235673980329722e+01,2.877387623619044277e+01
7.777652211307889729e+01,1.653114600684148838e+00
2.653918437904554395e+01,1.419792431092848695e+01
3.591153935343867687e+01,7.754109984435485714e+00
2.915670812837996806e+01,1.176313337445617080e+01
2.490243960974114046e+01,1.612561210633137776e+01
4.271292237468893660e+01,5.481272925292118181e+00
3.081397746221665557e+01,1.053184548459210568e+01
2.755818664607532398e+01,1.316736048860495423e+01
4.489292156270828826e+01,4.961857195401546683e+00
1.470472467418504436e+01,4.624728108469570032e+01
2.524305243938522381e+01,1.569337169357208595e+01
2.933468556861483378e+01,1.162082938614870820e+01
3.555299298792705542e+01,7.911296578234263244e+00
1.666251532960487935e+01,3.601794047875631577e+01
1.662921899093171874e+01,3.616232082245736734e+01
2.084027497838435039e+01,2.302465386221200916e+01
8.857147225454055217e+01,1.274712582382571568e+00
2.061821649221025510e+01,2.352327626772519409e+01
2.417149277960703913e+01,1.711563653638404148e+01
5.394908583151971726e+01,3.435831207911055341e+00
1.669915257277261489e+01,3.586007013575719782e+01
2.905731053482442050e+01,1.184374833443492570e+01
3.247964513772093653e+01,9.479325771938347245e+00
2.974232388471364530e+01,1.130446992338437262e+01
2.337106355180318928e+01,1.830809036119348576e+01
1.542728387357972153e+01,4.201661469687137185e+01
1.964442819915091221e+01,2.591321007475364269e+01
3.246090668626707298e+01,9.490273041922769437e+00
2.346417767479082173e+01,1.816307276942606919e+01
1.630202842788821727e+01,3.762848280301642490e+01
2.211870528432862315e+01,2.043998609381911535e+01
3.544876332650967754e+01,7.957887993893696610e+00
3.851851255242684857e+01,6.740016880807094601e+00
2.132849100363521444e+01,2.198263453904614551e+01
2.699145430125093270e+01,1.372610857859751832e+01
8.572978417615009050e+01,1.360619024911798425e+00
1.911316446101505662e+01,2.737378213997950027e+01
1.648382023576184707e+01,3.680308804411053103e+01
2.549847453015211229e+01,1.538054064484349048e+01
1.478358169688156920e+01,4.575522219762212472e+01
1.444125554736643480e+01,4.795016364163713973e+01
1.753628433437647871e+01,3.251807608855263965e+01
4.429381698032990045e+01,5.096990056264035118e+00
6.419100086918685122e+01,2.426899015224642575e+00
3.234274763567698585e+01,9.559742094012321445e+00
4.719645287987281534e+01,4.489327414199192567e+00
4.920555247966735379e+01,4.130206588536953660e+00
3.897149228910380003e+01,6.584244170899603787e+00
1.706312298303489428e+01,3.434653718267468747e+01
1.370448032332487465e+01,5.324451270225002020e+01
1.560499460723010401e+01,4.106508765324945642e+01
1.856462358528468570e+01,2.901534268347378642e+01
5.225516069300678623e+01,3.662196344493721778e+00
4.172561374245157140e+01,5.743736832600562003e+00
1.692364496975606158e+01,3.491501139045705315e+01
1.739367625786161042e+01,3.305348339794530688e+01
4.217784555893332765e+01,5.621228189633525218e+00
1.836387634111368783e+01,2.965318046919950490e+01
2.242652138730487366e+01,1.988273712256782488e+01
3.203493889672959938e+01,9.744334864280050468e+00
2.694007664600564667e+01,1.377851286421167387e+01
3.511331192501452847e+01,8.110664012824196689e+00
9.487047018695878364e+01,1.111060975904924808e+00
2.463190744879485905e+01,1.648177237060976097e+01
1.421907197159403147e+01,4.946038528407321877e+01
2.463957837198356415e+01,1.647151158388118830e+01
7.090399687249225735e+01,1.989108923506917703e+00
1.362417270074455722e+01,5.387406175152560195e+01
7.226226450787807210e+01,1.915035661888025098e+00
4.926058586599463496e+01,4.120983300478666678e+00
1.408616654870871976e+01,5.039812298685635739e+01
2.981208292209688082e+01,1.125162783856007387e+01
6.745965972172074032e+01,2.197413091593597212e+00
1.805362885635188519e+01,3.068110379379890063e+01
1.831673326614946617e+01,2.980601788630936966e+01
9.761163054746096179e+01,1.049534852551238906e+00
5.937058466229188269e+01,2.836987018300638042e+00
3.798536719091656266e+01,6.930544272304596909e+00
1.846375194972904055e+01,2.933324340408307762e+01
1.594339484721741762e+01,3.934036603746579885e+01
2.341190087772081441e+01,1.824427654344372485e+01
1.416947448773818152e+01,4.980724415744065681e+01
2.206066053439756303e+01,2.054768864588808697e+01
2.638930783989398066e+01,1.435965485085009163e+01
3.264854473038559490e+01,9.381501324609843095e+00
6.189368278564403170e+01,2.610401741222271532e+00
2.211076159951792519e+01,2.045467558999734337e+01
1.895723304815765786e+01,2.782595650130176423e+01
2.989066148599945194e+01,1.119254753893506127e+01
1.732933155314704976e+01,3.329939768639762576e+01
2.089379699144479829e+01,2.290684402145702592e+01
3.530232060230301983e+01,8.024047493197622671e+00
2.697066424162397524e+01,1.374727799431532205e+01
1.582307038431004464e+01,3.994095825512289366e+01
2.391335023325007469e+01,1.748715465470911568e+01
1.646640638631798126e+01,3.688097052781684226e+01
2.094884959082969189e+01,2.278660598449901187e+01
1.712985843317517265e+01,3.407944020437968646e+01
2.916581694061136076e+01,1.175578700445118230e+01
1.417396821248014405e+01,4.977566731713551462e+01
3.027763492969781112e+01,1.090827564119698678e+01
7.857776746487900255e+01,1.619573376124348929e+00
1.797818662801157785e+01,3.093913953391134086e+01
2.041560675038988037e+01,2.399249520585521722e+01
1.716937826337134254e+01,3.392273520937852282e+01
2.889155991233246823e+01,1.198003310642447161e+01
2.304893451791534176e+01,1.882340956515693264e+01
4.119565030508469050e+01,5.892468562550855715e+00
2.010297451833467619e+01,2.474453834590718060e+01
2.581445988061318886e+01,1.500631002743835829e+01
1.454743844770223227e+01,4.725273421018017217e+01
1.748467095181872111e+01,3.271034108585096334e+01
1.698274113997602441e+01,3.467244118924769936e+01
3.806211805855144803e+01,6.902622075156716441e+00
2.655558224392084199e+01,1.418039550954123840e+01
1.716195501462570405e+01,3.395208750192804814e+01
1.619259571272037590e+01,3.813880264517661089e+01
3.813443451305736431e+01,6.876467243876605906e+00
1.930767423908026359e+01,2.682502123920803783e+01
2.666383478731039247e+01,1.406548722359459624e+01
4.518126753401011086e+01,4.898726337862920666e+00
3.765999011978642841e+01,7.050819493095594304e+00
3.229197760711854670e+01,9.589825721702375461e+00
2.895688397359914745e+01,1.192604237329328498e+01
1.595527043360622876e+01,3.928182537511715822e+01
1.458873029194938731e+01,4.698562511463272529e+01
2.014030973996614193e+01,2.465288270151996031e+01
6.069745357933535956e+01,2.714307562550106301e+00
2.408922143438438113e+01,1.723274542812733046e+01
2.139299545796769664e+01,2.185026971006691809e+01
5.248254044634145288e+01,3.630532273179662095e+00
1.381021691834862786e+01,5.243231096182099549e+01
2.085230343407035392e+01,2.299809841223586915e+01
3.464469734638883835e+01,8.331562499834346269e+00
1.815436196859911178e+01,3.034156791116233265e+01
1.502389167121026325e+01,4.430320171260670747e+01
2.252109869649145679e+01,1.971609274020804747e+01
2.630985597655916663e+01,1.444651386005039484e+01
2.036274411441347709e+01,2.411722818139547542e+01
6.604979175159618876e+01,2.292224207478006370e+00
2.173336149885037827e+01,2.117123497491585482e+01
4.477977497305991506e+01,4.986963462521911694e+00
2.203652570871701855e+01,2.059272173848281895e+01
1.917684336861936245e+01,2.719228841085377368e+01
6.725399068220724530e+01,2.210873434174759122e+00
1.456118458813790362e+01,4.716356067847956979e+01
1.549263514157808785e+01,4.166289207286469320e+01
1.306963486044713285e+01,5.854274621527292766e+01
1.848263666772042768e+01,2.927333127802305057e+01
4.810827548753739080e+01,4.320762763235032722e+00
2.975920240529323024e+01,1.129165045215838425e+01
1.740887993180143312e+01,3.299577549861081849e+01
4.572056465847144580e+01,4.783842020129808859e+00
1.177713438439430860e+01,7.209758848265231279e+01
2.861483033670253562e+01,1.221286761725790448e+01
1.751726075819809836e+01,3.258874307336122911e+01
2.207688963125323411e+01,2.051748983936492721e+01
3.570714319099452894e+01,7.843136794388728461e+00
2.722674091485000147e+01,1.348989851928341110e+01
2.815649093610941023e+01,1.261371290827488600e+01
1.474184155213748504e+01,4.601469227026527875e+01
2.695505544414860566e+01,1.376320380876676452e+01
8.784991283581331345e+01,1.295738401806610485e+00
9.584702952437494616e+01,1.088535718642680727e+00
1.453028877784398532e+01,4.736434204277775706e+01
3.663527379366945524e+01,7.450769306659910107e+00
1.720336916339002187e+01,3.378881665406477453e+01
1.583985559430680823e+01,3.985635367609992130e+01
4.464956707604923025e+01,5.016092024304149355e+00
1.870220514681260582e+01,2.859001393038269612e+01
1.729959051258294522e+01,3.341399115461982916e+01
2.290166467543525997e+01,1.906627694648258853e+01
5.750393674023749213e+01,3.024160556418562962e+00
1.902070111636445660e+01,2.764056762315594895e+01
1.539025748523669357e+01,4.221902780133416400e+01
6.849835802648955507e+01,2.131275917856506830e+00
8.069864320625508469e+01,1.535562628837024768e+00
1.573491428169612938e+01,4.038975671714961635e+01
4.607879669569743442e+01,4.709748768724227652e+00
3.553420430092445059e+01,7.919664975699704179e+00
4.048247024597682753e+01,6.101912691505654962e+00
3.008796135908517400e+01,1.104623999561835923e+01
2.271180065057478359e+01,1.938638640923865353e+01
2.669009022508404172e+01,1.403782797773226676e+01
4.750124883101543105e+01,4.431899921174786705e+00
1.987647272450678670e+01,2.531170299347032682e+01
1.881675925994519361e+01,2.824296857244781478e+01
1.778320607182271829e+01,3.162131145196295989e+01
8.911620576857595211e+01,1.259176543299392659e+00
1.547013407477669489e+01,4.178417625478597586e+01
1.907215288940934528e+01,2.749163447290243312e+01
1.821023341568778520e+01,3.015566950176497940e+01
2.251350886648915406e+01,1.972938849228011193e+01
5.507487584785304335e+01,3.296802617784148293e+00
7.891391769477027651e+01,1.605804944810792056e+00
1.968849075807062832e+01,2.579735308082504730e+01
1.618327730705479794e+01,3.818273628683871834e+01
2.752145876179000794e+01,1.320252810012069133e+01
3.652939604535256279e+01,7.494022905380576915e+00
4.380357481219440530e+01,5.211717783971125506e+00
3.442725910404652012e+01,8.437137051696245393e+00
3.535760166630736734e+01,7.998976159251133033e+00
8.977379494438474694e+01,1.240797276671415483e+00
1.669885991955495541e+01,3.586132706669997816e+01
3.712385726995912449e+01,7.255942148718808937e+00
8.739256621936695524e+01,1.309335718234378110e+00
2.708784687653312062e+01,1.362859319966876015e+01
2.421038645585883842e+01,1.706068860597863690e+01
8.294667232538358803e+01,1.453456588323791321e+00
7.950858802157993921e+01,1.581874109641361104e+00
2.357459696052363896e+01,1.799332592756586635e+01
2.329046053533208749e+01,1.843502995663088484e+01
5.077441120939282371e+01,3.878914511141071220e+00
1.176419956597142935e+01,7.225621923243770084e+01
2.061040688552979461e+01,2.354110632235164147e+01
5.951885595007625085e+01,2.822869819121295532e+00
9.453788403871293156e+01,1.118892195943011370e+00
1.332472601545449642e+01,5.632269462892683975e+01
1.707992748147021445e+01,3.427898509305992292e+01
2.460052327655768067e+01,1.652385251087005358e+01
4.640546034517135610e+01,4.643675134853706865e+00
1.467123799016851571e+01,4.645863822917236519e+01
1.513480531636704107e+01,4.365623939232893491e+01
4.775013949837688187e+01,4.385819060493521881e+00
1.371693040437733302e+01,5.314790250718569808e+01
2.889783242093279370e+01,1.197483294440557522e+01
3.094923674746939568e+01,1.043999074513664560e+01
3.715134155672497229e+01,7.245210335541952595e+00
2.606450553183172403e+01,1.471976983627666868e+01
2.931603133484260582e+01,1.163562311009945027e+01
2.160125586870968561e+01,2.143097835221470149e+01
2.142374150247272979e+01,2.178759836995543253e+01
2.710649933114707366e+01,1.360984350787208363e+01
3.125343110830699445e+01,1.023775175913668178e+01
1.717734224376889784e+01,3.389128711142728179e+01
1.654118116500465518e+01,3.654828169390413706e+01
2.059203199205276391e+01,2.358313795057916451e+01
8.182138397444195732e+01,1.493710238140319113e+00
1.850154606190944762e+01,2.921352459085201048e+01
5.561614049639937463e+01,3.232944915257482510e+00
4.626468851249718739e+01,4.671977202827479303e+00
1.869955363528744385e+01,2.859812237269587598e+01
2.404644252909277569e+01,1.729411448308443155e+01
1.962428805690223754e+01,2.596642612445598530e+01
3.080831908154922871e+01,1.053571448265642729e+01
4.607528007088047417e+01,4.710467724807699597e+00
6.134302176959850783e+01,2.657477944278783255e+00
1.717910178063703697e+01,3.388434496555191089e+01
2.225997380513726753e+01,2.018137266796287221e+01
1.298414965835732460e+01,5.931615272919095361e+01
2.160524771503793318e+01,2.142305978814902190e+01
2.097687556337356796e+01,2.272575896440307730e+01
1.578399502541106614e+01,4.013896125047379115e+01
1.523514421966505594e+01,4.308309162760522781e+01
1.807779594691428926e+01,3.059912727394637955e+01
2.612692190431043571e+01,1.464952373513334827e+01
4.348777086464555452e+01,5.287686596840434738e+00
1.922534738979749491e+01,2.705525353477862893e+01
7.740774018642508736e+01,1.668903486669904623e+00
7.030885063751642861e+01,2.022926031926000956e+00
3.753992924782352958e+01,7.095991726667858934e+00
2.396109486337628880e+01,1.741753463847183525e+01
1.564754667265494170e+01,4.084204587164749256e+01
3.018985669293448737e+01,1.097180036807121972e+01
1.780057917586072946e+01,3.155961770094094376e+01
8.517909622521457891e+01,1.378268861429067682e+00
1.976225798159152092e+01,2.560512328407073568e+01
7.669058963544965479e+01,1.700261990704817761e+00
2.232454836055725522e+01,2.006479083473866964e+01
2.900040618544105797e+01,1.189027333887619164e+01
3.159872696483885690e+01,1.001522769502854260e+01
1.054322327788188218e+01,8.996077586157606731e+01
8.264268681820590245e+01,1.464168784376603361e+00
1.445407169401087266e+01,4.786516836928709040e+01
3.926502350943491138e+01,6.486169241162015098e+00
1.621190553261672918e+01,3.804800334734726164e+01
5.154705413354783872e+01,3.763503275907987611e+00
2.024017097028256629e+01,2.441021735999440168e+01
1.800336075793799395e+01,3.085267552487050580e+01
3.126128044476048373e+01,1.023261124868566796e+01
1.768734767456061263e+01,3.196499012609930901e+01
2.548421955167944830e+01,1.539775212707251839e+01
2.645221146948134816e+01,1.429144124134633032e+01
2.260310912781471870e+01,1.957328124194093633e+01
1.604717982649118824e+01,3.883314471465732964e+01
1.998999925585601289e+01,2.502502062566122376e+01
2.751107371645610655e+01,1.321249752062327865e+01
2.815016453308688682e+01,1.261938309882346054e+01
2.331372957640059340e+01,1.839824893486019519e+01
2.008101138461393376e+01,2.479869545946954901e+01
2.204265994142200569e+01,2.058126187196118906e+01
4.171305978430059014e+01,5.747194621734317721e+00
3.079100963158319715e+01,1.054756331026166905e+01
1.758074517512404711e+01,3.235381082750169668e+01
5.980822784658231228e+01,2.795619953822262804e+00
9.367337310727053534e+01,1.139639993948908581e+00
2.714523083421898164e+01,1.357103347616904720e+01
2.180962584440879937e+01,2.102342983692495082e+01
5.700673143049431957e+01,3.077143278821890426e+00
5.782217191431426073e+01,2.990964089713009422e+00
2.121040735917173237e+01,2.222808152761924916e+01
1.492524877694172680e+01,4.489074805136257851e+01
3.362348938277526855e+01,8.845338074544141449e+00
3.035585018564547255e+01,1.085213526683737406e+01
3.657113907969642952e+01,7.476925011686257783e+00
2.671523764915188437e+01,1.401141241155082540e+01
4.894674386000795607e+01,4.173999454127931052e+00
3.106358385977075542e+01,1.036327161300299338e+01
3.805966865211129857e+01,6.903510567968981881e+00
2.584475958488369685e+01,1.497114466068459926e+01
1.734004035962367496e+01,3.325828051651069472e+01
3.072215660591454522e+01,1.059489367540878924e+01
2.166829736112630655e+01,2.129856904649488669e+01
5.028003173568493622e+01,3.955568536335754004e+00
4.099557287650520720e+01,5.950124879398175359e+00
2.416853657644703190e+01,1.711982383114130712e+01
7.552167559773468497e+01,1.753302151931636299e+00
4.824190392207797373e+01,4.296859183144354333e+00
2.276591303793718879e+01,1.929433678125156248e+01
2.168001318450125225e+01,2.127555588241552442e+01
1.691823817421539644e+01,3.493733150336662874e+01
3.580708641890682742e+01,7.799415032230956335e+00
2.106713778827004546e+01,2.253143895432513233e+01
2.321097378317494275e+01,1.856150889929024217e+01
1.481328577019936432e+01,4.557190651411600157e+01
6.847871511878172157e+01,2.132498793035360940e+00
2.546305252522783746e+01,1.542336257532484289e+01
2.152521178994660289e+01,2.158266816738300875e+01
1.544058626746060270e+01,4.194424946576560131e+01
2.200990149621321734e+01,2.064257172107017269e+01
1.678943777577787699e+01,3.547543205944550948e+01
2.713548061120331667e+01,1.358078781789770950e+01
5.153990715834724057e+01,3.764547108968477218e+00
2.670688395836243245e+01,1.402017908853615680e+01
3.922797646055455090e+01,6.498426151542059159e+00
3.930183772094027717e+01,6.474023683321354916e+00
8.952881897574765446e+01,1.247596905789379207e+00
3.663661303326473728e+01,7.450224595669090455e+00
2.803417058035146781e+01,1.272402684908131398e+01
2.578006358352647709e+01,1.504638020282091304e+01
2.810010198037702267e+01,1.266438800989968883e+01
2.794895015352615886e+01,1.280173997670536146e+01
1.789870908808628513e+01,3.121451426523903905e+01
2.662074303984135426e+01,1.411106048076027619e+01
3.538361516629455394e+01,7.987219029511945401e+00
1.766522686997642566e+01,3.204509484519985563e+01
5.427903844062925032e+01,3.394186556831231716e+00
1.176547950214235172e+01,7.224049895209716965e+01
6.942161781238395690e+01,2.074963871589334818e+00
1.481141003331789108e+01,4.558344982002998336e+01
3.387963813315383987e+01,8.712092422361896737e+00
8.056638540464352616e+01,1.540608327062662708e+00
2.918617212327962562e+01,1.173939514963879382e+01
1.233264973219445260e+01,6.574870541346410846e+01
2.377866454442349564e+01,1.768581507603533254e+01
3.619571557806670370e+01,7.632831342326892532e+00
1.369319216091826164e+01,5.333233450949145293e+01
2.563245107708367598e+01,1.522017779618948552e+01
4.323592624601788970e+01,5.349466415772095473e+00
4.180028743821941362e+01,5.723233483190664828e+00
1.604190577639896986e+01,3.885868302916583161e+01
1.378852536953862007e+01,5.259740949251578712e+01
2.605182471456327420e+01,1.473410312325100691e+01
1.449409975980407239e+01,4.760115687221956193e+01
3.101646030976297297e+01,1.039478553324736154e+01
1.917438180273020265e+01,2.719927063399023126e+01
1.772802895659838640e+01,3.181845553207864796e+01
1.800967045291437429e+01,3.083106081839922297e+01
1.194989796015042138e+01,7.002798116404359519e+01
1.590929640014377533e+01,3.950918342794724225e+01
1.858119318693211497e+01,2.896361744679229844e+01
1.789252746605254174e+01,3.123608636134441952e+01
2.214541575457639766e+01,2.039070886250380354e+01
1.410116200928459484e+01,5.029099121578281739e+01
1.776527475115906896e+01,3.168517739709094272e+01
1.875878686463526179e+01,2.841780317518270849e+01
2.142865209875446908e+01,2.177761380908720312e+01
2.016665696844922095e+01,2.458850804252836042e+01
2.305669510500870345e+01,1.881074026244766628e+01
2.453188935924010750e+01,1.661644082853737103e+01
1.655132911563845255e+01,3.650347846925608764e+01
2.036486621691642185e+01,2.411220221528306595e+01
6.693071036229208914e+01,2.232282379973174358e+00
3.254848764814648376e+01,9.439269197776704701e+00
7.067680462490237403e+01,2.001917551947062446e+00
1.819027331489698085e+01,3.022188515766545081e+01
2.533288643413875718e+01,1.558226721267443082e+01
1.527247929947064620e+01,4.287270737350772976e+01
2.767988756316750099e+01,1.305182844317607938e+01
1.404204796692095236e+01,5.071531129207307487e+01
1.847011826995805350e+01,2.931302559775037864e+01
2.146425439135135349e+01,2.170542961384037994e+01
6.842461653835459856e+01,2.135872162705620081e+00
1.784006871910877834e+01,3.142005595667740891e+01
1.992129126987846988e+01,2.519793952503698264e+01
1.773240825152536004e+01,3.180274134452675838e+01
9.575071325911615361e+01,1.090726750394349631e+00
2.092270344004890248e+01,2.284359233890739915e+01
2.812166369719577119e+01,1.264497512828676307e+01
2.890437003451298636e+01,1.196941660238563898e+01
1.845305458720461544e+01,2.936726262728055303e+01
2.939056174892295559e+01,1.157668526085829797e+01
1.255803165630143958e+01,6.340986856842999231e+01
2.829286826042467951e+01,1.249240470535870706e+01
2.281111600583719579e+01,1.921794445220044878e+01
1.810271563877999412e+01,3.051494145278943648e+01
3.193846540916064924e+01,9.803291344896637227e+00
2.102066164374284796e+01,2.263118196612163047e+01
2.433591734003240248e+01,1.688513576171692776e+01
9.936129984541615556e+01,1.012897435042801275e+00
2.205201675273085016e+01,2.056380005605600303e+01
1.900200567435279808e+01,2.769498365122153061e+01
1.491610703994611242e+01,4.494578991545586888e+01
2.052367830354374334e+01,2.374048584883269797e+01
4.767156616282746029e+01,4.400288584199227415e+00
2.144603701512280125e+01,2.174232071130695232e+01
1.809562581218873589e+01,3.053885751156112249e+01
1.822799345687014849e+01,3.009693511335242277e+01
6.093865381229479539e+01,2.692863178280161751e+00
1.716166693094510620e+01,3.395322738239134708e+01
1.930250853927713806e+01,2.683938088045053405e+01
1.620899512988927782e+01,3.806166797656453582e+01
1.682323084918195377e+01,3.533305514710257000e+01
2.912393343130534618e+01,1.178962361927710845e+01
8.688434083986011558e+01,1.324698299272238700e+00
5.889810198822411280e+01,2.882686409103311309e+00
8.718253363379982090e+01,1.315651993104309136e+00
1.554950969126606353e+01,4.135867351244678503e+01
4.090991408555341735e+01,5.975068177821147408e+00
3.337354261531773858e+01,8.978326212542512508e+00
1.849541288508290293e+01,2.923290252205039863e+01
2.817216059748525581e+01,1.259968504264363531e+01
2.960496254946232852e+01,1.140961441869451498e+01
3.138178430150010456e+01,1.015417710621801106e+01
1.797266326281171800e+01,3.095815891048583168e+01
2.192278064031260243e+01,2.080696436381863990e+01
3.023473158591971099e+01,1.093925547957282518e+01
1.352956344740255545e+01,5.463015500196164709e+01
1.844936697993806618e+01,2.937900349123788857e+01
1.974750720079173050e+01,2.564339005066153376e+01
1.855047339457789946e+01,2.905962502763157218e+01
1.885885172479458305e+01,2.811703413318459610e+01
2.558061202085538355e+01,1.528192761710870684e+01
1.784982027266535098e+01,3.138573508840810788e+01
3.776623541059821321e+01,7.011204072642664542e+00
2.042300628604042956e+01,2.397511273436648338e+01
1.855530209455647039e+01,2.904450245489565319e+01
2.549850584811100518e+01,1.538050286326940608e+01
2.833393837748250732e+01,1.245621540667565164e+01
2.719865843689604290e+01,1.351776940479548728e+01
3.323273443148477924e+01,9.054570319692663460e+00
1.583049643005198881e+01,3.990349463970914456e+01
2.356239924534607511e+01,1.801196021618031295e+01
6.518047272600796305e+01,2.353775229919033762e+00
2.716233495048617996e+01,1.355394750386651737e+01
2.339237055299661705e+01,1.827475360767205359e+01
2.996031205315756907e+01,1.114056803159133935e+01
1.927226930691055529e+01,2.692367183612429216e+01
1.147853117838789672e+01,7.589748125705176562e+01
1.922434821714715980e+01,2.705806596530496577e+01
4.776845205515902393e+01,4.382457001971467925e+00
3.043079977752876175e+01,1.079874452599587897e+01
2.588127322307436984e+01,1.492893148642717094e+01
1.377695124098848467e+01,5.268582163598371437e+01
2.116875061003417358e+01,2.231565029293656721e+01
1.494964739421675404e+01,4.474433945978879024e+01
2.487987667036123085e+01,1.615487319894037910e+01
1.680115687550280157e+01,3.542595985509941414e+01
3.850405976566449340e+01,6.745077661904582911e+00
1.416300476661108654e+01,4.985275887485985891e+01
1.839393102959771298e+01,2.955635625040061143e+01
5.944816728586727805e+01,2.829587050058799846e+00
2.074406635747360994e+01,2.323872057512212308e+01
3.156118639690211936e+01,1.003906716257965215e+01
2.549869474767800526e+01,1.538027498026613316e+01
7.738161978640772531e+01,1.670030363676623386e+00
3.998956532350576509e+01,6.253262112814888418e+00
2.215456027984677689e+01,2.037387938200183868e+01
7.604294081797621629e+01,1.729347187439085998e+00
2.461679022318140397e+01,1.650202157236381240e+01
1.852245880221228447e+01,2.914759490275708131e+01
3.447781559943665997e+01,8.412411625445535890e+00
6.062240127967724135e+01,2.721032506558090702e+00
2.019207735687735905e+01,2.452663664931836607e+01
1.403059363710335283e+01,5.079815126872483688e+01
2.056360089406495106e+01,2.364839481099133778e+01
5.229481867508081194e+01,3.656643968530982836e+00
1.787521664741278826e+01,3.129661531171515421e+01
2.243133310630686239e+01,1.987420799213000677e+01
3.236637137520317253e+01,9.545792155846848814e+00
1.985571013217177239e+01,2.536466623043570934e+01
1.542191695693354170e+01,4.204586383717728637e+01
6.920646990058534698e+01,2.087885150845869564e+00
2.185770483371797823e+01,2.093104378025980239e+01
3.086328903321920336e+01,1.049821802779573865e+01
4.518960194448953871e+01,4.896919540308874552e+00
1.660586264620651065e+01,3.626411783632105568e+01
2.513168900050069610e+01,1.583276065137698119e+01
2.117314117859467970e+01,2.230639628257390683e+01
4.716278869832510168e+01,4.495738547824370990e+00
3.087591731812568341e+01,1.048963221799826684e+01
3.009556897494636019e+01,1.104065612183727652e+01
2.869316462041041049e+01,1.214627473074089359e+01
9.312381024738617441e+01,1.153130675957201090e+00
1.481204822014375466e+01,4.557952191890205285e+01
2.052129154139341338e+01,2.374600852152364538e+01
1.845427501384515878e+01,2.936337849696059621e+01
2.073374235886505090e+01,2.326186895285466250e+01
2.745656587902179879e+01,1.326500951643305193e+01
2.057273277424260627e+01,2.362740524378250839e+01
3.042568813752891543e+01,1.080237329725464157e+01
1.737917082402807267e+01,3.310868225738497017e+01
5.071145557789809288e+01,3.888551430068675874e+00
2.082681941640382206e+01,2.305441450209960408e+01
2.341193890841761061e+01,1.824421727095129242e+01
2.063423833215633252e+01,2.348676027511616127e+01
1.477282914698242067e+01,4.582185322044357179e+01
4.009773790412989314e+01,6.219568487037451021e+00
2.317919508017045160e+01,1.861243948824444772e+01
7.740797997752603976e+01,1.668893146971472286e+00
2.709329610617357176e+01,1.362311155835803689e+01
2.610112439843471677e+01,1.467849627527264111e+01
3.943928684047979516e+01,6.428977318210442604e+00
2.104645780480079154e+01,2.257573892229340728e+01
3.304139648873398727e+01,9.159741366972028231e+00
3.059332598891858979e+01,1.068431321954595603e+01
1.581288949361566409e+01,3.999240558018601632e+01
2.288736228098349557e+01,1.909011356110077529e+01
2.255517894587170247e+01,1.965655681493814555e+01
1.560199120069713707e+01,4.108089935600563081e+01
4.051890314831160111e+01,6.090944455656253531e+00
1.856428748542198193e+01,2.901639331802991251e+01
2.664345183040697407e+01,1.408701640734206428e+01
2.226988806149100597e+01,2.016340771327221759e+01
1.848859982632795251e+01,2.925445117155594943e+01
1.584501851658921190e+01,3.983038441244901406e+01
1.767187099609065370e+01,3.202100326744368886e+01
2.682502701270103174e+01,1.389695541077911933e+01
1.960045021470596893e+01,2.602962466958334531e+01
2.004220779457439505e+01,2.489481360698403378e+01
1.572226037810884058e+01,4.045479746156896539e+01
2.873304047603263456e+01,1.211258480425768624e+01
6.051604254488716350e+01,2.730605501815813074e+00
3.594885207854728293e+01,7.738021747639176162e+00
5.814944573415804996e+01,2.957391640902985674e+00
3.546597225015074173e+01,7.950167158779455789e+00
2.229185341033129930e+01,2.012369113417495115e+01
5.077060271306878292e+01,3.879496477277012190e+00
2.636812472922697026e+01,1.438273607827451883e+01
1.531907196693087236e+01,4.261231091593592168e+01
1.911649354353536978e+01,2.736424883885897330e+01
1.889881597093299348e+01,2.799824489393083127e+01
7.237895165523735841e+01,1.908865914589411128e+00
3.049460394801317165e+01,1.075360315397454514e+01
2.183985879423957854e+01,2.096526459196775249e+01
2.001607199073031751e+01,2.495986840424819420e+01
1.951374667918284800e+01,2.626144835458777038e+01
2.966586044112299447e+01,1.136281932899376734e+01
3.733132573611254656e+01,7.175516602951748091e+00
2.592387349625562365e+01,1.487990686710635835e+01
2.954514340065103895e+01,1.145586258514000022e+01
1.914362284576274220e+01,2.728674554101128535e+01
2.174896070508191670e+01,2.114087618864451201e+01
3.814185561671390445e+01,6.873791652406855412e+00
8.167718941050119952e+01,1.498988946196435412e+00
1.544380125653971270e+01,4.192678792691270928e+01
2.439407530402957036e+01,1.680471996359343478e+01
1.505728865942066363e+01,4.410689111866840761e+01
2.600638984104530138e+01,1.478563098971771694e+01
1.200766089658859137e+01,6.935586149697722647e+01
1.854981994096620568e+01,2.906167242770915493e+01
1.185142014541987621e+01,7.119659286010502797e+01
3.442430337889015846e+01,8.438585965770634800e+00
3.733456748869647157e+01,7.174270559878610065e+00
1.750302562312824151e+01,3.264177319688721468e+01
2.135924127468707212e+01,2.191938459740761047e+01
1.931254490116864275e+01,2.681149229842514359e+01
2.402979633674285864e+01,1.731808313136732380e+01
1.402161561850384075e+01,5.086322404902877992e+01
1.945865145192153278e+01,2.641037222196052525e+01
2.788827989393837825e+01,1.285750029751761758e+01
2.146811729320647544e+01,2.169761911050691339e+01
1.564661739610951585e+01,4.084689735889163842e+01
2.322126448018037337e+01,1.854506116965169937e+01
2.723729260218664550e+01,1.347944860988364901e+01
2.099355004997673646e+01,2.268967265479265194e+01
2.563469391719191393e+01,1.521751461386417859e+01
2.920308225383753609e+01,1.172580362339749627e+01
6.839220159904567709e+01,2.137897264161741973e+00
1.840912339083958926e+01,2.950759286852326824e+01
2.030276983642134425e+01,2.425992296716385965e+01
1.874156515109026699e+01,2.847005368034709605e+01
2.435497917271757728e+01,1.685871523593665700e+01
1.850234300059952375e+01,2.921100805695923697e+01
1.742424721935961429e+01,3.293760001872024645e+01
1.486069189028736481e+01,4.528161835878844954e+01
3.820422770232664789e+01,6.851365718240015390e+00
2.383671957359490179e+01,1.759977134283518296e+01
2.825841294700123640e+01,1.252288710580569031e+01
2.944156336671488106e+01,1.153661141905964804e+01
3.559722513696739554e+01,7.891648066926895133e+00
3.336410158877983179e+01,8.983408118237941054e+00
1.890408055919961328e+01,2.798265262997252023e+01
2.703053827751839577e+01,1.368644358564634267e+01
1.542971556893426310e+01,4.200337225500197746e+01
2.615278784268454970e+01,1.462056037591972313e+01
2.080934521844539731e+01,2.309314965152345422e+01
2.996365947675370833e+01,1.113807900869595890e+01
1.768849354949800556e+01,3.196084882434682939e+01
2.159073482045094750e+01,2.145186984072175207e+01
1.848973796366921718e+01,2.925084976210539267e+01
6.472621527074606718e+01,2.386929398066219843e+00
2.318560784445539014e+01,1.860214511236504364e+01
2.395775934146027453e+01,1.742238489278254221e+01
1.803578185343548768e+01,3.074185377076706516e+01
2.304290257655608443e+01,1.883326566407577118e+01
3.306284847214037370e+01,9.147859095260146844e+00
2.269257664665916607e+01,1.941924665543778872e+01
2.003576144529028369e+01,2.491083560654815088e+01
2.030593069335001744e+01,2.425237087033866246e+01
1.668967080313109363e+01,3.590082750166578052e+01
8.317578447017402254e+01,1.445460368774969639e+00
2.530200758132884431e+01,1.562032396704265125e+01
2.619035269261538446e+01,1.457864988391026806e+01
6.765732581604028439e+01,2.184592024288723344e+00
1.635384314413415652e+01,3.739042004791876650e+01
2.237804124155723429e+01,1.996897899752119088e+01
1.839076721664071101e+01,2.956652644343502345e+01
1.488519186564987606e+01,4.513268033389479683e+01
1.833631573271134840e+01,2.974238856339556136e+01
4.000898771556883560e+01,6.247192285230489084e+00
1.878318112556906527e+01,2.834403706054966676e+01
1.841880491181644430e+01,2.947658072633578286e+01
2.100446629721324143e+01,2.266609464901510407e+01
2.742332779798461928e+01,1.329718436115756752e+01
1.857736305936432686e+01,2.897556163769346327e+01
2.047329650075883478e+01,2.385747337703397264e+01
2.004721030109440250e+01,2.488239083819685504e+01
2.117953497762821513e+01,2.229293035074123353e+01
4.836122427945696955e+01,4.275682288140643550e+00
3.699477659309102506e+01,7.306664763478766922e+00
3.981351442375935079e+01,6.308686832222215379e+00
4.205402826288702300e+01,5.654377445872110108e+00
1.769814005942106050e+01,3.192601729733531357e+01
2.718603975852676413e+01,1.353032113894222377e+01
1.223830626855299641e+01,6.676630856183714968e+01
1.478194484000956521e+01,4.576535603283457476e+01
3.299049383383431433e+01,9.188029204075860434e+00
3.399370868097125964e+01,8.653721283160392019e+00
2.208791082835427488e+01,2.049701973823445655e+01
2.220140993941313567e+01,2.028798373774619890e+01
6.600575287895702559e+01,2.295283960342311858e+00
2.255619604311377913e+01,1.965478415974964221e+01
1.645865667145837818e+01,3.691571021537081521e+01
3.270840946731972565e+01,9.347191667674403348e+00
2.054703601111564737e+01,2.368654053653435554e+01
1.929481974895433893e+01,2.686077558548815247e+01
5.965854291060379921e+01,2.809666128602336332e+00
2.358117811811238340e+01,1.798328398744918033e+01
2.429315399942361253e+01,1.694463403342552965e+01
2.617777441950432404e+01,1.459266316800657926e+01
6.494979101483021111e+01,2.370524695183132913e+00
3.255789915015581926e+01,9.433812773179514721e+00
2.290865570958571595e+01,1.905464181114911781e+01
1.586305625072742487e+01,3.973985439074888859e+01
1.892716036017038661e+01,2.791445008129004890e+01
1.881103563807477386e+01,2.826015812740951816e+01
6.650058859731092298e+01,2.261252299305235525e+00
1.521737975359614303e+01,4.318373902654495566e+01
3.701654061070611590e+01,7.298075325941572267e+00
1.555986712381310255e+01,4.130363099884424116e+01
2.100190921622899154e+01,2.267161439175943727e+01
2.485320138837111870e+01,1.618957030343089798e+01
3.451654060875019780e+01,8.393546005226394158e+00
3.154764325160241256e+01,1.004768839159171989e+01
8.084431148459665906e+01,1.530033946846304893e+00
2.485166173962270619e+01,1.619157636838149017e+01
2.095487529308003971e+01,2.277350301351496853e+01
1.413906103103417600e+01,5.002174774534866941e+01
2.394940515367668965e+01,1.743454179270775128e+01
1.307293123551279024e+01,5.851322651301902056e+01
2.763990855008265868e+01,1.308961269202698752e+01
2.368028504206830576e+01,1.783307140561631954e+01
3.039815850078130310e+01,1.082194817210763205e+01
2.165304126040609489e+01,2.132859231942488520e+01
2.213349819368364280e+01,2.041267312092080033e+01
2.958465082877225427e+01,1.142528663045614401e+01
2.026643213321134596e+01,2.434699701987700848e+01
2.496471195179894664e+01,1.604526451692253275e+01
2.273787349305878891e+01,1.934195231539930049e+01
2.085518495422053675e+01,2.299174364664892778e+01
1.496246207607945600e+01,4.466772921565964083e+01
2.978004475299867337e+01,1.127585046590435702e+01
2.292487314066083570e+01,1.902769221484192386e+01
2.273839592867521020e+01,1.934106352722555044e+01
1.914645773054428091e+01,2.727866581638916799e+01
1.621871223714147092e+01,3.801607391080605680e+01
2.234553733534813347e+01,2.002711515960417898e+01
2.845232913398997709e+01,1.235276991176333183e+01
3.199759113097860208e+01,9.767095423002878363e+00
1.535540936817135460e+01,4.241087199718396050e+01
6.401883805711165110e+01,2.439969654613274752e+00
1.681541944603834438e+01,3.536588987303560572e+01
2.824522952401817832e+01,1.253457991547939621e+01
1.870377979423803794e+01,2.858520021922168297e+01
7.290001173278524504e+01,1.881675817471676559e+00
1.787116814859017211e+01,3.131079666358411728e+01
1.702367810091767097e+01,3.450588755020228859e+01
5.613961162479022704e+01,3.172935123946772240e+00
2.100767531673146493e+01,2.265917047642975390e+01
2.541031693860031027e+01,1.548744710312725736e+01
1.704509056383555432e+01,3.441924771097485092e+01
2.852776878096732815e+01,1.228752425921631719e+01
3.907855226924553449e+01,6.548217070534907869e+00
7.957923418819666495e+01,1.579066750692738275e+00
1.875542849529774614e+01,2.842798113762395573e+01
2.951678360548100599e+01,1.147788679999564110e+01
1.262457424259075012e+01,6.274317891220047727e+01
3.470503257254662799e+01,8.302618585582841604e+00
4.038222590034308013e+01,6.132244920475012684e+00
4.005353068456027898e+01,6.233305181734237088e+00
2.818994998534439844e+01,1.258378789051835689e+01
1.366394852600455856e+01,5.356086292951268746e+01
2.749012394825930272e+01,1.323264324515726997e+01
2.337159426426820019e+01,1.830725890559502744e+01
1.665866191550690090e+01,3.603460545373819457e+01
1.801980816803628827e+01,3.079638025039222526e+01
8.014656537918085633e+01,1.556790484985437262e+00
3.111138363492444725e+01,1.033145165155838008e+01
3.692075569579745320e+01,7.335991792765793384e+00
2.054667312690319037e+01,2.368737722162294190e+01
2.382444638624012612e+01,1.761790909304853869e+01
2.436435377026653271e+01,1.684574437965780902e+01
2.164975444160846507e+01,2.133506893234083179e+01
1.675045580133932788e+01,3.564074237223024255e+01
2.867482388933835935e+01,1.216181748021246456e+01
2.553799569792420598e+01,1.533297335790249427e+01
1.724747788319976394e+01,3.361621452580431679e+01
2.412868706324137946e+01,1.717641870498502144e+01
4.375993110390023588e+01,5.222118719814662136e+00
2.029805793818956161e+01,2.427118744933390460e+01
7.127471515114191902e+01,1.968470992291240229e+00
2.940308335977944765e+01,1.156682725515385890e+01
9.054313675358187652e+01,1.219800839692074756e+00
2.362011462381035898e+01,1.792404387586024939e+01
1.666549602259805951e+01,3.600505771524073850e+01
2.483058144605870154e+01,1.621908020026415542e+01
4.111403634500359061e+01,5.915885626547391141e+00
1.728953347082688907e+01,3.345287521601768788e+01
2.070811712584195163e+01,2.331947531317717193e+01
2.531918700714795278e+01,1.559913393769718937e+01
1.787644352217381183e+01,3.129231963514230941e+01
2.494070072198216081e+01,1.607617399235721933e+01
2.901759641863687378e+01,1.187618974452823295e+01
7.429520529034145682e+01,1.811667217966471011e+00
2.991801911847765894e+01,1.117208752101531211e+01
9.181516197253195344e+01,1.186236247715238834e+00
3.366104366393560099e+01,8.825612303936770431e+00
2.118659124363651003e+01,2.227808335158082187e+01
4.243308702906858088e+01,5.553806492757497715e+00
2.847376964756517381e+01,1.233417384812789130e+01
1.936956638499269445e+01,2.665386556542088314e+01
2.855939565087846432e+01,1.226032475135171573e+01
3.440348717914316268e+01,8.448800769427130319e+00
6.325432204851381357e+01,2.499306906069276746e+00
1.552629159176757945e+01,4.148246196345618131e+01
1.989558941410800941e+01,2.526308483061290744e+01
1.856402545475242860e+01,2.901721245487574663e+01
2.455873821952663505e+01,1.658012881389533533e+01
1.971427032039433769e+01,2.572992886124069045e+01
3.992584835140052490e+01,6.273236984983032727e+00
1.628391656259762144e+01,3.771223427915305848e+01
2.180961646342912985e+01,2.102344792256259609e+01
2.768230804984919757e+01,1.304954609044016500e+01
2.784518459220285536e+01,1.289732956385306650e+01
8.594398271251608890e+01,1.353845323886784247e+00
7.216375006608838305e+01,1.920267857911239551e+00
2.888198723122459910e+01,1.198797577606715414e+01
3.238920331923551998e+01,9.532338773168458346e+00
1.837831486989748697e+01,2.960660600140935017e+01
1.157274754377589865e+01,7.466671445465435397e+01
1.896599480422852224e+01,2.780025282158783995e+01
1.793737090817889879e+01,3.108010110346673116e+01
1.478274386301388610e+01,4.576040883435072715e+01
1.283366657660309862e+01,6.071534904409156752e+01
2.750854389505497366e+01,1.321492780527181843e+01
2.636303334809960575e+01,1.438829196868879023e+01
2.265095980075586013e+01,1.949067058010276909e+01
2.428233849547594758e+01,1.695973188489013594e+01
3.571744472001484638e+01,7.838613254118397045e+00
1.960453457864378279e+01,2.601877989433679161e+01
5.179543629260219006e+01,3.727494477600587608e+00
3.148952563784061098e+01,1.008481099241028822e+01
2.894472204871669163e+01,1.193606659140737669e+01
2.619091287379971789e+01,1.457802626318645345e+01
2.062078034603601395e+01,2.351742716875322969e+01
6.881969031254286051e+01,2.111419713411242238e+00
3.305550249072741309e+01,9.151925436099304534e+00
2.276355306691579017e+01,1.929833760097239548e+01
3.126399087301412649e+01,1.023083709537819708e+01
1.628586693034736044e+01,3.770320211383468489e+01
2.347241822575674419e+01,1.815032185027038736e+01
5.045833991947591102e+01,3.927661790275507769e+00
2.140318334218911289e+01,2.182947326741556537e+01
1.425121294667104799e+01,4.923753935877028454e+01
2.515779835971051526e+01,1.579991447622568934e+01
2.136327529732228214e+01,2.191110731371307807e+01
2.399022865400733195e+01,1.737525653455428198e+01
2.061023458618001669e+01,2.354149992624293120e+01
2.802124861916511733e+01,1.273576489075115248e+01
2.923194315724940751e+01,1.170266111637381279e+01
3.159047878201788606e+01,1.002045827186613991e+01
1.740074341386386081e+01,3.302664009798319000e+01
9.963465686767928275e+01,1.007347101280004820e+00
1.801467981573492239e+01,3.081391674499300137e+01
4.451809595068416314e+01,5.045762881812323464e+00
5.249758426341966100e+01,3.628451825532756470e+00
2.177946549150095379e+01,2.108169693246173182e+01
1.989723205276620277e+01,2.525891375730023114e+01
5.916185000667809391e+01,2.857041231196358222e+00
2.189418297825907089e+01,2.086135498832445379e+01
2.565664163529133646e+01,1.519149040761167413e+01
4.265945730196570196e+01,5.495020887314131741e+00
1.950188110255573193e+01,2.629341470923021618e+01
1.716077474025481209e+01,3.395675793870904613e+01
2.532582559700069780e+01,1.559095709233321081e+01
2.182664630652523030e+01,2.099065439644822817e+01
3.984405087915492061e+01,6.299020590545986842e+00
3.933031804381314345e+01,6.464650988899182771e+00
3.002206102741893545e+01,1.109478761717765138e+01
2.887141111176128661e+01,1.199676020890900929e+01
2.347820496880718721e+01,1.814137582519840208e+01
2.516796219050597827e+01,1.578715577687283300e+01
3.174447932962315733e+01,9.923470513852532093e+00
3.491795533057364764e+01,8.201671864357674480e+00
2.376987290199340208e+01,1.769890022104522131e+01
2.504755039512504311e+01,1.593930870278775913e+01
2.307320659213372949e+01,1.878382747404852182e+01
9.040110520409199069e+01,1.223636772934489914e+00
1.099044141301482824e+01,8.278844568769284251e+01
2.507644758218690839e+01,1.590259410885037106e+01
2.291768261344583024e+01,1.903963413801377058e+01
1.815972471517275011e+01,3.032365022613597461e+01
1.954682638275050621e+01,2.617263743172187418e+01
2.398450889730889557e+01,1.738354472511690929e+01
2.963753933901965354e+01,1.138454591833646212e+01
1.537261604189982478e+01,4.231598357638208796e+01
2.888373944245630653e+01,1.198652133636751671e+01
1.908250465077566105e+01,2.746181557288180741e+01
2.619088960892165474e+01,1.457805216197485443e+01
2.097088044628453929e+01,2.273875441882013249e+01
2.531220316666294323e+01,1.560774297827544821e+01
4.286904502771584902e+01,5.441421670749799766e+00
8.197688581042972089e+01,1.488048779268976718e+00
3.787644088620709937e+01,6.970463761531075164e+00
2.254871228227563762e+01,1.966783289721119843e+01
2.998724739885389212e+01,1.112056350903638169e+01
6.491251275934965292e+01,2.373248188572526729e+00
2.931950159750163820e+01,1.163286888328251223e+01
2.721497971837956698e+01,1.350156059885048343e+01
1.930941559742681690e+01,2.682018319860446098e+01
3.107119202877708375e+01,1.035819708167105624e+01
2.887538780814468709e+01,1.199345606711643164e+01
2.389331675775807184e+01,1.751649133953370452e+01
1.895604385237359324e+01,2.782944789944084718e+01
6.487473344706654643e+01,2.376013079802036465e+00
1.754000364634122988e+01,3.250428680448140994e+01
2.582969974907987165e+01,1.498860740395507918e+01
2.075451760709038140e+01,2.321532205314666797e+01
3.142279287774967855e+01,1.012769081461754617e+01
2.402152585550686581e+01,1.733001022866389107e+01
2.712441619154229144e+01,1.359186965515879741e+01
2.475431514180223402e+01,1.631917384502389368e+01
3.871081896015823531e+01,6.673217521553066689e+00
2.320273456857171723e+01,1.857469350109645134e+01
2.664399049349113469e+01,1.408644681706230628e+01
2.949247321265052335e+01,1.149681684609762122e+01
2.785409835723396199e+01,1.288907617373084591e+01
4.589449950081171181e+01,4.747650316148825489e+00
1.126486210608013039e+01,7.880399599620317019e+01
2.712541638054550575e+01,1.359086733410762982e+01
2.574304118746499981e+01,1.508968927469540589e+01
3.859134731371366200e+01,6.714599563118111014e+00
8.544616464373689269e+01,1.369666559923905957e+00
2.481303693316165848e+01,1.624202430523116902e+01
3.165001439189438770e+01,9.982795540284026714e+00
3.170950159652809930e+01,9.945375111732330353e+00
5.063807366924135778e+01,3.899829745431956596e+00
2.878037987400456643e+01,1.207277081329609913e+01
3.247684025498438132e+01,9.480963218510428447e+00
2.345439110919657466e+01,1.817823335807748109e+01
2.235314483240664885e+01,2.001348573117802232e+01
2.015097073515048720e+01,2.462680408299414836e+01
3.198569746350051801e+01,9.774360431571414765e+00
4.493798863296716206e+01,4.951909966151053943e+00
2.991351049734402423e+01,1.117545553132577751e+01
3.250821601996563714e+01,9.462670678638518851e+00
3.050155871726291323e+01,1.074869977819637512e+01
2.244465992160553824e+01,1.985061384831140785e+01
8.771791128334831456e+01,1.299641097887178631e+00
1.766492475005459184e+01,3.204619097716496867e+01
2.250692314705587194e+01,1.974093615927962375e+01
1.912938519330252163e+01,2.732737871058678536e+01
2.691038013552379482e+01,1.380893974916387279e+01
2.126886760082762962e+01,2.210605592887402437e+01
3.739451497543814185e+01,7.151286720811134145e+00
2.025828111867821946e+01,2.436659321854533999e+01
2.502620879031137591e+01,1.596650542873129197e+01
2.801134342282517764e+01,1.274477356656579019e+01
1.526757837836924026e+01,4.290023622907444434e+01
1.911766756119206434e+01,2.736088806016957520e+01
9.496534565244139969e+01,1.108842066044386065e+00
2.247213588224952119e+01,1.980210210406244897e+01
2.413302253751528426e+01,1.717024780515245297e+01
2.366196564803281888e+01,1.786069527516177402e+01
1.915051424332598984e+01,2.726711056148631940e+01
2.800561788791190310e+01,1.274998524269842548e+01
2.357850577565937655e+01,1.798736060002787696e+01
3.419715297016399802e+01,8.551062837839898734e+00
3.044406073258151579e+01,1.078933904761085394e+01
4.836722324052725241e+01,4.274621732697484688e+00
2.550270801378322005e+01,1.537543468805037961e+01
2.657560891859643704e+01,1.415903162160286577e+01
1.383949295077694863e+01,5.221071520494381701e+01
2.318545770126899441e+01,1.860238603876126007e+01
2.136125292970232437e+01,2.191525635981251341e+01
1.710433674828730233e+01,3.418121715633873947e+01
1.800614008222854778e+01,3.084315177661394003e+01
2.027881406903931349e+01,2.431727428369259769e+01
4.227879859561443254e+01,5.594415576130781886e+00
3.932501407306883578e+01,6.466394949217987964e+00
8.659378744540433104e+01,1.333602894639370540e+00
1.846974654638152202e+01,2.931420552215671904e+01
1.119039428294645155e+01,7.985630706716027305e+01
2.816923353346111369e+01,1.260230364430804606e+01
4.158130995888110704e+01,5.783672138436364740e+00
2.393801830659752383e+01,1.745113227867422978e+01
2.228431479101571355e+01,2.013730882970862268e+01
8.828498144075115306e+01,1.282999065043168629e+00
2.927862256173655098e+01,1.166537536057560942e+01
2.028004545625318045e+01,2.431432132467610785e+01
3.331881601690101036e+01,9.007844475134142215e+00
1.897054094968009252e+01,2.778693018099760792e+01
2.190364705653978206e+01,2.084333142879281198e+01
2.588002370953254072e+01,1.493037308884463776e+01
1.658567223002542335e+01,3.635246316020640478e+01
1.080208990963108384e+01,8.570071090599324748e+01
4.588661196745648141e+01,4.749282620956694068e+00
2.107086120189068623e+01,2.252347663579574899e+01
3.381141782410929153e+01,8.747284157499676027e+00
2.223363962191134036e+01,2.022920781444514660e+01
2.476618993799084123e+01,1.630352828906422857e+01
1.951351590238037659e+01,2.626206952085502166e+01
1.202440906434395806e+01,6.916279177645024845e+01
2.095629626150926583e+01,2.277041474531326060e+01
2.124472985333925124e+01,2.215631719610619754e+01
5.751488110661717457e+01,3.023009745655838465e+00
2.617429409853266975e+01,1.459654411531891682e+01
2.306692397220534829e+01,1.879406097723048674e+01
3.901032637675825754e+01,6.571141699322032181e+00
4.733470410260829198e+01,4.463141610884109767e+00
3.694625996408854718e+01,7.325867113021788057e+00
2.173520543710128905e+01,2.116764294132224933e+01
2.429769948943647861e+01,1.693829479456931963e+01
2.248667904581490973e+01,1.977649653708214927e+01
4.648033826489971432e+01,4.628725645469480732e+00
2.052364437651250029e+01,2.374056433829159474e+01
2.663508442992432279e+01,1.409586865805443523e+01
2.036750770290649015e+01,2.410594834120849583e+01
2.047805246086187836e+01,2.384639302495465785e+01
3.881551135773403871e+01,6.637268338078950336e+00
1.902133101127326142e+01,2.763873700840732539e+01
1.846983497382255379e+01,2.931392482945117095e+01
1.251767741374686160e+01,6.381936654935167041e+01
1.972982974253026711e+01,2.568936237183126181e+01
6.194555593156250950e+01,2.606031676174062284e+00
3.235021712170951957e+01,9.555328020616110862e+00
1.941061756049228748e+01,2.654124519293562656e+01
3.230889723772482114e+01,9.579784288091387268e+00
3.400524186617257527e+01,8.647852302974746053e+00
1.642659797015524958e+01,3.705994270696882609e+01
8.315133413232514670e+01,1.446310558151315595e+00
2.150924385761482327e+01,2.161472494350613971e+01
1.670548103572674137e+01,3.583290586078273066e+01
1.566348212812879837e+01,4.075898572839003009e+01
5.007961599271412467e+01,3.987291802487502590e+00
1.953698557628341348e+01,2.619901045895482383e+01
1.961472502658293138e+01,2.599175181755768094e+01
2.348281483272612391e+01,1.813425393066358993e+01
1.149952895569701283e+01,7.562056149579413500e+01
2.830575867407599944e+01,1.248102923939497444e+01
4.447760861194097259e+01,5.054953236164545061e+00
2.387959807579516180e+01,1.753662335342912826e+01
6.176276081653266914e+01,2.621480299057100893e+00
1.927028613491819797e+01,2.692921373820481534e+01
2.341614438176554458e+01,1.823766463970778418e+01
1.585472085154542832e+01,3.978165072728259588e+01
1.681678817694512063e+01,3.536013319511473441e+01
2.033682697311640553e+01,2.417873707766565516e+01
2.432779183403720324e+01,1.689641694870746491e+01
2.918986755600762706e+01,1.173642292656355934e+01
1.317535307753549567e+01,5.760702866732020055e+01
2.339798835337664329e+01,1.826597921292215787e+01
9.158721606468172638e+01,1.192148299600185979e+00
4.795447129010133125e+01,4.348523142523963436e+00
2.142182405787655597e+01,2.179149891384289006e+01
3.313875526901392021e+01,9.105999381066117948e+00
1.898406761933992115e+01,2.774734638620527960e+01
2.088201243612817493e+01,2.293270581444899747e+01
2.859577273921495433e+01,1.222915152569019703e+01
2.684025819453703932e+01,1.388118752990488503e+01
2.940087238686179916e+01,1.156856699287727253e+01
2.847572651247372377e+01,1.233247868627559463e+01
1.483246896120796166e+01,4.545410424287827311e+01
4.840785112513226807e+01,4.267449509357559734e+00
2.085013034012284905e+01,2.300289259165473155e+01
1.340413346407946982e+01,5.565734854098592166e+01
3.889620833508292463e+01,6.609756561996111834e+00
1.985951065997209852e+01,2.535495905317204901e+01
3.793916763713713181e+01,6.947433572920407308e+00
2.415045254167288036e+01,1.714547232800769905e+01
2.510839091301933479e+01,1.586215673515938640e+01
2.078302520519971708e+01,2.315167788511540081e+01
7.556925721554652853e+01,1.751094939844977771e+00
4.977275192063946463e+01,4.036609083529164366e+00
3.291073732906774296e+01,9.232616053319263827e+00
3.734357731796589519e+01,7.170809126355253582e+00
2.155653928706928468e+01,2.151998281097318610e+01
2.573586653275811287e+01,1.509810386612840283e+01
4.259642852765205845e+01,5.511294583562538207e+00
4.269736917625692740e+01,5.485266934955490115e+00
1.974933796974822542e+01,2.563863597267567940e+01
4.146410991778882504e+01,5.816413928603165751e+00
1.889001224446369065e+01,2.802434824683353654e+01
2.478770330530086596e+01,1.627524074809289090e+01
2.021732056609636885e+01,2.446542730192142301e+01
2.677131823657858689e+01,1.395277165148905141e+01
1.953931658870893884e+01,2.619275982313096662e+01
1.477043572979979125e+01,4.583670446768255147e+01
4.054248929558322345e+01,6.083859536757139530e+00
3.055051332644341855e+01,1.071427961660707773e+01
3.294136364190021737e+01,9.215456499997911166e+00
1.848357957454081557e+01,2.927034470071293626e+01
2.247261313723504728e+01,1.980126103128264603e+01
7.020065893856330774e+01,2.029166214328371520e+00
2.134058794636723988e+01,2.195771982699948666e+01
3.158541383701642147e+01,1.002367223256367268e+01
2.229535022421287849e+01,2.011737920962925585e+01
2.689865239396888086e+01,1.382098369683331107e+01
4.223512549696297214e+01,5.605991333629575912e+00
6.640072076282469027e+01,2.268059339685195130e+00
2.473637107300279681e+01,1.634285869268976654e+01
2.196795476217337395e+01,2.072147894398469248e+01
2.248501740947098781e+01,1.977941959993996335e+01
2.002331657103149354e+01,2.494181035091342125e+01
1.096954223953830088e+01,8.310420330979184200e+01
2.194861823456107430e+01,2.075800588557081738e+01
3.678387350383675169e+01,7.390691579454092164e+00
4.262749511572779682e+01,5.503264333261769004e+00
2.428444643720069962e+01,1.695678773090419966e+01
1.318280867642867982e+01,5.754188724589938175e+01
2.205872126920010601e+01,2.055130165396422015e+01
2.123613923316260710e+01,2.217424653831950110e+01
7.115479439807162976e+01,1.975111709845884356e+00
1.994818481104056573e+01,2.513004311956305159e+01
1.973240001332409932e+01,2.568267040152376524e+01
3.110415145760372724e+01,1.033625664211100137e+01
2.010281953929943555e+01,2.474491987442412011e+01
2.147921157079863264e+01,2.167521072354762879e+01
4.551722298202307826e+01,4.826679751124460793e+00
2.966991287527456223e+01,1.135971558327975472e+01
2.461299537604768872e+01,1.650711054880957462e+01
3.751285586712578635e+01,7.106237910579750405e+00
2.898131572251782373e+01,1.190594313011451533e+01
1.941527480667242500e+01,2.652851353823272618e+01
5.139574918504213485e+01,3.785694794322012946e+00
2.762334640356636584e+01,1.310531369154811010e+01
3.009590088744587177e+01,1.104041259953327803e+01
1.704403410110729311e+01,3.442351474999656347e+01
3.302496514496780833e+01,9.168858366815896943e+00
1.837288867401351311e+01,2.962409644285394705e+01
1.759488068389509507e+01,3.230184640952403896e+01
2.335551734211507124e+01,1.833247142150706921e+01
2.526154979062122763e+01,1.567039768507206610e+01
3.260798040651184948e+01,9.404857015954904753e+00
5.532695770054292694e+01,3.266829133234130378e+00
1.844132558423762802e+01,2.940463068377856715e+01
8.621070916856670863e+01,1.345480985927814066e+00
4.027652236591143264e+01,6.164474641745741224e+00
2.257635745203513267e+01,1.961969513340972426e+01
6.167415018331218590e+01,2.629018559453483839e+00
2.486990017970880018e+01,1.616783676264830305e+01
1.614244381094729874e+01,3.837615267465834279e+01
2.529935176479870051e+01,1.562360364728319695e+01
2.080295373310459794e+01,2.310734207857527522e+01
6.034090527025391992e+01,2.746479470801486134e+00
1.952209359054024773e+01,2.623899634458546970e+01
1.873104007637084223e+01,2.850205762976652224e+01
1.739539815623685115e+01,3.304694006712060173e+01
5.294121578548476492e+01,3.567895935421906639e+00
1.774309643509519319e+01,3.176443786584496110e+01
2.701365856785512776e+01,1.370355310613960498e+01
5.327053398708039822e+01,3.523918856683008194e+00
2.257423791146378278e+01,1.962337957159392943e+01
1.970285712507617859e+01,2.575974644105483335e+01
2.222256772084550036e+01,2.024937034344343445e+01
1.284406076950382314e+01,6.061711972170461848e+01
1.733739447855582938e+01,3.326843246518745900e+01
4.100508070272748284e+01,5.947365894724195634e+00
1.605776975773123993e+01,3.878194149849267092e+01
2.523893923061096700e+01,1.569848723138831303e+01
1.957333077612743111e+01,2.610180429444866235e+01
3.879832949868381320e+01,6.643148274767298744e+00
1.450309654241010726e+01,4.754211783495228616e+01
3.447120940115281940e+01,8.415636309779172208e+00
5.916538769850102142e+01,2.856699577752703778e+00
2.003114235657238495e+01,2.492232557795615833e+01
1.981977861024508414e+01,2.545671742987918762e+01
1.661679878152811440e+01,3.621640000569907869e+01
2.805304801989547414e+01,1.270690812238851564e+01
1.810943898170250321e+01,3.049228759461406213e+01
2.737081665049561252e+01,1.334825482922682305e+01
3.462943575180970157e+01,8.338907750786805906e+00
1.870682625747967620e+01,2.857589060468876596e+01
1.502277651945470183e+01,4.430977927525365345e+01
1.744199367561888181e+01,3.287060901707386762e+01
1.547094230443734375e+01,4.177981060881610631e+01
2.978822375566519653e+01,1.126965925755512998e+01
2.331310135416861939e+01,1.839924050990333626e+01
2.390490511645135996e+01,1.749951254939012202e+01
3.317685495497436676e+01,9.085097067693228112e+00
2.113063051171464224e+01,2.239623871648482378e+01
2.483560622079758673e+01,1.621251792999482433e+01
7.489545105280680559e+01,1.782744555324109470e+00
1.925339860281481208e+01,2.697647473496085624e+01
2.319905303724485535e+01,1.858058932295469745e+01
3.392483354772281245e+01,8.688894999786553441e+00
4.637777449378008754e+01,4.649221001387917163e+00
2.204933519142145215e+01,2.056880215188143524e+01
1.814400689994762672e+01,3.037621060907812875e+01
2.292149611684950017e+01,1.903329932729619500e+01
2.331015260247810872e+01,1.840389583963186837e+01
3.303219306197554772e+01,9.164846250720367848e+00
2.508651171655519363e+01,1.588983715464654445e+01
4.234780226262717662e+01,5.576198778269620959e+00
2.188667199175685951e+01,2.087567568923583039e+01
3.701587931061976633e+01,7.298336092998525260e+00
3.248748288219778146e+01,9.474752467733525307e+00
1.773171363632583208e+01,3.180523304957718267e+01
3.876108243151381316e+01,6.655921740361781858e+00
3.880950375524626139e+01,6.639323358221880689e+00
4.143582682621818236e+01,5.824356925006160424e+00
2.534739744569528952e+01,1.556443108283220766e+01
1.917139572949311344e+01,2.720774423084850113e+01
2.267466846476500919e+01,1.944993294587513333e+01
1.980933809412140079e+01,2.548355843865580539e+01
2.508163166516932918e+01,1.589602102390425742e+01
2.272924226548146009e+01,1.935664497326916234e+01
5.021681185841881501e+01,3.965534440575762876e+00
1.683351716928827102e+01,3.528988697641188566e+01
2.128777758636224959e+01,2.206679964392475313e+01
7.079880902253422903e+01,1.995023868221468266e+00
2.493195582486370654e+01,1.608745342375459231e+01
8.588824056549437103e+01,1.355603206774744329e+00
2.431492512661798600e+01,1.691430380406022849e+01
1.917555354392502664e+01,2.719594665879873219e+01
1.698915460709361369e+01,3.464626818726482327e+01
6.416749298405125046e+01,2.428677539242094952e+00
2.636565280558979651e+01,1.438543312447976419e+01
2.053411331240305771e+01,2.371636313847058375e+01
1.969282965465332680e+01,2.578598653592889178e+01
1.112978262573391852e+01,8.072845398202606759e+01
2.791908007926461366e+01,1.282914728940238369e+01
5.558533365233608947e+01,3.236529473374023524e+00
1.690631151019116629e+01,3.498664241205417369e+01
2.080611869248989265e+01,2.310031258520139374e+01
1.826408500124059131e+01,2.997810390903736177e+01
2.112066018702830306e+01,2.241738866874113612e+01
2.677845009333758597e+01,1.394534060768979522e+01
5.709172447458983157e+01,3.067988148151857608e+00
2.243001216667854081e+01,1.987654890944677888e+01
4.296743948257078216e+01,5.416528742898538695e+00
3.765724972827985084e+01,7.051845734206813709e+00
2.460443196166057334e+01,1.651860293582512895e+01
1.938347227237315451e+01,2.661563581016940816e+01
1.989716210561575949e+01,2.525909134967614023e+01
2.030188001354739313e+01,2.426204961823630768e+01
2.544110803632966977e+01,1.544998120989467516e+01
2.087800556586561029e+01,2.294150906859186634e+01
1.464341246395024498e+01,4.663536811270859772e+01
2.976040953311687431e+01,1.129073445743833837e+01
1.993540716071921182e+01,2.516226777460192565e+01
4.972512647421241638e+01,4.044345107028643582e+00
3.537010385237258703e+01,7.993322400671147854e+00
2.053912554497503251e+01,2.370478938152645298e+01
1.992330392399957972e+01,2.519284878552729978e+01
1.926792260489082054e+01,2.693582077211609871e+01
2.575493107305990748e+01,1.507576003801347397e+01
1.547505402753223969e+01,4.175761176027398136e+01
4.835003741083401962e+01,4.277661067560011965e+00
4.446617616154251351e+01,5.057552871942794681e+00
6.521529732193751272e+01,2.351262096065630303e+00
1.556395578670437274e+01,4.128193285941930668e+01
5.196278214295760023e+01,3.703524387232898896e+00
2.314851253908678430e+01,1.866181245849661963e+01
8.921849647765228042e+01,1.256290858614318218e+00
1.441914732594751491e+01,4.809731596720742886e+01
2.154039014863360180e+01,2.155226258426854358e+01
8.647865880674426364e+01,1.337156096983170617e+00
1.950198867905966438e+01,2.629312463154880675e+01
2.616669092084780246e+01,1.460502789665842727e+01
2.671158030919704274e+01,1.401524954930400035e+01
5.109606085412026744e+01,3.830232696091410816e+00
1.823908746720773877e+01,3.006033304506766868e+01
2.477180081735562922e+01,1.629614353966978513e+01
3.596716922847029707e+01,7.730142205511186582e+00
3.324339096419069506e+01,9.048766166961129898e+00
1.898405160981873863e+01,2.774739318569004354e+01
1.974464937468817638e+01,2.565081379890250446e+01
2.980433885256186599e+01,1.125747562526932377e+01
5.705100843487029749e+01,3.072368821017557039e+00
2.101413873430064783e+01,2.264523384458579258e+01
2.025715121831169796e+01,2.436931152677582091e+01
1.579086174883780735e+01,4.010405964447180338e+01
1.747015875001182650e+01,3.276470764777466371e+01
3.446337530764012058e+01,8.419462770454721579e+00
2.092853569631240873e+01,2.283086224421254684e+01
3.101693747433465020e+01,1.039446570894244637e+01
5.496506443135874775e+01,3.309988746272373383e+00
4.042201278382452756e+01,6.120179077006815405e+00
3.688709631932194100e+01,7.349386046766939629e+00
4.387744934692408805e+01,5.194183076861770942e+00
2.431096646903452907e+01,1.691981270792304315e+01
2.145794018939483294e+01,2.171820554940712356e+01
1.701514936251006205e+01,3.454048794519278687e+01
2.460875643166780691e+01,1.651279785366843100e+01
1.419546425827663505e+01,4.962503189234572432e+01
2.273833487565596911e+01,1.934116738988000250e+01
2.748588690198070239e+01,1.323672327673896731e+01
7.544434690307893732e+01,1.756898181475862630e+00
1.992376189335833203e+01,2.519169062872300913e+01
8.919878288435887725e+01,1.256846219191665393e+00
2.352179835977834088e+01,1.807419463148943350e+01
3.742905888795765179e+01,7.138092724779369291e+00
2.072498611793050216e+01,2.328152923696161380e+01
2.287355665361113566e+01,1.911316467930665297e+01
2.925049762683964616e+01,1.168781912603090412e+01
6.039452292965120961e+01,2.741605040943597249e+00
2.975628345649635520e+01,1.129386587440000866e+01
3.145249956554231474e+01,1.010856876880332678e+01
2.139782234113647519e+01,2.184041293102710313e+01
2.580783340849884056e+01,1.501401711849315568e+01
1.562753016848169274e+01,4.094673785168272673e+01
4.255600927893194552e+01,5.521768694222891405e+00
3.460671208958978440e+01,8.349862431180042677e+00
1.834929689804012298e+01,2.970032108845752461e+01
1.873638899073896269e+01,2.848578626562986926e+01
2.347091585957722160e+01,1.815264551778983204e+01
4.713915744876599945e+01,4.500247179492929739e+00
2.543303079307342784e+01,1.545979624719922363e+01
4.190637319712735831e+01,5.694293490621038956e+00
2.679087200837897242e+01,1.393241175068232884e+01
5.075777634493157819e+01,3.881457403885128610e+00
1.882640315484365701e+01,2.821404085253730898e+01
2.353542831781425448e+01,1.805326625260910589e+01
1.880860916146824025e+01,2.826745021745621500e+01
2.039619421775506680e+01,2.403818772452790853e+01
1.669281704676777167e+01,3.588729568074452914e+01
1.922728742345256592e+01,2.704979405906343359e+01
5.936621013308968742e+01,2.837405132907475203e+00
3.853813357803465323e+01,6.733155501381325791e+00
6.500586732530855727e+01,2.366436665928491667e+00
3.048999297797092822e+01,1.075685591243430927e+01
2.552537910158452306e+01,1.534813456225970363e+01
5.195754634860556820e+01,3.704270837766006075e+00
2.658936673046654064e+01,1.414438314204390146e+01
2.146303120820529742e+01,2.170790367931242670e+01
2.114811103709371309e+01,2.235922962218612753e+01
3.123937466994440371e+01,1.024696696936859830e+01
2.187900615695953022e+01,2.089030683975997960e+01
1.984333544630008106e+01,2.539631188279352969e+01
6.624672228252501327e+01,2.278616349859029278e+00
2.470039577677340858e+01,1.639049900945641625e+01
1.688675558442406555e+01,3.506772280071114523e+01
1.648123343248069617e+01,3.681464176920230358e+01
1.727537764466531911e+01,3.350772172830105688e+01
2.069716240190839684e+01,2.334416720230527886e+01
2.290633917572603906e+01,1.905849602413285027e+01
1.920571235976628799e+01,2.711060188724066577e+01
1.751819791293392825e+01,3.258525642728562843e+01
3.574053876106847127e+01,7.828486558937337136e+00
1.989972591855849160e+01,2.525258317826848753e+01
2.497997461571014099e+01,1.602566332284693829e+01
3.675211748664817435e+01,7.403469092251302008e+00
4.656676243340815802e+01,4.611560503251306287e+00
2.159285571280166138e+01,2.144765595879232478e+01
3.874936662077525540e+01,6.659947163985201257e+00
2.875970329945950610e+01,1.209013631081748485e+01
2.037856917664997169e+01,2.407978605824004958e+01
1.985535863676768287e+01,2.536556428951230302e+01
2.892220841877775328e+01,1.195465637351766475e+01
5.817267933065581076e+01,2.955029806322111874e+00
5.434948175706363571e+01,3.385393729354793990e+00
3.269097905950485483e+01,9.357161928720683974e+00
2.508232332237199458e+01,1.589514435504843348e+01
1.704332446249652477e+01,3.442638141650899541e+01
2.983017682416584648e+01,1.123798232049731816e+01
5.598480109754120804e+01,3.190507139711243667e+00
8.420982569791792116e+01,1.410179714833757814e+00
2.429559201641485089e+01,1.694123347970369053e+01
2.315376656021974711e+01,1.865334399336414251e+01
1.546137567139358637e+01,4.183152861616218843e+01
3.455127045691688892e+01,8.376680629923209054e+00
2.429239346532646593e+01,1.694569503827825585e+01
1.524760786167609794e+01,4.301268677843300026e+01
2.075362845515846999e+01,2.321731133330379393e+01
1.898658272688943072e+01,2.773999562287072962e+01
1.584336510224530592e+01,3.983869824790760816e+01
7.410516392888271753e+01,1.820971108580319742e+00
3.981729760208656899e+01,6.307488069126947927e+00
2.021838717878350167e+01,2.446284604293112963e+01
1.779055434064640195e+01,3.159519490664359509e+01
1.491238568146690291e+01,4.496822499319829092e+01
2.419407036924972587e+01,1.708370726556074004e+01
2.883508541479972820e+01,1.202700566638026025e+01
2.499105061724160137e+01,1.601146136389144559e+01
1.790128797232205571e+01,3.120552130109933842e+01
3.629540290369369160e+01,7.590960936681526050e+00
2.957140851869428744e+01,1.143552158860714663e+01
1.620368573268849133e+01,3.808661509351809116e+01
2.993925733141021794e+01,1.115624270480616786e+01
1.916562195198975260e+01,2.722413974615199450e+01
2.936995143483148851e+01,1.159293880068178773e+01
7.426774833069143256e+01,1.813007020770498467e+00
3.977276411955031676e+01,6.321620939921491988e+00
3.027481869373899315e+01,1.091030516330623890e+01
2.009221887765209758e+01,2.477103761908596979e+01
2.272644056892858089e+01,1.936141780939684409e+01
2.759657957267250694e+01,1.313074857087757685e+01
3.255370813538287678e+01,9.436241976855876956e+00
8.180121787522047327e+01,1.494446804724876898e+00
1.564872600549123227e+01,4.083589015637672759e+01
1.977295079361138619e+01,2.557743730612817856e+01
2.531451669032835383e+01,1.560489028840039971e+01
1.769249737005144496e+01,3.194638495060137018e+01
2.106806646465020805e+01,2.252945263497959516e+01
2.274638041910222697e+01,1.932748761494464063e+01
2.279880843293617332e+01,1.923869905396049873e+01
6.648803531175269654e+01,2.262106252213453850e+00
2.338886592130449316e+01,1.828023066494215243e+01
2.141781208447711293e+01,2.179966362291900239e+01
1.884080192902876050e+01,2.817093309411201929e+01
9.167662383099987267e+01,1.189824144599395117e+00
5.336231546606367004e+01,3.511807225596268456e+00
1.444588554292772464e+01,4.791943191992592688e+01
3.850213750793719214e+01,6.745751188215628247e+00
4.572517611882110344e+01,4.782877151877862332e+00
2.182225222637215722e+01,2.099910851044207405e+01
3.961709333526976451e+01,6.371398702187465624e+00
4.436601348543590007e+01,5.080414960593803819e+00
1.589396614467909785e+01,3.958543600979547250e+01
9.944751332558263357e+01,1.011141985203176885e+00
2.416454786343147987e+01,1.712547605358994218e+01
2.353797343393802777e+01,1.804936233326456829e+01
1.270486235430414901e+01,6.195267620060364067e+01
1.537213296619802350e+01,4.231864321310328592e+01
3.011676728317749507e+01,1.102511920439422255e+01
4.784143022013905977e+01,4.369097044449635980e+00
1.564852877447217594e+01,4.083691953812908082e+01
2.073099038548658157e+01,2.326804524176946032e+01
1.829534987757255493e+01,2.987573244573265541e+01
3.111882457402223068e+01,1.032651145779694701e+01
1.689721580133811329e+01,3.502431891064792779e+01
3.060013440939038176e+01,1.067955930550648169e+01
3.654260251657491665e+01,7.488607214802840417e+00
1.735243131740083555e+01,3.321079958360925843e+01
2.351595296966964099e+01,1.808318119899313459e+01
1.803546870909175581e+01,3.074292130290073288e+01
2.470454541321959141e+01,1.638499322914782752e+01
2.254855306549470484e+01,1.966811064985354207e+01
2.491326997217866079e+01,1.611159481654967252e+01
2.036182758828402939e+01,2.411939935853330752e+01
2.394395770156485170e+01,1.744247570541883618e+01
4.357077224193890430e+01,5.267559928700045191e+00
2.666706006253327743e+01,1.406208509947809127e+01
5.255558495603550995e+01,3.620447477729535457e+00
3.522740096697935996e+01,8.058213963081362508e+00
2.894281436531596796e+01,1.193764010711574564e+01
2.849740829110260876e+01,1.231371990298917041e+01
2.547562586047422784e+01,1.540814212464139210e+01
1.661689952122022973e+01,3.621596088431879679e+01
2.846572830584623759e+01,1.234114344433250388e+01
2.021130532845914018e+01,2.447999214632079656e+01
2.532937149837497159e+01,1.558659218919824063e+01
8.380981119157931403e+01,1.423673087700129347e+00
5.781812487360276975e+01,2.991382815747436030e+00
2.203012987124303734e+01,2.060468052592493038e+01
2.909667599820481243e+01,1.181172273450857979e+01
2.099724890058678639e+01,2.268167938693063590e+01
8.968816914118623629e+01,1.243167599991412908e+00
6.877377505721402429e+01,2.114239937753857212e+00
1.714869504532200395e+01,3.400461367881344188e+01
4.912019958539122655e+01,4.144572628126849345e+00
2.677623764871091794e+01,1.394764523083808605e+01
4.873266456779441569e+01,4.210752196711619710e+00
1.847171922530193555e+01,2.930794466178251767e+01
1.924677335772039655e+01,2.699504995425926523e+01
3.031117970648595161e+01,1.088414505972252755e+01
7.218865526076633898e+01,1.918943095872795990e+00
1.625683800235205467e+01,3.783797133750189090e+01
2.051871620206530267e+01,2.375196970026431842e+01
1.782143576872246626e+01,3.148579189456702565e+01
1.209549978309985896e+01,6.835217899601846625e+01
4.100930424879294378e+01,5.946140920012542352e+00
1.731234682808804948e+01,3.336476820593882309e+01
1.619174651233473483e+01,3.814280324328313299e+01
2.218733890017833588e+01,2.031372486324537974e+01
2.336683685502943320e+01,1.831471425689748145e+01
2.508406653576352241e+01,1.589293517053227411e+01
2.531744252044536836e+01,1.560128371402123726e+01
2.724329400239577836e+01,1.347351051330147342e+01
2.369979213352889502e+01,1.780372699718946095e+01
2.287596861620935940e+01,1.910913444051859500e+01
2.201884711728002841e+01,2.062580216793771370e+01
9.591546334294531562e+01,1.086982974616834463e+00
2.565786502876129660e+01,1.519004175028474712e+01
1.698328133123903783e+01,3.467023555518186129e+01
2.604083898370118177e+01,1.474653736426084727e+01
1.823026413643707500e+01,3.008943810299805222e+01
7.746334315907023438e+01,1.666508477965659596e+00
2.221609211893947133e+01,2.026117673775274497e+01
2.174973409621086518e+01,2.113937273344498280e+01
1.897318777334194806e+01,2.777917798087842982e+01
2.767816442218950712e+01,1.305345361167800533e+01
1.945515155017069020e+01,2.641987531135703904e+01
2.485724302610490710e+01,1.618430607853608549e+01
7.449129932879834826e+01,1.802141553966348120e+00
1.722718027021129217e+01,3.369547658409965152e+01
2.534659155598445679e+01,1.556542083439240542e+01
2.449443698849705697e+01,1.666729326290501945e+01
2.445603975292445043e+01,1.671967135775272695e+01
2.570768480504727904e+01,1.513122422486428675e+01
5.695098583020193672e+01,3.083170256232097284e+00
1.795245125568828470e+01,3.102790746579971781e+01
9.878387056435011004e+01,1.024773585420752253e+00
2.076875998548207392e+01,2.318349270646206151e+01
2.116581228325921771e+01,2.232184662722098523e+01
2.614441624129304031e+01,1.462992506003973503e+01
1.191823970214601047e+01,7.040050401913251221e+01
1.651052136441485985e+01,3.668414699319891525e+01
8.490669706611276979e+01,1.387126620294096835e+00
2.882296830822225431e+01,1.203712004049377882e+01
3.689603385428441129e+01,7.345825911315376544e+00
1.653235172230802874e+01,3.658733084272974168e+01
2.412046616224356299e+01,1.718812906746746094e+01
1.776475585574798899e+01,3.168702842543076770e+01
2.535490947610320589e+01,1.555520973977293764e+01
2.695817047864785465e+01,1.376002329785449341e+01
2.115162418130753608e+01,2.235180280010537857e+01
2.867836638143866779e+01,1.215881309140901756e+01
3.182578753089460122e+01,9.872830518926337007e+00
1.920345463388754936e+01,2.711697698034008042e+01
1.824424013163002201e+01,3.004335574869144310e+01
5.480174323194449215e+01,3.329747127683410746e+00
3.233428199469217645e+01,9.564748541274578741e+00
2.358813189236422048e+01,1.797268261680020984e+01
3.276217103423205401e+01,9.316540013897633088e+00
3.104930706115106887e+01,1.037280408708052271e+01
1.807802070463861099e+01,3.059836642212829716e+01
2.122443543799309396e+01,2.219870838039298278e+01
2.062029176153891541e+01,2.351854164245575518e+01
2.307699553837042217e+01,1.877765985403703297e+01
1.656211156764710069e+01,3.645596413134528291e+01
1.789505681305297813e+01,3.122725696017298702e+01
9.088139109886570566e+01,1.210737706097331667e+00
1.950080894490150740e+01,2.629630602116298377e+01
2.706776604456328172e+01,1.364882205823055017e+01
1.594419450950969619e+01,3.933641999699682401e+01
2.508023763508530735e+01,1.589778816404786532e+01
1.532859544694805720e+01,4.255937828710786164e+01
1.859973812081758382e+01,2.890588968801547054e+01
5.379005556519360454e+01,3.456177305851708681e+00
2.710920184884275841e+01,1.360713011116061999e+01
3.074838369756712808e+01,1.057682737683204266e+01
7.415215733606025594e+01,1.818663784721036736e+00
6.768701740651547993e+01,2.182675858158200199e+00
1.691883698404001635e+01,3.493485846728929545e+01
1.238817416519753323e+01,6.516064807453932417e+01
1.894133354046319795e+01,2.787269077094437719e+01
8.144617908724674749e+01,1.507504336709008630e+00
2.390244243049830430e+01,1.750311871005441233e+01
1.740650812465843700e+01,3.300476810612005352e+01
1.804984868562353384e+01,3.069395619575437451e+01
3.442555540795181201e+01,8.437972168106860238e+00
2.316003212059478855e+01,1.864325265642041884e+01
3.625313392375640120e+01,7.608672466351722896e+00
4.993667709410043187e+01,4.010150944490118441e+00
2.207121694648299481e+01,2.052803789472985585e+01
1.597711542006339869e+01,3.917448130363774794e+01
2.102589314611046234e+01,2.261992153098725211e+01
2.141618390978249309e+01,2.180297840673129173e+01
2.205715511741124146e+01,2.055422021715745018e+01
1.873360572690149795e+01,2.849425119753330549e+01
3.971422266307279614e+01,6.340271671649564844e+00
2.285562933474791336e+01,1.914316010619809560e+01
3.306837128190928610e+01,9.144803748731670012e+00
1.768074043357387026e+01,3.198888503662979588e+01
1.705880555515175701e+01,3.436392497247036459e+01
2.414682849561265243e+01,1.715061922705096364e+01
9.982086418245127390e+01,1.003592366288527771e+00
1.447702445869732024e+01,4.771351192561458987e+01
1.558348792624944146e+01,4.117851324516478684e+01
3.016694020157309453e+01,1.098847628341206928e+01
2.390779052037962416e+01,1.749528881192440721e+01
2.043698956378338849e+01,2.394231573482677433e+01
1.691239491620358493e+01,3.496147747558689645e+01
1.679653906411301989e+01,3.544544159332480859e+01
2.324282288801968832e+01,1.851067493524972107e+01
2.585962901822732363e+01,1.495393262444495264e+01
2.893421393669457231e+01,1.194473786899409795e+01
8.464507086935148550e+01,1.395714704835338216e+00
3.670240869981534360e+01,7.423536804241559928e+00
2.588468565031116242e+01,1.492499552714269839e+01
1.922155161678589508e+01,2.706594005407072601e+01
4.271906010710331714e+01,5.479697976330514031e+00
2.741625069061323217e+01,1.330405019766607033e+01
5.101223738654796591e+01,3.842830738790032008e+00
5.179086619830368932e+01,3.728152344676610053e+00
1.709941999690795456e+01,3.420087685340664763e+01
3.496745549083189530e+01,8.178467618631819036e+00
2.973911719187915637e+01,1.130690791889294466e+01
1.658759965300847483e+01,3.634401558446285918e+01
2.233079231059639369e+01,2.005357170427484448e+01
3.567892850155756435e+01,7.855546313185734597e+00
1.720237326203217876e+01,3.379272905637537860e+01
2.305247549260685602e+01,1.881762727095021148e+01
7.250885750923652040e+01,1.902032246732384246e+00
1.542573792971195878e+01,4.202503680062971370e+01
1.841893582403406526e+01,2.947616171941005447e+01
2.670195180431725746e+01,1.402535893979786863e+01
2.561409301393661764e+01,1.524200274349466788e+01
2.532390061933059400e+01,1.559332745268083897e+01
2.718262502198090402e+01,1.353372076528866863e+01
1.837681763620245690e+01,2.961143053792806867e+01
1.133889588027019180e+01,7.777830334433151904e+01
4.992940137238346665e+01,4.011319749536174761e+00
1.898180883323271217e+01,2.775395050388238616e+01
5.517914829243854768e+01,3.284354406072386379e+00
1.829412760350524891e+01,2.987972471622218507e+01
4.562871790593677446e+01,4.803120342735868853e+00
1.641429571634144224e+01,3.711551520085996714e+01
2.369889742986416081e+01,1.780507130955859907e+01
4.925773988732586162e+01,4.121459512720927698e+00
1.599564534337628530e+01,3.908377165553484645e+01
1.842726177658546760e+01,2.944953142743440466e+01
3.485438026510148291e+01,8.231619168745174520e+00
2.274015803978504024e+01,1.933806620571150958e+01
1.518114895124717023e+01,4.339010660864511948e+01
1.978853177967279109e+01,2.553717511733405487e+01
2.319480630808151744e+01,1.858739377331352571e+01
8.709405611306455341e+01,1.318326452396862747e+00
2.114112613468273594e+01,2.237400677605038268e+01
1.318896572311430226e+01,5.748817486285545897e+01
5.893427028716087790e+01,2.879149252531208347e+00
2.166411833061703263e+01,2.130678687039123886e+01
1.698083697696028693e+01,3.468021768247799486e+01
2.587349169719532327e+01,1.493791267360330366e+01
1.705931193065132589e+01,3.436188493809077471e+01
2.381886339283764542e+01,1.762616911756559190e+01
8.965099045584467774e+01,1.244198908635735457e+00
1.555138039453137289e+01,4.134872389380843316e+01
1.480019989971345673e+01,4.565252862821834157e+01
1.390680811947529172e+01,5.170649209073764752e+01
1.307343907675153893e+01,5.850868067743447654e+01
1.621601610456573184e+01,3.802871633732041090e+01
1.978491375737904079e+01,2.554651582187024061e+01
2.807028548640706944e+01,1.269130673845539015e+01
2.274557012606319617e+01,1.932886469255084094e+01
1.655436054941974788e+01,3.649011066255604874e+01
4.997014022288329471e+01,4.004781847459172539e+00
3.342449948775960422e+01,8.950971506434322933e+00
7.534375517747662343e+01,1.761592595642396786e+00
1.103412473696469043e+01,8.213423597116104702e+01
5.801549856904281199e+01,2.971063557439775238e+00
1.726788193531558591e+01,3.353681836645762360e+01
1.973572977361902403e+01,2.567400490771748878e+01
4.757659559427366958e+01,4.417873491201322445e+00
2.555816758713421422e+01,1.530877968419028790e+01
4.620857479224773101e+01,4.683330991691710743e+00
1.708079877140874814e+01,3.427548804664427706e+01
2.662904251385190335e+01,1.410226586269315519e+01
2.688414586978252174e+01,1.383590316111884810e+01
3.449842393929615980e+01,8.402363974787418144e+00
1.963261319796973225e+01,2.594440884897905164e+01
2.388464186659834354e+01,1.752921761372021336e+01
1.853041472231969422e+01,2.912257159288588326e+01
1.688568046951905544e+01,3.507218848176884762e+01
2.736803027888293727e+01,1.335097297089048674e+01
1.607462885901474081e+01,3.870063501023160057e+01
8.919424229750495670e+01,1.256974186300999108e+00
1.663751731834017633e+01,3.612625631417092364e+01
2.550733718907661540e+01,1.536985440162232486e+01
1.622408937455938016e+01,3.799087881063164929e+01
2.634117576107479763e+01,1.441218033480213734e+01
2.925199369836730767e+01,1.168662362691752854e+01
2.268050024468234938e+01,1.943993200723350157e+01
3.667869796137882332e+01,7.433137713870352492e+00
1.656537517409826776e+01,3.644160089497665211e+01
2.103730214507270446e+01,2.259539360618480686e+01
1.887025573596932659e+01,2.808306002214148123e+01
4.680821252428818013e+01,4.564107722363848652e+00
1.430716576944292306e+01,4.885317361692159466e+01
7.160930143101553824e+01,1.950119054708970179e+00
1.856663102984033031e+01,2.900906868117813175e+01
2.240702633572401936e+01,1.991734980169807656e+01
2.271144346838439176e+01,1.938699619226909476e+01
2.334741177301883752e+01,1.834520267491474499e+01
3.221357863775992314e+01,9.636560506299442608e+00
1.815833015816200557e+01,3.032830810849675629e+01
1.661738705831138319e+01,3.621383583720432142e+01
2.451731050329453154e+01,1.663620814534290915e+01
2.712140223076228907e+01,1.359489071121840986e+01
3.081195115970985299e+01,1.053323075269902098e+01
4.319773741003773893e+01,5.358928957503930057e+00
2.846783409758320715e+01,1.233931774051343666e+01
6.718481002976905359e+01,2.215428880955624624e+00
1.784325902990583401e+01,3.140882137421227682e+01
1.605789608713409322e+01,3.878133129648205113e+01
4.346639189884784571e+01,5.292889378421729241e+00
1.948358262415807474e+01,2.634282609547720355e+01
2.752758675576147951e+01,1.319665065012287286e+01
8.659671478738627570e+01,1.333512733118444649e+00
3.906307468230295399e+01,6.553407172872719677e+00
7.858170417331822932e+01,1.619411108620969264e+00
2.953947720297651003e+01,1.146025788347611041e+01
2.248686602717747718e+01,1.977616764990944276e+01
1.451988961329699279e+01,4.743221114950307538e+01
4.313119581618694554e+01,5.375476921788575169e+00
1.838043232272062255e+01,2.959978494526263404e+01
1.680886546667888126e+01,3.539347442370627306e+01
3.808247242638574193e+01,6.895245402746572161e+00
2.165207853457553355e+01,2.133048904663465350e+01
1.525834650995212805e+01,4.295216441775167482e+01
2.219532074990523540e+01,2.029911710455581897e+01
1.876667118212851193e+01,2.839393022348545870e+01
2.467231121089380963e+01,1.642783495558163054e+01
1.717185551996201909e+01,3.391294835114452155e+01
2.389918675544653226e+01,1.750788777176852662e+01
1.365434022040344431e+01,5.363626901995127838e+01
3.622509616290531653e+01,7.620455054612902401e+00
2.242984554403531661e+01,1.987684422092472047e+01
5.104680562494028351e+01,3.837627870217775516e+00
2.759326613063352696e+01,1.313390228137813587e+01
1.905414648465266225e+01,2.754361889537534580e+01
2.012124150842546655e+01,2.469963027603234451e+01
2.015103816494545796e+01,2.462663926989041485e+01
1.805767039177969480e+01,3.066737169115118533e+01
1.876037405542113845e+01,2.841299489500385889e+01
1.408866542151777601e+01,5.038024658384913579e+01
1.726216448349851973e+01,3.355903770025265231e+01
3.162898258817351760e+01,9.996076144638633920e+00
3.399491886286619291e+01,8.653105168119388679e+00
2.204249600409634269e+01,2.058156801238887823e+01
1.001133938585699035e+01,9.977359744548570575e+01
2.019786039395545529e+01,2.451259376152374969e+01
1.795551285989898815e+01,3.101732719732743959e+01
4.738120849699227222e+01,4.454384812699363039e+00
1.553564948097844933e+01,4.143250314181403837e+01
1.636964769657385332e+01,3.731825556450574766e+01
2.116651658967073146e+01,2.232036115292783052e+01
1.853853918930067124e+01,2.909705140242802202e+01
2.683337678113362301e+01,1.388830809762357710e+01
3.092485928685859164e+01,1.045645651267137666e+01
1.849910434971022255e+01,2.922123693470905792e+01
1.557519257262296186e+01,4.122238831035698325e+01
1.942795766423337867e+01,2.649388843330333287e+01
2.582160861269555951e+01,1.499800216081345106e+01
2.189959397359335114e+01,2.085104733154770074e+01
1.810042507060450134e+01,3.052266513619710153e+01
2.144004484479447470e+01,2.175447571342052555e+01
7.061439144610237406e+01,2.005457942309555097e+00
2.047948392907134973e+01,2.384305952683985197e+01
5.379064721158430729e+01,3.456101276887976415e+00
1.723371102341414129e+01,3.366994347102736640e+01
2.546287052414023933e+01,1.542358305940518548e+01
1.120891132917031996e+01,7.959268083581848430e+01
5.156206412778384163e+01,3.761312442738721895e+00
3.064842214710616730e+01,1.064593372371666469e+01
1.505401729595919491e+01,4.412606279182939062e+01
1.729135964334657416e+01,3.344580954891783620e+01
1.545738273302097276e+01,4.185314317954595253e+01
4.033421091088057153e+01,6.146853607406426612e+00
2.120868226847473537e+01,2.223169768968517701e+01
1.766391189195152833e+01,3.204986617380187397e+01
3.271640705664155035e+01,9.342622347874799615e+00
1.142626745891263695e+01,7.659337893082715709e+01
1.897022500962346570e+01,2.778785574486366983e+01
2.412336727319220131e+01,1.718399517766169637e+01
3.540358565539671076e+01,7.978210694354352484e+00
3.656658665733603186e+01,7.478786833777963494e+00
2.268579913112554891e+01,1.943085161635288927e+01
1.132539829181091839e+01,7.796380589161691432e+01
1.831195764471423360e+01,2.982156628605737225e+01
4.942569652084301879e+01,4.093496312848187380e+00
2.297735107737734950e+01,1.894087683308714887e+01
1.422201781514907104e+01,4.943989768952263830e+01
2.501769035079796311e+01,1.597738036276817120e+01
2.109945105686843547e+01,2.246247915713768961e+01
1.614521206723479807e+01,3.836299386101546105e+01
1.349500441289088748e+01,5.491031538976447024e+01
4.725472292858646739e+01,4.478262613694298011e+00
1.432403892790577693e+01,4.873814714386178082e+01
3.008459368719504212e+01,1.104871316806027615e+01
8.432358709950862874e+01,1.406377319515504709e+00
1.726096597038432989e+01,3.356369819761075490e+01
2.836227840351946128e+01,1.243133495823817647e+01
1.991689627072730318e+01,2.520906145289018596e+01
6.138922734861727548e+01,2.653479063614966993e+00
2.607666700969055995e+01,1.470604320387258213e+01
2.251510728774232106e+01,1.972658728382416271e+01
2.722604115242149447e+01,1.349059196166858676e+01
1.766364011686164304e+01,3.205085242830116954e+01
2.353030995861056596e+01,1.806112107062851990e+01
3.312959017572140397e+01,9.111038313173652980e+00
2.914774630421108981e+01,1.177036791932045645e+01
3.111817276308861935e+01,1.032694406697484624e+01
2.086923472241745259e+01,2.296079666302592770e+01
1.800673106971525073e+01,3.084112724283749074e+01
1.648859181601947554e+01,3.678179047293572523e+01
3.350958712334623613e+01,8.905572555447818672e+00
1.874904793216235532e+01,2.844733330881712163e+01
2.065406850300077224e+01,2.344168219425992206e+01
2.171933926567457007e+01,2.119858054195639241e+01
3.731938689338812765e+01,7.180108375445461100e+00
2.405878316983209686e+01,1.727637744986810731e+01
2.217330518478092216e+01,2.033944653578133810e+01
3.785542216579879948e+01,6.978206425301003435e+00
1.583346196853774401e+01,3.988854853790809329e+01
1.575053769421537631e+01,4.030966892883025565e+01
2.298260832565306089e+01,1.893221241157293022e+01
1.527320883287381648e+01,4.286861179340113637e+01
2.096213916943213107e+01,2.275772263470808454e+01
2.079876968600734344e+01,2.311663992971670467e+01
6.838412233238447868e+01,2.138402459281413037e+00
1.626320011407426591e+01,3.780837294198096998e+01
1.170705881559798911e+01,7.296328847640990034e+01
1.462009127165655187e+01,4.678426729562001185e+01
2.268132976964881209e+01,1.943851007878190984e+01
2.530206805601934406e+01,1.562024929859053657e+01
7.053638925391661019e+01,2.009895839148005070e+00
1.620192031340528516e+01,3.809491565378627342e+01
3.324597578966333344e+01,9.047359165272654380e+00
3.462349852533925798e+01,8.341767902471042717e+00
4.049755234545936133e+01,6.097368588858707916e+00
1.592398054575498634e+01,3.943635099676833988e+01
1.854110995881699608e+01,2.908898320940173932e+01
3.418982833770174778e+01,8.554727091485117896e+00
1.841063815408265469e+01,2.950273750414783791e+01
2.295800208660245545e+01,1.897281700690375672e+01
2.520504566471080921e+01,1.574073555457257356e+01
3.137058390057985591e+01,1.016142919677018952e+01
1.456216436856206897e+01,4.715721431707961386e+01
1.685000525304152319e+01,3.522085697660027392e+01
1.698401693743514684e+01,3.466723236837554367e+01
4.307066779068446749e+01,5.390596057066448843e+00
2.546771140164792513e+01,1.541772021769602929e+01
1.741349263490899446e+01,3.297829714879438967e+01
1.769205733587874718e+01,3.194797410166769325e+01
2.109971387909382301e+01,2.246191956642236676e+01
1.294752996017687963e+01,5.965215679557228157e+01
1.305986395956303703e+01,5.863037796285588854e+01
1.565334078653132721e+01,4.081181594553306269e+01
2.369425027634644820e+01,1.781205621205494793e+01
2.413021383012092258e+01,1.717424520103368124e+01
3.902086600902121916e+01,6.567592415523822780e+00
1.883419967719547117e+01,2.819068696708264099e+01
2.561873615505851021e+01,1.523647832136541425e+01
5.659141331735555269e+01,3.122474638864074947e+00
1.341539810038312730e+01,5.556391910093891084e+01
1.565272983097013260e+01,4.081500193197736337e+01
1.850588399373613768e+01,2.919983041387641265e+01
1.294195372754385787e+01,5.970357190191067787e+01
2.241171957915486956e+01,1.990900888138007829e+01
3.614577520753842776e+01,7.653937529925239680e+00
1.895088554612936704e+01,2.784459994619761147e+01
1.716611800173980384e+01,3.393562193129812954e+01
1.769363342586115095e+01,3.194228271673908637e+01
1.960431129808607409e+01,2.601937257221060662e+01
2.045849211079075758e+01,2.389201386311503228e+01
1.054856934945969371e+01,8.986961375980470734e+01
1.403616431127948871e+01,5.075783772028815122e+01
1.496368719733957953e+01,4.466041535727710254e+01
2.105298252326165809e+01,2.256174779160519961e+01
3.273838178594927228e+01,9.330084605663609310e+00
2.269481559979157126e+01,1.941541523955859461e+01
1.171361353716472031e+01,7.288165350903121009e+01
2.804078557563966356e+01,1.271802420344306483e+01
3.507939197329600489e+01,8.126356778655916102e+00
1.344218223419612457e+01,5.534271264272079094e+01
3.047643976328541626e+01,1.076642542881314490e+01
2.247859194345170053e+01,1.979072904079383832e+01
7.149947005333471850e+01,1.956114868888948699e+00
1.701322472207720082e+01,3.454830325133925584e+01
3.638921128086334988e+01,7.551873644616080128e+00
1.972969044811165062e+01,2.568972511421058513e+01
1.500519305781677382e+01,4.441368674206734823e+01
2.155110316144491733e+01,2.153084073165710777e+01
2.852730245741732773e+01,1.228792598025351879e+01
2.539716632277822939e+01,1.550349001076552646e+01
1.520153654000275978e+01,4.327379909695996929e+01
1.826525571290869721e+01,2.997426113871367903e+01
1.588396617765729069e+01,3.963529479916220311e+01
1.623788666114319312e+01,3.792634475393751359e+01
1.751799932964435769e+01,3.258599520161344287e+01
3.603819270900332583e+01,7.699703353736238931e+00
2.429668962727282988e+01,1.693970286281017934e+01
1.688335669656647298e+01,3.508184360108391786e+01
2.048179454395823740e+01,2.383768021101707646e+01
1.289040004364797731e+01,6.018208211041849154e+01
1.546437216627414202e+01,4.181531899370777694e+01
1.446700793259194739e+01,4.777960563207652456e+01
2.532958950836155765e+01,1.558632388495828103e+01
3.531284095196263451e+01,8.019267180511070237e+00
6.887942277687561443e+01,2.107759240902395970e+00
1.778277010176948991e+01,3.162286195435926928e+01
1.779000855944415704e+01,3.159713355978361804e+01
9.443283203869087572e+01,1.121383008519498237e+00
1.423270518085820235e+01,4.936567653776159403e+01
1.548163149527098170e+01,4.172213733383308920e+01
1.937716042369738645e+01,2.663297800302298057e+01
2.392570076930862655e+01,1.746910544541186283e+01
1.262759465347127730e+01,6.271316725584448903e+01
2.519267926678040936e+01,1.575619274141865311e+01
2.017128914867531719e+01,2.457721621859367289e+01
2.202003904805327394e+01,2.062356930514390285e+01
3.121036910001783227e+01,1.026602199735123122e+01
2.012982206624588244e+01,2.467857778636047783e+01
1.302672013119622818e+01,5.892910354338179246e+01
3.304946612776392811e+01,9.155268872185152063e+00
2.033118357207992588e+01,2.419216170165834967e+01
2.194219062839046686e+01,2.077016910402168293e+01
6.023628359689832479e+01,2.756028227661183827e+00
2.262027767712335447e+01,1.954358069434341871e+01
3.938065975918490125e+01,6.448133560792132180e+00
1.582426191860274223e+01,3.993494353798334373e+01
3.230963492514715796e+01,9.579346845469737914e+00
2.659244198138760495e+01,1.414111191090188591e+01
2.414967255837796145e+01,1.714657987080603263e+01
3.935012222083540934e+01,6.458145551633287518e+00
2.457486788242133358e+01,1.655837129107821326e+01
3.638380164577487363e+01,7.554119474675506929e+00
1.552657880120298373e+01,4.148092729900257325e+01
2.160886181654298355e+01,2.141589433551475707e+01
3.221478973896304154e+01,9.635835955201182301e+00
2.179259045620309720e+01,2.105631094578706097e+01
2.404889066950039478e+01,1.729059363332311960e+01
2.752179166588939552e+01,1.320220870600579488e+01
2.900098948388315989e+01,1.188979504428760592e+01
1.690279701002100055e+01,3.500119306232520699e+01
2.777166024690568236e+01,1.296571027670900200e+01
1.574948714149794959e+01,4.031504673500531766e+01
4.950376033265945352e+01,4.080596203155534951e+00
2.030363184655297459e+01,2.425786305437362955e+01
2.237136410742395043e+01,1.998090097499400386e+01
1.926904917072423373e+01,2.693267125622169900e+01
3.452552810291494012e+01,8.389176651231007753e+00
2.228595695675872790e+01,2.013434125865703450e+01
1.991596421596526412e+01,2.521142104495645953e+01
3.316835578163255605e+01,9.089753657144733268e+00
5.467046816930140807e+01,3.345757144657735438e+00
1.295610641646584682e+01,5.957320795592918472e+01
2.825685545237705298e+01,1.252426764631988299e+01
2.152092162896442673e+01,2.159127396518331210e+01
1.749079959293798581e+01,3.268742219997852061e+01
3.614630519787306895e+01,7.653713081913108063e+00
7.236107320962187828e+01,1.909809288420696083e+00
1.322246019175080356e+01,5.719729147097580579e+01
6.690533371716273336e+01,2.233976073963404918e+00
2.299879552069184996e+01,1.890557174970036414e+01
2.130851459000909642e+01,2.202387064108970449e+01
3.990244019148155985e+01,6.280599342073144520e+00
1.686711478857683844e+01,3.514943908743165224e+01
3.216451967440872295e+01,9.665979270332616835e+00
2.546334737986332541e+01,1.542300538555302225e+01
1.803718319885356181e+01,3.073707716213974450e+01
2.948899803447282864e+01,1.149952672733272685e+01
2.042351708126629362e+01,2.397391350703127344e+01
1.618989747006913760e+01,3.815151629201299244e+01
1.341726296668910834e+01,5.554847450843277556e+01
1.780426887737477770e+01,3.154653842157189203e+01
3.697553094649155270e+01,7.314272934654540315e+00
3.594548383215206400e+01,7.739471987402996689e+00
1.792466700977316307e+01,3.112417203267418131e+01
3.390369464274338895e+01,8.699733404737106213e+00
2.767915564356961511e+01,1.305251871100450067e+01
2.413578062907997435e+01,1.716632380447313722e+01
6.214777331941247951e+01,2.589100174552606770e+00
1.849966453175428782e+01,2.921946728484618205e+01
1.200605350783753167e+01,6.937443367711888698e+01
1.436726234254588874e+01,4.844533418729755425e+01
1.379759782185281480e+01,5.252826258577914587e+01
1.668265585492561343e+01,3.593102597805984999e+01
1.561222102978806525e+01,4.102708088969315980e+01
1.565239721126949668e+01,4.081673662063715113e+01
3.712337469311949434e+01,7.256130793873966311e+00
2.357018191580615962e+01,1.800006739262038025e+01
1.666182881543285887e+01,3.602090862064120813e+01
1.486078077415365151e+01,4.528107669232607435e+01
2.169527188689116315e+01,2.124563939045140870e+01
1.486288898397766367e+01,4.526823191625642551e+01
1.340622231292854671e+01,5.564000573875569700e+01
3.062567510300008777e+01,1.066175400888142377e+01
2.183890505264553994e+01,2.096709580845415033e+01
2.174726577505865421e+01,2.114417165599043713e+01
2.036533732786848461e+01,2.411108665397717132e+01
3.228600150217692288e+01,9.593376183587428940e+00
2.280481158837579869e+01,1.922857156843303983e+01
1.194117427633189621e+01,7.013033711341780929e+01
3.976536603421438798e+01,6.323973350889584566e+00
3.575026031909035140e+01,7.824229541617188310e+00
5.566639338674850279e+01,3.227110461691805821e+00
1.842747623906734233e+01,2.944884595290000817e+01
3.844274551111973182e+01,6.766610942862246958e+00
1.717490572649161962e+01,3.390090376554832829e+01
1.956806079811161325e+01,2.611586541774368087e+01
1.398370455362503684e+01,5.113938732854474267e+01
1.478286940794163407e+01,4.575963158838211342e+01
4.011110740294095223e+01,6.215423068921346328e+00
9.767337589634037442e+01,1.048208320898716517e+00
2.617898460641652747e+01,1.459131403685722717e+01
1.773742747917737717e+01,3.178474520454789243e+01
1.357239045982686321e+01,5.428593339791808603e+01
6.695732539890282453e+01,2.230508101536978316e+00
1.186904929220100868e+01,7.098525275589049954e+01
2.530569823073798474e+01,1.561576808124625337e+01
1.772024153598137275e+01,3.184642785313337399e+01
1.235373297111125801e+01,6.552447961757187045e+01
1.940306668803822632e+01,2.656190672608492420e+01
2.486478653512151382e+01,1.617448753943141071e+01
3.364171098643750923e+01,8.835758740414000556e+00
5.836653178441974177e+01,2.935433353473165585e+00
2.162385751548057300e+01,2.138620167318217824e+01
3.193033543715935707e+01,9.808284128691083126e+00
1.871726021711745958e+01,2.854404015425068408e+01
1.591581401146940067e+01,3.947683160777043554e+01
2.068121242895066558e+01,2.338018853483892201e+01
1.940705914690400036e+01,2.655097911350181406e+01
3.379472231756426481e+01,8.755929082140175623e+00
2.449879196537076353e+01,1.666136813604253675e+01
2.518060410075335653e+01,1.577130788806754147e+01
6.146014502265691704e+01,2.647359000102891713e+00
5.149036642548298914e+01,3.771794606085022927e+00
1.955540465046123444e+01,2.614968043840080369e+01
4.550115501364457060e+01,4.830089274737765948e+00
2.879621163339283996e+01,1.205949957721121280e+01
1.747937043024567316e+01,3.273018255071625049e+01
6.310435824399228011e+01,2.511199933253708050e+00
2.296790100672351898e+01,1.895646636799867935e+01
1.537329429324192276e+01,4.231224979766409433e+01
1.703146413077425336e+01,3.447434563953275699e+01
1.540758412099457608e+01,4.212412617389274772e+01
2.845387021993256482e+01,1.235143187483587823e+01
1.997050340481459330e+01,2.507390494356095445e+01
3.046048446888996963e+01,1.077770735555410297e+01
1.406909854237834168e+01,5.052047869501905808e+01
1.374764950539694119e+01,5.291065006602102017e+01
4.003096329623554794e+01,6.240335193408736103e+00
4.080379912864094649e+01,6.006186287800109547e+00
1.809762389635064750e+01,3.053211454470244846e+01
1.111783214305033418e+01,8.090209619524988227e+01
2.256671389213321888e+01,1.963646710410239749e+01
1.891397325055643819e+01,2.795338840846420680e+01
1.434307199497152219e+01,4.860888321170911297e+01
1.704397263785265437e+01,3.442376302369572016e+01
3.970579716883820254e+01,6.342962744189463820e+00
3.686529060185071671e+01,7.358082901145442278e+00
1.367884703854499051e+01,5.344425330274637531e+01
2.544225287988134454e+01,1.544859081310163340e+01
1.321083929645653043e+01,5.729796275527674965e+01
2.457178923216850919e+01,1.656252081613020977e+01
2.347743789377004475e+01,1.814256130582302262e+01
3.084907006090611148e+01,1.050789794831726454e+01
1.918655332553247561e+01,2.716477235494479459e+01
2.722771164597728344e+01,1.348893664403424353e+01
2.127415808058005098e+01,2.209506258201377804e+01
2.838181303672320865e+01,1.241422836981585398e+01
1.481395113508174077e+01,4.556781290465426082e+01
4.314629441626595252e+01,5.371715394805030463e+00
2.717348141702725073e+01,1.354283022124281999e+01
3.084723487963499622e+01,1.050914826921073342e+01
1.789089786968948204e+01,3.124177691207261631e+01
1.335831130077404794e+01,5.603983914043229220e+01
1.289054389747594342e+01,6.018073889718426983e+01
1.598855254185709995e+01,3.911845583630879020e+01
1.713064799985419384e+01,3.407629877384900396e+01
2.341657499033555823e+01,1.823699389921847214e+01
2.583448486052691351e+01,1.498305548256045938e+01
2.700049297720061503e+01,1.371692022181631820e+01
4.425195192836061864e+01,5.106638746650500771e+00
9.889396155338900485e+01,1.022493253238088817e+00
5.151447699207587760e+01,3.768264770249828199e+00
1.836811221303593200e+01,2.963950540123726185e+01
2.927632423509993487e+01,1.166720700413096345e+01
1.703051577165181030e+01,3.447818521443635831e+01
2.624196198557178761e+01,1.452136346928804578e+01
2.071858575770517064e+01,2.329591566193062491e+01
3.275872695197901407e+01,9.318499102045054272e+00
3.257196437544912015e+01,9.425667114435476890e+00
2.693267044522141873e+01,1.378609179804486118e+01
2.317818628003571035e+01,1.861405968749922479e+01
4.225239551647871394e+01,5.601409544000325980e+00
3.970029438747020123e+01,6.344721237758792043e+00
1.197935153145217591e+01,6.968404960637926138e+01
3.104052702494505667e+01,1.037867296139311435e+01
3.368748125987363551e+01,8.811765236328657380e+00
3.561568373061349035e+01,7.883470154185246770e+00
4.109117606581604321e+01,5.922469834095466901e+00
2.881547965857084037e+01,1.204337733615674999e+01
2.770199827292240968e+01,1.303100178521251173e+01
2.527127820932392410e+01,1.565833507031503657e+01
1.545872881602550919e+01,4.184585469514883727e+01
1.623221564772685355e+01,3.795284987015272549e+01
1.911581956993686049e+01,2.736617845598210153e+01
1.200589296945566709e+01,6.937628898830902813e+01
2.190236908057210030e+01,2.084576386463392339e+01
3.218306247253744345e+01,9.654844054839012202e+00
2.321495112319558629e+01,1.855514928150214971e+01
3.336778444533234733e+01,8.981425200989978208e+00
2.111160437613490615e+01,2.243662464615861651e+01
1.555000849084123260e+01,4.135602022027408964e+01
3.441341130133673687e+01,8.443928550243569475e+00
2.391698475972613380e+01,1.748184021411501021e+01
8.344242684217448414e+01,1.436237119051550382e+00
2.404024704023769843e+01,1.730302947466190489e+01
1.431119781486158793e+01,4.882564965015973257e+01
1.668715031799409232e+01,3.591167349204435055e+01
1.389198781679194639e+01,5.181687436723279916e+01
4.966790810017441515e+01,4.053668799319241955e+00
1.378396612508818819e+01,5.263220994175356537e+01
1.534097948633171704e+01,4.249069371799623696e+01
1.708791811825771134e+01,3.424693357286425055e+01
1.850801368086823828e+01,2.919311084620004237e+01
1.778338233725325424e+01,3.162068460647894597e+01
2.897473818516559163e+01,1.191134926520407333e+01
3.441887925264924064e+01,8.441245875866778547e+00
3.876489704444841067e+01,6.654611868912426509e+00
1.684764127065017192e+01,3.523074172257686598e+01
1.753458493520719941e+01,3.252437950201463934e+01
2.447622947328661525e+01,1.669209960568064588e+01
2.583717047347391116e+01,1.497994085384750385e+01
1.387392708413653075e+01,5.195187000947315425e+01
3.876652808260283933e+01,6.654051916909120123e+00
1.958274459659310551e+01,2.607671499835758411e+01
1.749457758210084890e+01,3.267330589542611818e+01
5.034151989972005481e+01,3.945911612581472827e+00
2.059653997959031457e+01,2.357281574522658119e+01
1.753024510101067435e+01,3.254048513948366406e+01
2.579076293027894806e+01,1.503389875379745710e+01
2.490484676521269591e+01,1.612249504402813827e+01
2.704822674909281943e+01,1.366854865218725479e+01
4.411457186631265870e+01,5.138494103733903806e+00
3.999072937523468596e+01,6.252898077712401914e+00
1.254429366480845331e+01,6.354883235034820643e+01
1.591159354810866233e+01,3.949777641347586865e+01
2.031287427437618121e+01,2.423579325379703064e+01
2.845576188103476056e+01,1.234978975070507445e+01
9.883094647007709455e+01,1.023797562082124912e+00
1.944396269270887601e+01,2.645029022998928880e+01
1.822220035261382165e+01,3.011607466779549114e+01
3.305947281343979682e+01,9.149727342033541433e+00
2.649646503039563328e+01,1.424374287719555809e+01
5.398721264953817922e+01,3.430980020070199199e+00
2.536529377602038338e+01,1.554247604938044169e+01
1.477030321156840920e+01,4.583752695943104527e+01
2.262142114803446447e+01,1.954160496071785147e+01
7.673706650035013865e+01,1.698203040062043812e+00
2.032169228967739372e+01,2.421476496287560920e+01
2.158185993496890731e+01,2.146951633026257866e+01
1.394678816483485129e+01,5.141047197434841820e+01
1.163508749588904756e+01,7.386874029566837407e+01
1.795532967415469727e+01,3.101796009700192513e+01
1.572175640653536277e+01,4.045739111512533981e+01
2.696493691465932230e+01,1.375311843205361839e+01
1.900540403836197711e+01,2.768508023418511144e+01
9.333271997262254160e+01,1.147974271959221859e+00
4.389095386365387697e+01,5.190987241051856493e+00
1.352586772845706342e+01,5.466001264739897181e+01
1.582408109438125443e+01,3.993585622874766017e+01
1.376431002679898086e+01,5.278263994210283983e+01
1.213051642073640757e+01,6.795812999647647246e+01
2.526021003724517655e+01,1.567205998518160293e+01
1.097831589414845510e+01,8.297142589086990938e+01
1.575886829014742396e+01,4.026706246749606066e+01
2.023348021476373404e+01,2.442636384575620667e+01
1.931957205061932470e+01,2.679199144221633588e+01
2.259891887618370987e+01,1.958054040135637308e+01
1.583367317594252377e+01,3.988748438803787622e+01
2.176454504663898604e+01,2.111061149176619622e+01
2.018111865387846393e+01,2.455328067310960449e+01
2.270404774397135483e+01,1.939962867396897295e+01
1.432329850191737997e+01,4.874318619593542934e+01
9.056038694599499195e+01,1.219336181890801729e+00
1.492764610548730708e+01,4.487633061013362834e+01
1.199674052309839034e+01,6.948218524775977301e+01
1.709640137908631630e+01,3.421295524210392358e+01
1.202681358150372759e+01,6.913513914941796656e+01
1.458932440468970348e+01,4.698179845489995188e+01
2.222392655761139579e+01,2.024689420605653112e+01
1.559229370481771682e+01,4.113201508598000800e+01
1.261744676359954909e+01,6.281408501668989430e+01
1.109508837318909258e+01,8.123411781022602440e+01
2.297682668024790331e+01,1.894174141329426675e+01
4.595490317359168131e+01,4.735177782173133565e+00
2.095173959211457770e+01,2.278032022684068281e+01
3.740682484556644027e+01,7.146580792071094201e+00
1.500731171920265083e+01,4.440114739821407852e+01
2.304555784733752688e+01,1.882892603910488916e+01
1.504970380288745346e+01,4.415136092999290440e+01
1.644552136393914665e+01,3.697470413155105007e+01
2.739839749603250496e+01,1.332139407207357351e+01
1.575097248713402642e+01,4.030744352760919469e+01
2.225079557198622382e+01,2.019802533511732179e+01
2.286085225236914553e+01,1.913441399946614752e+01
2.734781623739920775e+01,1.337071691377040494e+01
1.475973173465192190e+01,4.590321160745372708e+01
1.337118701606350690e+01,5.593196455833213321e+01
2.473844149320868979e+01,1.634012326014962468e+01
2.118824032400830149e+01,2.227461568085953303e+01
1.732641475164274425e+01,3.331061015130764247e+01
7.082004294176687154e+01,1.993827714612510293e+00
2.663649094979094301e+01,1.409438005387676540e+01
1.600677307002075977e+01,3.902944935686210215e+01
1.729895339171950752e+01,3.341645247611668168e+01
1.279222832990098802e+01,6.110934022735878557e+01
1.513644937839360871e+01,4.364675636685429794e+01
4.075053100136268114e+01,6.021898839054935060e+00
2.225279089042630076e+01,2.019440334578877128e+01
1.909065540350083268e+01,2.743837094195206916e+01
1.435791975155130018e+01,4.850840073232191685e+01
2.786905840409971091e+01,1.287524223446854954e+01
1.865289604715566085e+01,2.874136964298821439e+01
2.022441424111363162e+01,2.444826790711875830e+01
2.686691445672575895e+01,1.385365649241377461e+01
3.190254127467060741e+01,9.825381938771998946e+00
4.250897873572010610e+01,5.533993661566366740e+00
1.328938440214161254e+01,5.662266062209872075e+01
1.251058766078071649e+01,6.389171994491720596e+01
1.642189672069087436e+01,3.708116473481454989e+01
2.368139209762158259e+01,1.783140412700390698e+01
2.390369498618647981e+01,1.750128442824034991e+01
2.243673891564903755e+01,1.986463233703722153e+01
2.261967318782073022e+01,1.954462527560010088e+01
1.424678929438633546e+01,4.926812078510094040e+01
1.423548124915178015e+01,4.934642476472109962e+01
1.342243360051979373e+01,5.550568562111022430e+01
1.127227426796148002e+01,7.870039384472570987e+01
1.815596636429289035e+01,3.033620573665011477e+01
1.357992441523860627e+01,5.422571592706964339e+01
2.611245915742584245e+01,1.466575591201879902e+01
4.848668875406499978e+01,4.253583349659132651e+00
2.049168428945246134e+01,2.381467656735780025e+01
1.095644619126874986e+01,8.330298803867408708e+01
1.377070618311667793e+01,5.273361883794562033e+01
1.526034695184806544e+01,4.294090416557596512e+01
4.065655662549291094e+01,6.049769286189937034e+00
2.288545709394024996e+01,1.909329215183207751e+01
1.881077217555311876e+01,2.826094975303697154e+01
2.316780814060020433e+01,1.863073995121339976e+01
2.729751252917068172e+01,1.342004128868858359e+01
1.476281314069456840e+01,4.588405107613880318e+01
1.792816392167705075e+01,3.111203159558199260e+01
4.017127139685599957e+01,6.196819492950199404e+00
1.958414866159415268e+01,2.607297604692043436e+01
2.407383827319910097e+01,1.725477588251713712e+01
3.223912164814334602e+01,9.621296489066482494e+00
4.458567672579147256e+01,5.030478236218758781e+00
4.559744043251621548e+01,4.809711984382091465e+00
1.470429059021017792e+01,4.625001164824053035e+01
2.472994238147426316e+01,1.635135663833813879e+01
1.375022698859124404e+01,5.289081569825783902e+01
5.252470386229081356e+01,3.624705902290711546e+00
2.376033367103951477e+01,1.771311448172454206e+01
1.833677823981347643e+01,2.974088820250545595e+01
1.686392098479941737e+01,3.516275402667409367e+01
1.620677221342442920e+01,3.807210974864712227e+01
1.530987482172609582e+01,4.266352352644585721e+01
1.962027993085493094e+01,2.597703630330352098e+01
4.788025435302898103e+01,4.362014474191413527e+00
9.321570002562417301e+01,1.150858339962097965e+00
2.611231797136024468e+01,1.466591450429515220e+01
2.037188233094228451e+01,2.409559650104452544e+01
1.709893298925806349e+01,3.420282508326034332e+01
4.022679568315152210e+01,6.179724593174996450e+00
1.675831176079292817e+01,3.560733487825279298e+01
1.680121401941970660e+01,3.542571887552957577e+01
3.816928006380592109e+01,6.863917627356884488e+00
1.259506421708021762e+01,6.303753578994982831e+01
5.410660091472613686e+01,3.415855550008365604e+00
1.853479708003857240e+01,2.910880176977897094e+01
1.635002714173138116e+01,3.740787550313953602e+01
3.305697870234843094e+01,9.151108066965489840e+00
1.431499241427537861e+01,4.879976780263736913e+01
1.313127834303631580e+01,5.799439012439094654e+01
1.917189807152279357e+01,2.720631845502288115e+01
1.710152927869899742e+01,3.419244078469920822e+01
1.599105084989678183e+01,3.910623371039876162e+01
1.628913957178980709e+01,3.768805377942511825e+01
8.065138159036021648e+01,1.537362831973340560e+00
1.801311741071190653e+01,3.081926239451388128e+01
1.413451692587966058e+01,5.005391589385332196e+01
1.115868808303433468e+01,8.031075782938593477e+01
1.815704655770188580e+01,3.033259633964318525e+01
4.641576859084439377e+01,4.641612782762135403e+00
7.169780266247977352e+01,1.945307710059182682e+00
1.782893533050381052e+01,3.145930910415965798e+01
3.176210735956825815e+01,9.912458480563074659e+00
2.683652778318795740e+01,1.388504690686560217e+01
4.351573128266044677e+01,5.280893723317802824e+00
1.416062202876688758e+01,4.986953724077324779e+01
2.312756174902352768e+01,1.869563848906289039e+01
2.316797134243439515e+01,1.863047747158771017e+01
4.095931467950992300e+01,5.960663937058438222e+00
2.025375990845102692e+01,2.437747305390358932e+01
1.672446687459533621e+01,3.575159604935051760e+01
4.767479097556680045e+01,4.399693316701669410e+00
3.157862604954191710e+01,1.002798184813242521e+01
5.874329604334248245e+01,2.897899889891200065e+00
1.511585048675762444e+01,4.376579530622441183e+01
1.589180017217895013e+01,3.959622733713484877e+01
1.403259362031967150e+01,5.078367237582670413e+01
9.860683309862352530e+01,1.028456619859043242e+00
1.527340168060157843e+01,4.286752924972715562e+01
2.717881867153125341e+01,1.353751178299079427e+01
2.182855628231072842e+01,2.098698123665586834e+01
1.918235072034582345e+01,2.717667656008172727e+01
1.358704865328104816e+01,5.416886537219674835e+01
1.471808725238777882e+01,4.616334322433909421e+01
2.148429266654805758e+01,2.166495943910415534e+01
1.186287504007221827e+01,7.105916315318215482e+01
8.798869751374550674e+01,1.291654085982092415e+00
2.422252427704177791e+01,1.704359478852467547e+01
1.690854965746862248e+01,3.497738081629330509e+01
1.543155479764775251e+01,4.199336040518736013e+01
3.962421256344586595e+01,6.369109426848316602e+00
1.467679960426140973e+01,4.642343490583523646e+01
1.534510926473088155e+01,4.246782603640943421e+01
1.402077482807393594e+01,5.086932450992381405e+01
2.122899111664700911e+01,2.218918184846891961e+01
4.772069972269439120e+01,4.391232114265260833e+00
3.040281165478807068e+01,1.081863582464719009e+01
7.388859347717381354e+01,1.831661432269019008e+00
1.864515565852833490e+01,2.876523810008148985e+01
6.951933469780871633e+01,2.069134802366803694e+00
2.785046406126206620e+01,1.289244026661235054e+01
1.972377415932124833e+01,2.570513906353071931e+01
5.384506497091841482e+01,3.449119086382418597e+00
3.033050158550367215e+01,1.087028210743639889e+01
5.701124457801014245e+01,3.076656109949874374e+00
1.485467410614363892e+01,4.531831390637236012e+01
6.830634596212631493e+01,2.143274974911618003e+00
3.128800519306296479e+01,1.021513827983644873e+01
1.091385745253073480e+01,8.395439683209366422e+01
1.957204863216169599e+01,2.610522420900842278e+01
2.100122385483722454e+01,2.267309416292333779e+01
1.794098559696503514e+01,3.106757853887404863e+01
1.333343514846097655e+01,5.624914094470031500e+01
1.429757593466913157e+01,4.891873032137311128e+01
3.158956649732585120e+01,1.002103704794333616e+01
2.349821465138010979e+01,1.811049274568604517e+01
1.462057018626878069e+01,4.678120239432241334e+01
5.101938180250406418e+01,3.841754565070001792e+00
1.486897422857066786e+01,4.523118673876221862e+01
2.974141794210079937e+01,1.130515861664142818e+01
1.486354291524741278e+01,4.526424879307259630e+01
1.820846199181150027e+01,3.016153722100594337e+01
9.040088572229535657e+01,1.223642714609092685e+00
2.072211579431023409e+01,2.328797936513543476e+01
2.565783080797135085e+01,1.519008226934331596e+01
1.946901402785869450e+01,2.638226533858415479e+01
1.994419362774819504e+01,2.514010205158745137e+01
4.581054486195706232e+01,4.765067812672224790e+00
1.504891785148712025e+01,4.415597278719648955e+01
4.450228019015475667e+01,5.049349968033082448e+00
6.770255153526123593e+01,2.181674357410726017e+00
1.243547304976562984e+01,6.466590780262326632e+01
2.571375632380616594e+01,1.512407951489046454e+01
3.402853693213408803e+01,8.636016158759522554e+00
3.943417033509573599e+01,6.430645720549938105e+00
1.294201018256014102e+01,5.970305103092928789e+01
1.536456797198419366e+01,4.236032601274467169e+01
3.591186107097412616e+01,7.753971054182065004e+00
1.219332190346227840e+01,6.725985417035801106e+01
2.099821467828512311e+01,2.267959302323773230e+01
9.678767392605659836e+01,1.067480362936779725e+00
1.401753576318048644e+01,5.089283621451188822e+01
1.705616217362807774e+01,3.437457731060265331e+01
2.321952931391160746e+01,1.854783297148265220e+01
1.637093792940506276e+01,3.731237351408665859e+01
1.260433926271180738e+01,6.294479615663136229e+01
3.712720153599511974e+01,7.254635036574542006e+00
3.853677330293708536e+01,6.733630845039773050e+00
7.751689199973671407e+01,1.664206817741701760e+00
6.425366724653937922e+01,2.422167431424720352e+00
3.835611014779819072e+01,6.797213100108183248e+00
5.627196157214434891e+01,3.158027381461469218e+00
2.521496189495062623e+01,1.572835734307898292e+01
1.538069522790527799e+01,4.227153969318042215e+01
2.070861617787258169e+01,2.331835138570833621e+01
1.323435547288441683e+01,5.709451773250719242e+01
2.285155659954778073e+01,1.914998432137598527e+01
2.267540422913072362e+01,1.944867075577169402e+01
1.392572761247194713e+01,5.156609065394665947e+01
3.290226877831161545e+01,9.237369338890625059e+00
4.391761473481611944e+01,5.184686614978322616e+00
1.580294937078109818e+01,4.004273219181296639e+01
3.241331505477069186e+01,9.518162145842715915e+00
2.970767877706191484e+01,1.133085185301399811e+01
2.927781073401940048e+01,1.166602229462629126e+01
1.510667407791989092e+01,4.381898170671971826e+01
2.169126279451953465e+01,2.125349357606789624e+01
5.462045373470014908e+01,3.351887183974250561e+00
3.038542984288406856e+01,1.083101684276558885e+01
1.972368436349633214e+01,2.570537311913398071e+01
6.949498135438038560e+01,2.070585243209676296e+00
3.075159779265207050e+01,1.057461655497006348e+01
2.410497773042945369e+01,1.721022431233742722e+01
2.087209160512825790e+01,2.295451154172778274e+01
1.686465611767588513e+01,3.515968859409787939e+01
1.653471479264536725e+01,3.657687378203205242e+01
2.374172797366637866e+01,1.774088785888658037e+01
1.907412966653507880e+01,2.748593649149312412e+01
2.980047564727631126e+01,1.126039455574389336e+01
3.058066138171776416e+01,1.069316460751843145e+01
2.121513837689320070e+01,2.221816882093326839e+01
5.560634527377590786e+01,3.234084001243910045e+00
1.523596254321532761e+01,4.307846376617541040e+01
1.421063512885190505e+01,4.951913190039844181e+01
8.822665922122344284e+01,1.284695878366741484e+00
4.761283051121780829e+01,4.411151758266396605e+00
1.414842918308944952e+01,4.995552750404808506e+01
5.552048602393389132e+01,3.244094386642330186e+00
2.809377086129315515e+01,1.267009666207970930e+01
1.892397560489298769e+01,2.792384643380177067e+01
4.915948086361815683e+01,4.137951766282427890e+00
2.009967168741278698e+01,2.475267118931555999e+01
3.833163985709285271e+01,6.805894329101731977e+00
2.098648448896858199e+01,2.270495318005735896e+01
1.395966737443019667e+01,5.131565298090397675e+01
4.176089751643742431e+01,5.734035168590190246e+00
1.542029614591589848e+01,4.205470309424625697e+01
2.365059097637814034e+01,1.787787948835370955e+01
1.613810961232503161e+01,3.839676874526183781e+01
1.919747602541081122e+01,2.713386951691709825e+01
1.847782658926608690e+01,2.928857390913708514e+01
3.102932583973991143e+01,1.038616744719782048e+01
1.513641077884159003e+01,4.364697897542584570e+01
3.598272141923969514e+01,7.723461517610650695e+00
1.632195586361304507e+01,3.753665784768116254e+01
9.553422110384646260e+01,1.095675790355082668e+00
1.435326542645714731e+01,4.853986541521841502e+01
1.793390933518291774e+01,3.109210031899963056e+01
3.133353652150684709e+01,1.018547224537622320e+01
1.440081841136488983e+01,4.821982742305625891e+01
1.334106227494931929e+01,5.618484371436380087e+01
2.572201074572091173e+01,1.511437416927005728e+01
1.871099901623612638e+01,2.856314654952729626e+01
3.696749081227557099e+01,7.317454872616856676e+00
1.316207312476125324e+01,5.772333322633279806e+01
5.168509782121308405e+01,3.743426538148888483e+00
1.645423575872476718e+01,3.693554985546578706e+01
3.193137064401840775e+01,9.807648174880634784e+00
8.806888128721391240e+01,1.289303140932217762e+00
1.879295058254326634e+01,2.831457560105194560e+01
1.778073222951210397e+01,3.163011104232834825e+01
1.653338262686862947e+01,3.658276833169832543e+01
3.517653818035947921e+01,8.081534025553258616e+00
1.884737015005576666e+01,2.815130163655904383e+01
1.303284896509603996e+01,5.887369251740610565e+01
2.892038021814862958e+01,1.195616784749800310e+01
1.734531013701829494e+01,3.323807481139165532e+01
3.826839590182672168e+01,6.828408330070933729e+00
1.812066551956276683e+01,3.045451671044389030e+01
1.574157167175628302e+01,4.035560085123577068e+01
2.312180767851775443e+01,1.870494480361617562e+01
3.000525153384528210e+01,1.110722210723209535e+01
1.526534871580009955e+01,4.291276919353775554e+01
1.476949494027570431e+01,4.584254408034015427e+01
1.295399209980608468e+01,5.959265630887573906e+01
4.993776825183939394e+01,4.009975699997410103e+00
6.688134934697147571e+01,2.235578616883146630e+00
2.818103645264046264e+01,1.259174953833686139e+01
4.423897286032354970e+01,5.109635612542850147e+00
4.605893234314724793e+01,4.713812097147223490e+00
1.404171055826273395e+01,5.071774860064070367e+01
1.996866343870546601e+01,2.507852590990341568e+01
1.252574655705595141e+01,6.373716757781907916e+01
1.759228084420059801e+01,3.231139444125731330e+01
3.718959355589033322e+01,7.230313628011144189e+00
2.032145999097478040e+01,2.421531857375180152e+01
2.476883796718818687e+01,1.630004246455992600e+01
4.834544396394910137e+01,4.278473973213978709e+00
2.119679639184532505e+01,2.225663705286939376e+01
1.521358467432549588e+01,4.320528636824453628e+01
1.535363753059949055e+01,4.242066114483774442e+01
1.514651207101384678e+01,4.358878156750481025e+01
2.882810392692573487e+01,1.203283168683410587e+01
4.717912772546126376e+01,4.492625167901151961e+00
1.896731931304897500e+01,2.779637031253992419e+01
9.010394784418538450e+01,1.231721041558109464e+00
2.824431664267937947e+01,1.253539018603092181e+01
1.236084907639445873e+01,6.544905682502142952e+01
2.245045113306172269e+01,1.984037402956584017e+01
1.435028599311340436e+01,4.856002338375795802e+01
6.243216309995074909e+01,2.565566259558820672e+00
1.819014186075648709e+01,3.022232196638556445e+01
1.524774113299065625e+01,4.301193488578108060e+01
1.803547437323433300e+01,3.074290199292766701e+01
2.802924672244565940e+01,1.272849766513623138e+01
1.132172793804664401e+01,7.801436374529104967e+01
1.641675967400716019e+01,3.710437485438946226e+01
2.207283830208477227e+01,2.052502224025247202e+01
2.274480426555210855e+01,1.933016639321578722e+01
1.660833118381004425e+01,3.625333858525649333e+01
1.615029698664637436e+01,3.833884049429830299e+01
1.362990629841687351e+01,5.382874563290643977e+01
7.126691064345747861e+01,1.968902154188191700e+00
3.874495800656480071e+01,6.661462860976734568e+00
3.398156858373857148e+01,8.659905564126358257e+00
5.713125747537090859e+01,3.063743718047156950e+00
8.745023285561815385e+01,1.307609477164633383e+00
1.654662951877772770e+01,3.652421695195339169e+01
7.081453935874385763e+01,1.994137640310515103e+00
1.268149725512233061e+01,6.218117665292859897e+01
4.431243766672627515e+01,5.092707307795173222e+00
1.787418423445257076e+01,3.130023080140436065e+01
1.502273386589762261e+01,4.431003089022592434e+01
5.195686217423866538e+01,3.704368394998510894e+00
2.976124898682893871e+01,1.129009752749724527e+01
1.961234258610016568e+01,2.599806697982067050e+01
2.019313920146015917e+01,2.452405727904215738e+01
2.925588776909066624e+01,1.168351276522710691e+01
1.757867703715858454e+01,3.236142415135739725e+01
3.096364435607700827e+01,1.043027739846932178e+01
1.999181734412670863e+01,2.502046920075840220e+01
1.940282671122284697e+01,2.656256377274108260e+01
3.072582254040684191e+01,1.059236564745566334e+01
2.882063220270012849e+01,1.203907149818949662e+01
5.356477980914373660e+01,3.485309515885519627e+00
1.662653387082180956e+01,3.617400191200553650e+01
6.191984963796665653e+01,2.608195935992768000e+00
9.111800794674951476e+01,1.204457740661231790e+00
5.530085265546154005e+01,3.269914107381784341e+00
4.785299914481484507e+01,4.366984757004773954e+00
3.103561183574881710e+01,1.038196061565441575e+01
1.226611754607005977e+01,6.646388992274495422e+01
1.259995260248262916e+01,6.298863211501053883e+01
1.325887716424548124e+01,5.688352558639537193e+01
1.864071607927834151e+01,2.877894151803910461e+01
9.064779933955712465e+01,1.216985684591025629e+00
4.923592706820654286e+01,4.125112152993879455e+00
3.157216629450453382e+01,1.003208577515262334e+01
1.520497006736440149e+01,4.325425746070503408e+01
3.074065290362536729e+01,1.058214785944248604e+01
1.510196916696852476e+01,4.384628894316767855e+01
8.034428543317702065e+01,1.549137670542072076e+00
1.160100748373416124e+01,7.430338276866206115e+01
3.512316546016342755e+01,8.106113881787154085e+00
2.490531848442645213e+01,1.612188431353964901e+01
2.310619762409457323e+01,1.873022666440596140e+01
2.438743904045565003e+01,1.681386694488650946e+01
1.614359199753791074e+01,3.837069398653574126e+01
1.585651350503545309e+01,3.977265623000418060e+01
1.877325714453577987e+01,2.837401161756046619e+01
1.573081181865697964e+01,4.041082607990798437e+01
1.893555127055636333e+01,2.788971610348146868e+01
1.338356378756921394e+01,5.582856354116061937e+01
4.860950472206060624e+01,4.232116436721648611e+00
3.241203623652288002e+01,9.518913239632214029e+00
1.789174754199967765e+01,3.123880966223984501e+01
1.946915696158324494e+01,2.638187796674137786e+01
3.109100301069402050e+01,1.034500093762677864e+01
2.093337968927032122e+01,2.282029732426216384e+01
4.497149548551643505e+01,4.944533689098291163e+00
2.327919210485626067e+01,1.845288144648067785e+01
1.243678949712055548e+01,6.465221861735740561e+01
1.450518005772811314e+01,4.752846097357110722e+01
1.986043430865074555e+01,2.535260074322901858e+01
1.553272001823690474e+01,4.144813291170986957e+01
2.184273038573582326e+01,2.095975248637777000e+01
1.546959777785701995e+01,4.178707343592397194e+01
1.730746601088396730e+01,3.338358901963477621e+01
2.672648655103398241e+01,1.399962037638717582e+01
3.581585276157236564e+01,7.795597506078010497e+00
8.267685279279204735e+01,1.462958907234604533e+00
1.987569781249604262e+01,2.531367673297957666e+01
1.993614278861862843e+01,2.516041087330658854e+01
1.138084891341232563e+01,7.720593452972538273e+01
2.397945180106012231e+01,1.739087763075412596e+01
2.309060269925543096e+01,1.875553523853682591e+01
1.852220556864108048e+01,2.914839191367232729e+01
1.409808509687167977e+01,5.031294566707240534e+01
5.955031429215848959e+01,2.819888160677487932e+00
2.265750755792019433e+01,1.947940705191230037e+01
4.647893538449775264e+01,4.629005068672196188e+00
2.330727453036264762e+01,1.840844128828080883e+01
1.462013249735493403e+01,4.678400345240606129e+01
4.176465998321062045e+01,5.733002087270743452e+00
8.639802514733631256e+01,1.339653147169465486e+00
1.846397583566316669e+01,2.933253204474825182e+01
1.481478152877198262e+01,4.556270474105910750e+01
1.668320996958794922e+01,3.592863919785141746e+01
2.437537415436944954e+01,1.683051551745258223e+01
2.526665597446472589e+01,1.566406460749504603e+01
2.365713527851026399e+01,1.786798969732087272e+01
1.526825344344849533e+01,4.289644276163512160e+01
6.442257266048747510e+01,2.409483030392256531e+00
2.610167846320667095e+01,1.467787311600843836e+01
1.317400819054567052e+01,5.761879105532319301e+01
1.788938002457820176e+01,3.124707862627383292e+01
1.410036040038389693e+01,5.029670948836036359e+01
4.833725720547293037e+01,4.279923364482466575e+00
7.517368197056414658e+01,1.769572479076874094e+00
1.782052244125135942e+01,3.148901936174104677e+01
4.298812116495468416e+01,5.411318188130987750e+00
3.447760614048017658e+01,8.412513840216819361e+00
2.015031521270698889e+01,2.462840640883407062e+01
1.823157338228974922e+01,3.008511669236370167e+01
2.614243963628004863e+01,1.463213745313167458e+01
1.883095310480903706e+01,2.820040830141195443e+01
2.847820579380356421e+01,1.233033147563766541e+01
1.805379826895367401e+01,3.068052798795962843e+01
4.019419301323936367e+01,6.189753764916181566e+00
1.491295726126728027e+01,4.496477799927921382e+01
2.342405354036682041e+01,1.822535078209733328e+01
2.796439112883900435e+01,1.278760651845344221e+01
2.974122009629162022e+01,1.130530902645559266e+01
5.336517209980881660e+01,3.511431262093194672e+00
3.830762900106899593e+01,6.814428742047785370e+00
2.583589296500907651e+01,1.498142231797986490e+01
3.391298194556224388e+01,8.694969093814030714e+00
2.638859141767478533e+01,1.436043456017831588e+01
2.863661175117886160e+01,1.219429612095189164e+01
3.463328560601659234e+01,8.337053939102576194e+00
5.986322756135874812e+01,2.790485327002283356e+00
2.298428103648206289e+01,1.892945687927471354e+01
1.577306643668344321e+01,4.019460219611092100e+01
2.645378735129448344e+01,1.428973857766211175e+01
1.407392069603476159e+01,5.048586491809984267e+01
1.464626310811970455e+01,4.661721632861303277e+01
1.402888206632747270e+01,5.081054711531302104e+01
2.599608834826769410e+01,1.479735154148899490e+01
2.891627114979342750e+01,1.195956608659655807e+01
3.578020129676076522e+01,7.811140343868031799e+00
2.039636066472439069e+01,2.403779539304927937e+01
3.210624860485955168e+01,9.701097548293253325e+00
5.975946071931225845e+01,2.800184586124771169e+00
1.594061970490441027e+01,3.935406495503679025e+01
5.917587730583642980e+01,2.855686901563326163e+00
1.194566333044866369e+01,7.007763853703616519e+01
1.859246959172782709e+01,2.892849500871865942e+01
2.907167620920706241e+01,1.183204612690439639e+01
1.845853113192159256e+01,2.934983900164223058e+01
1.281421826605922476e+01,6.089978589458900871e+01
2.348875850887787209e+01,1.812507758398327695e+01
4.752514937355112323e+01,4.427443410084543451e+00
1.560816622683345578e+01,4.104840028558798082e+01
6.321209114816110031e+01,2.502647508677728894e+00
1.500331978614500272e+01,4.442477816668368007e+01
2.235374018860217404e+01,2.001241969086861161e+01
2.205667051871293793e+01,2.055512340495028667e+01
1.852032908276470025e+01,2.915429886234876733e+01
1.463796861410905592e+01,4.667006188151309942e+01
1.925585739455047118e+01,2.696958589101608084e+01
9.107973105319196350e+01,1.205470316955293608e+00
3.076686814776567402e+01,1.056412227414720029e+01
2.194659935775983328e+01,2.076182513641690974e+01
1.924025421568825678e+01,2.701334642551334042e+01
1.185783085017486549e+01,7.111963157354588816e+01
1.285375523322324121e+01,6.052571781610186008e+01
1.930909532205959778e+01,2.682107292597059356e+01
1.500356081501380245e+01,4.442335082977984939e+01
2.399788367406075551e+01,1.736417333029423915e+01
1.920038892275200837e+01,2.712563716482920384e+01
2.315254195636149959e+01,1.865531730248769549e+01
1.843852010537066022e+01,2.941357937872470529e+01
2.702105760302627502e+01,1.369604938878526212e+01
2.113743646760928740e+01,2.238181849354598185e+01
1.725500360027572100e+01,3.358689770200249569e+01
1.958816223582745053e+01,2.606229254300310316e+01
7.198395069676541880e+01,1.929872613976912232e+00
1.935640100441942479e+01,2.669013549184986545e+01
2.332054833380451342e+01,1.838749148151469015e+01
3.027066761447007082e+01,1.091329767390971206e+01
2.063066611319942112e+01,2.349489448789428181e+01
2.129082516519470758e+01,2.206048279167949033e+01
2.807111702710134793e+01,1.269055484948014723e+01
1.703342469596246289e+01,3.446641002900707207e+01
1.398701345811264574e+01,5.111519412488277680e+01
1.623775961918673616e+01,3.792693821707534596e+01
2.985985590706203752e+01,1.121565352875621890e+01
1.898672419484454466e+01,2.773958224921073779e+01
2.331003362414486446e+01,1.840408371327253079e+01
1.623817048852266254e+01,3.792501893450790362e+01
3.061391179210712821e+01,1.066994908199664138e+01
1.912676620539492944e+01,2.733486298404844206e+01
4.211881479987764010e+01,5.636995864956198865e+00
2.332958221996680948e+01,1.837325390607056264e+01
2.349886471604775195e+01,1.810949075441984490e+01
1.356736397659997451e+01,5.432616492418375742e+01
2.283469213628015027e+01,1.917828104317568716e+01
2.909172661882009692e+01,1.181574213636322845e+01
1.900187734693763986e+01,2.769535772348827507e+01
2.664193529853411135e+01,1.408862019604342919e+01
3.861435745165189104e+01,6.706599542492083010e+00
2.130075806219222301e+01,2.203991325026229831e+01
3.100162169731620665e+01,1.040473863242472596e+01
1.540813166063644601e+01,4.212113240155775173e+01
1.624891680337061572e+01,3.787487166255660043e+01
2.496312587044372933e+01,1.604730351664564836e+01
1.601106031699465504e+01,3.900855049286580112e+01
1.126202835409054082e+01,7.884365831424717896e+01
2.663490304773487694e+01,1.409606064285125626e+01
2.502346554095924347e+01,1.597000634321815582e+01
2.001924298697332816e+01,2.495196187345718286e+01
1.257579496783326078e+01,6.323086219084219550e+01
2.411062730847309155e+01,1.720215989222260333e+01
3.163675372426859056e+01,9.991165948845983635e+00
1.314437464892176344e+01,5.787888308421434402e+01
4.067535856134411887e+01,6.044177641098579912e+00
1.957885333671648098e+01,2.608708142346465664e+01
2.858742013450815733e+01,1.223629873872266138e+01
6.174849938217017353e+01,2.622691353153483895e+00
1.779618243497682073e+01,3.157521392254096071e+01
1.281867727186479300e+01,6.085742500773164210e+01
1.746804671340490600e+01,3.277263119487241028e+01
2.352160398037808520e+01,1.807449335819464054e+01
8.993927748703255531e+01,1.236235501290090300e+00
2.799382211428658351e+01,1.276073244436660481e+01
3.412241236120405574e+01,8.588563796537471262e+00
1.582569254875692444e+01,3.992772368938525318e+01
1.426834597796922566e+01,4.911936422823369952e+01
1.444923663597308661e+01,4.789720737508650217e+01
1.802861305266964109e+01,3.076630668237074673e+01
8.952166029890298660e+01,1.247796444094285695e+00
2.432019842724109537e+01,1.690696960905733093e+01
3.431496718212156338e+01,8.492446590374653326e+00
1.608985609789073123e+01,3.862741807709254260e+01
1.532440082543248039e+01,4.258268032917194290e+01
1.416515444637308541e+01,4.983762888309556160e+01
5.981938916008876816e+01,2.794576817801518231e+00
4.824290717266323725e+01,4.296680471623040454e+00
2.022964894055484564e+01,2.443561689409099102e+01
3.525973746510594964e+01,8.043440459146841803e+00
1.608255985164308299e+01,3.866247457151927591e+01
2.933039832991399010e+01,1.162422687909233865e+01
3.661505519882188509e+01,7.459000111034618463e+00
1.377017563362657704e+01,5.273768245112044184e+01
2.137131611557997246e+01,2.189462259308230685e+01
9.075801557290495225e+01,1.214031672587223110e+00
1.399019130779846876e+01,5.109197529228329415e+01
2.132671923857886398e+01,2.198628720415004167e+01
2.940911767944632871e+01,1.156208105547566589e+01
2.050634811024554338e+01,2.378062961874254100e+01
2.076168484203154208e+01,2.319929628755092565e+01
4.037699893417968866e+01,6.133832711160247975e+00
1.849566286000561632e+01,2.923211234294491234e+01
1.849821403057439184e+01,2.922404983896600328e+01
1.280095717941388678e+01,6.102602889959058530e+01
2.900228148838464648e+01,1.188873572579526972e+01
2.106132311878459262e+01,2.254388175813317474e+01
1.894301220745733261e+01,2.786775101876759209e+01
1.611921007884255275e+01,3.848686080784487729e+01
5.308500821333665698e+01,3.548593250912838837e+00
3.523724858154622552e+01,8.053710598034463430e+00
3.440704066986148035e+01,8.447055708870545132e+00
4.935865851659223580e+01,4.104623283774978759e+00
6.826503390069453303e+01,2.145869858243710127e+00
2.791378775205875939e+01,1.283401244652268858e+01
1.976210111550176407e+01,2.560552977844956146e+01
1.054240255727044762e+01,8.997478320695802267e+01
3.914634634830974136e+01,6.525556159087300578e+00
1.758180201143025911e+01,3.234992139065680306e+01
1.541158707768125069e+01,4.210224664219495594e+01
8.605404037080833746e+01,1.350384573782484887e+00
1.809799991295510679e+01,3.053084584508602717e+01
4.100578511946245186e+01,5.947161563161268205e+00
5.441347884676284963e+01,3.377435115283581979e+00
4.408401481273118350e+01,5.145620117957538042e+00
1.849367829135851693e+01,2.923838651355000096e+01
3.139561181781028765e+01,1.014523470173502595e+01
2.237365315166739776e+01,1.997681269970295048e+01
1.958767897802322366e+01,2.606357855158513814e+01
1.749361327454749215e+01,3.267690812254334531e+01
5.521379666344329706e+01,3.280233630791338673e+00
2.429440152184955082e+01,1.694289385734456133e+01
1.909650324891031659e+01,2.742156883094076036e+01
2.041802288883207694e+01,2.398681730447810523e+01
2.858567196941605815e+01,1.223779541331005305e+01
1.665025246908357914e+01,3.607101422406614688e+01
2.597330582719017400e+01,1.482332196117242695e+01
1.358731832452006216e+01,5.416671518483384773e+01
2.698406034102357154e+01,1.373363185007047349e+01
2.741836763642844943e+01,1.330199589111442116e+01
2.085688724898652069e+01,2.298799072540103694e+01
2.262953512993636807e+01,1.952759390820419938e+01
2.158547835837028828e+01,2.146231896472900758e+01
1.350484636154598483e+01,5.483031039493228320e+01
1.430948384974186283e+01,4.883734685366150075e+01
1.428234075554578553e+01,4.902315061706015342e+01
3.608148589010444596e+01,7.681237115000957516e+00
2.925870098104923400e+01,1.168126614342945935e+01
4.859349236908242631e+01,4.234905999848438185e+00
3.775449030437696507e+01,7.015567005088153785e+00
1.260730079880979027e+01,6.291522735453293791e+01
3.208085161142521713e+01,9.716463489154023137e+00
1.625458946942515581e+01,3.784844048029329855e+01
1.769096781183142042e+01,3.195190934797765081e+01
2.125076230213993256e+01,2.214373996460473037e+01
1.743056784067127651e+01,3.291371687817995451e+01
1.476135281725085591e+01,4.589313003667844981e+01
3.083456234507698213e+01,1.051778824341210594e+01
2.690004411551381480e+01,1.381955362756479566e+01
2.295680481498969172e+01,1.897479604603799430e+01
2.086668333708468737e+01,2.296641187463492173e+01
2.756903567898461205e+01,1.315699922526733801e+01
1.329342688202659595e+01,5.658822839248036018e+01
1.843634548780488913e+01,2.942051861283203351e+01
1.577804379782006805e+01,4.016924651864317042e+01
2.057659103587837635e+01,2.361854545117689952e+01
2.636246419591015666e+01,1.438891324720168541e+01
1.227203071522978384e+01,6.639985528193989239e+01
1.790636090812670034e+01,3.118784253508592030e+01
6.869813436035373400e+01,2.118898306596272096e+00
2.127792208756024195e+01,2.208724615957117265e+01
2.180045239369686882e+01,2.104112653150017209e+01
1.291252824179560754e+01,5.997599079694892055e+01
2.670233065904306002e+01,1.402496095687356359e+01
1.587308795027151120e+01,3.968963954842433139e+01
1.578394491169761338e+01,4.013921613169732439e+01
4.668079189646925187e+01,4.589058249870035411e+00
1.511790433232005348e+01,4.375390449429539075e+01
2.295170427445370009e+01,1.898323049335421331e+01
1.988636796086950298e+01,2.528651961458677633e+01
1.190338987092857792e+01,7.057626701094899602e+01
2.237144181720112712e+01,1.998076216331807586e+01
1.727136007861779987e+01,3.352331229461939444e+01
4.275612729930949740e+01,5.470200906069605296e+00
1.907166191832489943e+01,2.749304995220211367e+01
2.037522436950494509e+01,2.408769260689198788e+01
1.803254772931812511e+01,3.075288181715331959e+01
2.295405785257202425e+01,1.897933782865404240e+01
1.453385893690634845e+01,4.734107534303816323e+01
3.889942260440317767e+01,6.608664275347773120e+00
2.146297862196008310e+01,2.170801005211039580e+01
3.177282865185737748e+01,9.905769970991171292e+00
1.092476441761634653e+01,8.378684528733600700e+01
4.036518485093597519e+01,6.137423737196104234e+00
4.443177117995300307e+01,5.065388363426771789e+00
2.955386253286026133e+01,1.144910404750248034e+01
2.292855137409239674e+01,1.902158780129450832e+01
2.774755811260633820e+01,1.298824465698318242e+01
6.215592194861321929e+01,2.588421357999722616e+00
7.128712679758683635e+01,1.967785599564876975e+00
2.425972537379015037e+01,1.699136383586602150e+01
2.150252591056085194e+01,2.162823305520539563e+01
2.554048543740682220e+01,1.532998412353150108e+01
2.826145164511369856e+01,1.252019430515788478e+01
2.915747746589190825e+01,1.176251262800229469e+01
2.164354784793057718e+01,2.134730695276761026e+01
1.559438774380651438e+01,4.112096928389793504e+01
3.422293428534643311e+01,8.538184070335013587e+00
1.394640079677243705e+01,5.141332791571679195e+01
4.750877864074799817e+01,4.430495182111780395e+00
1.456848701354296516e+01,4.711629124461731521e+01
3.982198665095653212e+01,6.306002739991345862e+00
1.781304166647605314e+01,3.151547320714043821e+01
1.997283685506739204e+01,2.506804645761499728e+01
1.958875913348355624e+01,2.606070425614828778e+01
2.135487346439994738e+01,2.192835205907233487e+01
1.104935651111015105e+01,8.190794445255708922e+01
2.964707077656069956e+01,1.137722690552813454e+01
1.910833305201220611e+01,2.738762643051565959e+01
9.149230511288743628e+01,1.194622969301186943e+00
3.406347304633522555e+01,8.618310734105415705e+00
2.043425352787839344e+01,2.394872765693868999e+01
1.377074215753413533e+01,5.273334331775672723e+01
6.450324042585684481e+01,2.403460198906965051e+00
4.188058950718634321e+01,5.701307006628910656e+00
2.231385765450976422e+01,2.008402176914703219e+01
2.314591303171104997e+01,1.866600449388686300e+01
1.121852511002018282e+01,7.945632445782035802e+01
3.078932236607831285e+01,1.054871936216503059e+01
2.639032049562439752e+01,1.435855284772882534e+01
1.653724956321038420e+01,3.656566189613355533e+01
4.490952525065095102e+01,4.958188935781611129e+00
1.571996722524059642e+01,4.046660102322443464e+01
3.574187724884511397e+01,7.827900236215916685e+00
2.295075410484020395e+01,1.898480235126123716e+01
2.119398291210291418e+01,2.226254653708667064e+01
2.014773308036071242e+01,2.463471956373453153e+01
1.299496070438343409e+01,5.921749865513331201e+01
1.505796872326222058e+01,4.410290720489884819e+01
2.012594713754691611e+01,2.468808163077128981e+01
2.125629470437715796e+01,2.213221470721066453e+01
3.019844362583070563e+01,1.096556158836598449e+01
2.071799520485137691e+01,2.329724375042699691e+01
1.206624331471264355e+01,6.868404164040872217e+01
2.261216259143767005e+01,1.955761086860987419e+01
2.155790569715539817e+01,2.151725488460752089e+01
2.642673889430299994e+01,1.431900538846109150e+01
2.297502505832625985e+01,1.894471222133416433e+01
1.862793806869489188e+01,2.881843743481671538e+01
1.436298950994990697e+01,4.847416239090203049e+01
2.255984493211677133e+01,1.964842664035597508e+01
1.113218150293905317e+01,8.069366533213940329e+01
2.218602237645773556e+01,2.031613577707798868e+01
2.045287000820484025e+01,2.390515058322603892e+01
1.212967156923387080e+01,6.796759711640915214e+01
3.609017208284908662e+01,7.677540115343216343e+00
2.146449474874393104e+01,2.170494350584503707e+01
1.556314688455326589e+01,4.128622426813625168e+01
2.022510327757793291e+01,2.444660210982792137e+01
2.442367029072931928e+01,1.676401894373815082e+01
2.249216918524310671e+01,1.976684317983508166e+01
2.061169903593528829e+01,2.353815482412217719e+01
1.474636900366630421e+01,4.598644161303085554e+01
1.584847048066552944e+01,3.981303534616703388e+01
1.324834379242194338e+01,5.697401440951795593e+01
1.762370676328611552e+01,3.219626429797184386e+01
3.608838385839042928e+01,7.678300997582724108e+00
2.876498773391246644e+01,1.208569454537269117e+01
1.396101349855128326e+01,5.130575772393677170e+01
2.433095324365097767e+01,1.689202640764275998e+01
2.475235569619506748e+01,1.632175766367603842e+01
1.970895428796123028e+01,2.574381083398218095e+01
2.137617697715365850e+01,2.188466621695112124e+01
1.740152085896778189e+01,3.302368911153999420e+01
1.479970922357128771e+01,4.565555584687905366e+01
3.048747368762856169e+01,1.075863374179222376e+01
2.853504641179337042e+01,1.228125739280964801e+01
1.899946793069140938e+01,2.770238253873522538e+01
1.506501932531686982e+01,4.406163553084694939e+01
1.525991495353556004e+01,4.294333545838046007e+01
2.029436332213971284e+01,2.428002545817359348e+01
2.625478588771887090e+01,1.450718128809367258e+01
2.517752343026484496e+01,1.577516761441155424e+01
1.267960771737337389e+01,6.219971073343617718e+01
2.430920472457798454e+01,1.692226523294170448e+01
6.503889129161318294e+01,2.364034125455395152e+00
1.500977298126707460e+01,4.438658703145965490e+01
5.210957873397725848e+01,3.682687566218340702e+00
2.243810914422659408e+01,1.986220626310723247e+01
1.266335135739849527e+01,6.235950885904148322e+01
1.398708179330739476e+01,5.111469466999088240e+01
2.392614289787901072e+01,1.746845983201000863e+01
9.156640975929970239e+01,1.192690136278767854e+00
1.736678217795189738e+01,3.315593546076515707e+01
2.686427381442250706e+01,1.385638013568772919e+01
2.855059290735184518e+01,1.226788614472636318e+01
2.557252882606278988e+01,1.529159004207309636e+01
9.259049250670283016e+01,1.166452911868055775e+00
1.506971891369098415e+01,4.403415800947095704e+01
1.434236499993511771e+01,4.861367559932212856e+01
4.416454961110733279e+01,5.126870978734538120e+00
6.282496898404159680e+01,2.533584738275839410e+00
1.602723510439599863e+01,3.892985486944132134e+01
2.551830552633679972e+01,1.535664462823479859e+01
1.916343342187760967e+01,2.723035828230562316e+01
6.589511157251385498e+01,2.302998232623475694e+00
2.497586582915734965e+01,1.603093652911615408e+01
3.001493723425233640e+01,1.110005475140324549e+01
2.363439564441791774e+01,1.790238930866784628e+01
2.748810242184773145e+01,1.323458962334169620e+01
2.201140157563924760e+01,2.063975822989999998e+01
2.597416096328680624e+01,1.482234593357050656e+01
3.292559620797310060e+01,9.224284822633096681e+00
8.035404455608133389e+01,1.548761403063810604e+00
3.266847841121479945e+01,9.370055992112730436e+00
1.736536878312617560e+01,3.316133290844520332e+01
2.534271852867155417e+01,1.557017880118606534e+01
2.046979704574475178e+01,2.386563127826651254e+01
1.572880986833828487e+01,4.042111364969868958e+01
1.903615595612058797e+01,2.759570487488570478e+01
1.923576797364443891e+01,2.702594821429194738e+01
2.266222385713660259e+01,1.947130006708522743e+01
1.947774903875373198e+01,2.635860781009553833e+01
1.693357162709471453e+01,3.487408821437630735e+01
3.891443632092700255e+01,6.603565834713292837e+00
1.554230498541512162e+01,4.139702640046868964e+01
2.016348633231432075e+01,2.459624156047053489e+01
1.206610691871006580e+01,6.868559446630912646e+01
2.051670550004577720e+01,2.375662546467717462e+01
2.459097696543143741e+01,1.653668424628961731e+01
2.147131251875055113e+01,2.169116178487950819e+01
1.822549528274515751e+01,3.010518647073437037e+01
2.899687532240574228e+01,1.189316920142780099e+01
1.296657909114053098e+01,5.947701621963063445e+01
1.879663750868371963e+01,2.830346898577892034e+01
1.950179674079615921e+01,2.629364219222137322e+01
3.768079664043882815e+01,7.043035022948544110e+00
1.164064459497582504e+01,7.379822909277633869e+01
9.494511273551751174e+01,1.109314707536545708e+00
1.333525979699312991e+01,5.623374898499163521e+01
1.787592981122236324e+01,3.129411819202230305e+01
2.703785903804814694e+01,1.367903311638918318e+01
2.520231951645149593e+01,1.574414110616781670e+01
2.190528715381599412e+01,2.084021037303062585e+01
3.166953717987538397e+01,9.970491481100347997e+00
2.393592604141041491e+01,1.745418325671227677e+01
2.097354957711845813e+01,2.273296723926901208e+01
2.406560020492290164e+01,1.726659111671968461e+01
1.927401384297721876e+01,2.691879820769417364e+01
2.209391036500611705e+01,2.048588943828173470e+01
1.614755879699431063e+01,3.835184405953509668e+01
1.990815355708437195e+01,2.523120755483664368e+01
2.560595355074373458e+01,1.525169435197621226e+01
1.380564109980757337e+01,5.246707363589712969e+01
3.403733161520192141e+01,8.631553928071189929e+00
2.407814512502684678e+01,1.724860371963507788e+01
1.368479331183700154e+01,5.339781853601924411e+01
2.975537880879455699e+01,1.129455261579125569e+01
2.126277960936912237e+01,2.211871662036744723e+01
2.105085904119600571e+01,2.256629980376951394e+01
2.889689852523747859e+01,1.197560696696306692e+01
7.734071744716186458e+01,1.671797252152265267e+00
1.731724112400669569e+01,3.334591139477320354e+01
1.687971199035635195e+01,3.509699514129341225e+01
1.974100336543745726e+01,2.566028968411072242e+01
3.093208397849743818e+01,1.045157253190580526e+01
1.906558694824211031e+01,2.751057325904282536e+01
1.910460882751609901e+01,2.739830527893406398e+01
4.912833769736061384e+01,4.143199644464521825e+00
6.391407287708783969e+01,2.447975195564800810e+00
2.457809205699467725e+01,1.655402729416517715e+01
1.546798575409713550e+01,4.179578371875180665e+01
1.852137328136564776e+01,2.915101163094681880e+01
3.116610458020922891e+01,1.029520390775243577e+01
1.237999058691739229e+01,6.524682318226498978e+01
1.539977298015816309e+01,4.216686978193181545e+01
2.356564168601878251e+01,1.800700395865004921e+01
2.238232338409989453e+01,1.996133887605330770e+01
1.841857131858906271e+01,2.947732840357608097e+01
1.652181249628136683e+01,3.663402367826590478e+01
2.166360162196859562e+01,2.130780327869985058e+01
2.611864401904269428e+01,1.465881106976262238e+01
3.919738725026524406e+01,6.508572709850448668e+00
3.325431547783146868e+01,9.042821847817164027e+00
3.446406863937719578e+01,8.419124016369059049e+00
2.981706483913547956e+01,1.124786824693972420e+01
1.486865683972078500e+01,4.523311778441269126e+01
1.308060669155354816e+01,5.844457771986540706e+01
1.898063843556878538e+01,2.775737337719031572e+01
9.995780301913690380e+01,1.000844474093520065e+00
2.166767592137975740e+01,2.129979077116923492e+01
1.327588563110652764e+01,5.673786572956531415e+01
1.605717380541194217e+01,3.878482028864098652e+01
8.064705130398064625e+01,1.537527931625503719e+00
4.448817808926755646e+01,5.052551615366034810e+00
3.575565535225965164e+01,7.821868584007323655e+00
4.150006259023076183e+01,5.806340447729196441e+00
2.093881450903068142e+01,2.280845251737539314e+01
2.041744725437326125e+01,2.398816985683854242e+01
1.046799087038668397e+01,9.125850074117997224e+01
1.503545532557847686e+01,4.423508140693650859e+01
2.796825428626141985e+01,1.278407414744671478e+01
3.493281902062041411e+01,8.194693831863963496e+00
1.540482586768694340e+01,4.213921227914859458e+01
1.607711839515438612e+01,3.868865037872036083e+01
1.396751288808360059e+01,5.125802144831534690e+01
2.310235325143574059e+01,1.873646083125600370e+01
1.895732217113074825e+01,2.782569486876518283e+01
5.025391957441815549e+01,3.959680266484010946e+00
1.540946578767746544e+01,4.211383915598062799e+01
3.568622019209382046e+01,7.852336426544458625e+00
2.759566206963476276e+01,1.313162172999580868e+01
4.259068775513593152e+01,5.512780411683562143e+00
1.282851295869606822e+01,6.076414138077363702e+01
2.113704489356645411e+01,2.238264776938634526e+01
2.470729296307412781e+01,1.638134927813246122e+01
2.393114543145128081e+01,1.746115742992205000e+01
4.227022127928724871e+01,5.596686202547492606e+00
1.257159238917292576e+01,6.327314435844675700e+01
7.216029225050937157e+01,1.920451895170396384e+00
2.492632314361988222e+01,1.609472491221087864e+01
2.382092040103908559e+01,1.762312510344973404e+01
4.008451397992036647e+01,6.223672848588820194e+00
2.220493190632040026e+01,2.028154841599480207e+01
1.538145898462959060e+01,4.226734186368064172e+01
1.990434183227247900e+01,2.524087214254186051e+01
1.499411454131797328e+01,4.447934177396996347e+01
2.272278619297672719e+01,1.936764588270689913e+01
3.097706184113531336e+01,1.042124376040993639e+01
1.279375256207602263e+01,6.109478010927971781e+01
1.711481150247296412e+01,3.413939019469049185e+01
1.734581418273362630e+01,3.323614313316647184e+01
5.726142345487596685e+01,3.049830618799941107e+00
2.604290897132368698e+01,1.474419323774824875e+01
2.218807190764808368e+01,2.031238271272689744e+01
7.625717387265765979e+01,1.719644154840356043e+00
1.381596194896935970e+01,5.238871463396155548e+01
4.184720965312138219e+01,5.710406045648047879e+00
1.563170260081076890e+01,4.092488166675665440e+01
1.833110873755368075e+01,2.975928775600024778e+01
1.880880782476129198e+01,2.826685308497004101e+01
2.414469641973306935e+01,1.715364830104889649e+01
1.479132660867624693e+01,4.570731880217194742e+01
3.706243891664122714e+01,7.280010574132172785e+00
7.616339462245467473e+01,1.723881524339632376e+00
1.360953372616825519e+01,5.399002240003934361e+01
3.456362196323314606e+01,8.370694790997832868e+00
5.826301098480501395e+01,2.945873883957574879e+00
4.540136920297321410e+01,4.851344317844943355e+00
3.899227656334879555e+01,6.577226767661157325e+00
1.313236494427745349e+01,5.798479335039311167e+01
2.144726201233358154e+01,2.173983708224692535e+01
1.284833918438534006e+01,6.057675621584981940e+01
4.479606117616659589e+01,4.983337968063893619e+00
6.209413647782758972e+01,2.593575029737348103e+00
1.389225905857917631e+01,5.181485097214002167e+01
2.539223888523564199e+01,1.550950758890476777e+01
2.647025330362366091e+01,1.427196610162492085e+01
2.009023052531798470e+01,2.477594109570317116e+01
1.390309978772429389e+01,5.173407880176461759e+01
2.277338628599681414e+01,1.928167571237118239e+01
1.157956853541757525e+01,7.457877490306694312e+01
2.489338216605025877e+01,1.613734883169942336e+01
2.070688928491237846e+01,2.332224091014877487e+01
2.380654660428405833e+01,1.764441233121299035e+01
8.964832004322856562e+01,1.244273033258395778e+00
1.392849658217511433e+01,5.154559012840250887e+01
1.785010342056399324e+01,3.138473938163323496e+01
1.951491767997032767e+01,2.625829679078829315e+01
1.999392500600639622e+01,2.501519440757859059e+01
1.393374781762150860e+01,5.150674529956205561e+01
5.434034377714322517e+01,3.386532414128279100e+00
1.943608256243657806e+01,2.647174249385735223e+01
2.057471241776766391e+01,2.362285873167302697e+01
2.201878612933073498e+01,2.062591642738066966e+01
3.790511609092033041e+01,6.959921444738881746e+00
1.495859506240563697e+01,4.469082671186596656e+01
2.602286521625158500e+01,1.476691501024450481e+01
5.283471554723154640e+01,3.582294223840873926e+00
1.478954676641449595e+01,4.571832072320263762e+01
2.461680483314798096e+01,1.650200198461359591e+01
1.937273760536103850e+01,2.664514007035510801e+01
2.445317497161061482e+01,1.672358913185460949e+01
1.572894897277011950e+01,4.042039869650064787e+01
2.326091984422649261e+01,1.848188359197575537e+01
3.456744144076240843e+01,8.368845078494125289e+00
3.218860600464722665e+01,9.651518820484811911e+00
1.348313513871486080e+01,5.500703361579503792e+01
1.421834615871095586e+01,4.946543508391905419e+01
1.827212619898115165e+01,2.995172418551966587e+01
3.072782029371523294e+01,1.059098837790448400e+01
2.672291699929204256e+01,1.400336066468486429e+01
2.002499573522130305e+01,2.493762761455980126e+01
1.625099695653037202e+01,3.786517619687669622e+01
2.047419459167027256e+01,2.385538042925141156e+01
2.391638941709759791e+01,1.748271056407132917e+01
2.293597084920682505e+01,1.900928334107303996e+01
1.208239947435861694e+01,6.850048067834168819e+01
3.402130388264308181e+01,8.639688644247346616e+00
1.675782442662010752e+01,3.560940590167014363e+01
3.673362247499820654e+01,7.410926114381616969e+00
1.487626561241175160e+01,4.518685879653894233e+01
5.417877772735953812e+01,3.406760426319646484e+00
1.829212000790777637e+01,2.988628379145021086e+01
1.290394232032266686e+01,6.005583003534917452e+01
1.304309874411289627e+01,5.878119835697618356e+01
1.661467794754119609e+01,3.622564651345837206e+01
2.648781062452445312e+01,1.425305216077670245e+01
1.859547744654349088e+01,2.891913728439737952e+01
2.560967431454681886e+01,1.524726291491836605e+01
1.488582885955106327e+01,4.512881778418126544e+01
6.603226393722178500e+01,2.293441279571645453e+00
1.433063437690121411e+01,4.869329553659540721e+01
5.177960978537568337e+01,3.729773453213160561e+00
1.749369056720106030e+01,3.267661936936689671e+01
1.631403128158481053e+01,3.757313375796759658e+01
2.875936401315879110e+01,1.209042157733581213e+01
2.228747908165398783e+01,2.013159120016470283e+01
4.057287280498442072e+01,6.074750998100746813e+00
6.808780926753006213e+01,2.157055294877181506e+00
2.242996097318935611e+01,1.987663964086214463e+01
2.520343592892039553e+01,1.574274633077307683e+01
2.910116693024237122e+01,1.180807741326520954e+01
2.974687828553280156e+01,1.130100864282453976e+01
1.939642023016471839e+01,2.658011347139243696e+01
3.178500546936510318e+01,9.898181635135413714e+00
2.628596559392792287e+01,1.447278564238462195e+01
2.591395372789897067e+01,1.489130099725076484e+01
1.811458869646811465e+01,3.047495302896598091e+01
2.132746226603922679e+01,2.198475527031111199e+01
1.697811313780807652e+01,3.469134623503892101e+01
2.314894062098473171e+01,1.866112225756165799e+01
1.717392907248373746e+01,3.390475965604779418e+01
4.629285716955552488e+01,4.666293246721914478e+00
2.181906802205411822e+01,2.100523804182172682e+01
1.439035694016799916e+01,4.828996240301840714e+01
1.441110204868921230e+01,4.815103347665852596e+01
1.672576455632286496e+01,3.574604863260888976e+01
2.868753656674625319e+01,1.215104102298941235e+01
2.216051059087351760e+01,2.036293968430750212e+01
2.592508174474822980e+01,1.487851993176174226e+01
1.691572873685310086e+01,3.494769813308706574e+01
4.914185705135102467e+01,4.140920297239096826e+00
1.353638187738985188e+01,5.457513319831537757e+01
1.380032775940752643e+01,5.250748268897402937e+01
2.531160912830435450e+01,1.560847558336354446e+01
4.722214231618441715e+01,4.484444242237177747e+00
1.943517784157967299e+01,2.647420710675482169e+01
2.456730054938705621e+01,1.656857363365726243e+01
2.472727414257042966e+01,1.635488567106611768e+01
2.308018023325361057e+01,1.877247817947008457e+01
1.478792335940681113e+01,4.572835911930663855e+01
2.916153280374438239e+01,1.175924135647736612e+01
3.095680693391860316e+01,1.043488537278343919e+01
1.757753278934510632e+01,3.236563756339054265e+01
1.441207884689240615e+01,4.814450669456270759e+01
1.949822396489820520e+01,2.630327895687999629e+01
3.750258690145899010e+01,7.110130106291677521e+00
4.045714167499372849e+01,6.109555401886447079e+00
6.719677524173171435e+01,2.214639982500035131e+00
1.341848287946370277e+01,5.553837482519025315e+01
1.486293668039936300e+01,4.526794137754780678e+01
1.541693387749626787e+01,4.207304845656812375e+01
1.981808548841602402e+01,2.546106731172254456e+01
2.155676612924322555e+01,2.151952990315111336e+01
4.206208639990897780e+01,5.652211153724273629e+00
1.842716371923984653e+01,2.944984485066208180e+01
1.990495133580920850e+01,2.523932637987799055e+01
1.380404089663983846e+01,5.247923860184946676e+01
1.876504274620089774e+01,2.839885850454380645e+01
2.449789963027692963e+01,1.666258193759270512e+01
3.158701963183373707e+01,1.002265310812758869e+01
2.524309152232246234e+01,1.569332309868539532e+01
1.428706090285811570e+01,4.899076351240515947e+01
2.930690053467600364e+01,1.164287458315550516e+01
3.550940881960239892e+01,7.930729111810079779e+00
7.076299260365148314e+01,1.997043926762093857e+00
5.412073316041441018e+01,3.414071856243435121e+00
2.179098511870002852e+01,2.105941348847291295e+01
2.415150332320713389e+01,1.714398043298528407e+01
1.630108847733880140e+01,3.763282238228460841e+01
2.637005202794144409e+01,1.438063378315957586e+01
1.990405121354780960e+01,2.524160923104162180e+01
6.754608318101466580e+01,2.191793622906969219e+00
3.463546206659989934e+01,8.336006186419012920e+00
9.270511437418976186e+01,1.163570258475753016e+00
1.940065336086846415e+01,2.656851542703759606e+01
2.191661562333338509e+01,2.081867176721900847e+01
1.616298475820515179e+01,3.827867295292486460e+01
2.368532143931885159e+01,1.782548823786834902e+01
2.449059965939111549e+01,1.667251672832366793e+01
1.493439389072233148e+01,4.483578695862821917e+01
1.391106214983206790e+01,5.167487303068673299e+01
1.153474206071110153e+01,7.515955938128847436e+01
1.714123173730520122e+01,3.403423140515811696e+01
5.805878866780477665e+01,2.966634609213270490e+00
1.188540027058793846e+01,7.079007549248903786e+01
1.247813748102643849e+01,6.422446089615432641e+01
2.855482688090360099e+01,1.226424836713868594e+01
3.769350737429683562e+01,7.038285820448849428e+00
2.895633379242644168e+01,1.192649557613042610e+01
1.399181233690564419e+01,5.108013740031790917e+01
1.594671077272803039e+01,3.932400703246735674e+01
1.336246723615147758e+01,5.600498603606623504e+01
2.120705588169331435e+01,2.223510775527099170e+01
2.526653070671745382e+01,1.566421992814222008e+01
2.017112678455284325e+01,2.457761188059581059e+01
2.192451148242703240e+01,2.080367925995960121e+01
1.423028354487341396e+01,4.938247955790864552e+01
2.659982450080971361e+01,1.413326354738017443e+01
3.131714475836319167e+01,1.019613742853357508e+01
1.984738549614475644e+01,2.538594821704977988e+01
1.117534121230129252e+01,8.007158321943425960e+01
1.409838346064194248e+01,5.031081614614407727e+01
1.792256354736801072e+01,3.113147817137590678e+01
2.421511272461963671e+01,1.705402949754821051e+01
3.237032609636351310e+01,9.543459856809784370e+00
5.592620203904551346e+01,3.197196621768447322e+00
1.616879307814275890e+01,3.825117617644542634e+01
3.984313049106680182e+01,6.299311612381337078e+00
4.159986739060740746e+01,5.778513171933084891e+00
1.759964826888937495e+01,3.228434822580670271e+01
1.455224403351205709e+01,4.722153083362101711e+01
3.874773544604224895e+01,6.660507907268635286e+00
1.387824003104054782e+01,5.191958481481999144e+01
2.395297075530303843e+01,1.742935162199021804e+01
1.203929811824461105e+01,6.899182968798095317e+01
2.975567798711802681e+01,1.129432549488143067e+01
3.020345036064582800e+01,1.096192643358233099e+01
4.526116047379348117e+01,4.881447583771766574e+00
2.324957634509575044e+01,1.849992266257353180e+01
3.404745940707562113e+01,8.626419590212087485e+00
1.650445521502465240e+01,3.671111818471261046e+01
1.667634331945192017e+01,3.595823323810727601e+01
4.640323243856717284e+01,4.644121048740071700e+00
1.483861959091598770e+01,4.541643046590407096e+01
3.560885290182473284e+01,7.886495008712489430e+00
4.982621383284753591e+01,4.027951429332658151e+00
2.478333665157217780e+01,1.628097642465444395e+01
1.759171687292269937e+01,3.231346621067530123e+01
2.213207725270280335e+01,2.041529430595844730e+01
1.246827397705668794e+01,6.432611551085614110e+01
1.884890671577423049e+01,2.814671202692852248e+01
1.501183702172394874e+01,4.437438207440760607e+01
3.390666993416093788e+01,8.698206678195075980e+00
2.563519956348222451e+01,1.521691429835615139e+01
1.882520017903590670e+01,2.821764685860486921e+01
1.594289668645278191e+01,3.934282457851942638e+01
3.482145646469666644e+01,8.247192573041933983e+00
3.647901776842653732e+01,7.514735998923574023e+00
5.971897235886448385e+01,2.803982820133228415e+00
3.097213802213266476e+01,1.042455747396302179e+01
1.594531992014253596e+01,3.933086751347400423e+01
2.068812141348156786e+01,2.336457509319980375e+01
2.671281213585486469e+01,1.401395698902533127e+01
1.835039270591673954e+01,2.969677403913185998e+01
9.461553052964718802e+01,1.117056505672965327e+00
2.424927322123487983e+01,1.700601455136941453e+01
3.162005570424247836e+01,1.000172106876282463e+01
1.578530715243824112e+01,4.013228856093461161e+01
2.206169478954818430e+01,2.054576213435936793e+01
2.158714977193275431e+01,2.145899559664714928e+01
1.708912937988774416e+01,3.424207896318129229e+01
2.231573435775718650e+01,2.008064386874945484e+01
1.889570976971899086e+01,2.800745072229512900e+01
2.669624742256928585e+01,1.403135338148932476e+01
1.208913078474710900e+01,6.842421884708824109e+01
2.568476629620348817e+01,1.515823944550751001e+01
1.954872760579548441e+01,2.616754680866790750e+01
2.578687485148241976e+01,1.503843264090132870e+01
1.938726484539664341e+01,2.660522362774189276e+01
1.665769063614505896e+01,3.603880779963800762e+01
3.113573044614749818e+01,1.031530046104703580e+01
1.659540948288946538e+01,3.630981651377974373e+01
1.867079399723693101e+01,2.868629270946463095e+01
2.161900183860645441e+01,2.139580953089166471e+01
6.829647902580579455e+01,2.143894306555433893e+00
3.778465071523342544e+01,7.004371562982791843e+00
1.955434818879584569e+01,2.615250608934619692e+01
1.457487959845691172e+01,4.707496962160205101e+01
1.450045603448275067e+01,4.755943408605664047e+01
2.109657772429198275e+01,2.246859830776420708e+01
3.543214001113861400e+01,7.965356778645629632e+00
3.156646853257768015e+01,1.003570769409233776e+01
1.714142790538634742e+01,3.403345242785213998e+01
1.770323689077869034e+01,3.190763669236389077e+01
1.399187638535203959e+01,5.107966975811410038e+01
2.069192858829355686e+01,2.335597803681319462e+01
1.452509092114932621e+01,4.739824711287390357e+01
1.941446855619413725e+01,2.653071695377135342e+01
2.022928675048262548e+01,2.443649190438533125e+01
3.643433576520079953e+01,7.533179005634685232e+00
2.607292872351779778e+01,1.471026055434220225e+01
4.030864030929772213e+01,6.154654842979501161e+00
2.682006380027183923e+01,1.390209931530661258e+01
2.751829443827308808e+01,1.320556458715388892e+01
2.800671741636694634e+01,1.274898414741269725e+01
2.732505923185001606e+01,1.339299713511880974e+01
2.376868133436857988e+01,1.770067482223809208e+01
2.176622521915237130e+01,2.110735248843995748e+01
2.056783358988500154e+01,2.363866251109656247e+01
1.930956689419675598e+01,2.681976291044241023e+01
1.704981250791354341e+01,3.440018553570759252e+01
2.705147020713347317e+01,1.366527114409499610e+01
2.263631849731083889e+01,1.951589209405675618e+01
3.522732251197104603e+01,8.058249856127009281e+00
1.625918836677410084e+01,3.782703271108047716e+01
1.992027065068523584e+01,2.520052163448528404e+01
3.933808702096390419e+01,6.462097800871048570e+00
3.486148126700214078e+01,8.228266081724033398e+00
6.502613189593070331e+01,2.364961955707081120e+00
1.900589046955644434e+01,2.768366312464899082e+01
1.408799108642141462e+01,5.038506969614462605e+01
2.074710181430498679e+01,2.323192107382523375e+01
3.082874735668559296e+01,1.052175639586260658e+01
2.338767357866849395e+01,1.828209462579744482e+01
1.756409814024406302e+01,3.241516897409024267e+01
4.052774611711653563e+01,6.088286713208209022e+00
1.994100503440508376e+01,2.514814256618327448e+01
3.562018398163294819e+01,7.881478286119750543e+00
1.985522174028626807e+01,2.536591406837819918e+01
4.444515674909914082e+01,5.062337731996830570e+00
3.598074347559973063e+01,7.724310693586774690e+00
2.001148255046009439e+01,2.497131832661975892e+01
2.580989461799053331e+01,1.501161913901146860e+01
2.145406417161336066e+01,2.172605373653465577e+01
2.489314420983162179e+01,1.613765735044883343e+01
1.615358969699241243e+01,3.832321228620133269e+01
1.382379833435670413e+01,5.232933561443439174e+01
1.755965019071723887e+01,3.243159291133639499e+01
2.127321578789371515e+01,2.209702001780457792e+01
3.654898666101200178e+01,7.485991318766864744e+00
1.698739499289452937e+01,3.465344612395369239e+01
1.976156567168620981e+01,2.560691737177426575e+01
1.745810279893307282e+01,3.280997557945792664e+01
2.885118127157013390e+01,1.201358985792754197e+01
7.419433407963836657e+01,1.816596685798131494e+00
3.596342357169763915e+01,7.731752506448087203e+00
2.854275870335447962e+01,1.227462146511579277e+01
1.348313251542782609e+01,5.500705502020561255e+01
3.556080210954674925e+01,7.907822331871051880e+00
3.099733636607196985e+01,1.040761570761048027e+01
3.490727112682451860e+01,8.206693267682826587e+00
1.528683242821896471e+01,4.279223699410643889e+01
1.738751726953840304e+01,3.307690388637685430e+01
2.417369913399908299e+01,1.711251236111427687e+01
1.245547393595520447e+01,6.445839470056009191e+01
2.805542763875596535e+01,1.270475265241940654e+01
1.777967564945669210e+01,3.163387047395604412e+01
1.793045364083531013e+01,3.110408608927315299e+01
1.793907953150661072e+01,3.107418088256549638e+01
1.708777082144995063e+01,3.424752399343873321e+01
2.194874921356396413e+01,2.075775813980872542e+01
1.391970287448169330e+01,5.161073807507015232e+01
2.098168538808547012e+01,2.271534088917916705e+01
4.800338868346858590e+01,4.339665016519617780e+00
2.911495733480335701e+01,1.179689418546224466e+01
2.912990218259221109e+01,1.178479269871110446e+01
4.634928123805000411e+01,4.654938982675158599e+00
3.376579118004030988e+01,8.770939985406625894e+00
2.722306519171598183e+01,1.349354164170662429e+01
2.439237608346742192e+01,1.680706134437581767e+01
3.483844277519740729e+01,8.239152304264276694e+00
1.216323828651959182e+01,6.759297630871962781e+01
2.695419728765667244e+01,1.376408019700335750e+01
2.094514975647578936e+01,2.279465692848773628e+01
4.846621261446243523e+01,4.257178240213318254e+00
2.899019836183833476e+01,1.189864825097306777e+01
1.132921005729289199e+01,7.791135214614234883e+01
1.542890576150399262e+01,4.200778158073473634e+01
1.636699200324589043e+01,3.733036699985153462e+01
1.957089443830446740e+01,2.610830341195356041e+01
1.519234927944754965e+01,4.332615280087169651e+01
2.196391136262850097e+01,2.072910899942231566e+01
5.345098035880939591e+01,3.500166063764479585e+00
2.755869169037578459e+01,1.316687787937907039e+01
1.964306302973457719e+01,2.591681207420879218e+01
2.562929550537623413e+01,1.522392595377257507e+01
1.237024977494793276e+01,6.534961937132450771e+01
2.087849331569889699e+01,2.294043719177097174e+01
3.375451616794778431e+01,8.776800473550865789e+00
2.497349941928181494e+01,1.603397475481422774e+01
2.771377962224541491e+01,1.301992497401816173e+01
2.023717723460233131e+01,2.441744002184205442e+01
1.480135150528643706e+01,4.564542499837135381e+01
2.058040013995521278e+01,2.360980342754612948e+01
1.774651643893063735e+01,3.175219613581234768e+01
2.742530549030788833e+01,1.329526665845407152e+01
1.943993602637587159e+01,2.646124885902654711e+01
2.371016265553409497e+01,1.778815615805033445e+01
2.203551426878794217e+01,2.059461221208599824e+01
2.576550238058547038e+01,1.506339173257989650e+01
1.558172529699358932e+01,4.118783012838476765e+01
1.606407250543431431e+01,3.875151523629207162e+01
1.661092472625004035e+01,3.624201865773762421e+01
5.069769783635804572e+01,3.890662174603756185e+00
1.815007027979076426e+01,3.035591848508891033e+01
3.628533552749401281e+01,7.595173749371687322e+00
1.347305199797230735e+01,5.508939820663004383e+01
4.979507262080110053e+01,4.032991065015298915e+00
1.143521898519433222e+01,7.647351077795218544e+01
2.802938522235396590e+01,1.272837187633351164e+01
1.497125266498910356e+01,4.461529000070446926e+01
3.933751302002767858e+01,6.462286388148943850e+00
3.744650341420334172e+01,7.131443685192823345e+00
1.555846815529783456e+01,4.131105911793234498e+01
6.580195663958164687e+01,2.309523494620577377e+00
2.045139740041740950e+01,2.390859329940002809e+01
1.959366618597840315e+01,2.604765256594529177e+01
1.328131642741895924e+01,5.669147442560802830e+01
2.222064789452968725e+01,2.025286951715136752e+01
2.193946730671183687e+01,2.077532578003418351e+01
4.655650888947229049e+01,4.613592014906116923e+00
3.253620596632541861e+01,9.446396764004060032e+00
1.088982044646039071e+01,8.432542949085569717e+01
3.375973706884964542e+01,8.774086041137207914e+00
1.953721798617155159e+01,2.619838714883172059e+01
2.928585217857654044e+01,1.165961655363629923e+01
1.370851740904435445e+01,5.321315686642209641e+01
2.211633057249468592e+01,2.044437576258565059e+01
2.764462472993169939e+01,1.308514689063643388e+01
3.354282475352154336e+01,8.887932212047449099e+00
2.795112257132228706e+01,1.279975009977481548e+01
1.795312229370035340e+01,3.102558803457321090e+01
1.437141080235810264e+01,4.841736970723895439e+01
1.793680095446667977e+01,3.108207631638072854e+01
3.160705595977101012e+01,1.000995002601978356e+01
2.350250159348759382e+01,1.810388650823129808e+01
4.113490957124761849e+01,5.909883314129627863e+00
3.405391117387321742e+01,8.623151221123912080e+00
3.699381545944764582e+01,7.307044436268165022e+00
1.917636385112501429e+01,2.719364834969641720e+01
3.977377561685916163e+01,6.321299410413091735e+00
4.266561199654725556e+01,5.493435641757034915e+00
1.878414792391788879e+01,2.834111946608217636e+01
1.177527101747264382e+01,7.212040832109219934e+01
2.799719330689703867e+01,1.275765954370417532e+01
1.717565046379818838e+01,3.389796393855869638e+01
1.836829039292829790e+01,2.963893037349603787e+01
1.908451192654279538e+01,2.745603910469237263e+01
1.768565256946543940e+01,3.197111787446336351e+01
2.719771487164737778e+01,1.351870735997015593e+01
1.937625270553264656e+01,2.663547340856396417e+01
1.804211813710853107e+01,3.072026485307303645e+01
3.363023818314688640e+01,8.841788326794880248e+00
2.858368143642220716e+01,1.223949992319186464e+01
1.779683352682587838e+01,3.157290362522594407e+01
2.759510874009833259e+01,1.313214835861553453e+01
3.883349395217579314e+01,6.631122732432969791e+00
2.279718145564401155e+01,1.924144518672138204e+01
1.978440634520555363e+01,2.554782622554053972e+01
2.105556139636079394e+01,2.255622143016656267e+01
2.489965645783746950e+01,1.612921717906269592e+01
1.279072203359010373e+01,6.112373412843084708e+01
2.974288622926739833e+01,1.130404246338940411e+01
2.971767370049168733e+01,1.132323134052074032e+01
1.606674679358703273e+01,3.873861603589200797e+01
4.170264693662999633e+01,5.750065045456284274e+00
1.588341022372185307e+01,3.963806949092661824e+01
2.015667224277568792e+01,2.461287419899057483e+01
2.871145674480509058e+01,1.213080283084701350e+01
5.428038249135436644e+01,3.394018470232958773e+00
3.557288557786924343e+01,7.902450954760509738e+00
3.196282665711231274e+01,9.788353404497581067e+00
2.247292468529526843e+01,1.980071201491836419e+01
1.894547471301227759e+01,2.786050706918378594e+01
2.104543761186852180e+01,2.257792772615209742e+01
4.212865846863665809e+01,5.634361922199177641e+00
2.443025444545024882e+01,1.675498407912176546e+01
3.975448750421853106e+01,6.327434844210821474e+00
1.624891771741048885e+01,3.787486740145533304e+01
1.701731694194517530e+01,3.453168932160581051e+01
1.420259335123945021e+01,4.957522511898652340e+01
2.100036688606139279e+01,2.267494465727902764e+01
1.288406347665552154e+01,6.024129348761849201e+01
2.084716551862653944e+01,2.300943586200335034e+01
2.584084897111986123e+01,1.497567630703107433e+01
1.377535384226125892e+01,5.269804130671256104e+01
4.012260940190416392e+01,6.211860013391000912e+00
4.296136189784431991e+01,5.418061363811731646e+00
1.849827660412769248e+01,2.922385212870502968e+01
1.815556206620946256e+01,3.033755683846161588e+01
3.655982185577047971e+01,7.481554746036529480e+00
1.548403277251732568e+01,4.170919772668784731e+01
1.762484270454969248e+01,3.219211425962264883e+01
2.494174687960080306e+01,1.607482542128318315e+01
1.181501807267476423e+01,7.163598212825178280e+01
3.417513705580280003e+01,8.562083721589607066e+00
1.978818189903076075e+01,2.553807818586880884e+01
2.056850265509754294e+01,2.363712466949582947e+01
4.159252732890471549e+01,5.780552883800981867e+00
2.770511206095584100e+01,1.302807283136676197e+01
1.541741171783731978e+01,4.207044051061180312e+01
1.297521859431985192e+01,5.939783746918860174e+01
1.910764044506507986e+01,2.738961194036172131e+01
3.063369384701506704e+01,1.065617305040863982e+01
3.044001936344335135e+01,1.079220413096381037e+01
1.716495700171558170e+01,3.394021274854515724e+01
1.202781612440154113e+01,6.912361452126887684e+01
1.031385234036110887e+01,9.400656439111011764e+01
1.629090085855017023e+01,3.767990495052709576e+01
1.929522715419493295e+01,2.685964130444307685e+01
1.713759539338299831e+01,3.404867605713099010e+01
1.765672133284753542e+01,3.207597559450697133e+01
2.673623513314176847e+01,1.398941313763607930e+01
1.826888200198908407e+01,2.996236281367267296e+01
4.447989231493164652e+01,5.054434182953133181e+00
2.130786466388731171e+01,2.202521419262405189e+01
1.554798187634555617e+01,4.136680209190821245e+01
1.798439116846727970e+01,3.091779546639631349e+01
1.190874903237033422e+01,7.051276000402239674e+01
2.096162682801521981e+01,2.275883513102802524e+01
2.626941559346094124e+01,1.449102739273983431e+01
4.933461736311328849e+01,4.108624689982666389e+00
5.153737553819070882e+01,3.764916962393030087e+00
2.735250839654910138e+01,1.336612997427118010e+01
1.414575802348849898e+01,4.997439560364772149e+01
1.470101263954411053e+01,4.627063909238432160e+01
1.777752108528273922e+01,3.164153873477479451e+01
2.852455937170939748e+01,1.229028944917998345e+01
1.580000321379766604e+01,4.005766676775728286e+01
1.873861165438274057e+01,2.847902903433877952e+01
2.629809904406508991e+01,1.445943377902323235e+01
1.308709266904750024e+01,5.838666168129049794e+01
2.982491264607639181e+01,1.124194973940261377e+01
3.228071995211475809e+01,9.596515645261201044e+00
2.305103442036652339e+01,1.881998017255483191e+01
2.936979026597671805e+01,1.159306603521629064e+01
1.777212507013661025e+01,3.166075581112998805e+01
1.677054540979381159e+01,3.555540469420020600e+01
1.914763388896281882e+01,2.727531469246032003e+01
3.286510113257565990e+01,9.258274517854061969e+00
3.490596909309080331e+01,8.207305517738801015e+00
1.587655631214470020e+01,3.967230039834542765e+01
1.184040797162377068e+01,7.132908725547180495e+01
3.096788361451367066e+01,1.042742194889748575e+01
3.221564195852540280e+01,9.635326156930213770e+00
5.375115625392506047e+01,3.461181535485498895e+00
1.669572604505415114e+01,3.587479104493856852e+01
1.353984492982328902e+01,5.454721967652560721e+01
4.948279505343206353e+01,4.084054737062680296e+00
2.880494342254444717e+01,1.205218937036078586e+01
2.321636602497616053e+01,1.855288769467811250e+01
1.335956343350050446e+01,5.602933490074021705e+01
1.670091067277989794e+01,3.585252057484920840e+01
1.913817570112965427e+01,2.730228056422551219e+01
2.307525609116678567e+01,1.878049093672389347e+01
3.923362786079230347e+01,6.496554157333901180e+00
1.194857889762143266e+01,7.004344348561113520e+01
6.234632335932624159e+01,2.572635775045129414e+00
1.296537673614423092e+01,5.948804803227397286e+01
1.969376123203817386e+01,2.578354707568867710e+01
1.515215357904059346e+01,4.355632932480708774e+01
1.970598000902923275e+01,2.575158259185117515e+01
8.726085128193601292e+01,1.313291426387527494e+00
1.651850997479985494e+01,3.664867351586966748e+01
1.602011374441877578e+01,3.896447324151868941e+01
2.316775318001460704e+01,1.863082834628429652e+01
2.771423830733811755e+01,1.301949400449215410e+01
2.831911937099377496e+01,1.246925515066585177e+01
5.124667414127760168e+01,3.807751775348118262e+00
4.399776141231129856e+01,5.165814885081518426e+00
2.015120024139674371e+01,2.462624312651426450e+01
1.958998086574439412e+01,2.605745379760832492e+01
1.755424942851336567e+01,3.245155186955586402e+01
2.097102753485450677e+01,2.273843544549988138e+01
2.748451657456938690e+01,1.323804322696422453e+01
4.822553264367741122e+01,4.299777015844774120e+00
2.955669972719083916e+01,1.144690611780597855e+01
2.912591681514349418e+01,1.178801800095949304e+01
6.075325791531752628e+01,2.709323449083946400e+00
2.382503520733196467e+01,1.761703827223447760e+01
1.304852226256359593e+01,5.873234460114863253e+01
4.864372287389580407e+01,4.226164414156539983e+00
1.208299706199558443e+01,6.849370520237170012e+01
2.059165652695387649e+01,2.358399798104230527e+01
1.838639499091909002e+01,2.958058976554422514e+01
8.231525335961075029e+01,1.475840287363829662e+00
8.843008438594810627e+01,1.278792030622011300e+00
1.264775926417155283e+01,6.251335660203788791e+01
2.331586087804306118e+01,1.839488552261605037e+01
2.668641854469479924e+01,1.404169106362124175e+01
3.874328410849933135e+01,6.662038488517509904e+00
2.324043939620212029e+01,1.851447196369003834e+01
1.812169828489664525e+01,3.045104557077690899e+01
2.667492769797112473e+01,1.405379124056754492e+01
1.816989223047366409e+01,3.028972268161328429e+01
4.935905545676919814e+01,4.104557266168836982e+00
1.449966423705296137e+01,4.756462847749278922e+01
4.557136931398142821e+01,4.815216775741581579e+00
1.330671509957663012e+01,5.647526569232099547e+01
2.964492874028604419e+01,1.137887112018691660e+01
2.210968852758222525e+01,2.045666113320812940e+01
1.699661650424515358e+01,3.461585388212683512e+01
2.729945285201450744e+01,1.341813368362093861e+01
1.550282266339021042e+01,4.160815337498758026e+01
1.336029239350012254e+01,5.602322095824411008e+01
2.956478878371080654e+01,1.144064312678053774e+01
2.931901364947666622e+01,1.163325609157663898e+01
2.274776112520235216e+01,1.932514147019267625e+01
2.591119751561943829e+01,1.489446918502560813e+01
2.882707921820122721e+01,1.203368715794617927e+01
3.819455021393327598e+01,6.854838067655664169e+00
1.789136485981267910e+01,3.124014602354525749e+01
3.517494304147194839e+01,8.082267016732741283e+00
1.772657632678222583e+01,3.182367056403498040e+01
2.283498234425893259e+01,1.917779357576912602e+01
1.804740085674648498e+01,3.070228300671510624e+01
1.192977752544769743e+01,7.026439489500310742e+01
2.303919715303090499e+01,1.883932410760638376e+01
3.800094181048970654e+01,6.924864493556849077e+00
2.011249916892159106e+01,2.472110741635118458e+01
1.196284066788763312e+01,6.987653529534900088e+01
7.575922736393782486e+01,1.742324029648749661e+00
1.522043042944622115e+01,4.316642987252367192e+01
4.649558324555555799e+01,4.625690808196943671e+00
2.084058534452730171e+01,2.302396808302847475e+01
2.830973117660101579e+01,1.247752673764455622e+01
2.635958208791318569e+01,1.439205993359054681e+01
3.659639231778379553e+01,7.466609709583767795e+00
1.249995098762389922e+01,6.400050188968313591e+01
3.308868237313102156e+01,9.133580338042468938e+00
2.197124104659635080e+01,2.071528069777280479e+01
1.434896070337719642e+01,4.856899393903647422e+01
1.770712702935946226e+01,3.189361843930929652e+01
2.291260940372998789e+01,1.904806641638836950e+01
4.689314502959718567e+01,4.547589740606958308e+00
2.092557231443967325e+01,2.283732910236104274e+01
1.241578200818984890e+01,6.487118666724806815e+01
1.534155313019624067e+01,4.248751619485452835e+01
2.486310420108933528e+01,1.617667647056549640e+01
3.820566364128902848e+01,6.850850718255086846e+00
6.911545632829111696e+01,2.093387567019605378e+00
1.829416287414666442e+01,2.987960950176308117e+01
3.870060838756533883e+01,6.676739241922895474e+00
1.369153787173275028e+01,5.334522311778265902e+01
3.507038158409477546e+01,8.130533011717490766e+00
8.046224588492061969e+01,1.544598820599784927e+00
3.779813369759192909e+01,6.999375391735545904e+00
1.398120232726669343e+01,5.115769387624848719e+01
1.282380770173268836e+01,6.080874020174979222e+01
1.888717235182863163e+01,2.803277641406032572e+01
8.261952662106337186e+01,1.464989781349834708e+00
9.154740825991362385e+01,1.193185295088153408e+00
1.122477858925768501e+01,7.936781668683791224e+01
7.707055322617124204e+01,1.683538479137460131e+00
1.753880870443176221e+01,3.250871607426015686e+01
5.800390223153772240e+01,2.972251646463498265e+00
2.026322218069766024e+01,2.435471137979268619e+01
3.042327073635825485e+01,1.080409005595316607e+01
1.071281222887881412e+01,8.713507601885650899e+01
1.644509849496681042e+01,3.697660568977745044e+01
4.334923707150927186e+01,5.321536962629545897e+00
1.568711858716539176e+01,4.063625161448192813e+01
2.121600662652899416e+01,2.221635033335518727e+01
2.213412502828051842e+01,2.041151697053949832e+01
2.394305821806348789e+01,1.744378627432613982e+01
1.241118235779231327e+01,6.491927879295128889e+01
1.256715427646706829e+01,6.331784229476588877e+01
1.658720734551147657e+01,3.634573476456324670e+01
1.521183002938917284e+01,4.321525417738271813e+01
1.418245608223370979e+01,4.971610598959015448e+01
1.235643770515784468e+01,6.549579709622324231e+01
2.323977955464820155e+01,1.851552333264588412e+01
1.706920725314184395e+01,3.432205609666565493e+01
4.844979668225219882e+01,4.260063593449852526e+00
1.803098928713708204e+01,3.075819807114564242e+01
2.002591419663698247e+01,2.493534020602488610e+01
4.000456690023095518e+01,6.248573088053645641e+00
2.018049069779838334e+01,2.455480874514732648e+01
1.562986937101699425e+01,4.093448240114889103e+01
1.757418734579120922e+01,3.237796106004312691e+01
1.314587897767020763e+01,5.786563727750908726e+01
2.433075830159113551e+01,1.689229709214621167e+01
1.606594333189164558e+01,3.874249078781392086e+01
1.436989106349814804e+01,4.842761135052848687e+01
2.377206131515825049e+01,1.769564171326070934e+01
2.431175114060799203e+01,1.691872053798996944e+01
8.494269137532870673e+01,1.385951284662639393e+00
1.818518879185969084e+01,3.023878741312698182e+01
1.988652262155130757e+01,2.528612630146401941e+01
1.859693756877965853e+01,2.891459634128827361e+01
5.077123704157460793e+01,3.879399538144768567e+00
1.576821931061030746e+01,4.021931751055758042e+01
2.635165271046600211e+01,1.440072255877257135e+01
1.821978654980518542e+01,3.012405490189739510e+01
2.072489826913700028e+01,2.328172660908498415e+01
4.975403661235144170e+01,4.039646448825163105e+00
1.324893070465685163e+01,5.696896675605438531e+01
2.859565596916939256e+01,1.222925140110469933e+01
3.849072500247207529e+01,6.749752013633459669e+00
4.616205068328658712e+01,4.692775875378699446e+00
3.995495045831497549e+01,6.264101800288821131e+00
1.340093741054369580e+01,5.568389968025807235e+01
1.032703991938712740e+01,9.376662585131128935e+01
3.657423851465083686e+01,7.475657821350177201e+00
2.007531746425677710e+01,2.481276465877804327e+01
1.603231015169179230e+01,3.890521218449268304e+01
1.858176524538450636e+01,2.896183412568059623e+01
2.201217280925814634e+01,2.063831195772028337e+01
1.565521611827353787e+01,4.080203887069328061e+01
2.270545654337308505e+01,1.939722138148902530e+01
1.722573322805376250e+01,3.370113797714135728e+01
1.808232141932914416e+01,3.058381307008771799e+01
2.115810096057655443e+01,2.233812051967749923e+01
1.935563402620631379e+01,2.669225075792508051e+01
1.961241827516598235e+01,2.599786631455052799e+01
7.135680700780726227e+01,1.963944374796873005e+00
1.515509809786137474e+01,4.353940565048928590e+01
1.311898031772109441e+01,5.810317156214626522e+01
5.004821412103541434e+01,3.992296884392585898e+00
2.589628750595118589e+01,1.491162535930562960e+01
3.804256795822323056e+01,6.909718422012632644e+00
1.566613084567603487e+01,4.074520441693567818e+01
1.247477939902207567e+01,6.425904267554801663e+01
1.758287517153243584e+01,3.234597259557617832e+01
3.313016329262894288e+01,9.110723093179622367e+00
1.751271332479897680e+01,3.260566956287330243e+01
1.253793008907377171e+01,6.361335662666409263e+01
1.252125092037540455e+01,6.378294424819884512e+01
2.133798601146374807e+01,2.196307516287182793e+01
2.287202395799246446e+01,1.911572638048018291e+01
8.527936512020400528e+01,1.375029713217212901e+00
1.826480326303829571e+01,2.997574618274588332e+01
5.701090894147453270e+01,3.076692336042630593e+00
1.912284317559015889e+01,2.734607956735986534e+01
1.221641726279594486e+01,6.700578260241904616e+01
1.141365110467755706e+01,7.676280119008801250e+01
1.401271611226517777e+01,5.092785125163788962e+01
2.052025689020227261e+01,2.374840317530652456e+01
3.135152805161501988e+01,1.017378543704657012e+01
4.391238397712493224e+01,5.185921868096579956e+00
2.849322358755312834e+01,1.231733711753085103e+01
2.104765724838220109e+01,2.257316594675797461e+01
4.014960130679720152e+01,6.203510561920025701e+00
2.506775650722968152e+01,1.591362298544085974e+01
7.920635503043656911e+01,1.593969267719593130e+00
7.779354911073443191e+01,1.652391031741399230e+00
2.066924328589071891e+01,2.340727436885478596e+01
3.669005189927343480e+01,7.428537975178801211e+00
2.320343568182949667e+01,1.857357101498698526e+01
1.187513523022220596e+01,7.091251233844965896e+01
1.813086494947449623e+01,3.042026226742343553e+01
2.154766442540652349e+01,2.153771338238486877e+01
1.494878806722584130e+01,4.474948383986292555e+01
2.327863298425701899e+01,1.845376788255651590e+01
1.919953406166402132e+01,2.712805276177681790e+01
1.794021594412454945e+01,3.107024425516777200e+01
7.913517044054142957e+01,1.596838209080222448e+00
2.597337383419310086e+01,1.482324433641819361e+01
2.056988513996095946e+01,2.363394751330672250e+01
3.102483793848638172e+01,1.038917248885745970e+01
2.587604519127583202e+01,1.493496461958246613e+01
4.366810493547988870e+01,5.244104163582005818e+00
1.779454300826228064e+01,3.158103229436276393e+01
1.762488196732826395e+01,3.219197083166115192e+01
1.763514305183739594e+01,3.215451965455791594e+01
5.884407714244625964e+01,2.887982037390858459e+00
1.624561047986729889e+01,3.789028989773340328e+01
1.824273641323583561e+01,3.004830880042239372e+01
3.252460255850240856e+01,9.453138119019770969e+00
3.564761299792590421e+01,7.869354162905988659e+00
1.903110530200414630e+01,2.761035403505970720e+01
1.483847536244476650e+01,4.541731335636399791e+01
7.191097955806060327e+01,1.933791249312759586e+00
1.464293035231556850e+01,4.663843905863843275e+01
1.715584644580472684e+01,3.397626999706893969e+01
1.756554052557207157e+01,3.240984568279419165e+01
4.458877415963420532e+01,5.029779359309597631e+00
2.620866649625950018e+01,1.455828278518319330e+01
1.404047505418997055e+01,5.072667490003073709e+01
1.808917526452033897e+01,3.056064153174869702e+01
1.563909253703872082e+01,4.088621435779115387e+01
2.270203935605715273e+01,1.940306129097646348e+01
2.439764239373952748e+01,1.679980641001300512e+01
1.278010144573000417e+01,6.122536708177698017e+01
1.271966661443704538e+01,6.180854824117956525e+01
3.793874830367260387e+01,6.947587152446360825e+00
1.524163885118178285e+01,4.304638308298805782e+01
2.682556994288894003e+01,1.389639288776282200e+01
2.009535208519434590e+01,2.476331376821839569e+01
8.541363395685144155e+01,1.370710062624423298e+00
5.974469077143484697e+01,2.801569267914488126e+00
1.209618722206724328e+01,6.834441016517983769e+01
3.610982486273767478e+01,7.669185383801443656e+00
1.568678388806058521e+01,4.063798569359364166e+01
3.749595738137995937e+01,7.112644559615859841e+00
1.348401909401005305e+01,5.499982179497003187e+01
1.732517981691013631e+01,3.331535906542830361e+01
1.488668271250286246e+01,4.512364104065226655e+01
2.665163908655255653e+01,1.407836280849578792e+01
1.569325762264183943e+01,4.060446489412166216e+01
2.161912700446359281e+01,2.139556178572727774e+01
3.337624423902250470e+01,8.976872778953410403e+00
5.456369003589815492e+01,3.358864882253657758e+00
2.069948830004757667e+01,2.333892136204336865e+01
1.747960986988216447e+01,3.272928586601965861e+01
2.160612496674453098e+01,2.142132018567392393e+01
1.550649657126998981e+01,4.158843951983303810e+01
1.549805117835206936e+01,4.163377766036091998e+01
1.875102302547246325e+01,2.844134076339521755e+01
4.552674764016332176e+01,4.824660381500658346e+00
2.750385140578118381e+01,1.321943744255643516e+01
4.437274535937770281e+01,5.078873558614636075e+00
6.127899876413518854e+01,2.663033798897052495e+00
4.330208881378869989e+01,5.333131682256467165e+00
2.814339604362710290e+01,1.262545375443431794e+01
1.814507418780599224e+01,3.037263727485435183e+01
2.574309020718225938e+01,1.508963180750001065e+01
1.607293792816353672e+01,3.870877833042101201e+01
1.250665302073173102e+01,6.393192741912173460e+01
1.904439481883683882e+01,2.757183348939092937e+01
4.158950626492985236e+01,5.781392713648092041e+00
2.033878275687296977e+01,2.417408723129450365e+01
2.091212852393417521e+01,2.286670143095421182e+01
1.761094470393004485e+01,3.224294430546007106e+01
1.519648148609718596e+01,4.330259362689876923e+01
3.447512607166979137e+01,8.413724241222524824e+00
4.216996193233914880e+01,5.623330150574369135e+00
2.603252374879544817e+01,1.475595946309590545e+01
1.793955603733841997e+01,3.107253013583260426e+01
5.410635401366418762e+01,3.415886724915727868e+00
1.519308001971139177e+01,4.332198519260401071e+01
1.745997149353476985e+01,3.280295282535450241e+01
1.240749197018008765e+01,6.495790270370292774e+01
8.018027351044803197e+01,1.555481797323153836e+00
1.616716828444869947e+01,3.825886501740835399e+01
1.178721383608364803e+01,7.197433739695165400e+01
2.061104044272275360e+01,2.353965909720513139e+01
1.573050984134749086e+01,4.041237762143948231e+01
1.845241939810129850e+01,2.936928448532232139e+01
2.152659308014982997e+01,2.157989847953489004e+01
6.878721216051170018e+01,2.113414014307571254e+00
1.389335648455142724e+01,5.180666566177436039e+01
1.520288531108925589e+01,4.326612109916541726e+01
1.994293569737695648e+01,2.514327365036988482e+01
1.186788784116897588e+01,7.099914738153243832e+01
3.641180553657994778e+01,7.542504374270668777e+00
1.469989194176440961e+01,4.627769456998794340e+01
1.640984363944396662e+01,3.713565720181847496e+01
1.637979182731075056e+01,3.727204691370459244e+01
1.898367302172894000e+01,2.774849991959965223e+01
1.754189278398079210e+01,3.249728621840328202e+01
2.771022440408562204e+01,1.302326609767325039e+01
1.815746196326572459e+01,3.033120846008427662e+01
1.355896472672374209e+01,5.439349165198983371e+01
3.120969366002911372e+01,1.026646635652317840e+01
2.601748897044797459e+01,1.477301850221231660e+01
1.867051234436470253e+01,2.868715820662166749e+01
1.988708054734267705e+01,2.528470753272125293e+01
1.303534101510379095e+01,5.885118414399481424e+01
2.156611019856384459e+01,2.150088616853351908e+01
2.123984779549500601e+01,2.216650379015951700e+01
1.972744345281611444e+01,2.569557766972212676e+01
1.145162368029006572e+01,7.625456784102499341e+01
5.356410295682060507e+01,3.485397599307707317e+00
3.871581455521640436e+01,6.671495509910084110e+00
3.768395726591998596e+01,7.041853646890283258e+00
2.725541642643702289e+01,1.346152791999858067e+01
3.193354973238899674e+01,9.806309707777829843e+00
4.688816966165632749e+01,4.548554893770376140e+00
1.412293082743910411e+01,5.013607553675217332e+01
1.614441887975884526e+01,3.836676355926204707e+01
1.402947300371801909e+01,5.080626680916680016e+01
1.834304288384909043e+01,2.972057704005683121e+01
1.672265701741777377e+01,3.575933510470619581e+01
2.298470347039257433e+01,1.892876107991226320e+01
3.210519951870386990e+01,9.701731554844505112e+00
1.136160334220093837e+01,7.746771638138669402e+01
1.517676140936197804e+01,4.341519805252766417e+01
1.996415693467730534e+01,2.508984912620485730e+01
1.282700513245507423e+01,6.077842798174567918e+01
1.720484582502208326e+01,3.378301683365740615e+01
4.213935769679552834e+01,5.631501144340690601e+00
5.202036120652949336e+01,3.695330386070756479e+00
3.041198317907873161e+01,1.081211152670988973e+01
2.284278791705084899e+01,1.916468938826841750e+01
1.514942331405456599e+01,4.357203038939033490e+01
1.212093992676348009e+01,6.806555693168850496e+01
8.605141950110517257e+01,1.350466832411895801e+00
9.140568221216435063e+01,1.196888271367551937e+00
1.611270800883085030e+01,3.851792880147398535e+01
2.682462317467590296e+01,1.389737384433819400e+01
1.187887445098985317e+01,7.086787581890445153e+01
1.434215929007259582e+01,4.861507014306401686e+01
2.481464188173933039e+01,1.623992338667368429e+01
4.081560104501091502e+01,6.002713387328006078e+00
1.451807212329743990e+01,4.744408779052952241e+01
3.927652942981490014e+01,6.482369597112928261e+00
2.935878995316327433e+01,1.160175517018286051e+01
3.499277045985801493e+01,8.166638731541098650e+00
2.524670067660393258e+01,1.568883652624132097e+01
2.220899345631990940e+01,2.027413097126894570e+01
1.421433763974367537e+01,4.949333805037942113e+01
3.246996583203650744e+01,9.484978193511212297e+00
1.099496709179863174e+01,8.272030600185060223e+01
1.779892505984401296e+01,3.156548386360646319e+01
2.108663204132525237e+01,2.248979830354531373e+01
6.756717089127204190e+01,2.190425719067315757e+00
1.785179014974544032e+01,3.137880887781075856e+01
1.256975565913044868e+01,6.329163702913464107e+01
8.923113975934741404e+01,1.255934872711368167e+00
1.024246416028315920e+01,9.532154964091712657e+01
3.130925746037418023e+01,1.020127521270941173e+01
1.791192941920408188e+01,3.116845402063984594e+01
1.972731030109042294e+01,2.569592454134361503e+01
4.536232368908903823e+01,4.859699478661652527e+00
5.440638990835303446e+01,3.378315305619970399e+00
4.861901898383845833e+01,4.230460232021592937e+00
1.637406405199332227e+01,3.729812757995611605e+01
1.350923775620145229e+01,5.479466924308953679e+01
1.621594366964306033e+01,3.802905607866826188e+01
1.313386743878126595e+01,5.797152736451089083e+01
1.769096241371753564e+01,3.195192884720757220e+01
1.934953340586191928e+01,2.670908475128286597e+01
1.723332310412804347e+01,3.367145929793531423e+01
6.044399259312077533e+01,2.737119209612072446e+00
1.743922919461541809e+01,3.288103119520952333e+01
2.949042638512097270e+01,1.149841280931310727e+01
1.574734767851266071e+01,4.032600202871115869e+01
2.615634338616290222e+01,1.461658577563856731e+01
6.261317476771576196e+01,2.550753844956149763e+00
1.673302723229714317e+01,3.571502548001694066e+01
2.262828963713572250e+01,1.952974361968135852e+01
3.062460977226593428e+01,1.066249579738871844e+01
2.189171538342020540e+01,2.086605816230765242e+01
2.084028077203120688e+01,2.302464106039840885e+01
1.438962631163228245e+01,4.829486634137966661e+01
2.055349572123435209e+01,2.367165410131540781e+01
1.601728204824362223e+01,3.897825152208171318e+01
1.511780846988468241e+01,4.375445938545549751e+01
1.747554903232941825e+01,3.274449840726730088e+01
1.695242948587051046e+01,3.479654359503901162e+01
1.995494506869993145e+01,2.511301908974857611e+01
1.450877830898128096e+01,4.750488929389120329e+01
2.344156113155738907e+01,1.819813733551525203e+01
2.255065570944023534e+01,1.966444307527655511e+01
2.659008832788668286e+01,1.414361545659907549e+01
5.205744586028299636e+01,3.690067306664819302e+00
1.626706799873969089e+01,3.779039538879243310e+01
1.621220453150913343e+01,3.804659993476000324e+01
4.450513537178462542e+01,5.048702117006312662e+00
5.998229075255584064e+01,2.779418249163605914e+00
1.358721262907651806e+01,5.416755791798468778e+01
2.610602834836678099e+01,1.467298215807505279e+01
1.647091377914259169e+01,3.686078776465898699e+01
1.217749880370423377e+01,6.743475885871535525e+01
1.328611944952940682e+01,5.665049313099271444e+01
3.643661918659719845e+01,7.532234852004831005e+00
2.572146340454142432e+01,1.511501743029100098e+01
1.720651823442694095e+01,3.377644998630809425e+01
1.533897397969269782e+01,4.250180540502786641e+01
1.148099238393596799e+01,7.586494412551816424e+01
2.039400451139803394e+01,2.404334996701340543e+01
1.931646378671918995e+01,2.680061447807432984e+01
1.928231737861080219e+01,2.689561913970912599e+01
1.907112941339398304e+01,2.749458529798473805e+01
1.917627475051603625e+01,2.719390105532239588e+01
2.449954698602593695e+01,1.666034122046285404e+01
1.582358135896577167e+01,3.993837875211274735e+01
1.800767535939519348e+01,3.083789282262337750e+01
1.693625052192439284e+01,3.486305665508220386e+01
1.550061624089106616e+01,4.161999957494416691e+01
2.026134601889934572e+01,2.435922198778651904e+01
2.797280266514474434e+01,1.277991710345981424e+01
1.393770262415197436e+01,5.147751949119730597e+01
2.142764868691734748e+01,2.177965345678157405e+01
3.041922928253746505e+01,1.080696107751743895e+01
9.279225391269379486e+01,1.161385908750285356e+00
4.367445571493348666e+01,5.242579165638836081e+00
1.615746736765574454e+01,3.830481992796732271e+01
1.610100235357157317e+01,3.857395531251036402e+01
5.778357650865945061e+01,2.994960935578753425e+00
2.152346377256818499e+01,2.158617396100551389e+01
1.699343855318026186e+01,3.462880214749869623e+01
1.464343279233073503e+01,4.663523863202428998e+01
1.783015562872486726e+01,3.145500309292392416e+01
2.666995575047281619e+01,1.405903168611248866e+01
7.186546723021557170e+01,1.936241360985653914e+00
1.236497524037211804e+01,6.540538371168806009e+01
1.665179540151128990e+01,3.606432995276198739e+01
1.347599105796830443e+01,5.506537127017706013e+01
2.321713095378935066e+01,1.855166520042508793e+01
1.193583009813427154e+01,7.019315183514125067e+01
1.420003760065804777e+01,4.959307201714460689e+01
1.879417532027051863e+01,2.831088543657585888e+01
2.766093463576657285e+01,1.306972047088468081e+01
1.800779291819365469e+01,3.083749019096157795e+01
2.573222546055383830e+01,1.510237688757602115e+01
1.362072883372310450e+01,5.390130824651190267e+01
1.586941105489576742e+01,3.970803362214619625e+01
3.810520170031360720e+01,6.887022001602219667e+00
2.623164333362952405e+01,1.453279015458268475e+01
2.088737209686821217e+01,2.292093834528028395e+01
2.359207852169003772e+01,1.796666995595884231e+01
1.384740149483191018e+01,5.215109494615924746e+01
1.281171019726531313e+01,6.092363217284057697e+01
2.739339126469081975e+01,1.332626357317181309e+01
1.347168502391111211e+01,5.510057863415732271e+01
2.909539840930122878e+01,1.181276007085988944e+01
2.181719142301102110e+01,2.100885171547258423e+01
1.542334310134182118e+01,4.203808851883044184e+01
1.228005950671661495e+01,6.631305825677118548e+01
2.064718485290013561e+01,2.345731543802719088e+01
6.707591583167626936e+01,2.222627982886052234e+00
1.915237725599615359e+01,2.726180610229705081e+01
1.693904764855150091e+01,3.485154380799566809e+01
1.736904815961541004e+01,3.314728491868730487e+01
9.438840936827406836e+01,1.122438785398895966e+00
3.819912941419300978e+01,6.853194690160429481e+00
2.547803884585494671e+01,1.540522370055830415e+01
1.981779006375729324e+01,2.546182641585689765e+01
8.893602493449861868e+01,1.264283794368268321e+00
2.152870148221122548e+01,2.157567185448635172e+01
1.521538964705600883e+01,4.319503625438624539e+01
2.301220324816388541e+01,1.888354805144406967e+01
2.156745681917440294e+01,2.149820132415824858e+01
4.823277850181343496e+01,4.298485229012698028e+00
2.760956937171996728e+01,1.311839592176984759e+01
2.592872550765078188e+01,1.487433846980561469e+01
3.479143691855986731e+01,8.261430777031643302e+00
1.988246524782561764e+01,2.529644752988345857e+01
1.199566141036847355e+01,6.949468684822106468e+01
2.020944010684980441e+01,2.448451109560583205e+01
1.253721702108648017e+01,6.362059299149157710e+01
4.330755677400261305e+01,5.331785057644619741e+00
4.811067709924958535e+01,4.320331402211388117e+00
1.063906787578858726e+01,8.834721033771685939e+01
1.363639358625235687e+01,5.377754155158187643e+01
1.520151251110431012e+01,4.327393590210289176e+01
3.274865417943365031e+01,9.324232318227334559e+00
1.605828805370030565e+01,3.877943809345938320e+01
1.101038881055268170e+01,8.248874362594992249e+01
3.177099099823909611e+01,9.906915915760549751e+00
1.972719780712118265e+01,2.569621760321840753e+01
4.204640939112653086e+01,5.656426794691532756e+00
1.562565934643295051e+01,4.095654334457196200e+01
1.890192292909375382e+01,2.798904136194611070e+01
4.064232443132026873e+01,6.054007063825181945e+00
1.719176724557527791e+01,3.383443701927502190e+01
2.201985107358035876e+01,2.062392141661856471e+01
1.245086088109422384e+01,6.450616733220105914e+01
1.821879429894813640e+01,3.012733628624925331e+01
1.650577227307579875e+01,3.670525978027927039e+01
2.369188424394080883e+01,1.781561405542130672e+01
1.944925556172056247e+01,2.643589596469394110e+01
1.809364851949833408e+01,3.054553251235967082e+01
4.423703304673571068e+01,5.110083741959520864e+00
1.470271534949873526e+01,4.625992257997494761e+01
1.968354035273736002e+01,2.581033076788438763e+01
7.864105686503201298e+01,1.616967597783391275e+00
2.249092709959349179e+01,1.976902653049035408e+01
1.767107017528153889e+01,3.202390560064026204e+01
2.168306502197427932e+01,2.126956734073102240e+01
2.000193391227870521e+01,2.499516592046597196e+01
2.903616163616703361e+01,1.186100774065572772e+01
2.480186985776222031e+01,1.625665358467426813e+01
1.191169308365412327e+01,7.047790895032868264e+01
1.207913747551909900e+01,6.853748309847657083e+01
1.607703791417774042e+01,3.868903772720803147e+01
1.059971671644765046e+01,8.900440119878869893e+01
1.159781543905634216e+01,7.434428915452727438e+01
2.005433325418140100e+01,2.486471838558680503e+01
2.362887780303936225e+01,1.791075145597165275e+01
7.165404159500799608e+01,1.947684540040409917e+00
2.140666328564172360e+01,2.182237649040181537e+01
1.116850953013141812e+01,8.016957139068640004e+01
1.592693588405610150e+01,3.942171705256988901e+01
3.331259321963606368e+01,9.011210122776166287e+00
1.759440070036882631e+01,3.230360885268897420e+01
2.008555859689900558e+01,2.478746827178077083e+01
1.568106125956530406e+01,4.066765186547423383e+01
1.819568066038009491e+01,3.020392530281250743e+01
1.480177231458801934e+01,4.564282966776267614e+01
2.963459209510662973e+01,1.138681048145409669e+01
2.305171329082948617e+01,1.881887169611659161e+01
1.376636850339209239e+01,5.276685601106886736e+01
3.741467112350728286e+01,7.143583669399331981e+00
1.973523971700427282e+01,2.567527997428109643e+01
3.845805892806549764e+01,6.761223291606793140e+00
4.006031372673486146e+01,6.231194504682767032e+00
1.359150020247217583e+01,5.413338792285402690e+01
1.247914798228148037e+01,6.421406014270029061e+01
2.004817951109561136e+01,2.487998506573234891e+01
8.670928523653324760e+01,1.330052511206461396e+00
1.058711761556656228e+01,8.921636496673936279e+01
2.176262953160216185e+01,2.111432790602797738e+01
1.245763167077577904e+01,6.443606749081325802e+01
2.820945385435195618e+01,1.256639317550467894e+01
2.404259626948578088e+01,1.729964824273940494e+01
1.143509516731156062e+01,7.647516687950927405e+01
1.283504888309076009e+01,6.070227192965900542e+01
1.726524992875306808e+01,3.354704420790195485e+01
1.992729540687451717e+01,2.518275742575525555e+01
1.080815922540068641e+01,8.560448755808589283e+01
7.946266223440407828e+01,1.583703139918023250e+00
2.810807463104990589e+01,1.265720470592815872e+01
2.290052058142152802e+01,1.906818206983011521e+01
2.197372768269639565e+01,2.071059251277915436e+01
2.923941669102921992e+01,1.169667952947933998e+01
1.860546246545952087e+01,2.888810546788162270e+01
1.583686546407196261e+01,3.987140551058347882e+01
2.538357082548002808e+01,1.552010186608688791e+01
3.555034422176009201e+01,7.912475523520476450e+00
5.248388201925941843e+01,3.630346670997140812e+00
8.166153309768402835e+01,1.499563779626279958e+00
1.962423312605626435e+01,2.596657149163961265e+01
2.323929574456226987e+01,1.851629427598940580e+01
3.947659060823423260e+01,6.416832816335963585e+00
3.635734212626510953e+01,7.565118689246371986e+00
1.512614684676302268e+01,4.370623287863332251e+01
1.253220996263144293e+01,6.367144047415737163e+01
1.116146897877733757e+01,8.027074373755458225e+01
2.210070647432825552e+01,2.047329229002721718e+01
1.090207306008895394e+01,8.413599280280122628e+01
1.347151736867566107e+01,5.510195011410500143e+01
1.784427036710200198e+01,3.140526123882537490e+01
1.703017164965012142e+01,3.447957860285631426e+01
1.836144475898944961e+01,2.966103485308170207e+01
1.698163806809859722e+01,3.467694575315588423e+01
1.244474704585888958e+01,6.456956387252164120e+01
1.315308944349168740e+01,5.780221129115872714e+01
2.216164444093434227e+01,2.036085609075239233e+01
1.035857664811170054e+01,9.319654922729134228e+01
2.509050060260535631e+01,1.588478522583278973e+01
2.584684455273588455e+01,1.496872942610601243e+01
1.810118052259310417e+01,3.052011746513499091e+01
2.871955990468272546e+01,1.212395843853383148e+01
1.140266412707243404e+01,7.691080125231309239e+01
1.352131324285596037e+01,5.469684193515237070e+01
2.083867529200988500e+01,2.302818898507963041e+01
1.581863381592983231e+01,3.996336545460874845e+01
1.296250881233469876e+01,5.951437411853076043e+01
2.434327844725604351e+01,1.687492559198016195e+01
1.912981965458822486e+01,2.732613744919673238e+01
1.204185989636523502e+01,6.896247824869351462e+01
2.238238417926479684e+01,1.996123043798604968e+01
1.269927235956175515e+01,6.200722914589448465e+01
1.506491890123881205e+01,4.406222297030190305e+01
1.854310764802053413e+01,2.908271590851519761e+01
2.334831577828779103e+01,1.834378211516379409e+01
6.253540700650077611e+01,2.557101920955200836e+00
1.400775195037114784e+01,5.096395396053926419e+01
2.670257623905433775e+01,1.402470298669113902e+01
7.307934087815633006e+01,1.872452272443243082e+00
2.470984048965386748e+01,1.637797169489926929e+01
1.925268657179746512e+01,2.697847013875753319e+01
2.046644256400084316e+01,2.387345514750010267e+01
1.302195538123033991e+01,5.897223590026713680e+01
2.312996941717084098e+01,1.869174652105305867e+01
2.941770436904921482e+01,1.155533236355897841e+01
1.416624683191280987e+01,4.982994303564225902e+01
2.461835442771575089e+01,1.649992462335734444e+01
1.991196904113751032e+01,2.522153899353826745e+01
1.117287482647023467e+01,8.010693834850027883e+01
5.984120926738555113e+01,2.792539196922645850e+00
2.481942599924277459e+01,1.623366327302483114e+01
1.289320668705897788e+01,6.015588362250770160e+01
2.388057840087630979e+01,1.753518358605363403e+01
1.587476239018613633e+01,3.968126721375929833e+01
2.603369348369254865e+01,1.475463347583536589e+01
3.431504145643900472e+01,8.492409826905076287e+00
1.967015098499989634e+01,2.584548063825847564e+01
8.303453874047569627e+01,1.450382146024551400e+00
8.564898124093387821e+01,1.363187505471849192e+00
1.176305129122240345e+01,7.227032680361030259e+01
2.062300143804900188e+01,2.351236179968041640e+01
3.539303632041480085e+01,7.982967413139061108e+00
2.995902346678609263e+01,1.114152640013632301e+01
2.122723496260460152e+01,2.219285347441436329e+01
1.587536651450202640e+01,3.967824719374758047e+01
1.477170098672732301e+01,4.582885259955293833e+01
3.616336118986876613e+01,7.646495230441087365e+00
9.085353320042499092e+01,1.211480303063491082e+00
2.125241559639108502e+01,2.214029483209199256e+01
5.995160443812609685e+01,2.782264275756406224e+00
1.198494193692076237e+01,6.961905617746695896e+01
2.399934947434227084e+01,1.736205230339649930e+01
1.442507568268247375e+01,4.805779042697416514e+01
1.221046943146514785e+01,6.707107676025027843e+01
2.477476464812960089e+01,1.629224472380812827e+01
2.121011188276220238e+01,2.222870084726310935e+01
2.157454488774341428e+01,2.148407767108269439e+01
1.029085711267553549e+01,9.442715473118835234e+01
5.271103436324180791e+01,3.599124938594032042e+00
1.099235531768504615e+01,8.275961921797212995e+01
2.616646330214729943e+01,1.460528199228391699e+01
1.918937036617533920e+01,2.715679724691835517e+01
1.285580056863154219e+01,6.050646027624102885e+01
1.247559713557006411e+01,6.425061899129171650e+01
1.146722572366799575e+01,7.604720858147369711e+01
1.290507213140844911e+01,6.004531498022783609e+01
1.534783319173900651e+01,4.245275303013959700e+01
1.301065952612553467e+01,5.907467974683460454e+01
2.827341892352844255e+01,1.250959771323815062e+01
2.385792039401671261e+01,1.756850593505365410e+01
2.078784349218760497e+01,2.314094675752805230e+01
2.803133726157070171e+01,1.272659918773742938e+01
2.585717311587661271e+01,1.495677339456323551e+01
2.876666268531247894e+01,1.208428719674187946e+01
3.724514671194202720e+01,7.208760903812165388e+00
1.081611919939138744e+01,8.547853503390871310e+01
1.192090349014290140e+01,7.036904481551879087e+01
1.274039079563963028e+01,6.160762979852570709e+01
2.020789129892396829e+01,2.448826440737084553e+01
1.720330584901545379e+01,3.378906536460324617e+01
2.957628377265023190e+01,1.143175191440580463e+01
3.409349211988033801e+01,8.603140694903872898e+00
2.288231950598878583e+01,1.909852859567798333e+01
1.888401055431192432e+01,2.804216439684093842e+01
2.625632656847643887e+01,1.450547881998644328e+01
2.337356010667629036e+01,1.830417955676447050e+01
1.184605086719526845e+01,7.126114786730728667e+01
2.912572006586391637e+01,1.178817726170069768e+01
2.014869427812560332e+01,2.463236921067893803e+01
2.259671993452399263e+01,1.958435144659636862e+01
2.765378115826013428e+01,1.307648309357067617e+01
2.831318812462988532e+01,1.247447999292610810e+01
1.912281665993938162e+01,2.734615540342643314e+01
1.202561821428188615e+01,6.914888413701307002e+01
1.080680933487687234e+01,8.562587479646984434e+01
2.081259889259821350e+01,2.308592982171617436e+01
2.282889153372614288e+01,1.918802831619196780e+01
2.383045762813796742e+01,1.760902196569310263e+01
1.844150001776005965e+01,2.940407442435896002e+01
2.895625606498590798e+01,1.192655960493427436e+01
3.337424441987605661e+01,8.977948618135718206e+00
1.206316701176017148e+01,6.871907719308546802e+01
1.100055759968120661e+01,8.263625007834343705e+01
1.226022754894722411e+01,6.652776576083881821e+01
1.361873270890965237e+01,5.391711024898639693e+01
2.244982920496384793e+01,1.984147332140334186e+01
1.680700549581223058e+01,3.540130859427815579e+01
2.269715276274338933e+01,1.941141697128283994e+01
1.383522808229606049e+01,5.224290927545668239e+01
2.363052201260030571e+01,1.790825908578689152e+01
2.863817626500418001e+01,1.219296379981720690e+01
1.142222219156490226e+01,7.664764079964218979e+01
2.237065371140226233e+01,1.998217001059049025e+01
2.068736051233002016e+01,2.336629386820077414e+01
2.301694129296476987e+01,1.887577448268863733e+01
1.136798879915656180e+01,7.738071280516496131e+01
2.821043501850757806e+01,1.256551906774089389e+01
2.256108567283996535e+01,1.964626558010510138e+01
1.128492053456960953e+01,7.852410399047558087e+01
1.546286078339820946e+01,4.182349368357721886e+01
1.286167474091419471e+01,6.045120398742026424e+01
3.658692316977982273e+01,7.470475111516126532e+00
1.354806680257097895e+01,5.448103396582030911e+01
3.397848574124995480e+01,8.661477048866959905e+00
1.309596276134342752e+01,5.830759614050651152e+01
1.229666648316783295e+01,6.613406409469102698e+01
2.616006876054079555e+01,1.461242306662959756e+01
1.768640779868222879e+01,3.196838752841832942e+01
2.920304767778132060e+01,1.172583138983405249e+01
9.719738552663379494e+01,1.058499930056860272e+00
2.502980241557390428e+01,1.596192101233470595e+01
1.140521718873119461e+01,7.687637208938369326e+01
1.296983476636149035e+01,5.944716024258557496e+01
3.431114912044468213e+01,8.494336733361475211e+00
2.915055162641651165e+01,1.176810257037760721e+01
8.099227509070952635e+01,1.524448659945665918e+00
1.499300854847231079e+01,4.448590425248379177e+01
4.859059611154054892e+01,4.235410860663642474e+00
1.863409088305125394e+01,2.879940938318390664e+01
1.876401175471811911e+01,2.840197934948790603e+01
3.076775627994409845e+01,1.056351240182311280e+01
2.842770647603972023e+01,1.237417788231277171e+01
2.183174600226456263e+01,2.098084909289588396e+01
2.263275628749636326e+01,1.952203585952548082e+01
2.097274897537213079e+01,2.273470286302263688e+01
1.534035858976227829e+01,4.249413338463984502e+01
2.193970020055877868e+01,2.077488471476732457e+01
9.092844125435621550e+01,1.209485058225837850e+00
1.313123150065876388e+01,5.799480388603444680e+01
1.063161196488993276e+01,8.847116894450002178e+01
2.098501196630540733e+01,2.270813971444652424e+01
1.184254311064590937e+01,7.130336916653966739e+01
1.282602462565809809e+01,6.078772095308376322e+01
2.361522961525155750e+01,1.793146012082902629e+01
2.399523273857211692e+01,1.736801024627895984e+01
3.017783675331073923e+01,1.098054232285597820e+01
2.555260873460470705e+01,1.531544111794291751e+01
2.965133841758412458e+01,1.137395215108227653e+01
2.813476504697452540e+01,1.263320124857511040e+01
1.063155667626501000e+01,8.847208912244647649e+01
1.276467929484021369e+01,6.137340013925614812e+01
3.037170891870814771e+01,1.084080523696603215e+01
3.057852701574604026e+01,1.069465741475391418e+01
1.171350139523164025e+01,7.288304901467179775e+01
2.197205829333435645e+01,2.071373972418659193e+01
2.619964401202355120e+01,1.456831150877785497e+01
4.179152495830042113e+01,5.725633729460427368e+00
2.541916039275244898e+01,1.547667265571853257e+01
1.882489909641204306e+01,2.821854948347978720e+01
5.771729370944114379e+01,3.001843738600336486e+00
2.513298306708592733e+01,1.583113027435500086e+01
1.178303834023353680e+01,7.202535680074696245e+01
2.240162188436825019e+01,1.992696118905185187e+01
2.424583092005353890e+01,1.701084375105888569e+01
2.201071035851921209e+01,2.064105457863391990e+01
5.919042476264172592e+01,2.854283367903014401e+00
2.692843756469746808e+01,1.379042620962995613e+01
2.324149052735043952e+01,1.851279731222366109e+01
2.650722461077175396e+01,1.423218183342079968e+01
2.048933943769710098e+01,2.382012770273142621e+01
2.617514331189089560e+01,1.459559700461767306e+01
3.370706066031220871e+01,8.801531239752184987e+00
2.188860502033982769e+01,2.087198870270404782e+01
2.246269993311848623e+01,1.981874221181953644e+01
1.297924362756518946e+01,5.936100308858459584e+01
2.290905261041262619e+01,1.905398157105042500e+01
2.186553394607619794e+01,2.091605744091418373e+01
1.237666941945869148e+01,6.528184467193213436e+01
1.199641294217578924e+01,6.948597994026002311e+01
5.248346646178094232e+01,3.630404160480317444e+00
2.198564061416895754e+01,2.068815450153742574e+01
1.550802309298233617e+01,4.158025246324364588e+01
1.678941313223274889e+01,3.547553620138847918e+01
1.036228995074069203e+01,9.312976765936556944e+01
1.011879299022990431e+01,9.766581478413743866e+01
1.311360845950907716e+01,5.815078407537448157e+01
4.378462384141180763e+01,5.216230257853440300e+00
1.269570088361394866e+01,6.204212103237119180e+01
1.447871704518698621e+01,4.770235699732064205e+01
3.246886172310964724e+01,9.485623280933280554e+00
2.521362002637770772e+01,1.573003151362763852e+01
3.024585707806611623e+01,1.093120927231932882e+01
3.081116791782092790e+01,1.053376628399952253e+01
1.291529301330710666e+01,5.995031547358487245e+01
6.805158520761183638e+01,2.159352319887489102e+00
3.310397965646450302e+01,9.125141069664397975e+00
1.449791608819380428e+01,4.757609979014097235e+01
3.013724001259443241e+01,1.101014519772142286e+01
2.220055923565341871e+01,2.028953859900305190e+01
1.198782171273338903e+01,6.958561170392664508e+01
1.120883946034513201e+01,7.959370150362693153e+01
3.002666528295797477e+01,1.109138535320088259e+01
1.051982425206762706e+01,9.036141669242554997e+01
1.165507526675886218e+01,7.361559642645960366e+01
2.694178341883868910e+01,1.377676717082740865e+01
1.149835366708115814e+01,7.563602119198942830e+01
1.590803735761008042e+01,3.951543758863026312e+01
2.807282933207476106e+01,1.268900677342323746e+01
1.347814771276204660e+01,5.504775052610688135e+01
2.712623319430823798e+01,1.359004886143072000e+01
1.480921386020594888e+01,4.559697066870838711e+01
9.289379898846313210e+01,1.158848203041727976e+00
1.174183403050483676e+01,7.253174486727291992e+01
1.802152481099100712e+01,3.079051350250664143e+01
1.228503789431296589e+01,6.625932375172703814e+01
2.811858282280745769e+01,1.264774622912748470e+01
1.340839464821625171e+01,5.562197838203085354e+01
1.328278909095436155e+01,5.667890434887895168e+01
2.128292688527030307e+01,2.207685950530197871e+01
2.056276832478783945e+01,2.365030985718120249e+01
2.768632409452846233e+01,1.304576055654477251e+01
2.301682759322825689e+01,1.887596097023800468e+01
1.353976763301501762e+01,5.454784248455757023e+01
2.525182042288318840e+01,1.568247542288704111e+01
1.678152494858986188e+01,3.550889470894902189e+01
9.291646900304353096e+01,1.158282794108454583e+00
7.477979936077471734e+01,1.788263073941841919e+00
2.950067885891283836e+01,1.149042203108942140e+01
1.125889422605213142e+01,7.888755969720065764e+01
4.806528615672283422e+01,4.328495153077199120e+00
2.719195501043362739e+01,1.352443509267755140e+01
2.912602616079241002e+01,1.178792949138725632e+01
4.187281255231712862e+01,5.703424988300682230e+00
1.281665488967849420e+01,6.087663231005188180e+01
1.436717804110144492e+01,4.844590270863398729e+01
2.419076133468361078e+01,1.708838131806060900e+01
2.721051818096276875e+01,1.350598849366645382e+01
3.158338983169181446e+01,1.002495699750821245e+01
2.760923832089760666e+01,1.311871051804694588e+01
1.250391086099126881e+01,6.395997156990391375e+01
2.608359135280592511e+01,1.469823629021528966e+01
2.218823554905542750e+01,2.031208310038242004e+01
1.159594944037453956e+01,7.436821776995778066e+01
2.935091994718574426e+01,1.160797767522531387e+01
1.219241168988808255e+01,6.726989699355242180e+01
1.216646155472099977e+01,6.755716615472553599e+01
1.318783960937923005e+01,5.749799314837354558e+01
1.878671511962911822e+01,2.833337439423082316e+01
2.891131543646152835e+01,1.196366643691331610e+01
1.057706362620449703e+01,8.938605415964454437e+01
8.096745844531385217e+01,1.525383294681163182e+00
2.927928817758385804e+01,1.166484498084783539e+01
2.320879193065280788e+01,1.856499898862820430e+01
3.364766482212993992e+01,8.832632104330619072e+00
2.587857131232405550e+01,1.493204902685906710e+01
6.902198232325470428e+01,2.099061406361625970e+00
1.345269006483845331e+01,5.525629056162214425e+01
2.024502644098613402e+01,2.439850990358802818e+01
2.197185994118711960e+01,2.071411371467332785e+01
1.051397127277490107e+01,9.046205054390260614e+01
2.689236536915446507e+01,1.382744672255694418e+01
2.188988527774239046e+01,2.086954732521091316e+01
1.024945066018484852e+01,9.519164277208541591e+01
4.507384478313717580e+01,4.922104052316885969e+00
1.189538396956657174e+01,7.067129828903297550e+01
1.651986118960080319e+01,3.664267852543861892e+01
1.290708461511921534e+01,6.002659180591646049e+01
2.359681531879199667e+01,1.795945746332848003e+01
1.626120524501599718e+01,3.781764991481190918e+01
2.399582948097057056e+01,1.736714642123577335e+01
1.676999984885732076e+01,3.555771810571822300e+01
2.193634949133418743e+01,2.078123179765660566e+01
1.290735563134177610e+01,6.002407107125363694e+01
3.428809862929441010e+01,8.505761364953782433e+00
2.853188120675000761e+01,1.228398240443733513e+01
4.591518744763476434e+01,4.743372994613250349e+00
8.935805690299849857e+01,1.252369744443966981e+00
1.235194676089670551e+01,6.554343192681544394e+01
1.030149676427059546e+01,9.423220185689493178e+01
2.222171346474514664e+01,2.025092724234439601e+01
1.191670128300554232e+01,7.041868228362125137e+01
1.792819501684466488e+01,3.111192367250358615e+01
2.557645652947874382e+01,1.528689383103312771e+01
2.469413173798376349e+01,1.639881545845365807e+01
1.255085153012523769e+01,6.348244071034031322e+01
3.272798430977343287e+01,9.336013766538110659e+00
1.101908100433080584e+01,8.235865558237027528e+01
3.240236567004920687e+01,9.524595974093269746e+00
2.091462377988833765e+01,2.286124545242174477e+01
9.444332840758448810e+01,1.121133762842817738e+00
1.142733098306131012e+01,7.657912273791309588e+01
1.267122586099509718e+01,6.228202660102041932e+01
1.109338225006243306e+01,8.125910677422061212e+01
2.301361958493228954e+01,1.888122380685308599e+01
2.742961322794476686e+01,1.329109102368567896e+01
2.288562901928232307e+01,1.909300528111057460e+01
3.005837367753457556e+01,1.106799722654280060e+01
1.871056852831648953e+01,2.856446091161847889e+01
2.234344712729742355e+01,2.003086236970306544e+01
5.800936813701137851e+01,2.971691554820470316e+00
3.702802041508560649e+01,7.293550779994435906e+00
2.688489111889286676e+01,1.383513610935263927e+01
1.250303293410548378e+01,6.396895405445356886e+01
2.801508068708454147e+01,1.274137344002171801e+01
1.206917030739879770e+01,6.865073142855909794e+01
9.087995804972037206e+01,1.210775889660612448e+00
2.545979091458324106e+01,1.542731455010454944e+01
7.529765404703422860e+01,1.763750332745511740e+00
9.771659051074684044e+01,1.047281397398964531e+00
3.095055122963078276e+01,1.043910398288913299e+01
4.472274447767399863e+01,4.999690335141352193e+00
2.724033078966358090e+01,1.347644197912909725e+01
2.674871274919747677e+01,1.397636474798700768e+01
2.143348414388851353e+01,2.176779566189645365e+01
4.699875417831211166e+01,4.527175263905655278e+00
1.307266180490817753e+01,5.851563848032839843e+01
1.331705472889134789e+01,5.638760267135973692e+01
2.980907028560800853e+01,1.125390223203524798e+01
1.365899268946797562e+01,5.359973651873342249e+01
1.447361430924413206e+01,4.773599827509453064e+01
1.335034688201493580e+01,5.610672247793191048e+01
6.272056578380998815e+01,2.542026451250138486e+00
1.254255366197272714e+01,6.356646557264234332e+01
5.867435117954353530e+01,2.904714202898419639e+00
1.491440063148064255e+01,4.495607531220966990e+01
1.006527209497230579e+01,9.870722910491096513e+01
2.797428963162595039e+01,1.277855851287126931e+01
3.534348507342799195e+01,8.005367200773306990e+00
7.645605950559259156e+01,1.710709148806762947e+00
1.285030061246447808e+01,6.055826514918120296e+01
2.995243835483732653e+01,1.114642591868895316e+01
5.144587432074871458e+01,3.778321374223417184e+00
1.644351417805442850e+01,3.698373135443942061e+01
2.602173668883688151e+01,1.476819588015609241e+01
8.706297363177303339e+01,1.319267935789570467e+00
2.901028906041182154e+01,1.188217344931126718e+01
2.489930664093246904e+01,1.612967038947131471e+01
5.398003188987392065e+01,3.431892901399117513e+00
2.600425266558312032e+01,1.478806142189833750e+01
5.555691788281490062e+01,3.239841103993139182e+00
1.076445500549504963e+01,8.630101557233371068e+01
1.318399377645972237e+01,5.753154291039501800e+01
1.097642490822603278e+01,8.300001649565763273e+01
1.324620238669194094e+01,5.699243694891326584e+01
2.676332877261484455e+01,1.396110333595108521e+01
1.363401843664869695e+01,5.379628009632395447e+01
1.184047578340793727e+01,7.132827023782702724e+01
1.304928571735833565e+01,5.872547247352645172e+01
4.021851372383754608e+01,6.182269963082181796e+00
1.056087537134776788e+01,8.966029529891289940e+01
2.418637192192543850e+01,1.709458437865579583e+01
1.307307447964114999e+01,5.851194423925508659e+01
4.168452590134593549e+01,5.755065451603749160e+00
2.169570182131671743e+01,2.124479736733203339e+01
2.801353370467016646e+01,1.274278070445988398e+01
1.252712209353090067e+01,6.372317106932854358e+01
1.897030662222563890e+01,2.778761665180280360e+01
2.739709524754450953e+01,1.332266049666506191e+01
7.712383767241230714e+01,1.681212987319318897e+00
1.242190591549805490e+01,6.480724040772142303e+01
2.029482941075217184e+01,2.427891024668806352e+01
2.880600746059502981e+01,1.205129901780124868e+01
1.186203473428039601e+01,7.106923116304287191e+01
2.308137398585954614e+01,1.877053643065968913e+01
3.542067507989332142e+01,7.970514051744397754e+00
1.894983234053031396e+01,2.784769516128886124e+01
2.565170342082974386e+01,1.519734000421262543e+01
4.973423366972642867e+01,4.042864064030590399e+00
1.935308876177148107e+01,2.669927220085231312e+01
2.862333376720784273e+01,1.220561228873387627e+01
1.123337105501832944e+01,7.924644538616557554e+01
5.247103114752986386e+01,3.632125131659157180e+00
1.238504121837208949e+01,6.519361860122390340e+01
2.491493108843316406e+01,1.610944651922802606e+01
2.637398080908179665e+01,1.437634970067058582e+01
2.067361643618128042e+01,2.339737259841266592e+01
2.769930563391745793e+01,1.303353538584346794e+01
9.004761756312117882e+01,1.233262556948584443e+00
3.177906198812218008e+01,9.901884397552993988e+00
1.505969610550504356e+01,4.409279037265081058e+01
5.092991224229576375e+01,3.855264189810329700e+00
2.312159096573784467e+01,1.870529543862128108e+01
2.542567687553481903e+01,1.546874047383443695e+01
1.049863006952343802e+01,9.072662042759213818e+01
2.716998405962756991e+01,1.354631694878523263e+01
2.752155984049522175e+01,1.320243112218753545e+01
1.239677305235665195e+01,6.507028347215585029e+01
1.228817756658444083e+01,6.622546910015483945e+01
3.250662604537170353e+01,9.463596383687184144e+00
3.447952051161734488e+01,8.411579707353824986e+00
7.143954555597738931e+01,1.959397878654397740e+00
9.977637357129604823e+01,1.004487576066482868e+00
5.645232937173449272e+01,3.137879532941789229e+00
1.055664693057765291e+01,8.973213613607852324e+01
3.318632976921233535e+01,9.079910153705869291e+00
1.065394066702579501e+01,8.810071891960825496e+01
1.290263496661332177e+01,6.006800091208502579e+01
1.099254335351705336e+01,8.275678790946457752e+01
3.547079924516946647e+01,7.948003530840020758e+00
1.143962250987884843e+01,7.641464726599190271e+01
3.115297243678464056e+01,1.030388536440019998e+01
1.061327478535171487e+01,8.877714673617016672e+01
2.739955750033994164e+01,1.332026613069033516e+01
3.132052432148676502e+01,1.019393716964748897e+01
1.769131739082420296e+01,3.195064662619337170e+01
5.680984014163776408e+01,3.098509739377793171e+00
1.416572326494349277e+01,4.983362654602864694e+01
1.276281260738236512e+01,6.139135438459980065e+01
3.914761090803668964e+01,6.525134584332440646e+00
1.789194026657500913e+01,3.123813668280763878e+01
1.327981300894552774e+01,5.670431132841927280e+01
1.396333166897383116e+01,5.128872373518114358e+01
1.631470441150373674e+01,3.757003335503191011e+01
1.166624580016974555e+01,7.347468875117702680e+01
4.849764695687248661e+01,4.251661344535043519e+00
1.022650251014211165e+01,9.561933993711141966e+01
4.872928093155974238e+01,4.211336984670558614e+00
3.364351472497402540e+01,8.834811338132059433e+00
1.166160295927987001e+01,7.353320544016007432e+01
2.556759503071124939e+01,1.529749226753993518e+01
9.915085272979416686e+01,1.017201736107587129e+00
2.432404593633626178e+01,1.690162143837700270e+01
1.355418313691806453e+01,5.443187585247376603e+01
7.815290242196442705e+01,1.637230314268387943e+00
7.946483549396423030e+01,1.583616516673828523e+00
1.040858412271848898e+01,9.230318498153334872e+01
9.760698348782172218e+01,1.049634791448676774e+00
1.200808526077515914e+01,6.935095952917058071e+01
1.596136412201694554e+01,3.925183727272813172e+01
2.421749082418031307e+01,1.705068033234439184e+01
1.756713534229578855e+01,3.240396135200409589e+01
3.789568176644774411e+01,6.963387292435387899e+00
2.535945242399280986e+01,1.554963705023676113e+01
4.297112868392751750e+01,5.415598732074389687e+00
1.255287604235342158e+01,6.346196562348248449e+01
1.682197084606888993e+01,3.533834839451113652e+01
1.194815477075499821e+01,7.004841627580911734e+01
2.965319529003969379e+01,1.137252773007192808e+01
1.249174336715052469e+01,6.408463176395264327e+01
2.479991481813678433e+01,1.625921679143617737e+01
2.954161840774857595e+01,1.145859664276585654e+01
4.358562179044012908e+01,5.263971242405391493e+00
3.118376731403545321e+01,1.028354463988669742e+01
2.355478204555815580e+01,1.802361159834235593e+01
1.109091981025341589e+01,8.129519356877214875e+01
3.735608950431809916e+01,7.166006296333005565e+00
1.382297438527721134e+01,5.233557421283466482e+01
2.454644747610558753e+01,1.659673676725302371e+01
2.709776774559450629e+01,1.361861579199264760e+01
8.050365126062926890e+01,1.543010364757036124e+00
2.256221687122635444e+01,1.964429562591722700e+01
9.062215934443689491e+01,1.217674432718200084e+00
2.832761149884415630e+01,1.246178013732973255e+01
4.443257119933186772e+01,5.065205957940862369e+00
3.254573607041795213e+01,9.440865350389762156e+00
1.113342347402034171e+01,8.067566303318362486e+01
4.521381419867120144e+01,4.891676288153342433e+00
2.096620291420342852e+01,2.274890152254140929e+01
2.649535407295973499e+01,1.424493739029979622e+01
4.503804214879873768e+01,4.929932737899164863e+00
2.193262293873824120e+01,2.078829423908002738e+01
6.209377209977319012e+01,2.593605469008926079e+00
1.427719849147465148e+01,4.905847062528854963e+01
1.087503395727097022e+01,8.455489539026230261e+01
2.670686266441457946e+01,1.402020144571716820e+01
1.505720662244126373e+01,4.410737173981759440e+01
1.063190231945499953e+01,8.846633675995929025e+01
1.291608793242795805e+01,5.994293643035760510e+01
9.015017642678921561e+01,1.230458124041894807e+00
2.712392058323575839e+01,1.359236636101104168e+01
1.060152188540171636e+01,8.897409341756164736e+01
1.097257036732458602e+01,8.305834068790564118e+01
1.423300911872331298e+01,4.936356820803181478e+01
2.470914045147118898e+01,1.637889972134964012e+01
1.071951234903236205e+01,8.702618430699448027e+01
2.998004001309850253e+01,1.112591105528988855e+01
2.800550952453502163e+01,1.275008391143558129e+01
1.653873095977601437e+01,3.655911171763158052e+01
4.184805755209848854e+01,5.710174646693022105e+00
2.796780773417977883e+01,1.278448238827499317e+01
1.806697515214148098e+01,3.063579152217306145e+01
4.888526958454619376e+01,4.184503842479530000e+00
1.111453505410782938e+01,8.095010197677051167e+01
1.871904981419269731e+01,2.853858262414409097e+01
1.460847665703112419e+01,4.685868946273037494e+01
7.860671175101506947e+01,1.618380888519707961e+00
1.416707181068910870e+01,4.982413979711056129e+01
6.990224053608767463e+01,2.046528550256887513e+00
1.752547002315214186e+01,3.255821984424825644e+01
1.172643015197988703e+01,7.272242591813100887e+01
2.627647641245374999e+01,1.448324059722747670e+01
1.644389052103551307e+01,3.698203851801264364e+01
2.833376727670225037e+01,1.245636584728521967e+01
2.297724088422023669e+01,1.894105850503218491e+01
2.602441291708321103e+01,1.476515865269549899e+01
1.596607518221091304e+01,3.922867685484834510e+01
4.648867619529902839e+01,4.627065433373368286e+00
2.683711858635706093e+01,1.388443557153214236e+01
2.600961625021681556e+01,1.478196299737377650e+01
3.174303721794980504e+01,9.924372196803942003e+00
1.645054852572692994e+01,3.695210921102130186e+01
1.441982824192734114e+01,4.809277368594954538e+01
2.536041690260604398e+01,1.554845434040544561e+01
2.334501478237017835e+01,1.834897012052885401e+01
1.331162022828496561e+01,5.643365281518426713e+01
7.960326478404512329e+01,1.578113518750325461e+00
1.365151376978881004e+01,5.365848134921866830e+01
9.030078952622292832e+01,1.226356973606236300e+00
2.615502930285473582e+01,1.461805454813948835e+01
1.975444621330632700e+01,2.562537804964735244e+01
1.145946532774540216e+01,7.615024240699236202e+01
2.848273405543229586e+01,1.232641116880297361e+01
1.312242444758240900e+01,5.807267588540612735e+01
1.268408888668689194e+01,6.215576935118204460e+01
1.288829290018981766e+01,6.020176239671377516e+01
5.688516213440248492e+01,3.090309660286908233e+00
4.910274189057487604e+01,4.147520225086826606e+00
1.003839526147044481e+01,9.923649482620758988e+01
2.498558541758222162e+01,1.601846663528969472e+01
1.019384577724758500e+01,9.623296840976928479e+01
2.990169706560697449e+01,1.118428757586139177e+01
1.043577496647033520e+01,9.182281207336929185e+01
8.559079738145761951e+01,1.365041500800160845e+00
2.293288747998429145e+01,1.901439535145868831e+01
1.614948870694852801e+01,3.834267829776786840e+01
1.286551625209322580e+01,6.041510915818755478e+01
1.364476225962980571e+01,5.371159556303422278e+01
2.792491643562842540e+01,1.282378522136936461e+01
7.668095660904425870e+01,1.700689207530481140e+00
1.117680649618143818e+01,8.005058976135816806e+01
2.538459840194522599e+01,1.551884537438505340e+01
1.073068426179694868e+01,8.684506951459584911e+01
5.933288146156565546e+01,2.840593702266001497e+00
1.203921692811622535e+01,6.899276022597706515e+01
2.072167888714507100e+01,2.328896140837300521e+01
6.841856030955767665e+01,2.136250302875196017e+00
1.344693961885225164e+01,5.530356023995590675e+01
3.353802693327753559e+01,8.890475340260030279e+00
8.764615430324987244e+01,1.301770033195349896e+00
1.797593711240711656e+01,3.094688348978967696e+01
3.062875379572156831e+01,1.065961075388675638e+01
1.102369521665706564e+01,8.228972392500415367e+01
1.760317729395547914e+01,3.227140501085725077e+01
1.109299344124400299e+01,8.126480312861717437e+01
3.391907954837713390e+01,8.691843201060676094e+00
5.134510247453805931e+01,3.793166881885795316e+00
5.617324561340922173e+01,3.169136642531016790e+00
1.142925911994342236e+01,7.655328684171638542e+01
3.597953848604429083e+01,7.724828091528081586e+00
7.569135379714342093e+01,1.745450166577523943e+00
2.487648760109001245e+01,1.615927524433136142e+01
1.533672405150637807e+01,4.251427651996647228e+01
1.057875338161407619e+01,8.935750098325890178e+01
2.879063075505373703e+01,1.206417534299288619e+01
1.536209466502425158e+01,4.237396718935017503e+01
2.550568855257347067e+01,1.537184141890304723e+01
5.595687070162610155e+01,3.193692963587548395e+00
1.004293555988367892e+01,9.914678769824611493e+01
6.591423051277249101e+01,2.301662420932109931e+00
1.250827389851952631e+01,6.391535932543006737e+01
1.236654800560677536e+01,6.538874838672374779e+01
1.155089078011721071e+01,7.494955268477517052e+01
1.202154300926494557e+01,6.919577389859959737e+01
1.080512083543693791e+01,8.565263813219308986e+01
9.891075035915829972e+01,1.022146172992971946e+00
1.068716970954594281e+01,8.755371696281129346e+01
1.887509395119106870e+01,2.806866491767859628e+01
4.301943143429264182e+01,5.403444156915329089e+00
2.651759914423411146e+01,1.422104784178543113e+01
2.646772262994519664e+01,1.427469541960433830e+01
2.198139668056628082e+01,2.069614376909895270e+01
2.123241062370049548e+01,2.218203523142031841e+01
2.302477645428273334e+01,1.886293009528504427e+01
7.732078737135503843e+01,1.672659202508242737e+00
4.284234911639704535e+01,5.448205097508910022e+00
1.256593648365907967e+01,6.333011543484080619e+01
3.202656984131846230e+01,9.749428231075370377e+00
3.355246954892355404e+01,8.882823201099981247e+00
1.948899442807234195e+01,2.632819810466939003e+01
1.107409890505171468e+01,8.154234637114969075e+01
1.081277767023995473e+01,8.553137495350442521e+01
1.060433584276335317e+01,8.892687950619776416e+01
1.132563409930733300e+01,7.796055940522532524e+01
1.218289978133256213e+01,6.737498115421202272e+01
1.209081684670147006e+01,6.840513669083158277e+01
7.692331998554466566e+01,1.689989319885788488e+00
2.170910930270970596e+01,2.121856402320904778e+01
1.006880020864054437e+01,9.863806707897300896e+01
2.914669611659429904e+01,1.177121613328449712e+01
1.242884367990375161e+01,6.473490996582455637e+01
1.117494581560412570e+01,8.007724957346742656e+01
1.794025125543896237e+01,3.107012194583458964e+01
1.754517683200262113e+01,3.248512188839436732e+01
2.761879640013077974e+01,1.310963206467383202e+01
1.648566805828195214e+01,3.679483824029305339e+01
1.165312272522738191e+01,7.364026784797670189e+01
1.693305639869490520e+01,3.487621050034805137e+01
6.115973655541577614e+01,2.673429819934489693e+00
3.812268222916129901e+01,6.880707588314023404e+00
1.022636721342286137e+01,9.562187007675919403e+01
1.001455641830906451e+01,9.970950607026180990e+01
4.052963443630701335e+01,6.087719406792673205e+00
5.321627422920671080e+01,3.531108554376817033e+00
5.186226625078887054e+01,3.717894133573328652e+00
2.497620786202634235e+01,1.603049746569226031e+01
1.039773588023560968e+01,9.249589033590474685e+01
4.564617290838133101e+01,4.799447638447527531e+00
1.225930712903864084e+01,6.653775584887853256e+01
4.415506917553651789e+01,5.129072772949034409e+00
1.010910445807160052e+01,9.785310967798174886e+01
1.004168352963930744e+01,9.917151313700965432e+01
1.386024811006974389e+01,5.205446542535565868e+01
6.536116801428507017e+01,2.340778883638071850e+00
1.526141883860991300e+01,4.293487246291171999e+01
4.892212155548862995e+01,4.178202025279503573e+00
1.770357203654642220e+01,3.190642861885730497e+01
2.555783513566868947e+01,1.530917795417798466e+01
1.186695405741170184e+01,7.101032134558391817e+01
1.680302631665395197e+01,3.541807757700791370e+01
1.893741282563950179e+01,2.788423323298950152e+01
1.216596081541251806e+01,6.756272744583135648e+01
5.013580349713555506e+01,3.978359645389663246e+00
1.195783923359550016e+01,6.993500003628064121e+01
3.202650744162481544e+01,9.749466222225581902e+00
1.191140626339121233e+01,7.048130313155374438e+01
1.040386172726339531e+01,9.238699829626766302e+01
2.750425267894762271e+01,1.321905171552816327e+01
1.610547002644575443e+01,3.855255737622457701e+01
1.145066038713449252e+01,7.626739829630729162e+01
1.766383725086263112e+01,3.205013703702719852e+01
1.731719659702120850e+01,3.334608287689656692e+01
2.904219482259156138e+01,1.185608027298571088e+01
1.049431469549611329e+01,9.080125127509332117e+01
1.926402295329374326e+01,2.694672721138888249e+01
1.276387646895339323e+01,6.138112094477800440e+01
9.172187601071784968e+01,1.188650403797166577e+00
3.957580436855938189e+01,6.384700046340412882e+00
1.472100643372013806e+01,4.614503662159579989e+01
1.749747351558934838e+01,3.266249154664810561e+01
4.052185210151269956e+01,6.090057958340103994e+00
1.461322641227054753e+01,4.682823333636302721e+01
3.123516059885766438e+01,1.024973208146039738e+01
1.033645730382584205e+01,9.359584507470368919e+01
2.268837256596886576e+01,1.942644396705331644e+01
2.738226526095207447e+01,1.333709526873659001e+01
2.663335104582992585e+01,1.409770352664409820e+01
1.224854392948244985e+01,6.665474506893251316e+01
1.314788587402030906e+01,5.784797337712533505e+01
1.397596515857925503e+01,5.119604137756629569e+01
1.509394963329762440e+01,4.389289307397541506e+01
2.920329108616797598e+01,1.172563592187821691e+01
1.179167644806003423e+01,7.191986969459932766e+01
1.067711614966679257e+01,8.771867554037356740e+01
1.139569843742268951e+01,7.700485437443668957e+01
1.202953298381365066e+01,6.910388523341674727e+01
2.615129725223440715e+01,1.462222712985212247e+01
1.698608293000373237e+01,3.465879983109348217e+01
1.152362140780528144e+01,7.530469199899781074e+01
3.047170909233459568e+01,1.076976861966883270e+01
3.158801210337191634e+01,1.002202330960480658e+01
1.350414948010242000e+01,5.483596957573956132e+01
1.268221575323716088e+01,6.217413122908381951e+01
2.233164546248970694e+01,2.005203949153332488e+01
1.777821829898713801e+01,3.163905699206263122e+01
1.698440067471782555e+01,3.466566587692026502e+01
5.856048232996496239e+01,2.916021419771198886e+00
1.207401805418600205e+01,6.859561563347547519e+01
5.526950656825819408e+01,3.273624221159475489e+00
1.243749106224973566e+01,6.464492511055198065e+01
1.251672518286739688e+01,6.382907724959754603e+01
2.624866200970033603e+01,1.451395120054778864e+01
1.197350883630237561e+01,6.975207344143339583e+01
1.905348560761250809e+01,2.754552964928079462e+01
3.688981610536816902e+01,7.348302386132643527e+00
2.185145502146725605e+01,2.094301861682373200e+01
1.077432130211376560e+01,8.614303224546279125e+01
1.152194981381674310e+01,7.532654385631091998e+01
7.872934904364343822e+01,1.613342887547468463e+00
1.271404405262742188e+01,6.186322781036045626e+01
2.637274409412523113e+01,1.437769805209764939e+01
1.111225524504520656e+01,8.098332110347544699e+01
1.050519423278315756e+01,9.061327492011035645e+01
3.195981126639865266e+01,9.790200543212355555e+00
1.042083395106471855e+01,9.208630529574210755e+01
2.658346715671569882e+01,1.415066186335832477e+01
9.748901406255369295e+01,1.052176610815576341e+00
4.303437812963066023e+01,5.399691361513564658e+00
1.261491056120234333e+01,6.283934484657534369e+01
1.122426176476438719e+01,7.937512588487240350e+01
1.141278407801000228e+01,7.677446493897737412e+01
1.109513159638836122e+01,8.123348488548928970e+01
1.057118231285392973e+01,8.948554229969779783e+01
2.019623152854155279e+01,2.451654789784376476e+01
8.707081492187576544e+01,1.319030329266405621e+00
1.057299065701078433e+01,8.945493472151156311e+01
3.046361454809444780e+01,1.077549269094138040e+01
1.630562006481059711e+01,3.761190778616563080e+01
5.678513160733369602e+01,3.101206793640415071e+00
3.378488309297477343e+01,8.761029830751189351e+00
1.777260675398537515e+01,3.165903965679639143e+01
1.055212780445259746e+01,8.980901118566154651e+01
2.690599214476536361e+01,1.381344420606350631e+01
1.103944161790422918e+01,8.205513907363514647e+01
1.722508032971245839e+01,3.370369283710974884e+01
3.119606161091788721e+01,1.027544079397805810e+01
1.626861241105460820e+01,3.778322069186740606e+01
4.048790416778697221e+01,6.100274913897687057e+00
1.838799553651055518e+01,2.957544042537606188e+01
1.251244742164563561e+01,6.387272853806976514e+01
1.630626729261180685e+01,3.760892206431784501e+01
6.721920732338631410e+01,2.213162110398272375e+00
2.482158271718668274e+01,1.623084234800774439e+01
4.522312952449259171e+01,4.889661263285345782e+00
2.115802074505437602e+01,2.233828989916911212e+01
1.646196757090647012e+01,3.690086242601255151e+01
1.186402752956834483e+01,7.104535823554610374e+01
1.713605192590215509e+01,3.405480995439604186e+01
9.684240291253749433e+01,1.066274163825298604e+00
3.092744607341983354e+01,1.045470741965276318e+01
8.363341351676734803e+01,1.429684978244132543e+00
6.093708456964429132e+01,2.693001872482278181e+00
1.452573863164628598e+01,4.739402018046121867e+01
9.467278782195410258e+01,1.115705741821581443e+00
1.208910712008637311e+01,6.842448673081098320e+01
2.116127980955249654e+01,2.233140975561686759e+01
1.667857411329899620e+01,3.594861490497806500e+01
1.006805838996411673e+01,9.865260300103204827e+01
1.604452986145064486e+01,3.884597338274241451e+01
5.301392171241225526e+01,3.558116266578624565e+00
1.988377187645177813e+01,2.529312301211340142e+01
2.593068404855200626e+01,1.487209164129547467e+01
1.516983436175889821e+01,4.345485673305751817e+01
1.253119684189439198e+01,6.368173629268734715e+01
2.247061141444911314e+01,1.980478905284975610e+01
2.215335858352193199e+01,2.037608978092829659e+01
1.061462040858297229e+01,8.875463947460048075e+01
5.738451020688150805e+01,3.036761198366535019e+00
1.064428836941191747e+01,8.826057177054407532e+01
1.715169500420814686e+01,3.399271939995837499e+01
1.093648870757053260e+01,8.360729685217944507e+01
2.171428215785448401e+01,2.120845570063176666e+01
1.000843690171798528e+01,9.983147526960527784e+01
1.631835558470107017e+01,3.755322291700402815e+01
1.582274957854620823e+01,3.994257787495601519e+01
1.217624793965049967e+01,6.744861469492467165e+01
1.465279519486789717e+01,4.657566250580359934e+01
6.293146308976515968e+01,2.525017209832606024e+00
2.084776040647052398e+01,2.300812273885426151e+01
1.106870122265661394e+01,8.162189445836740731e+01
2.735310577432691304e+01,1.336554616182240096e+01
1.444993122709704814e+01,4.789260276140603168e+01
1.688156070426001776e+01,3.508930855931631498e+01
3.384303973186179348e+01,8.730945401355334923e+00
1.073986982428237269e+01,8.669657987933305776e+01
1.660271528045995382e+01,3.627786826915856011e+01
3.756600828871559372e+01,7.086142800369739980e+00
1.289731576103223176e+01,6.011755850062223061e+01
1.932301424737089945e+01,2.678244685559933558e+01
1.261298865339918507e+01,6.285849663237578255e+01
1.137468364360773521e+01,7.728965104098305972e+01
2.207114233102234024e+01,2.052817669240240050e+01
2.727031464833990171e+01,1.344682342905061567e+01
1.076224901224154884e+01,8.633639831983047941e+01
1.899694121098353961e+01,2.770975223158373524e+01
1.292397886223241521e+01,5.986976065246891210e+01
1.898282310755744362e+01,2.775098473138378097e+01
4.024030974964151142e+01,6.175574566186059933e+00
1.065767840881263595e+01,8.803893435788343425e+01
4.186519027240374413e+01,5.705501991126032735e+00
3.968857071592459818e+01,6.348470146455623464e+00
1.136605787654867505e+01,7.740700668140154050e+01
5.316098081489241878e+01,3.538457876558773751e+00
7.585784646189989644e+01,1.737796752891481500e+00
2.703478587679160583e+01,1.368214320308308096e+01
4.488181304135888183e+01,4.964313678951702613e+00
4.988969961672383135e+01,4.017706631204454482e+00
1.001786548542530575e+01,9.964364554239448069e+01
1.731107294260499785e+01,3.336967887298450108e+01
4.074101174747331555e+01,6.024713235577867643e+00
2.799664892304181407e+01,1.275815568389774768e+01
2.171627408379587010e+01,2.120456518650112088e+01
1.150080488513491517e+01,7.560378333995996059e+01
2.247777652597655518e+01,1.979216494785499236e+01
2.643304922094926113e+01,1.431216949033820285e+01
3.431166533682855402e+01,8.494081141989651584e+00
3.142261149562926548e+01,1.012780773598399264e+01
1.359609947168490329e+01,5.409676978635349087e+01
1.325578282904178451e+01,5.691008565335518199e+01
1.135094938847321266e+01,7.761320637814573331e+01
2.962326343215315205e+01,1.139552133832703973e+01
2.510851956600088286e+01,1.586199418407594308e+01
4.616880983914184355e+01,4.691401922626361909e+00
4.182464338330705544e+01,5.716569748035595033e+00
1.009718358360262869e+01,9.808429953742117391e+01
3.843003429642283209e+01,6.771087965627747174e+00
2.580068029986264122e+01,1.502234339376109773e+01
1.187069187714008223e+01,7.096560921005954015e+01
7.331883793253668102e+01,1.860239466367003436e+00
3.837886132333551359e+01,6.789156646839761500e+00
1.698788528690420918e+01,3.465144585946173095e+01
1.468649412882286853e+01,4.636216710612715275e+01
4.589226597589262013e+01,4.748112452986264387e+00
1.127902574515637468e+01,7.860620399207049047e+01
1.142328965232433191e+01,7.663331663759295509e+01
2.401205677538804650e+01,1.734368099521810436e+01
1.648381731941103467e+01,3.680310106666752290e+01
1.537147506900689287e+01,4.232226575579092298e+01
1.769842629521270183e+01,3.192498462982178253e+01
5.804387448629432811e+01,2.968159338970628447e+00
2.206054936371821640e+01,2.054789574011985565e+01
6.846255322458877401e+01,2.133505746072402065e+00
1.025840901626810897e+01,9.502545944174438830e+01
1.876567232307783684e+01,2.839695300769626840e+01
1.210900122048212602e+01,6.819983973016600487e+01
2.195132589620638797e+01,2.075288526641591957e+01
2.395801249053950954e+01,1.742201671220878367e+01
1.103329197410344698e+01,8.214663497642155221e+01
1.012229727821548408e+01,9.759820366988418527e+01
1.944056534499244293e+01,2.645953571059740028e+01
1.270511217040866470e+01,6.195023991765422977e+01
1.238202165675228983e+01,6.522541957159245385e+01
1.198282967565385881e+01,6.964360239912724637e+01
3.235243483937060915e+01,9.554018054704394913e+00
1.211785311560043432e+01,6.810023836895375382e+01
1.037125222255019175e+01,9.296888184885665396e+01
1.104417428123215750e+01,8.198482940052701906e+01
1.077407159876239184e+01,8.614702524902060077e+01
2.725564295749942900e+01,1.346130415411248116e+01
3.993499328453503949e+01,6.270364228059732703e+00
1.033428533522407733e+01,9.363519150122834844e+01
1.797013283254714011e+01,3.096687815351464579e+01
1.964292025028243671e+01,2.591718884116917110e+01
3.598734251061582512e+01,7.721478124149760980e+00
1.410816000591608876e+01,5.024111243606324706e+01
1.861187479631854913e+01,2.886820331596144484e+01
2.343231306389656510e+01,1.821250474483249704e+01
1.241627500320222666e+01,6.486603527739069364e+01
8.984500980531987580e+01,1.238831042029394203e+00
1.213200619953959425e+01,6.794144085805285727e+01
2.657440213394644601e+01,1.416031761779611209e+01
1.060512937985268955e+01,8.891357195765357346e+01
2.769394677625488299e+01,1.303857992637985852e+01
1.887234723425067529e+01,2.807683584489442907e+01
1.143863035889735080e+01,7.642790377536040580e+01
1.679762500733918529e+01,3.544085874390876256e+01
1.488967738596441137e+01,4.510549195954043000e+01
1.001061244372802150e+01,9.978808851987244566e+01
1.710010167226822020e+01,3.419815015261775670e+01
1.146823806327217277e+01,7.603378329282489290e+01
1.161295243923295040e+01,7.415060609230575039e+01
1.131326034746467890e+01,7.813118964469869354e+01
1.723894943715065864e+01,3.364948395322403485e+01
6.759309137964518754e+01,2.188746079421685309e+00
2.882558188673798938e+01,1.203493735899678718e+01
2.444959866548567362e+01,1.672848189506487415e+01
1.098371021417832516e+01,8.288994804604635647e+01
1.288567013037793885e+01,6.022627201593811463e+01
2.292177261066060012e+01,1.903284015183727718e+01
2.054564106683601210e+01,2.368975703640308339e+01
2.790701346144031092e+01,1.284024398989614113e+01
1.123251553969229199e+01,7.925851732680192185e+01
1.840600922070821355e+01,2.951757867663372181e+01
1.053586116482386892e+01,9.008654304653171607e+01
1.669718349908160349e+01,3.586852848254335413e+01
1.192592408066598253e+01,7.030980918865751050e+01
2.739751867642262084e+01,1.332224869619058616e+01
2.727536368200101080e+01,1.344184551704718267e+01
1.222420575319931046e+01,6.692042611336933078e+01
3.959357225312372464e+01,6.378970977055908875e+00
2.913463108285069936e+01,1.178096738262392762e+01
1.248131819895908734e+01,6.419173136197201757e+01
1.270175079638744187e+01,6.198303311038912966e+01
1.050019479321469973e+01,9.069958254539760389e+01
1.375978122421212291e+01,5.281739071186952827e+01
6.213444849850266394e+01,2.590210766058247405e+00
1.130319909548875579e+01,7.827034448782313802e+01
3.829946797663393454e+01,6.817333150255967311e+00
2.711608170133195372e+01,1.360022622489410971e+01
7.491972394494732157e+01,1.781589576255282914e+00
1.858992455700366619e+01,2.893641640332144149e+01
4.492472762810942299e+01,4.954833834475308230e+00
8.066505387669141669e+01,1.536841726922311135e+00
1.067461560222215944e+01,8.775977686131761857e+01
2.513150617792551955e+01,1.583299100737574072e+01
2.009341919628254303e+01,2.476807821734588799e+01
2.055881687352784581e+01,2.365940201731893922e+01
2.026403918567350004e+01,2.435274755421199089e+01
1.323339360841427315e+01,5.710281782324582878e+01
1.018659460655864279e+01,9.637002108860852445e+01
4.415841030261331923e+01,5.128296647382234674e+00
2.275123035259718307e+01,1.931924832089042710e+01
1.201641619638186498e+01,6.925483135088185804e+01
4.122103116647254950e+01,5.885214504083630338e+00
3.829885256067247923e+01,6.817552244514043736e+00
1.188579568580109935e+01,7.078536549949873802e+01
1.127656752686759845e+01,7.864047900871483421e+01
1.632318543035898628e+01,3.753100305828488104e+01
5.659378804054688317e+01,3.122212601010597055e+00
3.535980073236719079e+01,7.997981259413395883e+00
2.771513469611813463e+01,1.301865184083352567e+01
4.672995427026773996e+01,4.579407467013130173e+00
4.205478470979772965e+01,5.654174035110994367e+00
6.434868887355864331e+01,2.415019240509799214e+00
1.060255558883829607e+01,8.895674508264656311e+01
9.586611209508978959e+01,1.088102406140737388e+00
1.114433823782549382e+01,8.051771294589941874e+01
3.238427586662350421e+01,9.535239793476467440e+00
1.613011001412475665e+01,3.843486332593482757e+01
1.480558530919832094e+01,4.561932320726138812e+01
1.012403735300493146e+01,9.756465705737726068e+01
1.107490074609212805e+01,8.153053919844515463e+01
3.181022969336551398e+01,9.882490144536260956e+00
1.854674236097574180e+01,2.907131800755893636e+01
3.304777162797682877e+01,9.156207755390564529e+00
1.042037366018256250e+01,9.209444078574153991e+01
2.120844198361534438e+01,2.223220144857691949e+01
1.806530744846982017e+01,3.064144808577272627e+01
1.371332280700826622e+01,5.317586968278785520e+01
3.098608916483132703e+01,1.041517250459924959e+01
1.175557518120045586e+01,7.236227853065912541e+01
2.836550974499266786e+01,1.242850281451555183e+01
1.016777164685661994e+01,9.672715894146226390e+01
1.000492953076311586e+01,9.990148223767222646e+01
4.370979463342643356e+01,5.234105450028003759e+00
1.050484079883587540e+01,9.061937236543035112e+01
1.828180420472831003e+01,2.992002094340952567e+01
2.093993534467755069e+01,2.280601088209578009e+01
4.544943619113043098e+01,4.841088252218944454e+00
1.471838255186863975e+01,4.616149086393342316e+01
2.626416330380671482e+01,1.449682378401977090e+01
3.816994659016361169e+01,6.863677913001480668e+00
1.260350412500435802e+01,6.295313817229018838e+01
1.014072389666613994e+01,9.724383628031091575e+01
4.310378925403477268e+01,5.382314843975929186e+00
1.276999893527757202e+01,6.132227775146754567e+01
7.114452861806005046e+01,1.975681747361624385e+00
4.745924280319582067e+01,4.439748714711349464e+00
1.079284216027897081e+01,8.584763758606392514e+01
1.933630455414386162e+01,2.674564306939456415e+01
1.184473119477423531e+01,7.127702777353087527e+01
1.286850139416280214e+01,6.038708308730551977e+01
1.928396135315919935e+01,2.689103358513294140e+01
1.073261526244753306e+01,8.681382218193360245e+01
1.550888388091945025e+01,4.157563694264994325e+01
3.114481863723397481e+01,1.030928124193729012e+01
2.504510886811268122e+01,1.594241654710500100e+01
1.067681365319963760e+01,8.772364611796470513e+01
3.751909775054856766e+01,7.103873641629171232e+00
1.155844134002210488e+01,7.485166297285955750e+01
1.850487316582465880e+01,2.920302058000006440e+01
3.060000972476964520e+01,1.067964633681964060e+01
1.044392364530840922e+01,9.167958185973135699e+01
1.137755237558090116e+01,7.725068038486968192e+01
1.285021551708106458e+01,6.055906719734100108e+01
1.035430835351350076e+01,9.327340077611860636e+01
2.946763782599694181e+01,1.151620409492268315e+01
1.084665510469200989e+01,8.499792782181593509e+01
1.786004430134077126e+01,3.134981168269209206e+01
3.307881835958271211e+01,9.139028367780197115e+00
1.495385802766119454e+01,4.471914522734702757e+01
5.708409257192123221e+01,3.068808557169357965e+00
2.605883470327969320e+01,1.472617705859447490e+01
1.136695936745412716e+01,7.739472917724911838e+01
1.585067127281413768e+01,3.980198040328619413e+01
2.470327691267314307e+01,1.638667599427827071e+01
9.204481666894731973e+01,1.180324239172281908e+00
1.096586354232357863e+01,8.315997027769425642e+01
1.094082525191925903e+01,8.354103221707056548e+01
1.068132492018605717e+01,8.764956144775069902e+01
1.392178641610773759e+01,5.159529105251345271e+01
1.687382182279111831e+01,3.512150212801603999e+01
1.427373948562333439e+01,4.908225053220620993e+01
7.156099182114779467e+01,1.952752927939166216e+00
2.606177615501819389e+01,1.472285311824502507e+01
2.636942654003853548e+01,1.438131601408593596e+01
3.190765143065382503e+01,9.822235031279172190e+00
1.852195718225571142e+01,2.914917370062729063e+01
1.693514578505294566e+01,3.486760527377646923e+01
1.793252883929175923e+01,3.109688761579082694e+01
8.794224577196067116e+01,1.293018968756260323e+00
1.103990671713772542e+01,8.204822543217670727e+01
2.077938920248026378e+01,2.315978081132280408e+01
2.965041517259903969e+01,1.137466047895630439e+01
7.473492878666529293e+01,1.790411051603856274e+00
2.010781939172090915e+01,2.473261564954483660e+01
2.334871976775646729e+01,1.834314733683312326e+01
1.153758731926072478e+01,7.512249409117815446e+01
1.457858674511150099e+01,4.705103154984082892e+01
6.454668837505190027e+01,2.400225632623369076e+00
1.073233616378745836e+01,8.681833749642387943e+01
4.023192060894658795e+01,6.178150290366685837e+00
2.571159599450356126e+01,1.512662112022499095e+01
3.472701492977561344e+01,8.292110722302949100e+00
1.629587362037731069e+01,3.765691206184241224e+01
4.771768696619565731e+01,4.391786631115247808e+00
1.060916056574454558e+01,8.884601542695939713e+01
9.207622748690137371e+01,1.179519066611365963e+00
2.354360291637437541e+01,1.804073184277827835e+01
1.039382553572476553e+01,9.256550067006054405e+01
1.797307946461939210e+01,3.095672513364872103e+01
2.995263425342435326e+01,1.114628011769336879e+01
1.088715274822435930e+01,8.436675937117314561e+01
2.026080722735411044e+01,2.436051756473144891e+01
1.484151484145737498e+01,4.539871271664235053e+01
4.078716353983707421e+01,6.011086693359978028e+00
2.075077027660397633e+01,2.322370760588247407e+01
6.800588978077175284e+01,2.162255176594610528e+00
1.723040772056666370e+01,3.368285467815967138e+01
6.536045821348605500e+01,2.340829724644669430e+00
1.221815548999703616e+01,6.698671867921092371e+01
1.714994824039249011e+01,3.399964423439750760e+01
1.365360793104396997e+01,5.364202256473889463e+01
2.474540510672513349e+01,1.633092799400777650e+01
1.703388128880487429e+01,3.446456231092808764e+01
3.412201647950134742e+01,8.588763085755052984e+00
4.560296413595850851e+01,4.808546892851510712e+00
1.138318216752979239e+01,7.717428738573980240e+01
4.573737022525566687e+01,4.780327152261001800e+00
1.511331613834145493e+01,4.378047468868277292e+01
1.065108276758903472e+01,8.814800364730976412e+01
3.059046693851719212e+01,1.068631047035967363e+01
1.605759216899323860e+01,3.878279932002159569e+01
2.712627746558296948e+01,1.359000450235516411e+01
4.788561952040897296e+01,4.361037077346409774e+00
1.020271956117669809e+01,9.606564455009279868e+01
1.029097191908422460e+01,9.442504787828228530e+01
1.275536611929910435e+01,6.146305494183174289e+01
2.106582336785767495e+01,2.253425077959450107e+01
1.121927491871920424e+01,7.944570433256804165e+01
2.531098025333345802e+01,1.560925120733947224e+01
3.162916798518455863e+01,9.995958959310915048e+00
1.164526078788310315e+01,7.373973330679592664e+01
4.644993178235711184e+01,4.634787627734819004e+00
1.173928656880091381e+01,7.256322751135310511e+01
1.329503213064776013e+01,5.657456423721005478e+01
2.823758374391365678e+01,1.254136871279731658e+01
1.075651867625238722e+01,8.642841105484836817e+01
5.930951652051690814e+01,2.842832242775451768e+00
1.050990049486316913e+01,9.053214107127062960e+01
4.227824173612226133e+01,5.594562948576042416e+00
2.563232140615228616e+01,1.522033179079587484e+01
1.415001220081087752e+01,4.994435068516242637e+01
1.914278899180608207e+01,2.728912279714713662e+01
1.031355656815838806e+01,9.401195630943151116e+01
3.013100467253797632e+01,1.101470257000830344e+01
4.183240234376985711e+01,5.714449357009310226e+00
1.120431404944923592e+01,7.965801011609052296e+01
1.019124335264974412e+01,9.628212257307670541e+01
1.369834697560437498e+01,5.329220316013758207e+01
2.742353356385831020e+01,1.329698481747101191e+01
1.732638637971735207e+01,3.331071924352099956e+01
1.257182979211147078e+01,6.327075471607620472e+01
1.510915959133761000e+01,4.380456611887005636e+01
4.275958759110159235e+01,5.469315596997428308e+00
1.419101050315693158e+01,4.965618575870180251e+01
1.604625663670649161e+01,3.883761322025460316e+01
1.799959243004919784e+01,3.086559528050066348e+01
4.452992503937772995e+01,5.043082488845195499e+00
7.039614376463812562e+01,2.017912176247081302e+00
9.287029013204163164e+01,1.159434970760531813e+00
1.029521416454930893e+01,9.434724634944538479e+01
1.045218879029798842e+01,9.153464658241729524e+01
2.723761536219585011e+01,1.347912915451851923e+01
1.082542013258935931e+01,8.533171604686513945e+01
1.883738737517199979e+01,2.818114681264548693e+01
1.481573281531307451e+01,4.555685396110114738e+01
4.599219100821998296e+01,4.727502872671973222e+00
2.107026695860703924e+01,2.252474710982263417e+01
2.354467377617848456e+01,1.803909082150825327e+01
3.303013143104314508e+01,9.165990364859151640e+00
1.012440574083416323e+01,9.755755718815926514e+01
6.057227291727861029e+01,2.725538110799136327e+00
1.641347174945550336e+01,3.711924174007895516e+01
1.033727768045215711e+01,9.358098994568965168e+01
1.591246883029021042e+01,3.949343129903163430e+01
3.176431157808431038e+01,9.911082819303867808e+00
5.917125934490083949e+01,2.856132657334026881e+00
1.437376069884636287e+01,4.840153995897727413e+01
1.055359580437142419e+01,8.978402814591633785e+01
4.613852165001210182e+01,4.697563399124336847e+00
1.713239551477935763e+01,3.406934752133547306e+01
1.386135379648790433e+01,5.204616124082609474e+01
3.170993278850910357e+01,9.945104638952191323e+00
1.652743110413205585e+01,3.660911996216584186e+01
1.843115797378677811e+01,2.943708195959159468e+01
1.319680504838239088e+01,5.741989551123996449e+01
1.028825785239650870e+01,9.447487355016959043e+01
1.116060443387790890e+01,8.028318040268192135e+01
5.221137596432453165e+01,3.668341193381755794e+00
1.124598725371781249e+01,7.906874145016246302e+01
1.255725830180239022e+01,6.341767916147597361e+01
1.063411703303998834e+01,8.842949172716444650e+01
1.018299327258688081e+01,9.643819789920391372e+01
2.758012285338300273e+01,1.314642315748294799e+01
3.502411776391171117e+01,8.152026655053138171e+00
3.870276312443880329e+01,6.675995821319424373e+00
4.896049898156520186e+01,4.171654469658981235e+00
3.098861080074363628e+01,1.041347754611086707e+01
1.097049402425383313e+01,8.308978392646309885e+01
4.841819460650059881e+01,4.265626410828215143e+00
3.362335476399236001e+01,8.845408903349778029e+00
3.020796946884408030e+01,1.095864687345057220e+01
1.443600997183590096e+01,4.798501702616474063e+01
1.447444132586624477e+01,4.773054351033637488e+01
2.854308098324570153e+01,1.227434428120981913e+01
1.222917169130405668e+01,6.686608797359177458e+01
1.150641855070937858e+01,7.553003131644175028e+01
1.134242675805580269e+01,7.772988637958692948e+01
1.201338451850724631e+01,6.928978983106092926e+01
2.532669658125279000e+01,1.558988476578166527e+01
1.290405919272864388e+01,6.005474218578813606e+01
2.056483153209829595e+01,2.364556456720752209e+01
5.007488040092514581e+01,3.988045996167649321e+00
5.623254805024844671e+01,3.162455870155706172e+00
1.395358093518065523e+01,5.136042969072416753e+01
2.965686899796821052e+01,1.136971038899591946e+01
3.939199917612222634e+01,6.444421763852425933e+00
1.039929975033941112e+01,9.246807294731516436e+01
1.291697285316925381e+01,5.993472352608975484e+01
2.733801896868167347e+01,1.338030209839198470e+01
1.068945360883174622e+01,8.751630765885532526e+01
1.553997153967823763e+01,4.140945949495286982e+01
1.191333668091375309e+01,7.045846363278268143e+01
2.488195593705888697e+01,1.615217333993877347e+01
1.112930940863883222e+01,8.073531925915257546e+01
1.085561320812556296e+01,8.485770431703848260e+01
1.476279113255984399e+01,4.588418788267104986e+01
3.389261446577357617e+01,8.705422569996155602e+00
2.592552514045283729e+01,1.487801101127669057e+01
1.033823920787370909e+01,9.356358340251576067e+01
2.721087401492240332e+01,1.350563526297355033e+01
1.138909419728644146e+01,7.709418650060680989e+01
1.675715302697691556e+01,3.561225944383631514e+01
2.654092195400951582e+01,1.419606535890547683e+01
3.341995059950770752e+01,8.953408358640967180e+00
5.200236890467328266e+01,3.697887923474214134e+00
1.915200267700875969e+01,2.726287249725927708e+01
3.266969047523526370e+01,9.369360736241311827e+00
1.112998698760508631e+01,8.072548943831736779e+01
4.901987241766720871e+01,4.161555077386448254e+00
1.935322084106245910e+01,2.669890777480275901e+01
1.101037568536754385e+01,8.248894029147854212e+01
2.546935430349915919e+01,1.541573124036777642e+01
1.238103045133621016e+01,6.523586367434445776e+01
2.741331047199817661e+01,1.330690420640220317e+01
8.084159149027826174e+01,1.530136907551990832e+00
1.017056436358746474e+01,9.667404596602028732e+01
1.159667175117754390e+01,7.435895385435520666e+01
4.011356545298590959e+01,6.214661363862728827e+00
1.045256667581190335e+01,9.152802830524410638e+01
3.245411077318574655e+01,9.494247997441826570e+00
2.393878889684227218e+01,1.745000879194219578e+01
1.740124365552686214e+01,3.302474126084025841e+01
2.488269881172641362e+01,1.615120890586556968e+01
1.230972370751741707e+01,6.599383847301274386e+01
1.179193409212544275e+01,7.191672694888225692e+01
1.383776968819546838e+01,5.222371995588184035e+01
3.436098682928790993e+01,8.469713967151223599e+00
1.064183584766318802e+01,8.830125759163033194e+01
1.143825747565192863e+01,7.643288690314624034e+01
9.942732215159183795e+01,1.011552701620192840e+00
1.073765386430456381e+01,8.673236720819096490e+01
1.764866139607283912e+01,3.210527972849899214e+01
1.169604857565359701e+01,7.310072317109772655e+01
1.086391111874792514e+01,8.472812432970962959e+01
7.497080108963976386e+01,1.779162831205602480e+00
1.473695445943371141e+01,4.604521626417376723e+01
5.715227128749911856e+01,3.061491170681242213e+00
2.788510185917973061e+01,1.286043117519820100e+01
1.028769773290379952e+01,9.448516130554001791e+01
1.090517975887934909e+01,8.408806182673883711e+01
1.754124011740918121e+01,3.249970455220692145e+01
2.925849803193129972e+01,1.168142819623747997e+01
4.775530822506805606e+01,4.384869726310389737e+00
7.224967620575253591e+01,1.915703046127921638e+00
2.786911289209532328e+01,1.287519188873567444e+01
1.039842287751161010e+01,9.248366880455496641e+01
1.448393558411305726e+01,4.766798902327396092e+01
4.528596680320129053e+01,4.876101219752381866e+00
1.164235264118839552e+01,7.377657684719615361e+01
1.199457014803874699e+01,6.950733263423057906e+01
2.308088877507501380e+01,1.877132563444883928e+01
1.762334989253534090e+01,3.219756825226166796e+01
3.894750865878448565e+01,6.592355739768247069e+00
1.120833507454585742e+01,7.960086525021121417e+01
4.782196569303578570e+01,4.372654393613914614e+00
1.509891228699056498e+01,4.386404471367242763e+01
7.511113838288343914e+01,1.772520683365086391e+00
2.285235583191706965e+01,1.914864485162398111e+01
2.945899215197494669e+01,1.152296467630058885e+01
2.621366029551188603e+01,1.455273650008214581e+01
6.122778164086034991e+01,2.667490925160425075e+00
2.971758320132136788e+01,1.132330030606178006e+01
2.941646336341294798e+01,1.155630736418389404e+01
1.006098848198702100e+01,9.879129909082763561e+01
2.489814572047044905e+01,1.613117457385198961e+01
1.119416511673700043e+01,7.980251580360170749e+01
5.720219757804341754e+01,3.056149341149783094e+00
1.052588966634635881e+01,9.025730739004616510e+01
9.013772387805070707e+01,1.230798123711146719e+00
1.407128331834083035e+01,5.050479180190242801e+01
2.861300944399929236e+01,1.221442208703023802e+01
5.573445984803292674e+01,3.219232970467960087e+00
1.031892922383086386e+01,9.391408522838086981e+01
3.242464238236147622e+01,9.511513097434402653e+00
1.186233916443389447e+01,7.106558342729222488e+01
2.767867802299954505e+01,1.305296918087234204e+01
3.732265099263407393e+01,7.178852539599250626e+00
4.311355097507806988e+01,5.379877804725474277e+00
1.248481599759199590e+01,6.415576794887167011e+01
4.405983743408275188e+01,5.151268878684380326e+00
8.432614669634945415e+01,1.406291943758343876e+00
2.152132659195278563e+01,2.159046141447683098e+01
1.014798631362233472e+01,9.710470077928842159e+01
1.195036952735892655e+01,7.002245459886590595e+01
3.456671470550945457e+01,8.369196977639330015e+00
3.480687283810402732e+01,8.254104953484592500e+00
1.026172634258381855e+01,9.496403127767250396e+01
1.022298849475947868e+01,9.568508697002347674e+01
1.771052420555864160e+01,3.188138414870293502e+01
1.361514101664948839e+01,5.394556081154495075e+01
1.114718942473980512e+01,8.047652916739558293e+01
1.110990799312087596e+01,8.101754430980929556e+01
1.115151680365214304e+01,8.041408297802125560e+01
1.130284770466774802e+01,7.827521120970642698e+01
2.342430734223883348e+01,1.822495584166048488e+01
5.364197262350426598e+01,3.475285750637780335e+00
5.633304192729361404e+01,3.151182771160504270e+00
3.789685707877411858e+01,6.962955381789519116e+00
1.925119168810992321e+01,2.698266013815167952e+01
1.054876436817217211e+01,8.986629088828200906e+01
1.024347378037086820e+01,9.530276034919306483e+01
1.627050516091441423e+01,3.777443054978719772e+01
3.348946147551696129e+01,8.916279462262487243e+00
3.510958057828329260e+01,8.112388061207802537e+00
1.027755819104452506e+01,9.467168592855976783e+01
2.682916220504550253e+01,1.389267185138131566e+01
1.150214109035793975e+01,7.558621855762831387e+01
2.545771023337523431e+01,1.542983642932567534e+01
1.061243307252614443e+01,8.879122980757756523e+01
1.005387601536274289e+01,9.893112543364604505e+01
3.178199107586718597e+01,9.900059329283088516e+00
1.169064225391594647e+01,7.316834946593758104e+01
1.178974058416517856e+01,7.194348997844623739e+01
5.498889589306756420e+01,3.307120357096635210e+00
1.191512392105061302e+01,7.043732801544356903e+01
2.817696049259449254e+01,1.259539274038902334e+01
2.995972354571031460e+01,1.114100571063980816e+01
1.016350262197932075e+01,9.680843355432284625e+01
1.015895472230882568e+01,9.689513018895509333e+01
1.051921882011817466e+01,9.037181846539844798e+01
1.081964935248482185e+01,8.542276555777959857e+01
5.048774963168062868e+01,3.923087303975298923e+00
1.171834220701484242e+01,7.282284591713175814e+01
1.005124455766137181e+01,9.898293337615015730e+01
2.627354864305168292e+01,1.448646863100718996e+01
2.888859778381333143e+01,1.198249000774667472e+01
1.726347829687185964e+01,3.355392996540891204e+01
1.206409013552983822e+01,6.870856106035468258e+01
2.149463179022540160e+01,2.164412234591608453e+01
4.861012535157307468e+01,4.232008370364097161e+00
2.101747526195214988e+01,2.263804454609430650e+01
1.776437442332497696e+01,3.168838919271716037e+01
3.772238255905975990e+01,7.027514813623482404e+00
5.167432293015394862e+01,3.744987824918962982e+00
1.194380247733647060e+01,7.009947653218858932e+01
1.675797984141514974e+01,3.560874541598991527e+01
4.111433423987035241e+01,5.915799899483648261e+00
5.597374042920313997e+01,3.191768182038599910e+00
7.610356402233885831e+01,1.726593129525530568e+00
1.023873798347862518e+01,9.539094287647469628e+01
3.708165347049738614e+01,7.272467980915236829e+00
6.103223058539278867e+01,2.684611922684888796e+00
8.978572833690867583e+01,1.240467470649282200e+00
6.398797567459881463e+01,2.442323891826414961e+00
3.737302785407374728e+01,7.159512157552463840e+00
1.057382912758970939e+01,8.944074830783716834e+01
1.100405281821547021e+01,8.258376289261006775e+01
2.614476934680195086e+01,1.462952988560309819e+01
1.096912122701842307e+01,8.311058277825971174e+01
8.734712607877533230e+01,1.310698370391141676e+00
2.493495545578167949e+01,1.608358307233680762e+01
1.187315128208826565e+01,7.093621261771559716e+01
3.015805878593000600e+01,1.099494935226824310e+01
1.134616098007146512e+01,7.767873024165639606e+01
1.546087307326947524e+01,4.183424835772402872e+01
1.111889777297281157e+01,8.088658970080899735e+01
1.011882911310465438e+01,9.766511747743163596e+01
1.027465357279265135e+01,9.472522038083653229e+01
1.061890680264346898e+01,8.868300110664249303e+01
1.087832822904804608e+01,8.450369181860546064e+01
3.830095627436419647e+01,6.816803344981629209e+00
1.011071542090482467e+01,9.782192985383284167e+01
1.313119688684636088e+01,5.799510963484397053e+01
2.180221896024675488e+01,2.103771687448656991e+01
1.333871191855509331e+01,5.620464563254829926e+01
2.167994578898391467e+01,2.127568815943669378e+01
2.543184003274812000e+01,1.546124398695792657e+01
1.105147575362048862e+01,8.187653395888574437e+01
1.163101930555528973e+01,7.392042358197579688e+01
1.048382274355340193e+01,9.098308553509006913e+01
2.630968588698578969e+01,1.444670065128253533e+01
3.248162862436269904e+01,9.478168099570099869e+00
1.116187185144823424e+01,8.026494931422836032e+01
1.042908547091232130e+01,9.194064508813944769e+01
2.918363330503581921e+01,1.174143776624292279e+01
3.786303280545170935e+01,6.975401405572952740e+00
1.044812151682582702e+01,9.160592617148398631e+01
1.013933696138521690e+01,9.727044159626700548e+01
5.766247249848655798e+01,3.007554313595998785e+00
1.156185246071743045e+01,7.480750216169313660e+01
1.107220632107624958e+01,8.157022499319111830e+01
1.279324750901140284e+01,6.109960401579368039e+01
2.549221342608985452e+01,1.538809675539754096e+01
2.510791508461292665e+01,1.586275795881775963e+01
1.163206803346359308e+01,7.390709509793749987e+01
4.109173598636153457e+01,5.922308434735342075e+00
9.631932143452490891e+01,1.077886844218115092e+00
1.643602237270061295e+01,3.701745460668372800e+01
1.742334775630773080e+01,3.294100084838390785e+01
2.622007772069961362e+01,1.454561373943161229e+01
1.118353030766690459e+01,7.995436195904312626e+01
4.459513800033217024e+01,5.028343936877429421e+00
1.176300438313076135e+01,7.227090319885111569e+01
1.034871681861280912e+01,9.337422146382778010e+01
5.227430942336553699e+01,3.659513819673926527e+00
2.155114361365828657e+01,2.153075990352460067e+01
1.078170388256432766e+01,8.602510280827937095e+01
1.914837992771866482e+01,2.727318939042243429e+01
1.091106660435766074e+01,8.399735027538565646e+01
1.241755062894310235e+01,6.485270889174630327e+01
1.779316128249053719e+01,3.158593732723617364e+01
1.622179738520372894e+01,3.800161508592847071e+01
1.016613470761032190e+01,9.675831123971271097e+01
1.662730961366781912e+01,3.617062661326622930e+01
3.135326173249744031e+01,1.017266034774552175e+01
1.059510181218111846e+01,8.908195330777699894e+01
1.968662534397409303e+01,2.580224218956709237e+01
1.889521210099470139e+01,2.800892608184703292e+01
1.122483455318701218e+01,7.936702527672132135e+01
1.191416323025974577e+01,7.044868780953943599e+01
1.153335142940783875e+01,7.517768516854931704e+01
4.307625660237825826e+01,5.389197371373594336e+00
5.019123398126326663e+01,3.969577210179543680e+00
1.196278365298715585e+01,6.987720136326680631e+01
1.336031144828244344e+01,5.602306115515521867e+01
2.422074535511381299e+01,1.704609845531710022e+01
1.463698639926274758e+01,4.667632567987364922e+01
1.045004989401017603e+01,9.157212069096694051e+01
3.583469760390960346e+01,7.787400524499610732e+00
2.397842877106134196e+01,1.739236161197929320e+01
1.133499474404399798e+01,7.783185007777630915e+01
1.031753508443842549e+01,9.393946690539024758e+01
1.418023826562781586e+01,4.973165859539422939e+01
3.394827478712101509e+01,8.676899801254984723e+00
2.760973345548576319e+01,1.311823999781561056e+01
1.061989371799817938e+01,8.866651910577806461e+01
1.017520984746251322e+01,9.658579320056387019e+01
1.248736960231680548e+01,6.412953156341616534e+01
1.005429450441264372e+01,9.892289000130561760e+01
1.201647022956093025e+01,6.925420853066613347e+01
1.002424954946331859e+01,9.951676744603224734e+01
1.154093616747901763e+01,7.507890363593421057e+01
1.018624091486845096e+01,9.637671361977687923e+01
1.588628608367821116e+01,3.962371960219940092e+01
1.003964070908929429e+01,9.921187518220428103e+01
5.001860425790596310e+01,3.997024979279580670e+00
4.649548188438832597e+01,4.625710976433152766e+00
1.051053848764502696e+01,9.052115074958391006e+01
1.155528245246312125e+01,7.489259322393816376e+01
6.164833543794411241e+01,2.631220781254663521e+00
1.052057923001432016e+01,9.034844812339345310e+01
1.155639605080716414e+01,7.487816030746196816e+01
1.012614546851661146e+01,9.752403821419713381e+01
2.583897076872046839e+01,1.497785351243875951e+01
2.776941950788173941e+01,1.296780279039146500e+01
2.675562674977615174e+01,1.396914233385319903e+01
1.218381253473910775e+01,6.736488670473373475e+01
3.736287523832790214e+01,7.163403595303219795e+00
1.280692884696282263e+01,6.096913123154293856e+01
1.173681801714097261e+01,7.259375450987168676e+01
1.019072550420527890e+01,9.629190810094844721e+01
1.190119259757055659e+01,7.060232988917499597e+01
1.084955998732337434e+01,8.495241888863012036e+01
1.896350375824231449e+01,2.780755698410359500e+01
1.204079817762508853e+01,6.897464056260996301e+01
1.016924369730323363e+01,9.669915745853732858e+01
1.069487577907704079e+01,8.742759077440334181e+01
1.174787048509199039e+01,7.245722547289604165e+01
1.098307316978634951e+01,8.289956395356753660e+01
1.029463454188388738e+01,9.435787078524819549e+01
1.216875473282681419e+01,6.753170652134906504e+01
1.550736638900328046e+01,4.158377420829454962e+01
1.181302515337285719e+01,7.166015489893840140e+01
3.811612968219643705e+01,6.883073517666375096e+00
1.038479008860933206e+01,9.272664683238046734e+01
4.156730463318816504e+01,5.787570195277188745e+00
3.844657296632622234e+01,6.765263742883972142e+00
1.168182644551229998e+01,7.327882560515990917e+01
2.378890382569555229e+01,1.767059360439494498e+01
1.159129172309815026e+01,7.442799639256450916e+01
1.587501428689317962e+01,3.968000793914582403e+01
1.218435956747257265e+01,6.735883797140847662e+01
1.003667295380011559e+01,9.927055600199771845e+01
1.012561826029218004e+01,9.753419400167072695e+01
1.845070235170639350e+01,2.937475102741406019e+01
2.912526427763229719e+01,1.178854621660238777e+01
1.710859136384424062e+01,3.416421869603897932e+01
1.071461159797649287e+01,8.710581224265902733e+01
1.960952806235751567e+01,2.600553043612486448e+01
1.004357279313035001e+01,9.913420699087268417e+01
1.089987056072810390e+01,8.416999837961311925e+01
2.182104493798730616e+01,2.100143220128188304e+01
1.700211684926387434e+01,3.459346039510411686e+01
1.013533018110517858e+01,9.734736426540236209e+01
1.199941514052240343e+01,6.945121414627259071e+01
1.058557604081369341e+01,8.924235197202726511e+01
1.670729469971306358e+01,3.582512658536877126e+01
5.066317333769038100e+01,3.895966576976337858e+00
1.591264991228975489e+01,3.949253245328858952e+01
1.123185276642379904e+01,7.926787143383027967e+01
1.163400933045670627e+01,7.388243229306046089e+01
1.375574496242954936e+01,5.284839100925917421e+01
2.528005606613258038e+01,1.564746304057532100e+01
2.678112887240599349e+01,1.394255098530974557e+01
1.687376411482219396e+01,3.512174235823441393e+01
1.191706805903210586e+01,7.041434774648531913e+01
1.065960203337134438e+01,8.800716233206442496e+01
3.626746456092220683e+01,7.602660709896324143e+00
1.162747789911814777e+01,7.396545865011012211e+01
2.951574673122655312e+01,1.147869323965425714e+01
1.047684698876721399e+01,9.110428363730208901e+01
2.977388395910125496e+01,1.128051733288024572e+01
1.647817945975590703e+01,3.682828906935044699e+01
1.163195200484841507e+01,7.390856955049059707e+01
2.458323706632265981e+01,1.654709885655033474e+01
7.744291602382581630e+01,1.667387744538914029e+00
1.238530957024394574e+01,6.519079353819971345e+01
1.308832202123252841e+01,5.837569398061076953e+01
1.357761901195769205e+01,5.424413193306852321e+01
1.034088974401246297e+01,9.351562585092416668e+01
1.034017046324326827e+01,9.352863653213775308e+01
1.214858693118980959e+01,6.775611065414172174e+01
1.037445409533518870e+01,9.291150464246277352e+01
1.037563164896148749e+01,9.289041637055355238e+01
1.114534961584993233e+01,8.050310054639189161e+01
1.176150090707370133e+01,7.228938120064775319e+01
1.009966376228724982e+01,9.803613224686689875e+01
3.992843885161229167e+01,6.272423014036992761e+00
1.206781683726740262e+01,6.866613138470574995e+01
1.130471437521636169e+01,7.824936323810898386e+01
1.078117018550257988e+01,8.603361996925228539e+01
1.996112605119241579e+01,2.509746895510879838e+01
1.608576554475151710e+01,3.864706620589432617e+01
3.824972362840976103e+01,6.835076771899525561e+00
1.210698159274449637e+01,6.822259515857415124e+01
1.110432109955214663e+01,8.109908918953601642e+01
1.165629161185295182e+01,7.360023351333961728e+01
2.849006577215701341e+01,1.232006775583077030e+01
4.052315118295376806e+01,6.089667497370236049e+00
2.044916941743053229e+01,2.391380337320348914e+01
1.042305955614124358e+01,9.204698366153336053e+01
1.645748085471923616e+01,3.692098534356112083e+01
1.306827212733047006e+01,5.855495629136905933e+01
3.151010285905836383e+01,1.007164381047312673e+01
1.190446385318732148e+01,7.056353325989847747e+01
3.855659535926864123e+01,6.726709066864376751e+00
1.382719755041659582e+01,5.230360995991566853e+01
1.293530936996736536e+01,5.976492238861921180e+01
1.010326724500717255e+01,9.796621258620523065e+01
1.065560156076017506e+01,8.807325645730297481e+01
1.222785102339762808e+01,6.688053248474737700e+01
1.221538338494882936e+01,6.701712546800720816e+01
1.152403260578868149e+01,7.529931808413583383e+01
1.224331566161227158e+01,6.671168442741026183e+01
1.045124465325000607e+01,9.155118531199646270e+01
1.692634269687777859e+01,3.490388274101911037e+01
1.099611226992738189e+01,8.270307726679187965e+01
1.273694474923186704e+01,6.164097083522536025e+01
1.417336522251401654e+01,4.977990270738182943e+01
3.222886561010391659e+01,9.627420941886605021e+00
3.190691467647988944e+01,9.822688641807106436e+00
1.569793895669627126e+01,4.058025092282939283e+01
1.606680406183032872e+01,3.873833987785511823e+01
3.861836202259434003e+01,6.705208719072392576e+00
1.020575808163678388e+01,9.600845056775413866e+01
1.108384674779372148e+01,8.139898234580225278e+01
1.061208784551225115e+01,8.879700692329102196e+01
1.754442862038431628e+01,3.248789271261719591e+01
4.152947354691540482e+01,5.798119319763776147e+00
3.885614972528316002e+01,6.623392197366873901e+00
1.387262999886898740e+01,5.196158542111436418e+01
2.423973551194097809e+01,1.701940003846782901e+01
1.306856665172505139e+01,5.855231703196481874e+01
7.750712790738928959e+01,1.664626146725232569e+00
2.800200710366961587e+01,1.275327360798140752e+01
3.503458459007912040e+01,8.147156433181615753e+00
1.041609841016165561e+01,9.217005596260558775e+01
1.766181237625210798e+01,3.205748636534313789e+01
2.104061287004445546e+01,2.258828342846358339e+01
1.247642069114839103e+01,6.424213703791846797e+01
5.203752258599505609e+01,3.692893432627932793e+00
1.261057502253176921e+01,6.288256083668323271e+01
1.658718589228629625e+01,3.634582878096139069e+01
1.546235536820066869e+01,4.182622788212449905e+01
1.086088178281889149e+01,8.477539595125530525e+01
1.289559594276886045e+01,6.013359469932055390e+01
1.459769985759795219e+01,4.692790216158100236e+01
1.021785713759429726e+01,9.578121625378156523e+01
4.130093774823200903e+01,5.862463812357168180e+00
1.113718843083929144e+01,8.062112699845383190e+01
1.125404890299455829e+01,7.895550288799641692e+01
2.055713652623555987e+01,2.366327003044431976e+01
1.264586761479133337e+01,6.253206029251112597e+01
2.696977693307597335e+01,1.374818258303071339e+01
1.090468483623263829e+01,8.409569488191881703e+01
1.103347388572635701e+01,8.214392625482545895e+01
3.341821422973441003e+01,8.954338799233742208e+00
4.211535943521061398e+01,5.637920880230182341e+00
1.667592444620341752e+01,3.596003969041902337e+01
1.009050945818717970e+01,9.821409346165218324e+01
1.099666964312488382e+01,8.269469376307652908e+01
4.113537875571991975e+01,5.909748500266003290e+00
1.001465254372753044e+01,9.970759196052004825e+01
1.146690698709682721e+01,7.605143628880821893e+01
1.045334096975854976e+01,9.151446958296310186e+01
1.771537592995065680e+01,3.186392377883995053e+01
2.609291842555092344e+01,1.468773021996534567e+01
1.274635437994455422e+01,6.154999506851864055e+01
4.251636039221818208e+01,5.532072213271181482e+00
1.807223516975184907e+01,3.061796070596397357e+01
1.236187914187639869e+01,6.543815006809528256e+01
1.257163543788115945e+01,6.327271103018482279e+01
1.013490739329517609e+01,9.735548632035731487e+01
1.185798766077831168e+01,7.111775060707441298e+01
3.911955468908049482e+01,6.534497485031542929e+00
1.200331780989231767e+01,6.940605978684511967e+01
1.637968009020625715e+01,3.727255543215949984e+01
1.781619620625883371e+01,3.150431392134539266e+01
2.194034544744635085e+01,2.077366278937693167e+01
3.690537917461970352e+01,7.342106106451632641e+00
1.020357030701156376e+01,9.604962583558206290e+01
1.251951727096797207e+01,6.380061025196573610e+01
1.676676265235152030e+01,3.557144984811924360e+01
1.059441199001157941e+01,8.909355427382234893e+01
1.655757482132575831e+01,3.647594460812807426e+01
1.000769470830570107e+01,9.984628327743186560e+01
1.267353416741369188e+01,6.225934107267650575e+01
1.087117848334218273e+01,8.461488097566918043e+01
1.061491488972418651e+01,8.874971504416478751e+01
1.278116744114931258e+01,6.121515467521129494e+01
1.148097469772618773e+01,7.586517786252841233e+01
1.054881344160785162e+01,8.986545476819851785e+01
1.261423784238193413e+01,6.284604748492517956e+01
1.514994393538337647e+01,4.356903577255413040e+01
1.104502475816826035e+01,8.197220407400190823e+01
1.292954386367652120e+01,5.981823468882234351e+01
1.493552416295234586e+01,4.482900116030806714e+01
3.363372734722107538e+01,8.839953927077621287e+00
1.602675731654720082e+01,3.893217604876642213e+01
1.543330117311618110e+01,4.198385731516139430e+01
3.684912872111573279e+01,7.364538768159599513e+00
1.125380309797449918e+01,7.895895201017366105e+01
5.510646153271912340e+01,3.293024406563334061e+00
1.965064821469503897e+01,2.589680806516325973e+01
1.968520770309291024e+01,2.580595864824097063e+01
1.806093409664808647e+01,3.065628918496084765e+01
1.027649293569030142e+01,9.469131417098867587e+01
1.762816538528506527e+01,3.217997981058967127e+01
1.160331143552292055e+01,7.427387836093821250e+01
1.202853496801590083e+01,6.911535290266196796e+01
1.902107608568915253e+01,2.763947785696490911e+01
1.308781523091510657e+01,5.838021495049688525e+01
1.141496159876587591e+01,7.674517670282818926e+01
5.390321790130358437e+01,3.441681007727908082e+00
1.006925225133070789e+01,9.862921088683175697e+01
1.589326003314642222e+01,3.958895352020669378e+01
1.326516763391391329e+01,5.682958895168409441e+01
1.018283877806979376e+01,9.644112425130737165e+01
5.990237723549826399e+01,2.786839031252602350e+00
1.563464367665992683e+01,4.090948613070682427e+01
5.230310947605533300e+01,3.655484798268315405e+00
5.633451311834539865e+01,3.151018185328346988e+00
1.079876064326510487e+01,8.575356224441119934e+01
1.045748251555629871e+01,9.144199777816979235e+01
1.603878257447700051e+01,3.887381825896303411e+01
1.210568953236984235e+01,6.823715895780271978e+01
1.054203634689801561e+01,8.998103442258438633e+01
1.457487903494081927e+01,4.707497326176996921e+01
1.844577856760375312e+01,2.939043529202825056e+01
1.589848378017590846e+01,3.956294239779423094e+01
1.312955710469487336e+01,5.800959683856120819e+01
1.075371843403766192e+01,8.647342841278756964e+01
1.133329957580004432e+01,7.785513507911211661e+01
1.188806112875196774e+01,7.075838970822815099e+01
1.473031927183337153e+01,4.608670721245949409e+01
1.015114837239025469e+01,9.704421443105513845e+01
1.242435225753021122e+01,6.478172196383565051e+01
5.087543673361710006e+01,3.863524754465458955e+00
3.399329648799739090e+01,8.653931149522614774e+00
3.534747601355461200e+01,8.003559595751385203e+00
1.642581485654593365e+01,3.706347651488942319e+01
1.158271110990050445e+01,7.453831156789769352e+01
1.423792561144523106e+01,4.932948266384826042e+01
1.021938275411684849e+01,9.575262069134836906e+01
2.669288948735072609e+01,1.403488386021845713e+01
1.282902790771528956e+01,6.075926341071326675e+01
1.151597735066535577e+01,7.540469643587917403e+01
6.133907813112178076e+01,2.657819666700704797e+00
5.074240686117217081e+01,3.883809087019346684e+00
1.068020786639216269e+01,8.766789711997516577e+01
1.154914358504191085e+01,7.497223166417887796e+01
1.249843624735173897e+01,6.401601583243157734e+01
9.763773539746351560e+01,1.048973711161196976e+00
2.250558892253862808e+01,1.974327687756480643e+01
1.411234202224216006e+01,5.021134019549470651e+01
1.052942730212066635e+01,9.019666898451906434e+01
1.032226131960882221e+01,9.385346281065383778e+01
1.285741699387882520e+01,6.049124757494562488e+01
1.405479965727479197e+01,5.062332669055861345e+01
1.250154239154710112e+01,6.398420883335722920e+01
1.727515420595337048e+01,3.350858851889665146e+01
1.371225018791580830e+01,5.318418920484008794e+01
2.397011039419068013e+01,1.740443509180584414e+01
3.628194351740124546e+01,7.596593966030853018e+00
1.238180868581400418e+01,6.522766338566269440e+01
1.491436331823900474e+01,4.495630025764834414e+01
1.784405333011823203e+01,3.140602520702248412e+01
1.678650383766642307e+01,3.548783390546579142e+01
2.371038319193056054e+01,1.778782525512202994e+01
1.676957184142288426e+01,3.555953319820365977e+01
1.025848978165896597e+01,9.502396317117732849e+01
1.413212903115878127e+01,5.007083246447803049e+01
1.177582062283173592e+01,7.211367641863060385e+01
1.006658690156676172e+01,9.868144629657453493e+01
1.734424644946163241e+01,3.324215178421494699e+01
1.325837717733552523e+01,5.688781593868732500e+01
1.239463902536881257e+01,6.509269214334020148e+01
3.246518747646631198e+01,9.487770472705490121e+00
2.615879110812083397e+01,1.461385050672400787e+01
1.177392251602130280e+01,7.213692958570531744e+01
1.007819753887722847e+01,9.845420437325519458e+01
1.981180124565247525e+01,2.547722221882428428e+01
1.101782105950782764e+01,8.237749293584246857e+01
1.919712661731254144e+01,2.713485725640705581e+01
4.206651003907132491e+01,5.651022463341505819e+00
1.740993075254694133e+01,3.299179253055391570e+01
6.025029320097699781e+01,2.754746694467466561e+00
2.814107602296146737e+01,1.262753558819390776e+01
1.493362429493887156e+01,4.484040825095736693e+01
1.031451866382571581e+01,9.399441903397364229e+01
2.985537529618759223e+01,1.121902020893219110e+01
1.403201556589498367e+01,5.078785656890164546e+01
1.069403868322635631e+01,8.744127842600018141e+01
1.454869870765524098e+01,4.724454816542881019e+01
1.155069662295599464e+01,7.495207237950214108e+01
3.462103368947492754e+01,8.342955724926209626e+00
1.036977141928380775e+01,9.299543565566419545e+01
1.046166511131919030e+01,9.136889498750515770e+01
1.444459294663788107e+01,4.792800858962632304e+01
1.426202189191317338e+01,4.916293504307029849e+01
1.005506997210467546e+01,9.890763231591176918e+01
1.711015177283227828e+01,3.415798757386720297e+01
1.146844710188119798e+01,7.603101153980462357e+01
6.252190860995987975e+01,2.558206189924427942e+00
1.028667769819257316e+01,9.450390067417197315e+01
5.344267238174792567e+01,3.501254391063505000e+00
1.756091859529496091e+01,3.242690808860664475e+01
1.018687119743665725e+01,9.636478793971220114e+01
2.352514945872505336e+01,1.806904575022186776e+01
1.048885596870748138e+01,9.089578745758865352e+01
1.267198577913532098e+01,6.227455692365169426e+01
1.670236661889764918e+01,3.584627031532323116e+01
1.560107415150148391e+01,4.108572906357353105e+01
1.272045664751456329e+01,6.180087095685514953e+01
1.457788852374731370e+01,4.705553876254463574e+01
3.142988439608039286e+01,1.012312111262887449e+01
1.055331383725966177e+01,8.978882597182996506e+01
1.974616394385921581e+01,2.564687901521796576e+01
1.514471734305165818e+01,4.359911317537525832e+01
1.993228306260419913e+01,2.517015603843221072e+01
3.557166287705548058e+01,7.902994224233609977e+00
1.555494379619612388e+01,4.132978133296508361e+01
1.029644430620785478e+01,9.432470389854951520e+01
1.452407205226771048e+01,4.740489735431091134e+01
1.084520234191353794e+01,8.502070104307296106e+01
1.281458235468462625e+01,6.089632536755334513e+01
2.447035345558670727e+01,1.670011705006754710e+01
1.285980169084970193e+01,6.046881489312099944e+01
1.178961989249943798e+01,7.194496297319385292e+01
1.249193378362265783e+01,6.408267807500335778e+01
1.109162189710074742e+01,8.128490211090350215e+01
1.011853391388757650e+01,9.767081614623386088e+01
1.100538243769395841e+01,8.256380932038206311e+01
1.019695304713237327e+01,9.617432809956630990e+01
4.158384578436985635e+01,5.782966771447570764e+00
1.283571769478246871e+01,6.069594624808120642e+01
8.031281801606031934e+01,1.550351845622019109e+00
1.139569594604138025e+01,7.700488804477623717e+01
5.225945994086949042e+01,3.661593810820865436e+00
1.668827026367596034e+01,3.590685360676288695e+01
4.183178011745189906e+01,5.714619357292207269e+00
1.914604963406831217e+01,2.727982871382690178e+01
1.120617136846021999e+01,7.963160715097366449e+01
1.013350722125443504e+01,9.738239188117348988e+01
3.695065603060940163e+01,7.324124081266670139e+00
1.524373105764896863e+01,4.303456763698965659e+01
1.605334699888668126e+01,3.880331359023537630e+01
2.250900557079590314e+01,1.973728365740635127e+01
1.200371790402842365e+01,6.940143313783994472e+01
1.004897102572490475e+01,9.902772727929351504e+01
1.204626314932237285e+01,6.891207195514698469e+01
6.873727954854975053e+01,2.116485611318055238e+00
1.311978958623672753e+01,5.809600382261913865e+01
1.413671884743816065e+01,5.003832440983094898e+01
1.120383933480401950e+01,7.966476059224449102e+01
5.396396191968887734e+01,3.433937177848966460e+00
3.890953940759163032e+01,6.605228106997269144e+00
4.281374614023466307e+01,5.455487194947785667e+00
1.283103607631952414e+01,6.074024619397712854e+01
1.067308755823507482e+01,8.778490743353056303e+01
1.105424561625825319e+01,8.183550748865654612e+01
1.343214567522647940e+01,5.542544818325435330e+01
6.547750336492025269e+01,2.332468444057375745e+00
1.099602579639693190e+01,8.270437803769279128e+01
1.515114728799863109e+01,4.356211526282527302e+01
1.997137946136983544e+01,2.507170522800756629e+01
2.912541250637642420e+01,1.178842622537796636e+01
1.031601850997391701e+01,9.396708931973020640e+01
3.375557697156449422e+01,8.776248842310913290e+00
3.185470641338514852e+01,9.854912813260558124e+00
1.510446732028456296e+01,4.383178651925185676e+01
1.047746723571197869e+01,9.109349754181745595e+01
1.141988019979004854e+01,7.667908185645900687e+01
1.688982616354642730e+01,3.505497329950487284e+01
1.076130475651693175e+01,8.635155023994904866e+01
2.255904166079553974e+01,1.964982592839860231e+01
1.435534341606085640e+01,4.852581377849222122e+01
2.422855111873932188e+01,1.703511666933507840e+01
5.501597418689635788e+01,3.303865697336517915e+00
2.621482602753753710e+01,1.455144225431550531e+01
1.579825469213295897e+01,4.006653427566736525e+01
1.174232576865512101e+01,7.252567011173510991e+01
1.682159333771047827e+01,3.533993453101044224e+01
1.244482398361972919e+01,6.456876549685752309e+01
2.089185632372973345e+01,2.291109990343083069e+01
2.570333983908711417e+01,1.513634030794425556e+01
1.120447718988390484e+01,7.965569044555768130e+01
1.056585766117054703e+01,8.957575729583606972e+01
1.058266222984866367e+01,8.929150239125104349e+01
1.538497623550418325e+01,4.224801809622278626e+01
1.975707115708577888e+01,2.561856927645276372e+01
1.134158401323716525e+01,7.774143836256854456e+01
1.503661115813397586e+01,4.422828115366354496e+01
1.261894775876485397e+01,6.279914272002410058e+01
1.241558083366760101e+01,6.487328895080464974e+01
1.043237339663910035e+01,9.188270115448477782e+01
1.036635056293188661e+01,9.305682206444741666e+01
1.025736153543488882e+01,9.504486841537988084e+01
4.963392267799404323e+01,4.059221969556436882e+00
3.244012029636551375e+01,9.502438947288320392e+00
1.981947076062743918e+01,2.545750825842203824e+01
1.168911648475468468e+01,7.318745190149674329e+01
9.216535744792381024e+01,1.177238824722344868e+00
3.191962354305318073e+01,9.814868349850200957e+00
4.273264400407212804e+01,5.476214745951295981e+00
3.209506380640173262e+01,9.707860191169244146e+00
1.037342260552411588e+01,9.292998302492989637e+01
1.883198841797275946e+01,2.819730767807492455e+01
5.686286204081648776e+01,3.092734009161102193e+00
2.660672869190497281e+01,1.412592960617417148e+01
1.107441436677390989e+01,8.153770086633269898e+01
2.008968204815078451e+01,2.477729395170700499e+01
1.575242959924726982e+01,4.029998693211090455e+01
1.224495095025089242e+01,6.669386719392612406e+01
1.644923194756130158e+01,3.695802465890066202e+01
2.568299372786060886e+01,1.516033187623203560e+01
1.941702491841859768e+01,2.652373157281742166e+01
1.173978527594850263e+01,7.255706265727255300e+01
2.828616839324655174e+01,1.249832331288410714e+01
1.838003762255691242e+01,2.960105623378192163e+01
1.172980037699786671e+01,7.268064247402098488e+01
1.662082145827929835e+01,3.619887148093278739e+01
1.039476153337074926e+01,9.254883127564599477e+01
1.464527282830832711e+01,4.662352084058614565e+01
1.060279936809985912e+01,8.895265454776523484e+01
7.581543568629359697e+01,1.739741526315006448e+00
1.070704165153007459e+01,8.722902450809694130e+01
1.575503962320607165e+01,4.028663562085871774e+01
5.740730889098805534e+01,3.034349644408974811e+00
4.779972999025761027e+01,4.376723523636169233e+00
1.518770804574614708e+01,4.335263705052003758e+01
1.564013705880519289e+01,4.088075339352809578e+01
1.879207515178674015e+01,2.831721373734097824e+01
1.262863019328317726e+01,6.270288279619543204e+01
1.576035865623074450e+01,4.025944718056510396e+01
1.092463849655691988e+01,8.378877680921335980e+01
1.117799462011199552e+01,8.003357329822723898e+01
7.697416027014537576e+01,1.687757631656721546e+00
1.046085424403239372e+01,9.138306035444260544e+01
1.186925122822178835e+01,7.098283737900428036e+01
1.045763274425035227e+01,9.143937058450693200e+01
2.604443417853892484e+01,1.474246639728104924e+01
1.006213521819127621e+01,9.876878277566389386e+01
2.123790944359953770e+01,2.217055018140105460e+01
1.016714582875464323e+01,9.673906699728240710e+01
1.100165036294756504e+01,8.261983483683688689e+01
1.143816546063538020e+01,7.643411664609165257e+01
3.498215819309472607e+01,8.171594383161011166e+00
2.115958347173637577e+01,2.233499046252138598e+01
1.007000190924395966e+01,9.861452659641464891e+01
1.322515789996666413e+01,5.717395929349461881e+01
1.521074535496932967e+01,4.322141773491562589e+01
2.688720409123735777e+01,1.383275587593886513e+01
3.967908626936279148e+01,6.351505444275459489e+00
2.796491433739249644e+01,1.278712802440623619e+01
5.263265157689850327e+01,3.609852861179103645e+00
1.096436513563030601e+01,8.318270136500419198e+01
1.423378170026117395e+01,4.935820963962986951e+01
1.017781999546654070e+01,9.653625982525423410e+01
1.901740474239618806e+01,2.765015058627722055e+01
1.228222639276711980e+01,6.628966182019085807e+01
6.777169878369710432e+01,2.177224717748194482e+00
3.397428860653670313e+01,8.663617233871764967e+00
3.199033552943684811e+01,9.771526398037845951e+00
1.669627192265189919e+01,3.587244526083620855e+01
6.973077693121065579e+01,2.056605494902013387e+00
1.050580026777717890e+01,9.060282103173943824e+01
3.322079362391479407e+01,9.061080598408146614e+00
6.773869418704893519e+01,2.179346870541920556e+00
1.923957179995672107e+01,2.701526275293279156e+01
1.009361440552097910e+01,9.815367849594224481e+01
2.168612052077714125e+01,2.126357414714776439e+01
2.008030933535861706e+01,2.480042951741981483e+01
1.068660972585621494e+01,8.756289292025617499e+01
6.405616617613148378e+01,2.437126745171146691e+00
2.851476870213874193e+01,1.229873074653880849e+01
1.100915953005357117e+01,8.250716600686119762e+01
1.039654484583360805e+01,9.251708431898218521e+01
1.221025283295517916e+01,6.707345633819009834e+01
2.641201639021879188e+01,1.433497314852723825e+01
1.602109956727156259e+01,3.895967820404874260e+01
1.735157449524968598e+01,3.321407956852613808e+01
1.565143578930095281e+01,4.082175128038640111e+01
1.776390940660756712e+01,3.169004826710860101e+01
1.055967428863766600e+01,8.968069281344783406e+01
1.664291371393477093e+01,3.610283253541977189e+01
2.421838348526001639e+01,1.704942341953516660e+01
1.111586525163374439e+01,8.093072909303924689e+01
1.184989809668014438e+01,7.121488359019409131e+01
1.851725071981783088e+01,2.916399306314184159e+01
2.083495109406089085e+01,2.303642218885680037e+01
2.189691121533871154e+01,2.085615688745833651e+01
1.970272829092618849e+01,2.576008332291587877e+01
1.023947042244736672e+01,9.537729655648317362e+01
1.285095054815717752e+01,6.055213984622052692e+01
1.037020111731543892e+01,9.298772912667548951e+01
1.574804986003973006e+01,4.032240595902008806e+01
1.587490780829909909e+01,3.968054023648940642e+01
1.658698018497420890e+01,3.634673028913493198e+01
1.093881568193614662e+01,8.357172968493995313e+01
1.138183496845655185e+01,7.719255777567801147e+01
1.198319504636075195e+01,6.963935556108160085e+01
1.073177286625901594e+01,8.682745171063891121e+01
6.089150681590312075e+01,2.697034845843064854e+00
1.684330247294064264e+01,3.524889478369011897e+01
1.053843458587931714e+01,9.004255125648099067e+01
1.724125128831267162e+01,3.364049957825901771e+01
1.545561808766678702e+01,4.186270089124703730e+01
1.160516980121993846e+01,7.425009293104743335e+01
1.771335395742555718e+01,3.187119870326046822e+01
2.035313461633397836e+01,2.414000690048328934e+01
2.723606292703371778e+01,1.348066579881829519e+01
2.059171613310614291e+01,2.358386144561892550e+01
1.356010225015528015e+01,5.438436616386105982e+01
1.061000521755978987e+01,8.883187010665420758e+01
1.115023956838809127e+01,8.043250654360402052e+01
7.061798910419669539e+01,2.005253610005382381e+00
1.588850367478409886e+01,3.961265964615476776e+01
1.402083427103907454e+01,5.086889317794810950e+01
1.110429326866469601e+01,8.109949571022083603e+01
1.402481853009030921e+01,5.083999497023724246e+01
1.109625604081952055e+01,8.121702205131404639e+01
1.526129996635462760e+01,4.293554131615596958e+01
1.354104401285665915e+01,5.453755960162543204e+01
1.569629169326548990e+01,4.058876884187594669e+01
1.124387555144179274e+01,7.909844389923856056e+01
2.231180075418262376e+01,2.008772498751137547e+01
6.225976768943298367e+01,2.579793880744333467e+00
1.445620314291939046e+01,4.785105475470909653e+01
1.059834646904596056e+01,8.902741722940105262e+01
1.485015802453371414e+01,4.534588160274932989e+01
3.055599860724948158e+01,1.071043319954545758e+01
1.511886481156430939e+01,4.374834542848437025e+01
1.519662526239606315e+01,4.330177425324387031e+01
1.226911323494074502e+01,6.643143756465315164e+01
2.034554959298851173e+01,2.415800952521287215e+01
1.239048686331918603e+01,6.513632573011537374e+01
1.638033034787462583e+01,3.726959623861386461e+01
1.094734319733813876e+01,8.344158273812578841e+01
3.566611684337824784e+01,7.861190922638090051e+00
1.026501390711358397e+01,9.490321297004562950e+01
1.743597702143728512e+01,3.289329833462779362e+01
1.040536259157423871e+01,9.236034850926431261e+01
4.493406993929451687e+01,4.952773714502025193e+00
1.105739176792238432e+01,8.178894491856122784e+01
7.949599916508989850e+01,1.582375155307404135e+00
1.154601220362357061e+01,7.501290345360509093e+01
1.588026063264353738e+01,3.965379418125468192e+01
1.409093595027924906e+01,5.036401195142445175e+01
6.411029958370572501e+01,2.433012764210364498e+00
1.677442624622880274e+01,3.553895480240757365e+01
1.598228718858692865e+01,3.914913216972787069e+01
2.041107071516368521e+01,2.400316029029816178e+01
1.250171017634461990e+01,6.398249138745081410e+01
1.488958935507577053e+01,4.510602531048555619e+01
3.052851923594233341e+01,1.072972325606712651e+01
1.120635256030296745e+01,7.962903209706253449e+01
4.511808366633624701e+01,4.912456407027950611e+00
1.165480523425070025e+01,7.361900769486418028e+01
1.753281622648177418e+01,3.253094194522825688e+01
1.131889257108171520e+01,7.805345362151876998e+01
1.143690459601891618e+01,7.645097057447731004e+01
3.762444157282970991e+01,7.064149381112564186e+00
3.392036895184298828e+01,8.691182413452233746e+00
1.807930861506813969e+01,3.059400712361372854e+01
7.515035937267158772e+01,1.770671008261848867e+00
5.149959155590158133e+01,3.770443442720093685e+00
9.429631332328314386e+01,1.124632352661516732e+00
3.648899187238550468e+01,7.510628320951121317e+00
3.743617030753504338e+01,7.135381061138091674e+00
1.966555432321571217e+01,2.585756438792510181e+01
1.623116050787485776e+01,3.795778443610657149e+01
1.653976536852197654e+01,3.655453899468059831e+01
1.530527142164192256e+01,4.268919138921027923e+01
3.111354720332188606e+01,1.033001484816439230e+01
2.135400536225627732e+01,2.193013499731197058e+01
1.068702714101054418e+01,8.755605297043832991e+01
1.116280459323796670e+01,8.025153631501227380e+01
1.477603192719019454e+01,4.580199113296269786e+01
1.073391868336102384e+01,8.679273983828248618e+01
1.758158900948165737e+01,3.235070523767195994e+01
1.157233182060326904e+01,7.467207918865179295e+01
1.213823116283322889e+01,6.787177263021349916e+01
1.364900375076351580e+01,5.367821849568431958e+01
1.012427857271861953e+01,9.756000798769643723e+01
2.121609931795454784e+01,2.221615621089623005e+01
1.859419750036522601e+01,2.892311876445009844e+01
4.442925531193216671e+01,5.065962048910636284e+00
1.099901274784165572e+01,8.265946483971995917e+01
1.110780345445137129e+01,8.104824717701795578e+01
2.609948336740248820e+01,1.468034218347162323e+01
7.288792327661910520e+01,1.882300020792966544e+00
1.719018351337865980e+01,3.384067164214565082e+01
1.087123043079802720e+01,8.461407232437264270e+01
1.152847338960729395e+01,7.524131845510528649e+01
2.854571939912995049e+01,1.227207540664830177e+01
1.552011279026536705e+01,4.151549818202789766e+01
1.517026128071559654e+01,4.345241096884592480e+01
1.191490631149763679e+01,7.043990092286433935e+01
1.589715288735784782e+01,3.956956701043295510e+01
2.737791754614405093e+01,1.334133156542972287e+01
1.254876901207147277e+01,6.350351278499287844e+01
1.139335760102771644e+01,7.703649988041620134e+01
1.645946454053098762e+01,3.691208648525368829e+01
1.529727807601466338e+01,4.273381614030630971e+01
1.669871493077410207e+01,3.586194981074770283e+01
1.302056666845140143e+01,5.898481597715291969e+01
1.051818992950122222e+01,9.038949969467256551e+01
3.187640706010497027e+01,9.841499432858153540e+00
2.412361890187433389e+01,1.718363669384327252e+01
1.789147776238045751e+01,3.123975174850303560e+01
3.863958252480789923e+01,6.697845863908304054e+00
1.083014073380864239e+01,8.525734412067711787e+01
1.349179605616005873e+01,5.493643390298918661e+01
1.034673686110118851e+01,9.340996117244216634e+01
1.826689016967639745e+01,2.996889739680459996e+01
1.432001715068270187e+01,4.876552720818429520e+01
2.262137103643375724e+01,1.954169153921816005e+01
7.288525224185698903e+01,1.882437985079534304e+00
3.008592101408892461e+01,1.104773829807879970e+01
1.572361212327912661e+01,4.044784203350801022e+01
1.118019269657696668e+01,8.000210646660407576e+01
1.081715744528701428e+01,8.546212712276458490e+01
1.626534219126225977e+01,3.779841519017686124e+01
1.121458326627401370e+01,7.951219090470421236e+01
1.218555910991719493e+01,6.734557706027815982e+01
1.599927840880882712e+01,3.906602363285720969e+01
1.694908746248135500e+01,3.481026732240049881e+01
1.097102033409714039e+01,8.308181202943254107e+01
1.583926060954436998e+01,3.985934805432277273e+01
1.036651038589781315e+01,9.305395272807460572e+01
1.154748457586994270e+01,7.499377549978567004e+01
1.189042411006425581e+01,7.073026890494367080e+01
1.125550782061518085e+01,7.893503608882274136e+01
1.578067212454014090e+01,4.015586697296470220e+01
1.596787924605084541e+01,3.921981318066502098e+01
1.107588568602303170e+01,8.151603938950850647e+01
1.276172350747464179e+01,6.140183324685791177e+01
1.225172240533405343e+01,6.662016494884748852e+01
8.125837699383119173e+01,1.514480592981246376e+00
1.713497039851105797e+01,3.405910904231581782e+01
3.192941555655229990e+01,9.808849286566276859e+00
1.174670786458176330e+01,7.247156896832035500e+01
1.594804729694677192e+01,3.931741622112710388e+01
1.596203972800417326e+01,3.924851461277879139e+01
1.499122906452842230e+01,4.449646598165674760e+01
2.465767294295291379e+01,1.644734583404157391e+01
1.056094664696125918e+01,8.965908507198878397e+01
1.231917104079690262e+01,6.589265849548422693e+01
1.383716723567435380e+01,5.222826756250216107e+01
1.162929350875967494e+01,7.394236491416762647e+01
1.684487778440820449e+01,3.524230222867974760e+01
1.486614832833256727e+01,4.524838432983502656e+01
1.585519648480734389e+01,3.977926397761231669e+01
1.197666987333905553e+01,6.971525856839591029e+01
1.003435216427819299e+01,9.931648078215070541e+01
1.660442161226541558e+01,3.627041255630518890e+01
1.248579208313330646e+01,6.414573749676593195e+01
7.681930340331081197e+01,1.694569052237594020e+00
1.613172468305864982e+01,3.842716960748219179e+01
1.170825228200897072e+01,7.294841438695975455e+01
2.123067824895282385e+01,2.218565538571197848e+01
1.150806182663983535e+01,7.550846246795389050e+01
1.547077335011996446e+01,4.178072315762881317e+01
2.066285918541911926e+01,2.342174066076481864e+01
1.500787265099105028e+01,4.439782840022486710e+01
1.079788005517318794e+01,8.576754955386546442e+01
1.224206437420009230e+01,6.672532261040313983e+01
1.701546922913950155e+01,3.453918933326938401e+01
1.122259510420599860e+01,7.939870353579124185e+01
3.070714071950514779e+01,1.060525808019487926e+01
3.896368343081313412e+01,6.586883581619218830e+00
2.750537942182437590e+01,1.321796871521338446e+01
1.786065605902732756e+01,3.134766415129595529e+01
1.096615898599242378e+01,8.315548944611256843e+01
1.663926111858193124e+01,3.611868462297702820e+01
2.254608458286313777e+01,1.967241765465986347e+01
1.484048485259329908e+01,4.540501463894167244e+01
1.022110255673163159e+01,9.572040073222648005e+01
3.931305765309293321e+01,6.470328842707427697e+00
1.225477272079290358e+01,6.658700444346793290e+01
1.256518814683858132e+01,6.333765908129122835e+01
1.251213041382511904e+01,6.387596514291620053e+01
3.299411046663454528e+01,9.186015032086430665e+00
1.371535477816864201e+01,5.316011451913829688e+01
1.142954253503710582e+01,7.654949034891778581e+01
1.042379164814753345e+01,9.203405468197725270e+01
1.581099870844338007e+01,4.000197127179930590e+01
1.885003429290255639e+01,2.814334475035154881e+01
1.319289371271587186e+01,5.745394744592144320e+01
2.099094548578470310e+01,2.269530368988217006e+01
1.300568645540098522e+01,5.911986593969159287e+01
1.126077859178835361e+01,7.886115999924304276e+01
1.492173354066688695e+01,4.491190111281319020e+01
1.019932834192458593e+01,9.612953774232927628e+01
1.631635820809949067e+01,3.756241767957070721e+01
1.012962344466983922e+01,9.745708053273412474e+01
1.895768330497732990e+01,2.782463474930354863e+01
1.061464662193967179e+01,8.875420110783548466e+01
1.014166247569908030e+01,9.722583788949272332e+01
1.091793280807242539e+01,8.389173292564727547e+01
2.145444871798589048e+01,2.172527491435287317e+01
2.020440945442850023e+01,2.449670530495440701e+01
2.886224341314748543e+01,1.200438263434652164e+01
1.203958478696647383e+01,6.898854426501566195e+01
1.609755295786821705e+01,3.859048839574655432e+01
1.762311875686017260e+01,3.219841283097469642e+01
1.045420704121337074e+01,9.149930730686567415e+01
2.652775220265426270e+01,1.421016418322757602e+01
1.372648890347356954e+01,5.307390874188517671e+01
1.137236906615706289e+01,7.732111521298489265e+01
1.543459004818009461e+01,4.197684583156701166e+01
1.305527802677016957e+01,5.867157543047272128e+01
1.109257838803826068e+01,8.127088464490655895e+01
1.127310726522299689e+01,7.868876354814113938e+01
3.448925146069345971e+01,8.406833816783169766e+00
1.141543427485399675e+01,7.673882129697939547e+01
1.618507559407171570e+01,3.817425196385708830e+01
1.202319255437453727e+01,6.917678830554891078e+01
1.453159562342364275e+01,4.735582335021887701e+01
3.865399705427796562e+01,6.692851384562131578e+00
1.288016259970537725e+01,6.027778828439340231e+01
1.069913394653839056e+01,8.735801369617159651e+01
6.207426321963279037e+01,2.595235976942426248e+00
1.761238029310101183e+01,3.223768826005820642e+01
1.085860780063188002e+01,8.481090656722804511e+01
4.176548566841836418e+01,5.732775411672339061e+00
1.375469451199796289e+01,5.285646341463762354e+01
1.450280656609772301e+01,4.754401901535799624e+01
1.311664168741682523e+01,5.812389240739722851e+01
1.621221392107491255e+01,3.804655586416593849e+01
1.677573648081352786e+01,3.553340362445089795e+01
1.220828129373722604e+01,6.709512173467874163e+01
1.284945286830346589e+01,6.056625609007493694e+01
1.003145511937742995e+01,9.937385348583376299e+01
1.333934895355376327e+01,5.619927753376877178e+01
1.474314539049638917e+01,4.600655383489782224e+01
1.891842098487919799e+01,2.794024623024395737e+01
2.300320768076364430e+01,1.889832002983054693e+01
1.188847693300293606e+01,7.075344018864186069e+01
3.918828490146832166e+01,6.511596581877998169e+00
1.525478846330233118e+01,4.297220319150724066e+01
1.141815454071291569e+01,7.670226107552839778e+01
1.436340296081842993e+01,4.847137177141640052e+01
1.698906403792133091e+01,3.464663758868557863e+01
1.218249868744973341e+01,6.737941770509553407e+01
1.519057741376766835e+01,4.333626072479160030e+01
1.267747437719346060e+01,6.222064618206061937e+01
1.309749422031300092e+01,5.829396139953470168e+01
1.486993151378454492e+01,4.522536320790181463e+01
1.662415801399655635e+01,3.618434233233452346e+01
1.932823661252659164e+01,2.676797592124895431e+01
1.433342268159271704e+01,4.867435260280311837e+01
1.578273936736914784e+01,4.014534833109809853e+01
2.341267581770575745e+01,1.824306882284670195e+01
1.298046508005405464e+01,5.934983195825834201e+01
1.087554856080644683e+01,8.454689373068229941e+01
1.661590420964703441e+01,3.622029976881775326e+01
1.231249430059013505e+01,6.596414156588309652e+01
1.129594778853290293e+01,7.837086628097827656e+01
1.310172541140430091e+01,5.825631550874768294e+01
1.042933791814611055e+01,9.193619420529321928e+01
1.465892957647931105e+01,4.653668925002659051e+01
2.371872418797573445e+01,1.777531681738860314e+01
1.284517968734215998e+01,6.060655971022309529e+01
1.103991568772746668e+01,8.204809209408047366e+01
6.636128701573026945e+01,2.270755630119964508e+00
3.709893817440883623e+01,7.265692952893955336e+00
1.344819569758602285e+01,5.529322987543831402e+01
1.516741502137249675e+01,4.346872072695401812e+01
1.285763139077688422e+01,6.048923024728743059e+01
1.736377265091394761e+01,3.316742977523323077e+01
1.101844031124227996e+01,8.236823373572789819e+01
6.731182999211131346e+01,2.207075574163284593e+00
1.751999715519822232e+01,3.257856398783452789e+01
2.828657730546081694e+01,1.249796196268857607e+01
1.064020221474086725e+01,8.832837416561162058e+01
1.509733956592940096e+01,4.387318400604245028e+01
1.241418482415570601e+01,6.488788013368090901e+01
1.617671475464693742e+01,3.821372243433575022e+01
1.719772468085157868e+01,3.381100001696927393e+01
1.411425732533346888e+01,5.019771377396164524e+01
1.159970330660509141e+01,7.432009185465392420e+01
1.231387281347213047e+01,6.594937329103950674e+01
1.093219317758999409e+01,8.367301252357903252e+01
1.612252110893293988e+01,3.847105458643618192e+01
1.149962825957705093e+01,7.561925547396901948e+01
3.408908469254553353e+01,8.605365463859936170e+00
3.850418001174020333e+01,6.745035533083634682e+00
1.373135287693805573e+01,5.303631530668260297e+01
2.697744406830269881e+01,1.374036907810484109e+01
1.686953457580094806e+01,3.513935605127933570e+01
1.566421220209209153e+01,4.075518644625425679e+01
1.295808637268399011e+01,5.955500413651401459e+01
1.368001264386934501e+01,5.343514625673565632e+01
1.087177342569502336e+01,8.460562037080137543e+01
1.235515475881270753e+01,6.550939983254107801e+01
3.160373425046682527e+01,1.001205432744504620e+01
2.144362653202750124e+01,2.174720910480054314e+01
1.651777041732372098e+01,3.665195536403313525e+01
1.048659741700403991e+01,9.093494504797064337e+01
1.718309756993283699e+01,3.386858774135060202e+01
1.733423869715895549e+01,3.328054692361703104e+01
1.707124351492364056e+01,3.431386869978717868e+01
2.701479974386306893e+01,1.370239538253047584e+01
1.199723233140158918e+01,6.947648873138459180e+01
1.425433409537883911e+01,4.921597947998852618e+01
1.097920305221282078e+01,8.295801766892196838e+01
1.613815724136622620e+01,3.839654210246064991e+01
1.133968656551237864e+01,7.776745718695097764e+01
3.056468439651613522e+01,1.070434674066264158e+01
1.075892242836915358e+01,8.638979579956848909e+01
1.323428262455354165e+01,5.709514628969979100e+01
1.156774155681630667e+01,7.473135308347788452e+01
2.130705388856754112e+01,2.202689042997999280e+01
1.222447264499303898e+01,6.691750405397084478e+01
1.135637983928717176e+01,7.753899717868820574e+01
1.014137496925099846e+01,9.723135064326244503e+01
4.193426276670960817e+01,5.686721706926982201e+00
1.501236509401198305e+01,4.437126031854969455e+01
1.332180707976587719e+01,5.634737901799056203e+01
1.068266786349229136e+01,8.762752556782908187e+01
1.830746811279908925e+01,2.983619433719350766e+01
1.756514019996657794e+01,3.241132299966152885e+01
1.253331463072401242e+01,6.366021715277366866e+01
2.115225408989602585e+01,2.235047155825768783e+01
3.862781926074953986e+01,6.701925852253276084e+00
1.049303785446934434e+01,9.082335084597042396e+01
1.489897705050128707e+01,4.504920151340436973e+01
1.113339762195765204e+01,8.067603769593988261e+01
1.931956747567319255e+01,2.679200413110621426e+01
1.671238948686715631e+01,3.580328726981696263e+01
1.637251918624598801e+01,3.730516660889759351e+01
1.106479477852161963e+01,8.167953812239912281e+01
1.621987203957309021e+01,3.801063742419434988e+01
2.149864145267054738e+01,2.163604950730202603e+01
1.051080426474336527e+01,9.051657295629492239e+01
2.807453102886527674e+01,1.268746856873019269e+01
1.300597093161940521e+01,5.911727974108259787e+01
3.613809212862141607e+01,7.657192381178272278e+00
1.113577676894233548e+01,8.064156867740673817e+01
1.411565901632790698e+01,5.018774495992549589e+01
1.079106546173496639e+01,8.587590873862832552e+01
1.400488631784168803e+01,5.098481223849963584e+01
1.540335551805126535e+01,4.214725758233734609e+01
1.266374933007732118e+01,6.235558948410965030e+01
1.947190425759048438e+01,2.637443403994156910e+01
1.227327419426411481e+01,6.638640122820515899e+01
2.259296143163712500e+01,1.959086798620726810e+01
1.440692505393943357e+01,4.817895834883766781e+01
1.077970369306973986e+01,8.605702993269787271e+01
1.120360466355969109e+01,7.966809795104147440e+01
1.221211702303717139e+01,6.705298026049102589e+01
1.852874305111879139e+01,2.912782673191077265e+01
2.319366738073311751e+01,1.858921928978112703e+01
1.424193829928670851e+01,4.930168926583367295e+01
1.055609768808747440e+01,8.974147405346398898e+01
1.377156601192460705e+01,5.272703418822285926e+01
1.645725336190325194e+01,3.692200608703424791e+01
4.085044103751038591e+01,5.992478721452635604e+00
1.621872754557190532e+01,3.801600214609497641e+01
1.270801169245429563e+01,6.192197340381441961e+01
4.236539460537003521e+01,5.571568677064971276e+00
2.271248417704014955e+01,1.938521957000778428e+01
2.204230209583037947e+01,2.058193013007522865e+01
1.599364340713793275e+01,3.909355655741089919e+01
2.417605613078607973e+01,1.710917582265772197e+01
4.299756934103336903e+01,5.408940310935838269e+00
1.255309646170421800e+01,6.345973699049203276e+01
1.144009900427081305e+01,7.640828186782748332e+01
1.797182695903871874e+01,3.096104020102524146e+01
1.488190555426168693e+01,4.515261547153953359e+01
1.093400431599603806e+01,8.364529516567077394e+01
2.034432913584656077e+01,2.416090809212370161e+01
1.474349196103548998e+01,4.600439093769469423e+01
1.194772603482618578e+01,7.005344364445986116e+01
1.342374092527930962e+01,5.549487486067548048e+01
3.379127304735914095e+01,8.757716709773079700e+00
2.024041045642238856e+01,2.440963971616097439e+01
1.567171598103695374e+01,4.071616778410679416e+01
1.380504718313272861e+01,5.247158817899148175e+01
1.102436377437986437e+01,8.227974352824031712e+01
2.620443386026683896e+01,1.456298617916401916e+01
2.256772702118946938e+01,1.963470407065100787e+01
3.002466107781437898e+01,1.109286614616939204e+01
1.170004841828608200e+01,7.305075048734583731e+01
1.479889825037519380e+01,4.566055979324140424e+01
1.343384570689127777e+01,5.541142106741716589e+01
1.950575486222733801e+01,2.628297222634994057e+01
1.280836734773212449e+01,6.095543718064683247e+01
1.448472074829925127e+01,4.766282134568279361e+01
2.031415320960000059e+01,2.423274168343337465e+01
4.531620741782665363e+01,4.869595507749481911e+00
1.337700956238093575e+01,5.588328468304082008e+01
5.342077051384430320e+01,3.504125923248064822e+00
1.308527330011447276e+01,5.840289890626728209e+01
1.279579269831694255e+01,6.107529999708072665e+01
1.596219030434663466e+01,3.924777412919979724e+01
1.249786527593679608e+01,6.402186517538169142e+01
1.091235544879633856e+01,8.397750980646452490e+01
1.411719392661106198e+01,5.017683209743540829e+01
1.559350752957714015e+01,4.112561176523658446e+01
1.215110226621162859e+01,6.772806189370764685e+01
3.065142433565602786e+01,1.064384836972170412e+01
1.628702181439063423e+01,3.769785536803606618e+01
1.225101530145446738e+01,6.662785553373473135e+01
1.091514089225672635e+01,8.393465470062727718e+01
4.143398478053932621e+01,5.824874807611378102e+00
1.179709555630032014e+01,7.185381071577802459e+01
2.452693924044097429e+01,1.662314869009758667e+01
1.608478469514617260e+01,3.865177974308324593e+01
1.066231196425976790e+01,8.796243225462917792e+01
1.589761380606283225e+01,3.956727256682476934e+01
1.278046342246927658e+01,6.122189900019670716e+01
2.347746924371310229e+01,1.814251285359180343e+01
1.073030663513450378e+01,8.685118221797617366e+01
1.079813002454633697e+01,8.576357867883474739e+01
1.513523596677179484e+01,4.365375508224160228e+01
2.885213727365918501e+01,1.201279374174266934e+01
1.461378439353839020e+01,4.682465742782732576e+01
2.171892895722457340e+01,2.119938150584381020e+01
1.710638802398360525e+01,3.417302011368146708e+01
1.100051083563325172e+01,8.263695266640195314e+01
2.004062533764566822e+01,2.489874527328482756e+01
1.354349636337570395e+01,5.451781091927055201e+01
1.234801818759198433e+01,6.558514439178887301e+01
1.410854154865457488e+01,5.023839509318861474e+01
1.369365097503394502e+01,5.332876070466686969e+01
1.061981940457253160e+01,8.866776001874993085e+01
1.096520406844000917e+01,8.316997346183464401e+01
1.808445749251771417e+01,3.057658858963009862e+01
2.401601425260651723e+01,1.733796551166523869e+01
1.147344219118611264e+01,7.596482407571357953e+01
1.070249070289390936e+01,8.730322391132280302e+01
1.270189107406483409e+01,6.198166405630741593e+01
1.945754300066262843e+01,2.641338138341426500e+01
1.240276608352686516e+01,6.500741458985621080e+01
1.415163787762802627e+01,4.993287657733225160e+01
4.619436443678613102e+01,4.686212816577164375e+00
5.124410519582409762e+01,3.808133561770768782e+00
1.031746606319643433e+01,9.394072377220729209e+01
2.367985893154532206e+01,1.783371321077017413e+01
1.941472578528858506e+01,2.653001393821880427e+01
1.579300650065860623e+01,4.009316780896566712e+01
4.035965318760793963e+01,6.139106233735383000e+00
1.525410601064633376e+01,4.297604833984957651e+01
1.467207356454427902e+01,4.645334674231098404e+01
2.032279124650732172e+01,2.421214620233994808e+01
1.354497302690104021e+01,5.450592457967643156e+01
1.225102913283200046e+01,6.662770508849557416e+01
2.720549535637841387e+01,1.351097605022299319e+01
1.305140933950430338e+01,5.870636333907779658e+01
2.469674643595922703e+01,1.639534328612522884e+01
1.680099395977256549e+01,3.542664689470137773e+01
1.004701617278210080e+01,9.906626677673077097e+01
7.827046258415943214e+01,1.632315854580137282e+00
3.153023793663654217e+01,1.005878449882526304e+01
1.127493435718588621e+01,7.866326274186221212e+01
1.516022069355354596e+01,4.350998693754002034e+01
1.265976317960874731e+01,6.239486318777625229e+01
2.007096366615013494e+01,2.482353060768913977e+01
5.955694088776345296e+01,2.819260686577865105e+00
1.097958293502344951e+01,8.295227723598925706e+01
1.174529099547571676e+01,7.248905494131798832e+01
3.372827372922223788e+01,8.790463446821316751e+00
1.552574109586052131e+01,4.148540370133923716e+01
1.700993827245194012e+01,3.456165453162880397e+01
1.479343019167406759e+01,4.569432082923427174e+01
1.310559737342199327e+01,5.822189770794276598e+01
1.589110033876328743e+01,3.959971499659400962e+01
2.499567398989379186e+01,1.600553873053073772e+01
1.603407456989884494e+01,3.889665025751452276e+01
3.077402176714020854e+01,1.055921144859557259e+01
1.516197793556644591e+01,4.349990208624760157e+01
1.723221826574383186e+01,3.367577710690140691e+01
2.825848260486227659e+01,1.252282536742667851e+01
1.687050423685385070e+01,3.513531677832114752e+01
1.319075423089156729e+01,5.747258650822502091e+01
1.306196519809621570e+01,5.861151609966659493e+01
1.287238891727614742e+01,6.035061421831591133e+01
2.576739531846547848e+01,1.506117862433965549e+01
1.351913794564055138e+01,5.471444534460397335e+01
1.338228555458901425e+01,5.583922918104624245e+01
1.210225199776868799e+01,6.827592875179495024e+01
2.152644756153485872e+01,2.158019024040654443e+01
1.090176522484890853e+01,8.414074439828667096e+01
1.542197165455388941e+01,4.204556558677578693e+01
2.006704413917869445e+01,2.483322869766409013e+01
1.116711232374936458e+01,8.018963395314528952e+01
3.235236141401677656e+01,9.554061421427661571e+00
1.322051650663133593e+01,5.721411104026208960e+01
1.135659249894744427e+01,7.753609326848595629e+01
1.605417283382960392e+01,3.879932156792607145e+01
1.590072472530343717e+01,3.955179169402953221e+01
1.482661773063331268e+01,4.548998766949887340e+01
4.040990419186632465e+01,6.123847378402948571e+00
1.012176395694070763e+01,9.760848894622962746e+01
1.256627012800035459e+01,6.332675255087820432e+01
1.680460548078112026e+01,3.541142126726568762e+01
4.926417080592466391e+01,4.120383556696835647e+00
1.717029976048176820e+01,3.391909417059817144e+01
3.383748829390091828e+01,8.733810464937713292e+00
1.962053016186861853e+01,2.597637370972195825e+01
1.497315688477167228e+01,4.460394277229693216e+01
2.031465513850465143e+01,2.423154422641079364e+01
1.346523541268489410e+01,5.515337569404973550e+01
1.693186657921358318e+01,3.488111224611727579e+01
1.759798721215755890e+01,3.229044308928913409e+01
3.026082300366122624e+01,1.092039957224481839e+01
1.207404436887916077e+01,6.859531663331360107e+01
2.263339506928478784e+01,1.952093393513746378e+01
2.441207940310233226e+01,1.677994187974319829e+01
3.967998917332418074e+01,6.351216395094790634e+00
2.181327894316757110e+01,2.101638878319910830e+01
1.256698371121178504e+01,6.331956106793745676e+01
1.818493464281170091e+01,3.023963264165130838e+01
3.411003551824217794e+01,8.594797656405383179e+00
1.546709941695888446e+01,4.180057404378482033e+01
1.280796005151827721e+01,6.095931403744966559e+01
2.787655008775059429e+01,1.286832285023739608e+01
2.872550206728499234e+01,1.211894302881946217e+01
1.289502199613707134e+01,6.013894781034716175e+01
1.143655122092719090e+01,7.645569512571580617e+01
1.068254433100866230e+01,8.762955222142791456e+01
4.739119562142885655e+01,4.452507594480549002e+00
1.686865657895853232e+01,3.514301408372873681e+01
1.165719781151014445e+01,7.358879098400232976e+01
1.427556841988046266e+01,4.906967485656431904e+01
1.393763581491350401e+01,5.147801300131106927e+01
1.353213287163020873e+01,5.460941108540269084e+01
1.082777248932037040e+01,8.529464307876767748e+01
1.503750014550395342e+01,4.422305193062136652e+01
1.287392737891070915e+01,6.033619102729555550e+01
7.187480636712363946e+01,1.935738218110845121e+00
1.685684942814934928e+01,3.519226221732414217e+01
1.016509306335113649e+01,9.677814242134530787e+01
1.675817093937548563e+01,3.560793330829087466e+01
2.012985169026732635e+01,2.467850515013932622e+01
2.466521633375475275e+01,1.643728715192365186e+01
5.696589632031469819e+01,3.081556463903893928e+00
2.067598726953595545e+01,2.339200713844117629e+01
3.964683119385341570e+01,6.361844309594709479e+00
2.024325414467837447e+01,2.440278226825816077e+01
2.200912462237373646e+01,2.064402902182652610e+01
1.811146298576094438e+01,3.048547278728468513e+01
2.110513684288821779e+01,2.245037787134511476e+01
2.976245342537981386e+01,1.128918376186363304e+01
1.710620614490491320e+01,3.417374679619700828e+01
3.047925601927482475e+01,1.076443590457658495e+01
2.067066960601282588e+01,2.340404417697318351e+01
1.017481826782281296e+01,9.659322758550922572e+01
2.319023422527530798e+01,1.859472371057088935e+01
2.954828709474971760e+01,1.145342509617782589e+01
2.654286153060163400e+01,1.419399072576734611e+01
2.210064690583740443e+01,2.047340265464896092e+01
1.082570199596084493e+01,8.532727262655389211e+01
1.575731601762127276e+01,4.027499637368309493e+01
1.629768103683892377e+01,3.764856020508804590e+01
1.383630211969366997e+01,5.223479892053008911e+01
1.374993638137222618e+01,5.289305143446256352e+01
1.860958954574413227e+01,2.887529376023585570e+01
3.460618989577857008e+01,8.350114425369314475e+00
8.930565459938154049e+01,1.253839893541119688e+00
1.495331410007976203e+01,4.472239860900374708e+01
6.826882970702646958e+01,2.145631240415124985e+00
1.301579574099314840e+01,5.902806555781118192e+01
5.446295692418130585e+01,3.371301291539448464e+00
1.702346927984554981e+01,3.450673409922332269e+01
1.423990910708095647e+01,4.931574128412815838e+01
1.594036793219606629e+01,3.935530813308752585e+01
2.838125413507734152e+01,1.241471731233770726e+01
1.240241080787654759e+01,6.501113900805935941e+01
1.610196935414352382e+01,3.856932234917823621e+01
1.296620399829699544e+01,5.948045743123437745e+01
1.222798046916199866e+01,6.687911649363631739e+01
1.641492465874055995e+01,3.711267107279317656e+01
1.715938723143787925e+01,3.396224965065325563e+01
1.231040130369501995e+01,6.598657373144708060e+01
1.004395665306756946e+01,9.912662971338752982e+01
3.954762947656990946e+01,6.393800582347324735e+00
1.057718074824376941e+01,8.938407461155280487e+01
2.452526768765561727e+01,1.662541471367460844e+01
1.455372715472201683e+01,4.721190695038157514e+01
1.442378604838470579e+01,4.806638452914539528e+01
2.177504953951901356e+01,2.109024848142907871e+01
1.297502235020269623e+01,5.939963423901468786e+01
1.727794149343173302e+01,3.349777814131589082e+01
1.277653882693976506e+01,6.125951608831042705e+01
1.157442104077544265e+01,7.464512452132802878e+01
1.471916937600582997e+01,4.615655580224477461e+01
2.785350811395553094e+01,1.288962244396387113e+01
2.081192575969728153e+01,2.308742321068933379e+01
1.686572322596408569e+01,3.515523956956791096e+01
3.216729641665735073e+01,9.664310570903877462e+00
1.298896161689351558e+01,5.927221172674403959e+01
2.098137623665730445e+01,2.271601029539299432e+01
2.640149581509030696e+01,1.434639994124772144e+01
1.109221407271328985e+01,8.127622329322075245e+01
1.043491551138841444e+01,9.183793837359600332e+01
1.102096968891441620e+01,8.233043008151028630e+01
2.397337524587839397e+01,1.739969491405092583e+01
1.617594739720232511e+01,3.821734809893578699e+01
2.985073300819752973e+01,1.122250997064536016e+01
1.491173132462069795e+01,4.497217167261000270e+01
1.072690343323428763e+01,8.690629952122972668e+01
1.488750237201640658e+01,4.511867244315714487e+01
1.640165045410060074e+01,3.717276753008970047e+01
1.742463212236814840e+01,3.293614487852232031e+01
2.033025427868536639e+01,2.419437339361038397e+01
1.435565961078897423e+01,4.852367616337276957e+01
2.082937202286427691e+01,2.304876428456841353e+01
2.153804152030404495e+01,2.155696319869278099e+01
2.163369292028900759e+01,2.136676031961570033e+01
2.201042580745165722e+01,2.064158827772117277e+01
1.033721973309155295e+01,9.358203912268487557e+01
8.804720175386098902e+01,1.289938139684807528e+00
2.085906261478359625e+01,2.298319619727751828e+01
1.127512633630567684e+01,7.866058400019248609e+01
1.270466420747322722e+01,6.195460869122035774e+01
2.374214139511424193e+01,1.774027002079307991e+01
1.519641318933641472e+01,4.330298285473649855e+01
3.119266852858886097e+01,1.027767640346736222e+01
1.544859622502331575e+01,4.190076531300589835e+01
1.261957833634018300e+01,6.279286695696289655e+01
2.366479071149033331e+01,1.785643116935237273e+01
1.647495735336417866e+01,3.684269593754952155e+01
1.041546484143306728e+01,9.218126964191117168e+01
1.006414196969546282e+01,9.872939846582451651e+01
1.356222886521429594e+01,5.436731210207795328e+01
1.041206864076956151e+01,9.224141468277744593e+01
1.386371146204198368e+01,5.202846078477008263e+01
1.621516480055521825e+01,3.803270949421473546e+01
1.318755448302189848e+01,5.750047948814029297e+01
9.199059219314710845e+01,1.181716149474393074e+00
1.676609365645734329e+01,3.557428862847673656e+01
2.494672342749046834e+01,1.606841262245903934e+01
1.101783666107693094e+01,8.237725963827629982e+01
1.373068798106827515e+01,5.304145190010730460e+01
1.219644705232136239e+01,6.722539001440070194e+01
1.713982878980363367e+01,3.403980324542246194e+01
1.405924252913206018e+01,5.059133671449089320e+01
1.568475160971328641e+01,4.064851732978598164e+01
7.659586629933609458e+01,1.704469895933685697e+00
1.440881102899497002e+01,4.816634684788431287e+01
1.515714325330603351e+01,4.352765688706887204e+01
1.554596525525874817e+01,4.137753498301085386e+01
1.293471617065490165e+01,5.977040427524845256e+01
1.373669970427027209e+01,5.299503598380422176e+01
1.526349667954117706e+01,4.292318369132947709e+01
1.162604407188103117e+01,7.398370393256473676e+01
1.006887235182522566e+01,9.863665360613352107e+01
1.412578147277745799e+01,5.011584221382761939e+01
1.540849158264237495e+01,4.211916463653389542e+01
2.158994431650397061e+01,2.145344076633235630e+01
1.461701674309427013e+01,4.680395047668613984e+01
1.768264680274545242e+01,3.198198795412017859e+01
1.453192385532096687e+01,4.735368412676023553e+01
5.133393482412730435e+01,3.794817461355463273e+00
6.425236205932972666e+01,2.422265837583159165e+00
2.713291428526985527e+01,1.358335697621619431e+01
1.609911544419736984e+01,3.858299802340658147e+01
3.053324077833694616e+01,1.072640510673570269e+01
1.633671670250289409e+01,3.746885692337981055e+01
1.375117254260313793e+01,5.288354222344746347e+01
7.105857279668590820e+01,1.980464395046779957e+00
3.685734826734917391e+01,7.361254407238563502e+00
2.159649845836258919e+01,2.144042128928179380e+01
1.344100836249178776e+01,5.535237978666314973e+01
1.946863451777670662e+01,2.638329390925866491e+01
1.188414573550900855e+01,7.080502201408317831e+01
2.808132507314190462e+01,1.268133005529499258e+01
1.017008995696110141e+01,9.668306533121459267e+01
2.498560387891080836e+01,1.601844296389330324e+01
1.210663321431304595e+01,6.822652153880417814e+01
2.871611745153920836e+01,1.212686542347348784e+01
1.115941704630208697e+01,8.030026594076714730e+01
1.473028694536816197e+01,4.608690949256139646e+01
1.138667818646278995e+01,7.712690546327903007e+01
1.360114573823178574e+01,5.405663550892415259e+01
2.094476795438555783e+01,2.279548798348001881e+01
1.643901475676579338e+01,3.700397930281683045e+01
1.808135651898675178e+01,3.058707732950013991e+01
1.141500572164201266e+01,7.674458341160014641e+01
1.730792504943176979e+01,3.338181825266357805e+01
2.138403662252225246e+01,2.186858187250380325e+01
1.357516073383693112e+01,5.426377947006787394e+01
3.834420235664021703e+01,6.801435504383280595e+00
3.557837385863982149e+01,7.900013096042377114e+00
1.608720336393199446e+01,3.864015822958709379e+01
1.035612887223045320e+01,9.324061032926647385e+01
1.060347547832444270e+01,8.894131111948016155e+01
1.173426336028887107e+01,7.262536660412924050e+01
3.254010878018369368e+01,9.444130925402768995e+00
1.624389880249860951e+01,3.789827558756694970e+01
7.890008009309813986e+01,1.606368250645026530e+00
2.218935108093619135e+01,2.031004084086660200e+01
1.375462404676042638e+01,5.285700498564352046e+01
1.522580974530183440e+01,4.313593364998080659e+01
4.109629943968417365e+01,5.920993246850316361e+00
7.956258500337415285e+01,1.579727687611911513e+00
2.263293184428162164e+01,1.952173300768208364e+01
1.897214997536318037e+01,2.778221716866600133e+01
1.584365693364712513e+01,3.983723064782877543e+01
1.180647409826638672e+01,7.173970106343526254e+01
3.012820614456099477e+01,1.101674891719378557e+01
1.190425965052502733e+01,7.056595413870354605e+01
1.499874937172537059e+01,4.445185650192075144e+01
1.306691747163733375e+01,5.856709778024654867e+01
2.321226986274512782e+01,1.855943615750409847e+01
1.708653116162134467e+01,3.425249361769158440e+01
2.357764654465139031e+01,1.798867163669693525e+01
1.940286058317960283e+01,2.656247103123811826e+01
1.411682022594957076e+01,5.017948869619293362e+01
2.111777542907401539e+01,2.242351366590057182e+01
1.809262933601058521e+01,3.054897395568156426e+01
1.453697243951583040e+01,4.732079866195284978e+01
1.616478640784439591e+01,3.827014071348342128e+01
1.639724896358420381e+01,3.719272667612278838e+01
1.598891287350392432e+01,3.911669268219164053e+01
1.314248644429121704e+01,5.789551540508545457e+01
1.040695856010487397e+01,9.233202267204777058e+01
1.366412554801206802e+01,5.355947515097842881e+01
2.527323154710212449e+01,1.565591473594653671e+01
1.482661078156528056e+01,4.549003031081425519e+01
2.025974122958204049e+01,2.436308116515815669e+01
1.880975218901098600e+01,2.826401481946492922e+01
1.866150194936503226e+01,2.871486712625461379e+01
1.653649248162989238e+01,3.656901010589850642e+01
6.318760251942983786e+01,2.504587708310154870e+00
1.475218038814551669e+01,4.595021750952915340e+01
1.538702956935483002e+01,4.223674321082317107e+01
1.150414839089233787e+01,7.555984354664084890e+01
1.195855338115997668e+01,6.992664745096926993e+01
1.568714892427761143e+01,4.063609444311326513e+01
1.526105333826340171e+01,4.293692905734645393e+01
1.191581845192173716e+01,7.042911716978984771e+01
1.245721278958492206e+01,6.444040096587478672e+01
1.580967083988667099e+01,4.000869115750517579e+01
1.740494920920392730e+01,3.301068067117827809e+01
1.001835344782877435e+01,9.963393912329047453e+01
1.831424306051990314e+01,2.981412394446147118e+01
1.129191193082332489e+01,7.842689756962104752e+01
1.557999745337935593e+01,4.119696621145491378e+01
3.587922259909075251e+01,7.768084675230403136e+00
1.413208008560411777e+01,5.007117929932422129e+01
2.312039829488976395e+01,1.870722532198262300e+01
1.819759340640271006e+01,3.019757617735680100e+01
1.568096396559648831e+01,4.066815651933811182e+01
1.360513434587941006e+01,5.402494466352781899e+01
3.017297712396650411e+01,1.098407963789336783e+01
1.007543803686152373e+01,9.850814183571939964e+01
2.825526232890155853e+01,1.252568000392376213e+01
1.031967815629747776e+01,9.390045442435693701e+01
1.737277492781806032e+01,3.313306508356897950e+01
4.886532721151876757e+01,4.187920005613990249e+00
1.602980297149679600e+01,3.891738326430202477e+01
2.336676070114182835e+01,1.831483363493037331e+01
1.001930608748523177e+01,9.961499355392278687e+01
1.488714666308181478e+01,4.512082857246848988e+01
2.221303308806861665e+01,2.026675759045135194e+01
1.030999883430234654e+01,9.407685005654525412e+01
1.903894160773108979e+01,2.758763022477023696e+01
2.616649959907845968e+01,1.460524147279866192e+01
1.397673547045403986e+01,5.119039830992178253e+01
1.311454772868814089e+01,5.814245480860534343e+01
1.189108172951110731e+01,7.072244584642190546e+01
1.438199091297215482e+01,4.834615944048083236e+01
1.605868209506514432e+01,3.877753500886654336e+01
1.356401479648037878e+01,5.435299629782510777e+01
2.123471471795129517e+01,2.217722172413449400e+01
1.536664318692886333e+01,4.234888553810467471e+01
2.481491197902710510e+01,1.623956986251913293e+01
5.000003053555793997e+01,3.999995114315205047e+00
2.186750552954312710e+01,2.091228600992206310e+01
1.679529581096018021e+01,3.545068940658638468e+01
1.282336411895720651e+01,6.081294723760029797e+01
1.433414235825307514e+01,4.866946512292780369e+01
2.592463727687585262e+01,1.487903010906655332e+01
1.005288972521449331e+01,9.895053867373415812e+01
1.201264272206501005e+01,6.929834756606470592e+01
5.606124709558546471e+01,3.181811820886638387e+00
1.482669793957640181e+01,4.548949549059597075e+01
1.607435505698244071e+01,3.870195343361164930e+01
2.662919656213401609e+01,1.410210270166489543e+01
1.663354321403159375e+01,3.614352102559357860e+01
1.120156351666198979e+01,7.969713480942471051e+01
7.638009602123098318e+01,1.714113597236452291e+00
1.318264618477982886e+01,5.754330579777900567e+01
1.587485363938632332e+01,3.968081103651553576e+01
2.355839849555900756e+01,1.801807841346250427e+01
2.101468464473958520e+01,2.264405732357812440e+01
1.903384550974041645e+01,2.760240475758664402e+01
3.745698125959869884e+01,7.127454484202930374e+00
2.230152922334469423e+01,2.010623306381709341e+01
1.059290163718263678e+01,8.911896228749597526e+01
1.051849717993572675e+01,9.038421912902506961e+01
1.915156401960691568e+01,2.726412139763759512e+01
1.549987462685676576e+01,4.162398240899271684e+01
1.761142875782824646e+01,3.224117192133271459e+01
1.397335970483862866e+01,5.121513504667507277e+01
2.341286851069903463e+01,1.824276853524456499e+01
1.376942426413262410e+01,5.274343818442584819e+01
1.095624103461507381e+01,8.330610778060392363e+01
1.361410948287950617e+01,5.395373597363642659e+01
1.663295400617379727e+01,3.614608177623181717e+01
1.201979333206805300e+01,6.921592051447625238e+01
1.336923682569482352e+01,5.594828350543262729e+01
1.003895567985016513e+01,9.922541550578702640e+01
1.859797426904722428e+01,2.891137287900517450e+01
1.037031434615964010e+01,9.298569855455157551e+01
2.858239225538333628e+01,1.224060404960171589e+01
1.947512615517079482e+01,2.636570817131374511e+01
1.242998506046729901e+01,6.472302197475742958e+01
1.028483172768900467e+01,9.453782773752517699e+01
1.196064297052162573e+01,6.990221645421320318e+01
1.193336184823325397e+01,7.022219179217727003e+01
1.769704650296906223e+01,3.192996303832498128e+01
1.914150859126193183e+01,2.729277372947957048e+01
1.240359142678524407e+01,6.499876360411140297e+01
1.658695421846651286e+01,3.634684408921878429e+01
1.684144501113410186e+01,3.525667049252171381e+01
1.391963326358476927e+01,5.161125427814585009e+01
1.178628842559107426e+01,7.198564009368261907e+01
2.111875659743360956e+01,2.242143014067650952e+01
1.628423798245838583e+01,3.771074555840642262e+01
2.824082117180056528e+01,1.253849348127754304e+01
2.018156164838433497e+01,2.455220277346521129e+01
1.566204227037902719e+01,4.076648026046977691e+01
2.058977568248014478e+01,2.358830690202961833e+01
1.485926938762993110e+01,4.529028854356813838e+01
4.230017881193023044e+01,5.588761718831612768e+00
1.872668917423356305e+01,2.851530333148334151e+01
1.022451130007102194e+01,9.565658704398695988e+01
4.016743290510082431e+01,6.198003914027420791e+00
1.968688223404711835e+01,2.580156881766842503e+01
2.369439389856010791e+01,1.781184027918908086e+01
1.411061787943261159e+01,5.022361135340992178e+01
1.591096311494050042e+01,3.950090648190161602e+01
1.479587858300197922e+01,4.567919927743312769e+01
3.483659959331090050e+01,8.240024183736567309e+00
2.010808829337671355e+01,2.473195416479953224e+01
1.197863106880358863e+01,6.969243224450450214e+01
1.632584758665354840e+01,3.751876415315375368e+01
6.010627462808493249e+01,2.767963617034346679e+00
2.618648226453823824e+01,1.458295972478095948e+01
1.589918102835358482e+01,3.955947245999355033e+01
1.082394534852587675e+01,8.535497086278613210e+01
3.575287851508318937e+01,7.823083641359175111e+00
5.564223106905083682e+01,3.229913778406603875e+00
8.953270559460241884e+01,1.247488591662630375e+00
2.608784619592913145e+01,1.469344221183838783e+01
1.589390103527343712e+01,3.958576033413659445e+01
1.712940664667766200e+01,3.408123791217973064e+01
1.348721633297064848e+01,5.497374870089643650e+01
1.471643118072420187e+01,4.617373352959740629e+01
1.122326171615401869e+01,7.938927195450497720e+01
2.337222863166249809e+01,1.830626513040097336e+01
1.664265652345177315e+01,3.610394838812879925e+01
1.032111331850998859e+01,9.387434231603302237e+01
1.064547588429843294e+01,8.824088173542860147e+01
1.854478377026967451e+01,2.907745901418796919e+01
2.449397697044126687e+01,1.666791932112742813e+01
1.512202874774989780e+01,4.373004067649799964e+01
1.004210407207964018e+01,9.916320711736075566e+01
3.455751171529423260e+01,8.373655162842144506e+00
1.028139324286724055e+01,9.460107232614812744e+01
1.980450988165923576e+01,2.549598540941697422e+01
1.046723685883032751e+01,9.127164889928117475e+01
1.427507427404909635e+01,4.907307210613210202e+01
1.032062822193076101e+01,9.388316720373579471e+01
3.739952692213212515e+01,7.149370147571526779e+00
1.574605111705770177e+01,4.033264335003115519e+01
1.244628065917261317e+01,6.455365250997365933e+01
7.116939220315070713e+01,1.974301548682206420e+00
1.332134962556313873e+01,5.635124901444715562e+01
1.349100573962260441e+01,5.494287055341701631e+01
1.496114506630686769e+01,4.467559364380385034e+01
1.178203896057219779e+01,7.203757603202122084e+01
1.476747905027301222e+01,4.585506075073758581e+01
1.462693244209964227e+01,4.674051454016384355e+01
1.044912775194321064e+01,9.158828399812655618e+01
1.101908434057763131e+01,8.235860571093753890e+01
1.259113980473162187e+01,6.307683705104244609e+01
1.309843717829610021e+01,5.828556852381733222e+01
3.559117076654445810e+01,7.894333172441868385e+00
1.704932868148348746e+01,3.440213798268424483e+01
3.637531933006248153e+01,7.557642956995105799e+00
1.337631207489549290e+01,5.588911273306165128e+01
1.331562317738552359e+01,5.639972769106071127e+01
1.438557342338081213e+01,4.832208267303966664e+01
1.899411965271272251e+01,2.771798535732481739e+01
1.657287822424862966e+01,3.640861190394546298e+01
1.737933932662070191e+01,3.310804024543632096e+01
1.103344221345989062e+01,8.214439785525706839e+01
1.329086626313454644e+01,5.661003507417078140e+01
1.017690178790128819e+01,9.655368051471592139e+01
1.012089443913318476e+01,9.762526136997895776e+01
1.561215283679535126e+01,4.102743929837230752e+01
1.057741866096630723e+01,8.938005371192397774e+01
3.385491762329831289e+01,8.724820026575597964e+00
1.685813648891192074e+01,3.518688880599447799e+01
1.032158027267204048e+01,9.386584865088953222e+01
1.500482773991921981e+01,4.441584942096753963e+01
1.955137593973227439e+01,2.616045823250605551e+01
1.487537224689707394e+01,4.519228650522291701e+01
1.672357712402327934e+01,3.575540036095210183e+01
3.066702346104623800e+01,1.063302289799947964e+01
1.402396669401510643e+01,5.084617134786265069e+01
1.465277180190462403e+01,4.657581122082446257e+01
1.891023253023993433e+01,2.796444867967872838e+01
2.249305454078446687e+01,1.976528711374472635e+01
5.075613299237471665e+01,3.881708751095183096e+00
1.032586668258663209e+01,9.378793480468941368e+01
1.709605046070974765e+01,3.421435978614847784e+01
4.184506160716460954e+01,5.710992328902488424e+00
1.796687504848645744e+01,3.097810910469114276e+01
1.053056842000918003e+01,9.017712218481085529e+01
1.795292276680396881e+01,3.102627766865334991e+01
1.343894760126070231e+01,5.536935682793662039e+01
1.346577628937032500e+01,5.514894511755956330e+01
2.025757884198653613e+01,2.436828269853917561e+01
1.598300047304208071e+01,3.914563797671271317e+01
1.168231379800127812e+01,7.327271176953591691e+01
1.044695166999202662e+01,9.162644333404450947e+01
2.011412835340551553e+01,2.471710290640343999e+01
1.061095573768273503e+01,8.881595585721058228e+01
4.136319947036496103e+01,5.844828214282633994e+00
1.908385633337653786e+01,2.745792554739813340e+01
1.041336626833197876e+01,9.221842739100179642e+01
1.601879096327283492e+01,3.897090863339682443e+01
4.210250531597712609e+01,5.641363980325793115e+00
1.252585501677634916e+01,6.373606379920498455e+01
1.148279425767463202e+01,7.584113662325556504e+01
1.635391552316781372e+01,3.739008908418369970e+01
1.179249984460413536e+01,7.190982661543753807e+01
1.798913768799764057e+01,3.090148200413193180e+01
7.730406391300473956e+01,1.673382985212579666e+00
1.438273985840664437e+01,4.834112455936539021e+01
1.298405038576544790e+01,5.931705976367673117e+01
1.442247817378918384e+01,4.807510253902599118e+01
1.684483332410589895e+01,3.524248826619626129e+01
1.203052527741130717e+01,6.909248614428609869e+01
1.073905101692222530e+01,8.670980088067724978e+01
1.413368199525951319e+01,5.005982982080389831e+01
1.000924982639431882e+01,9.981525983378080014e+01
8.475582436700757683e+01,1.392069426445973868e+00
1.593605177172737086e+01,3.937662920191993976e+01
1.953616188607920634e+01,2.620121972844487601e+01
1.468021267888310533e+01,4.640185099121825374e+01
1.010039562244225309e+01,9.802192564700315813e+01
1.468995769730757139e+01,4.634030732766650829e+01
1.770934386225897583e+01,3.188563413475838715e+01
1.841998287115918131e+01,2.947281078760595818e+01
2.406773098639839858e+01,1.726353393580810902e+01
1.569568584211138784e+01,4.059190234330984026e+01
1.053052240980303544e+01,9.017791019453800061e+01
1.504991571728901611e+01,4.415011756843082935e+01
1.708009130947525733e+01,3.427832750514566840e+01
1.634017495298684963e+01,3.745299871120121082e+01
1.639782090410678350e+01,3.719013222693573084e+01
1.496416264559192832e+01,4.465757745988050686e+01
2.953449394674126793e+01,1.146412551158562287e+01
1.127994368785293311e+01,7.859341083336522615e+01
2.714544108715599080e+01,1.357082325018028612e+01
1.188711693860034124e+01,7.076963079021244596e+01
1.280132106754803445e+01,6.102255951825839020e+01
1.264185956292486424e+01,6.257171766579958216e+01
2.974507337559054321e+01,1.130238015880275704e+01
1.451769698924143981e+01,4.744653971152581562e+01
1.037715204841262562e+01,9.286319884665647351e+01
1.380488325047393872e+01,5.247283438410284617e+01
1.119084521837337043e+01,7.984987157248512801e+01
1.620896218740582739e+01,3.806182268691883763e+01
1.162921597482089631e+01,7.394335088982039395e+01
1.027702118448381086e+01,9.468157997155171302e+01
1.568186505704632694e+01,4.066348300950470929e+01
1.049410787154621438e+01,9.080483043755985761e+01
1.267671080025825958e+01,6.222814208252684409e+01
2.604250298323517043e+01,1.474465294882073074e+01
1.881712726435925020e+01,2.824186389421270249e+01
1.112241498464350364e+01,8.083544068773905167e+01
1.275184753110580793e+01,6.149697834240839711e+01
1.392441431300701282e+01,5.157581816009145115e+01
4.910176380005244567e+01,4.147685461131861651e+00
1.237645009127038520e+01,6.528415846554574387e+01
1.745367266563622621e+01,3.282663350755563414e+01
1.206233749421055279e+01,6.872852903284736215e+01
5.426053667390709734e+01,3.396501652045861075e+00
1.802165397774817279e+01,3.079007213385836650e+01
4.615964982699991026e+01,4.693264049509393132e+00
2.668197890737068079e+01,1.404636427038454549e+01
1.707689693236273243e+01,3.429115280315192393e+01
1.153386129360684187e+01,7.517103872777092022e+01
1.106972933897364442e+01,8.160673367132267231e+01
7.070765777131637719e+01,2.000170867594381452e+00
1.659601462082855150e+01,3.630716864349921735e+01
1.073293127290061655e+01,8.680871012620299609e+01
3.666977247941370166e+01,7.436756629739337043e+00
1.776014603582455820e+01,3.170347991764250395e+01
1.417072879848966771e+01,4.979842725072691678e+01
1.008768480978202753e+01,9.826910293664282392e+01
1.034764045126068766e+01,9.339364815173371426e+01
1.241496087448557617e+01,6.487976819721581023e+01
4.191912331075855747e+01,5.690830066680836019e+00
5.803977171136339308e+01,2.968578986387645280e+00
1.296055129641526449e+01,5.953235315815758355e+01
1.364426433542042716e+01,5.371551586113042731e+01
1.043284177146468572e+01,9.187445132590586638e+01
1.682772831849223749e+01,3.531417106570149400e+01
1.023690313345438696e+01,9.542514145342248355e+01
1.765957689011043286e+01,3.206560304932137484e+01
1.619765651711855625e+01,3.811497415277479206e+01
2.377909429363097971e+01,1.768517582575617197e+01
2.522081720866528443e+01,1.572105513908746310e+01
1.095720152105256062e+01,8.329150352611821972e+01
1.018005501632316978e+01,9.649387560065467540e+01
1.581579397946229726e+01,3.997771814681512126e+01
1.427628185879929390e+01,4.906477059068082269e+01
1.517057084745623108e+01,4.345063762964484511e+01
1.393960258814436948e+01,5.146348770407770701e+01
2.090638301523908993e+01,2.287927164789664047e+01
1.199038802955775829e+01,6.955582791129165798e+01
1.491419826933663018e+01,4.495729528653761520e+01
1.254091319876370569e+01,6.358309678070857984e+01
3.007616005991443942e+01,1.105491035499927222e+01
3.615393940626788805e+01,7.650481131391330791e+00
5.096603997968621513e+01,3.849800449381044043e+00
5.468652899777761434e+01,3.343792209532840065e+00
1.603765581930639073e+01,3.887928075483998214e+01
1.246952238748898267e+01,6.431323588785021172e+01
1.599928733890302368e+01,3.906598002301807071e+01
1.425298392248345536e+01,4.922530429635745008e+01
1.527367001565443516e+01,4.286602302893393102e+01
1.433415145363284005e+01,4.866940335894697967e+01
1.728318679579145822e+01,3.347744863679100291e+01
1.420750557264955738e+01,4.954094994212270109e+01
1.194930054744407855e+01,7.003498352395234861e+01
1.493687425198301177e+01,4.482089767005042091e+01
1.332164234838145944e+01,5.634877257576692955e+01
1.266300280244954557e+01,6.236294185434422843e+01
1.339011354258294340e+01,5.577395997399433014e+01
1.022247415096935441e+01,9.569471600262181710e+01
1.030423696482041152e+01,9.418209027683128909e+01
1.040338331082642043e+01,9.239549562324658893e+01
1.360167423338599768e+01,5.405243483268250770e+01
5.345126971729698084e+01,3.500128167563979265e+00
1.282601086185986361e+01,6.078785141771292189e+01
1.226373261852359597e+01,6.648974289585213171e+01
5.389620667972024393e+01,3.442576505173152945e+00
1.732459695436135405e+01,3.331760080320729855e+01
1.017793020514035263e+01,9.653416918955728931e+01
1.337613060477595184e+01,5.589062920640758136e+01
1.113604314940453577e+01,8.063771073951519952e+01
1.489253233156834533e+01,4.508819988590904160e+01
1.633032573569346368e+01,3.749818996698459728e+01
7.117379680124393815e+01,1.974057196514667378e+00
1.919656976876038001e+01,2.713643151944588894e+01
1.083591212013954497e+01,8.516654935837114238e+01
2.015236754288804377e+01,2.462339031850353166e+01
1.439457420145410538e+01,4.826167097131087047e+01
1.312549292720868088e+01,5.804552658220205785e+01
3.683813065236501672e+01,7.368936808610509814e+00
1.153102083653421595e+01,7.520807732305821958e+01
1.427414282764392084e+01,4.907947675382325059e+01
1.006744636581102270e+01,9.866459802119166511e+01
1.012786472153936224e+01,9.749093068939517082e+01
1.775054245788475882e+01,3.173779427214051552e+01
1.297928313002478795e+01,5.936064175860444436e+01
1.714927683320390273e+01,3.400230651020417127e+01
1.302570863127338185e+01,5.893825607392443544e+01
1.625668930473367269e+01,3.783866353772161517e+01
1.103948679383003117e+01,8.205446750087835994e+01
1.713253246136351748e+01,3.406880286605689179e+01
1.637271835185120494e+01,3.730425901851030801e+01
1.103330985705458822e+01,8.214636868768531031e+01
1.454531970538627128e+01,4.726650134094986555e+01
4.428232951703470377e+01,5.099634862053083140e+00
1.712273723660010205e+01,3.410779278084957156e+01
1.312004434109750761e+01,5.809374771809828530e+01
1.132213776485502521e+01,7.800871608409589442e+01
1.128633960637713507e+01,7.850435899949712848e+01
5.851419454399292874e+01,2.920636695193683074e+00
1.290440434169650885e+01,6.005152970816695301e+01
2.221317560491747400e+01,2.026649753351810901e+01
1.330378121906554334e+01,5.650017739954515150e+01
1.419318182529318051e+01,4.964099377013143055e+01
1.294749934761548715e+01,5.965243887436169246e+01
7.577806054100173583e+01,1.741458095125284933e+00
1.876735812221717836e+01,2.839185166007236560e+01
1.203785257700359779e+01,6.900840017219961453e+01
1.007459419292524849e+01,9.852464453108341047e+01
1.351241952700609161e+01,5.476886726852974618e+01
9.996957471343635859e+01,1.000608783553392778e+00
1.355822058950137432e+01,5.439946254356601685e+01
1.657723241401988901e+01,3.638948818271540375e+01
1.219659829935796402e+01,6.722372273345379767e+01
2.276764473898755980e+01,1.929140184854346174e+01
4.269392564119560518e+01,5.486151813564071666e+00
1.511386920868354977e+01,4.377727058009266159e+01
1.089566168354892461e+01,8.423503887358030795e+01
1.488661961371293430e+01,4.512402356579966778e+01
1.929694384562570875e+01,2.685486255134854261e+01
3.741198095979721927e+01,7.144611046190525450e+00
1.053979657884908150e+01,9.001928147190008644e+01
1.137955078444030832e+01,7.722355015952257418e+01
1.454288797811120659e+01,4.728230959722182547e+01
1.076774879819175368e+01,8.624822567469723822e+01
1.886328289520925239e+01,2.810382574982703829e+01
3.455810346128772892e+01,8.373368397425425158e+00
1.294106716054598394e+01,5.971175253013142736e+01
1.436860011998737896e+01,4.843631367622750616e+01
1.435840611169883907e+01,4.850511455234065039e+01
1.642023364941110231e+01,3.708867641148894734e+01
1.482319334787611531e+01,4.551100785306587682e+01
1.093351868915851632e+01,8.365272576572264995e+01
1.096378284709864204e+01,8.319153729689823251e+01
1.247254392285971569e+01,6.428207926412021322e+01
1.559134610586278846e+01,4.113701501846711750e+01
4.185564166285644205e+01,5.708105502762226280e+00
3.695505889580760339e+01,7.322378977293931612e+00
1.435285755180997747e+01,4.854262423334468934e+01
1.588213825297133397e+01,3.964441882288138430e+01
1.269236227151285590e+01,6.207476457248943547e+01
1.521210168730610235e+01,4.321371071398150576e+01
4.637794941898747680e+01,4.649185930220503415e+00
1.246089179780632250e+01,6.440235525117002169e+01
1.072362467731059787e+01,8.695945097214972463e+01
1.056810235365739281e+01,8.953770908835696218e+01
2.452570506553858110e+01,1.662482174202852292e+01
1.355904336068069505e+01,5.439286075746948512e+01
1.170018734511925906e+01,7.304901570329928973e+01
1.189883770740554247e+01,7.063027836425149530e+01
1.424436308958909692e+01,4.928490563258766599e+01
1.382782324890423808e+01,5.229887666984662786e+01
1.249605096006397709e+01,6.404045734005342183e+01
1.588678678705467107e+01,3.962122200242487224e+01
1.280970823783875190e+01,6.094267650518828106e+01
1.392720469353142398e+01,5.155515331821488445e+01
1.229645725627888986e+01,6.613631468474558517e+01
1.529866880514484961e+01,4.272604703798698011e+01
1.779347349107047549e+01,3.158482890800272003e+01
1.124897017557640488e+01,7.902681323767176025e+01
1.083634762306941468e+01,8.515970396400946640e+01
1.489980770203157334e+01,4.504417874454025394e+01
1.631639474992039140e+01,3.756224943191264742e+01
1.417780582794718747e+01,4.974872464057617094e+01
1.027299054274032208e+01,9.475589180770010955e+01
1.340680682488976139e+01,5.563515424199793102e+01
3.210661585869224410e+01,9.700875616159693848e+00
1.536977290602313850e+01,4.233164043994376158e+01
1.853076412313842525e+01,2.912147338081425829e+01
1.700182940430574519e+01,3.459463012803063720e+01
1.009623620482673267e+01,9.810270785146062167e+01
8.459385474107898517e+01,1.397405247080518054e+00
1.365354355796499775e+01,5.364252838365401033e+01
1.043164983838654969e+01,9.189544789989712115e+01
2.586917598821070285e+01,1.494289722057776437e+01
1.169634852609880227e+01,7.309697391324010596e+01
1.270707895031184620e+01,6.193106429781931865e+01
1.084888001783216716e+01,8.496306825763564063e+01
3.500643319639578266e+01,8.160265225355582075e+00
1.765408579643523268e+01,3.208555340134533651e+01
1.125079356845175305e+01,7.900119988860502929e+01
1.473301819630744802e+01,4.606982361842081275e+01
1.802972611070580911e+01,3.076250810798923041e+01
1.706686206795114558e+01,3.433148924349614362e+01
1.282245488623805230e+01,6.082157196387440479e+01
1.199419628998044907e+01,6.951166577682332104e+01
1.816597476798479960e+01,3.030278794766278594e+01
1.793010178389984333e+01,3.110530686268839062e+01
1.748439982592961073e+01,3.271135555465286870e+01
1.342334662296682701e+01,5.549813516222092602e+01
4.885666487940168423e+01,4.189405181486904439e+00
1.109708784112493696e+01,8.120484699911719417e+01
1.646876095497449199e+01,3.687042540305426286e+01
2.036936585312550108e+01,2.410155051847158703e+01
1.551990464325152885e+01,4.151661176940105236e+01
1.394853532905078808e+01,5.139759364564248045e+01
1.035721996395294120e+01,9.322096631285167234e+01
1.017387205934798899e+01,9.661119548999378992e+01
1.278959362438755676e+01,6.113452033928179219e+01
1.360163965877565317e+01,5.405270962958855563e+01
1.417002699195129622e+01,4.980336015979342790e+01
1.838406682386029800e+01,2.958808244016350741e+01
3.423922515065557803e+01,8.530061146067643207e+00
1.165093198836972554e+01,7.366796376386280087e+01
1.052159841252303529e+01,9.033094563097122887e+01
1.313615185012399778e+01,5.795136631565206642e+01
1.005439606592364399e+01,9.892089153071168539e+01
1.712981132660811667e+01,3.407962763991086064e+01
1.620946989729458920e+01,3.805943839412606167e+01
3.563482634070653177e+01,7.875002614015013336e+00
2.082389926395356383e+01,2.306088083431550828e+01
1.011744793297232370e+01,9.769178474139397395e+01
1.014069992584361657e+01,9.724429601534166068e+01
3.976845680593114452e+01,6.322990401085022860e+00
7.461287651936906684e+01,1.796273376440191916e+00
1.537448551494025928e+01,4.230569330933386141e+01
1.569228445582540488e+01,4.060950127275938826e+01
2.205574876806945284e+01,2.055684151430431328e+01
1.450484054168030923e+01,4.753068600514423991e+01
1.456742812445710022e+01,4.712314114830590484e+01
1.275845310848416148e+01,6.143331578295715190e+01
2.447719037426650601e+01,1.669078906800929829e+01
1.573494390136631971e+01,4.038960465684935741e+01
1.854150682515323467e+01,2.908773796922247357e+01
1.032432254875133104e+01,9.381599126121955123e+01
1.083405027340423388e+01,8.519582385551021275e+01
7.937397748762809613e+01,1.587244068043971890e+00
1.280425439482262284e+01,6.099460339848437940e+01
1.189630305990193193e+01,7.066037879617528006e+01
1.412954291477602631e+01,5.008916297255434102e+01
1.216552049145615122e+01,6.756761832178779059e+01
1.555854935133034012e+01,4.131062793565813251e+01
1.817223559061822158e+01,3.028191129791736458e+01
1.032692622552852235e+01,9.376869050209948853e+01
1.706262393813162959e+01,3.434854633613769437e+01
1.219724474577943418e+01,6.721659729089361690e+01
1.148791946915113726e+01,7.577348030702140136e+01
1.285147740977456188e+01,6.054717513385700300e+01
6.750039540808778327e+01,2.194761666519068566e+00
1.014917761783038053e+01,9.708190593743643149e+01
2.246754903887174493e+01,1.981018829204120735e+01
1.762834947349319847e+01,3.217930772000072892e+01
1.304866051065840082e+01,5.873110009153404576e+01
1.328841220565358761e+01,5.663094609137071700e+01
1.262657537602808411e+01,6.272329267701699251e+01
1.056009918082016164e+01,8.967347624131853934e+01
1.242457120304467466e+01,6.477943881985598296e+01
1.295697273328436516e+01,5.956524196761963452e+01
1.937458605233910802e+01,2.664005611356325431e+01
1.699236563943116352e+01,3.463317527501812521e+01
1.939964609311831012e+01,2.657127447773246942e+01
1.277371653238444971e+01,6.128658910158318207e+01
1.400053061053846015e+01,5.101654095937189481e+01
1.306576775534682788e+01,5.857740540399235130e+01
1.582467889583797138e+01,3.993283900959864496e+01
1.321734883682256800e+01,5.724153819405137966e+01
1.508282881819251031e+01,4.395764282421788494e+01
1.448893979796815401e+01,4.763506741263416444e+01
1.025152778996702096e+01,9.515307186459887134e+01
1.691568207067656004e+01,3.494789095743710305e+01
1.060456804014181742e+01,8.892298526700619732e+01
1.266399296707300515e+01,6.235319024361918849e+01
1.044805295173219228e+01,9.160712849875851305e+01
8.830218456348615064e+01,1.282499203335581095e+00
1.453549151321360355e+01,4.733044156742231934e+01
3.153546161058782715e+01,1.005545241132188217e+01
2.041014967148354131e+01,2.400532670830829929e+01
1.395670733558381826e+01,5.133742207446316996e+01
1.825735215895483776e+01,3.000021829454004063e+01
2.961610897045862600e+01,1.140102771113107138e+01
1.802743841998688978e+01,3.077031615791480945e+01
2.524490754697629313e+01,1.569106534143101328e+01
1.742319072672155400e+01,3.294159462424534723e+01
1.116968572756627864e+01,8.015268814405723674e+01
1.417262483236750725e+01,4.978510393335141515e+01
1.807417657487204110e+01,3.061138351302600569e+01
1.138342730875155340e+01,7.717096353697617417e+01
1.582921082784706179e+01,3.990997659316466439e+01
1.588587122986687028e+01,3.962578914758290693e+01
2.102229273246818764e+01,2.262767026221900935e+01
1.947976740084800440e+01,2.635314589080343595e+01
1.430535679871695720e+01,4.886552976431603668e+01
4.716718465543352323e+01,4.494900585880397870e+00
1.728658680552509708e+01,3.346428091793371351e+01
1.445308623063880304e+01,4.787169583028217090e+01
1.276520912224295401e+01,6.136830556790101099e+01
1.022517393606010927e+01,9.564418951535101598e+01
1.382779535753168432e+01,5.229908764909338714e+01
1.426052432896949007e+01,4.917326123499036328e+01
1.866186294316456795e+01,2.871375622015053608e+01
1.003120516117362371e+01,9.937880595545175311e+01
1.192472387374816734e+01,7.032396307045048900e+01
1.375016555669798102e+01,5.289128830205149967e+01
1.338561961140772816e+01,5.581141605282628149e+01
1.430375099131442340e+01,4.887650213570358204e+01
1.572358902729022567e+01,4.044796085925386109e+01
1.717029399950666857e+01,3.391911693166326813e+01
1.090585615338279979e+01,8.407763166183582371e+01
1.790155731288319885e+01,3.120458229347643453e+01
1.792170444960368414e+01,3.113446289020088642e+01
1.766156756335413647e+01,3.205837509059396240e+01
1.121562905161821888e+01,7.949736359420305121e+01
3.345311299879202238e+01,8.935665953930616467e+00
1.036298188960610744e+01,9.311733147929382426e+01
1.642079147488636437e+01,3.708615659907091100e+01
1.071050262572271627e+01,8.717265952955111175e+01
1.142066433495777922e+01,7.666855274907649687e+01
2.492858272503502803e+01,1.609180732211064324e+01
2.001883747457224061e+01,2.495297276457063163e+01
1.053727302373708596e+01,9.006240379008507091e+01
1.499116051715805931e+01,4.449687290448348165e+01
1.775934293720666446e+01,3.170634732064081263e+01
1.219997038596293137e+01,6.718656643226631786e+01
1.238113332514582510e+01,6.523477960009007859e+01
1.533964301596192037e+01,4.249809806592040218e+01
1.033676091603810576e+01,9.359034694536090626e+01
1.233174359447825807e+01,6.575836821097293239e+01
1.234144215795617860e+01,6.565505595515119808e+01
1.111174172450834341e+01,8.099080643934939872e+01
1.912280260888271499e+01,2.734619559026810975e+01
6.878320785300840612e+01,2.113660091982478395e+00
1.056382738573090130e+01,8.961019196230101613e+01
1.168739871762286953e+01,7.320896708057351532e+01
2.611060118942846842e+01,1.466784314658022126e+01
1.324298280151466223e+01,5.702015189998105882e+01
1.606297126510800766e+01,3.875682884775535086e+01
1.184171844238188598e+01,7.131330077797858280e+01
1.862815872904562653e+01,2.881775469972291148e+01
1.963484446381367121e+01,2.593851263887943759e+01
1.167536313886163413e+01,7.335998018865434744e+01
1.553624461543970270e+01,4.142932895927886250e+01
1.943811532883856685e+01,2.646620614898416690e+01
1.913823157548308629e+01,2.730212114562501213e+01
1.008470321472064946e+01,9.832721907135788797e+01
1.745945056424840303e+01,3.280491030662422247e+01
1.037002748904010652e+01,9.299084299194055347e+01
1.625880162919593630e+01,3.782883226671074794e+01
2.163732006714891654e+01,2.135959733625947976e+01
1.298395283168080638e+01,5.931795111676196797e+01
2.064001995705422132e+01,2.347360402628769904e+01
1.492053163859985787e+01,4.491913703204425445e+01
1.340225390249873705e+01,5.567296065372929093e+01
1.178198434304277420e+01,7.203824392011773625e+01
1.293849469123251517e+01,5.973549902073405349e+01
1.552513570861059300e+01,4.148863912866075765e+01
1.522516489315209753e+01,4.313958771728466246e+01
1.354708824713377169e+01,5.448890497640573471e+01
