1.016087644635715392e+01,9.685848215090172175e+01
7.333521493663617719e+01,1.859408712746130288e+00
4.750412815494625818e+01,4.431362684127560847e+00
1.931102448134073057e+01,2.681571437678412551e+01
1.033059916139920986e+01,9.370202541201543056e+01
4.446037462240575877e+01,5.058872856559779585e+00
2.544240117476967455e+01,1.544841072472418553e+01
3.669226963454285340e+01,7.427640018581441517e+00
2.567532572480759612e+01,1.516938857381490990e+01
6.679001816262646685e+01,2.241696825824146533e+00
1.487379518726201511e+01,4.520187043566880902e+01
6.183426159413598810e+01,2.615421214496058244e+00
1.022923350487892336e+01,9.556828996254101583e+01
4.235023575897166381e+01,5.575557966277185251e+00
2.734691241021039687e+01,1.337160074423751333e+01
6.820684926048912189e+01,2.149532537936260201e+00
1.348153700933291965e+01,5.502007568466202514e+01
2.176963680791822497e+01,2.110073740663266761e+01
1.764394913865756465e+01,3.212243105260979092e+01
1.385396342970665273e+01,5.210170387536881975e+01
7.175156929009996531e+01,1.942393391993621155e+00
2.990488914926489628e+01,1.118190005480924576e+01
2.096262916960021627e+01,2.275665872640768583e+01
5.445188206424857924e+01,3.372672795520459399e+00
5.741495559472167542e+01,3.033541449839957771e+00
9.610435414304765800e+01,1.082714295871269661e+00
1.374208199374192141e+01,5.295353153547134895e+01
2.069567428822394817e+01,2.334752442788975912e+01
1.114687283449179134e+01,8.048110057437533271e+01
4.409036409592798123e+01,5.144138222871859512e+00
2.212987183330601226e+01,2.041936360467906653e+01
1.018138584202313979e+01,9.646865150272468270e+01
3.621500156489195632e+01,7.624703909963347570e+00
2.555423545351352743e+01,1.531349129442111057e+01
1.005739141547246085e+01,9.886197793924321786e+01
1.111160955444500509e+01,8.099273318517836628e+01
1.115838653975824890e+01,8.031509851003107769e+01
3.087005754227376997e+01,1.049361489456610919e+01
1.095230053393525971e+01,8.336606355457918482e+01
2.916662150853567326e+01,1.175513844125088347e+01
1.708533994737438277e+01,3.425727004952212695e+01
1.398671657602623775e+01,5.111736409042840279e+01
1.273574603063951471e+01,6.165257496975700491e+01
4.170567013101731391e+01,5.749231444928558865e+00
1.136681804137940510e+01,7.739665371958548690e+01
5.160764330296724012e+01,3.754671495695748984e+00
1.363990392567606058e+01,5.374986494424657479e+01
1.208000010364071919e+01,6.852769497780667507e+01
8.428433748519007906e+01,1.407687470885642833e+00
2.309353399835483245e+01,1.875077420072169687e+01
1.902190900754832725e+01,2.763705738263223211e+01
1.443493190098183554e+01,4.799218480228078221e+01
3.060689576356849528e+01,1.067484139437035040e+01
1.133689105019242582e+01,7.780581460273249661e+01
1.008428226645211012e+01,9.833542819034332183e+01
4.873126049865451392e+01,4.210994844750151955e+00
1.030623495717361138e+01,9.414557706770746393e+01
2.298587132076232820e+01,1.892683768977877889e+01
1.633062392832173515e+01,3.749682056655218787e+01
2.164669646604685838e+01,2.134109726352748382e+01
1.424198938352480504e+01,4.930133558845780328e+01
3.367141764927688286e+01,8.820174892922826970e+00
1.247672019024484946e+01,6.423905285701613366e+01
2.287110501117302874e+01,1.911726252740900023e+01
1.708125836886961579e+01,3.427364360228218487e+01
1.022703043050706029e+01,9.560946843153551811e+01
4.540091560677983296e+01,4.851441256960761450e+00
1.826770509942361542e+01,2.996622360706503585e+01
1.066021622546367098e+01,8.799702149722969580e+01
1.231659227680735924e+01,6.592025369383095779e+01
1.002881051521077183e+01,9.942627030185607850e+01
1.366891491553751337e+01,5.352194897234399917e+01
1.295606296637080845e+01,5.957360753192607916e+01
2.079559956149449462e+01,2.312368836439706499e+01
2.876436345902952851e+01,1.208621914432172595e+01
1.581732822375539449e+01,3.996996303035738407e+01
1.904679553193783903e+01,2.756488346042187842e+01
2.591482857572490417e+01,1.489029559585536866e+01
1.960712659771420974e+01,2.601190109794081806e+01
1.241508559726904792e+01,6.487846463074889414e+01
1.031345927440828270e+01,9.401373007295440232e+01
1.748510002338716163e+01,3.270873572984729805e+01
1.534969078846647683e+01,4.244247851393963344e+01
1.018785591896336484e+01,9.634616029207514032e+01
1.740801092291619767e+01,3.299906988277738407e+01
3.202726359293043856e+01,9.749005865407035287e+00
2.140032947295713583e+01,2.183529585216911784e+01
4.155622165414730063e+01,5.790657678696331523e+00
2.636254159699521438e+01,1.438882875490346969e+01
1.792697771190266209e+01,3.111614903440174373e+01
1.091860207839178898e+01,8.388144872887843917e+01
2.917338204422018677e+01,1.174969088466516354e+01
1.166628068113822891e+01,7.347424938844585540e+01
1.306204440101557473e+01,5.861080530907878483e+01
8.041565833179713252e+01,1.546389017317331360e+00
1.674729563641808028e+01,3.565419424562991679e+01
1.522679678615788390e+01,4.313034146279920122e+01
4.870752793536924941e+01,4.215099427882262439e+00
1.058695957889845829e+01,8.921902853831331015e+01
5.749709468721610506e+01,3.024880338804398328e+00
2.392850811652120058e+01,1.746500665518315998e+01
1.130584304301036447e+01,7.823374067419032940e+01
3.322157207761815556e+01,9.060655961723833585e+00
4.627472015937881622e+01,4.669951796934735277e+00
1.036503088628428770e+01,9.308051957853918168e+01
1.501562076722744976e+01,4.435202133198581009e+01
1.892230966843757045e+01,2.792876352926915828e+01
1.118514902841211800e+01,7.993122155762245029e+01
4.229710687893203414e+01,5.589573543859631677e+00
1.170238719140523465e+01,7.302155438294293788e+01
5.504100493728349619e+01,3.300861412312144250e+00
2.255618821508423366e+01,1.965479780197113513e+01
2.590439631238799123e+01,1.490229130208530250e+01
1.091430216162796718e+01,8.394755543759166017e+01
3.378323015004539798e+01,8.761887169526834995e+00
1.096317094380036572e+01,8.320082413497522111e+01
1.000000000000000000e+01,1.000000000000000000e+02
3.859296175526802841e+01,6.714037797380349559e+00
1.050909985485701981e+01,9.054593605201746698e+01
5.422401368817315870e+01,3.401078670620061306e+00
3.989615354551522586e+01,6.282578831916336704e+00
1.175515466132148745e+01,7.236745588846889632e+01
3.867988991258486919e+01,6.683893807421763533e+00
2.627422101560108914e+01,1.448572720623120524e+01
1.565487712216755156e+01,4.080380597265697418e+01
1.322375624787039605e+01,5.718608024392766254e+01
3.273291790774036514e+01,9.333199677827140661e+00
5.134068701733916384e+01,3.793819358009604237e+00
1.790580733738818608e+01,3.118977095345593753e+01
1.804522407779058923e+01,3.070969063038390345e+01
3.812144754884361930e+01,6.881153301284188117e+00
3.110729065016298023e+01,1.033417058048085657e+01
1.207932111729195057e+01,6.853539916526446518e+01
2.286401670513733109e+01,1.912911783825562395e+01
5.490520423102110925e+01,3.317210087166874821e+00
1.811266287007740416e+01,3.048143386387079445e+01
4.537787263558011830e+01,4.856369650411886951e+00
4.450189694724464573e+01,5.049436936726158009e+00
1.579785848939559045e+01,4.006854399991316740e+01
3.722615057718158482e+01,7.216119899070212895e+00
1.066981920232841219e+01,8.783869583583897622e+01
2.253599842710652013e+01,1.969003067244472049e+01
1.035924474561536890e+01,9.318452858763784263e+01
1.604654964632763026e+01,3.883619488538649733e+01
6.199627269517053918e+01,2.601769631849599307e+00
3.750631640073649464e+01,7.108716162761728796e+00
1.989818877705510047e+01,2.525648486936318804e+01
1.796273353933192851e+01,3.099239545061050904e+01
2.719216882532142776e+01,1.352422240539824472e+01
4.545867036843963405e+01,4.839121677898004847e+00
2.815093489045944253e+01,1.261869244312550009e+01
1.881188872360042552e+01,2.825759509021846583e+01
1.659146815976724199e+01,3.632706944351868827e+01
1.718705611806640476e+01,3.385298821177218542e+01
1.109256151953481151e+01,8.127113182302460359e+01
9.990204533715834145e+01,1.001961975555779150e+00
1.120514101778525529e+01,7.964625261636570031e+01
1.375080866695120285e+01,5.288634108255095612e+01
1.252780122876434810e+01,6.371626235855785580e+01
1.617998572853270289e+01,3.819827329172895958e+01
1.091637115457426610e+01,8.391573709098969402e+01
1.736792471244542568e+01,3.315157333292952302e+01
5.763813270904641684e+01,3.010094947431309453e+00
2.619216714365960996e+01,1.457663009454910252e+01
1.727662278119468553e+01,3.350289205928360303e+01
4.068176710077415237e+01,6.042273530111646807e+00
1.929204579723568713e+01,2.686850061913314747e+01
1.198172627033706839e+01,6.965643004312336473e+01
1.000000000000000000e+02,1.000000000000000000e+00
1.056346171742221962e+01,8.961639602217441336e+01
2.455230412675495444e+01,1.658881981611258993e+01
2.464331301314351563e+01,1.646651951776996015e+01
2.194040378712144701e+01,2.077355231491728560e+01
2.625258913838118247e+01,1.450960923712844419e+01
1.474893855006847332e+01,4.597041957836616177e+01
1.927947053040147551e+01,2.690356265643019640e+01
1.463102413451790085e+01,4.671437541754882261e+01
2.221471537229536253e+01,2.026368816956597385e+01
1.003155255512159982e+01,9.937192307311067907e+01
5.010440870103198563e+01,3.983346788176343800e+00
3.324604727463930942e+01,9.047320258418441341e+00
1.529055061382595859e+01,4.277142804634963369e+01
3.739538559671242979e+01,7.150953739092546613e+00
1.371952158240700292e+01,5.312782853136474159e+01
6.873331546724662644e+01,2.116729748034598124e+00
2.438513511190950211e+01,1.681704427220866904e+01
1.301313898493982180e+01,5.905217029981680099e+01
1.184976647069103528e+01,7.121646569420875039e+01
4.899430513562714395e+01,4.165899558402900382e+00
5.444063751669113316e+01,3.374066169953119143e+00
1.862473987349520499e+01,2.882833554907103135e+01
2.695350598946262011e+01,1.376478624287413588e+01
8.300160949250548015e+01,1.451533195204121718e+00
3.709261146269935239e+01,7.268171714196408395e+00
5.869818170624436959e+01,2.902356146274734705e+00
4.477392097955575423e+01,4.988267594907337177e+00
1.145271533421660415e+01,7.624003161469791223e+01
1.301667520654140731e+01,5.902008942020754745e+01
1.365091917643989916e+01,5.366315585802694699e+01
3.453270956450373319e+01,8.385687768593557578e+00
1.167561422427059981e+01,7.335682499318187411e+01
1.798115939043023204e+01,3.092891025933057492e+01
4.745905472851998752e+01,4.439783903189484349e+00
2.168620036028598008e+01,2.126341758028378592e+01
4.977944761736601720e+01,4.035523250166377807e+00
1.342075229969347916e+01,5.551959357477977619e+01
2.222194853604936426e+01,2.025049880226479360e+01
5.412784698585565479e+01,3.413174517198994451e+00
1.274835852222931720e+01,6.153064430248166872e+01
1.904234855921960445e+01,2.757775945599327727e+01
1.038307389356214117e+01,9.275730252555342759e+01
2.626085982412606512e+01,1.450047126359808303e+01
1.368152328356113578e+01,5.342334686937250154e+01
1.570182776975994976e+01,4.056015269347092556e+01
3.225561360322436144e+01,9.611460469370724624e+00
2.677624005565472487e+01,1.394764272330179899e+01
1.107879843971855038e+01,8.147318186595811085e+01
3.587145454805889955e+01,7.771449434905528086e+00
1.577429282243680930e+01,4.018835251229369732e+01
1.596146928797918640e+01,3.925132003417532900e+01
1.488393819473960633e+01,4.514028368599446139e+01
4.049323975824587052e+01,6.098667414747655613e+00
1.280442880864972111e+01,6.099294175001633533e+01
2.402752561853977653e+01,1.732135657245409988e+01
1.892144293158525414e+01,2.793132226045069899e+01
2.689303092569732812e+01,1.382676231968810399e+01
3.551371576687369469e+01,7.928805620553220912e+00
2.433445087758972392e+01,1.688717091456709696e+01
1.165456454674762377e+01,7.362204845336462711e+01
4.719501839300281176e+01,4.489600323473087684e+00
4.417534680919036560e+01,5.124365097941206315e+00
1.775724514288183187e+01,3.171383917242234318e+01
1.673511008415729862e+01,3.570613584885846592e+01
1.289263125727116233e+01,6.016125355191078938e+01
9.110495100310124883e+01,1.204803005405204130e+00
3.306411376185285889e+01,9.147158972424911383e+00
1.877987484217971925e+01,2.835401813540210370e+01
1.130985206105150986e+01,7.817828727164867075e+01
1.554146899277004223e+01,4.140148010306342030e+01
1.564103635581852458e+01,4.087605256914491036e+01
2.538407388852725788e+01,1.551948671562626991e+01
2.479018592558199074e+01,1.627198113401130186e+01
1.752698166413978242e+01,3.255260402080808291e+01
1.160144740967052002e+01,7.429774771911658604e+01
3.867946551808422129e+01,6.684040480768902448e+00
1.735464440145052478e+01,3.320232996558161176e+01
3.204244334515817627e+01,9.739771086511252562e+00
3.730155072831516350e+01,7.186976519731356206e+00
3.314445775217475898e+01,9.102866287652190636e+00
2.633330393292962768e+01,1.442079810368873360e+01
2.694244021632631103e+01,1.377609548439508380e+01
1.725307895952792947e+01,3.359439158962917560e+01
1.225301220197266261e+01,6.660614032519868033e+01
1.934238486351159025e+01,2.672883064165722189e+01
4.688492232953700523e+01,4.549184997402432984e+00
2.171614163613347870e+01,2.120482384236206030e+01
2.440797950679679573e+01,1.678557952784582596e+01
1.585723238781408106e+01,3.976905014934359173e+01
6.455716515758331298e+01,2.399446645459586414e+00
1.912590010318136535e+01,2.733733871813235794e+01
2.912686118489997966e+01,1.178725361600569066e+01
1.804674202057537613e+01,3.070452475691990557e+01
4.162450376757330872e+01,5.771674916290583823e+00
1.552866128474762242e+01,4.146980237912976008e+01
7.159897242632243319e+01,1.950681751102624872e+00
1.014754912718729685e+01,9.711306807506090877e+01
4.908244286290120328e+01,4.150951514659020347e+00
1.723704431470979870e+01,3.365692257535761200e+01
2.806663356659799291e+01,1.269460963900860939e+01
1.573732616070923207e+01,4.037737751871127045e+01
3.059147935233930582e+01,1.068560316298966306e+01
4.109101404254432310e+01,5.922516539189190077e+00
1.817814813947605757e+01,3.026221576443972339e+01
3.429028316625198869e+01,8.504677643475732296e+00
1.173984745755113934e+01,7.255629404379500613e+01
2.831596532256783050e+01,1.247203314707137167e+01
1.132417130128770921e+01,7.798070179171125460e+01
2.954764065844094745e+01,1.145392625232210371e+01
1.200236633004706377e+01,6.941706446422089982e+01
5.160083218285641493e+01,3.755662766776356687e+00
2.132476861448305172e+01,2.199030965746310429e+01
5.697367855418252702e+01,3.080714680264978078e+00
7.209756560305399375e+01,1.923795029188211991e+00
3.599843349970047512e+01,7.716720937308065409e+00
3.345819525813460871e+01,8.932951526430379374e+00
3.826370720499252798e+01,6.830081889714881171e+00
1.104286476578685061e+01,8.200427485572573971e+01
1.105694681360830067e+01,8.179552776222516286e+01
1.022706577985003840e+01,9.560880749395609257e+01
2.437290909901936686e+01,1.683392013773739393e+01
3.623962039057781936e+01,7.614347979350735152e+00
1.727880960130862675e+01,3.349441228970516704e+01
4.125613815131801942e+01,5.875202697977809585e+00
3.701248729719407038e+01,7.299673867906736113e+00
2.779603477741561335e+01,1.294298080918080096e+01
2.640950702830342323e+01,1.433769742085866383e+01
1.911389490841205685e+01,2.737168997342272547e+01
4.266420787988605667e+01,5.493797235318614192e+00
2.769790859728381704e+01,1.303485019887599883e+01
7.841589148523826225e+01,1.626266933364282519e+00
2.635743408009180300e+01,1.439440580055870456e+01
4.437071070160047981e+01,5.079339361679505949e+00
1.855112553837533440e+01,2.905758194716435838e+01
1.465153276063362142e+01,4.658368913959778013e+01
2.337023374196494174e+01,1.830939051962453235e+01
4.637863440809316984e+01,4.649048598958581024e+00
2.135018643314479903e+01,2.193798102914050929e+01
1.077532584930192172e+01,8.612697134700626123e+01
8.852708068640608019e+01,1.275991302465830035e+00
3.480141504011400855e+01,8.256694087853910347e+00
2.912304901429538262e+01,1.179033969141563887e+01
2.157527676395362448e+01,2.148262013069250642e+01
1.156622905960550973e+01,7.475089935961577225e+01
1.142548746942553350e+01,7.660383696506460183e+01
1.093591935772917978e+01,8.361600266625374900e+01
6.675122251193671730e+01,2.244303320703350035e+00
3.909896236830797278e+01,6.541382368657503221e+00
1.446145874709148593e+01,4.781628087613069766e+01
1.244774770191016522e+01,6.453843732587695570e+01
4.367795895335996903e+01,5.241738225782932581e+00
1.088758455900274669e+01,8.436006739033847168e+01
3.473551993910445645e+01,8.288050564562645661e+00
1.351185118948756170e+01,5.477347475810583433e+01
3.692577017662249261e+01,7.333999488083262186e+00
1.364493960762929348e+01,5.371019935573799842e+01
3.822536164089733290e+01,6.843791881986385661e+00
2.728290240050009885e+01,1.343441813356712800e+01
2.812478016571946426e+01,1.264217293866017044e+01
3.887577458854131152e+01,6.616706781619903666e+00
2.584194918613162528e+01,1.497440116226356466e+01
1.365934550737404507e+01,5.359696761555846223e+01
1.789409343748975800e+01,3.123061945363276237e+01
2.850029962232390091e+01,1.231122159684303874e+01
4.164718922887804808e+01,5.765388900336295031e+00
1.500492073671493820e+01,4.441529886572666896e+01
1.993103555534401394e+01,2.517330699714591447e+01
2.685213564815821385e+01,1.386891016774355201e+01
1.959157065624861715e+01,2.605322501855307138e+01
1.608797338065357962e+01,3.863645945967844142e+01
3.339048809258404305e+01,8.969215628911069160e+00
2.340525916907015969e+01,1.825463236656183241e+01
2.413308633280445648e+01,1.717015702691870516e+01
2.267473062510918069e+01,1.944982630620749120e+01
1.872813612593555987e+01,2.851089726859385465e+01
2.427513821962973850e+01,1.696979426698986515e+01
1.034452758845831255e+01,9.344986441731421678e+01
1.183879360006408987e+01,7.134854185615778022e+01
2.112930864981500179e+01,2.239904104771013849e+01
1.440345690090686226e+01,4.820216279460005637e+01
4.309601592457298125e+01,5.384256660587344534e+00
1.713855557861203138e+01,3.404486101917673579e+01
3.967247787945319715e+01,6.353621607547794703e+00
1.473623349494479484e+01,4.604972186296149772e+01
1.754511324544361983e+01,3.248535735234764132e+01
1.269912405269059796e+01,6.200867745867637382e+01
1.459359246418287981e+01,4.695432176756992249e+01
4.377655252128511165e+01,5.218153924433608815e+00
9.196920692569403855e+01,1.182265773742751547e+00
3.090157700804052254e+01,1.047221893461119713e+01
3.027854386041362389e+01,1.090762074061685993e+01
3.931396681510146607e+01,6.470029584727438277e+00
4.629096966068023278e+01,4.666673789603100531e+00
4.094932455406490845e+01,5.963572656303351316e+00
1.220203067276631081e+01,6.716387973139946155e+01
4.694862356391724489e+01,4.536848443911406292e+00
1.200793890645788764e+01,6.935265005645703695e+01
1.794299534968752852e+01,3.106061931578361524e+01
1.247701653918521103e+01,6.423600133438607429e+01
5.100632012968673479e+01,3.843722406155077653e+00
1.679538849290228342e+01,3.545029815279919916e+01
2.453308658150665167e+01,1.661481909313296157e+01
1.261072778771470659e+01,6.288103733893009206e+01
1.282093445019017963e+01,6.083599849326509457e+01
6.185410617928483390e+01,2.613743278256287272e+00
9.832796000239827094e+01,1.034298612284795915e+00
1.124544506968713264e+01,7.907636602031148243e+01
3.019571906676436868e+01,1.096754052240275001e+01
1.572313781343444283e+01,4.045028239869062503e+01
1.076364008755042434e+01,8.631408381094850313e+01
1.219894175743043796e+01,6.719789740413652623e+01
2.828986308361850277e+01,1.249505893374881360e+01
1.325946114563463141e+01,5.687851509789922488e+01
1.867162161378714202e+01,2.868374973543290807e+01
1.355919250374589957e+01,5.439166418571773676e+01
1.379408519213305162e+01,5.255501837661577724e+01
2.896765219724395735e+01,1.191717742136579794e+01
2.776538308194688298e+01,1.297157348428765999e+01
1.561032137407344322e+01,4.103706685589904168e+01
1.216433528769613837e+01,6.758078555117903363e+01
4.333951018280654921e+01,5.323925905473524622e+00
1.283339685770634375e+01,6.071790117416741595e+01
3.184531827797110992e+01,9.860724210258510425e+00
1.915042283625384911e+01,2.726737085993631382e+01
1.099801778392366636e+01,8.267442151769269287e+01
6.891910746138977117e+01,2.105332579231111723e+00
1.386764114262421010e+01,5.199897829936761440e+01
1.206961366426119930e+01,6.864568798396960858e+01
3.796833353827700108e+01,6.936764137837317712e+00
2.127190102227061530e+01,2.209975163075181115e+01
1.297893595836760561e+01,5.936381745930309251e+01
4.385291598609997976e+01,5.199996437733858556e+00
5.528076480584891783e+01,3.272290973093679778e+00
6.919136704140804284e+01,2.088796723437151392e+00
1.508202328557578653e+01,4.396233851523844294e+01
2.311018186093861715e+01,1.872376897170377319e+01
2.447138552514666543e+01,1.669870844008231359e+01
6.423191525686009129e+01,2.423808232011715358e+00
1.296700285161326960e+01,5.947312887619957422e+01
1.886913018650155038e+01,2.808641044854572399e+01
4.158141390349594957e+01,5.783643222593203959e+00
2.383703315286821223e+01,1.759930829131600660e+01
1.858086315205718009e+01,2.896464636441333340e+01
1.477739552267691714e+01,4.579353869535465549e+01
2.605331378554838295e+01,1.473241892302667466e+01
1.145780302494149083e+01,7.617233982718380503e+01
3.642226762605772450e+01,7.538171913525253842e+00
5.079885479403498039e+01,3.875182467812946729e+00
4.698972365716637256e+01,4.528915503141313970e+00
2.584608179700532915e+01,1.496961293740276666e+01
2.481177555208771679e+01,1.624367577130919216e+01
2.827494107410142377e+01,1.250825086843036438e+01
1.078157666131001946e+01,8.602713299113578671e+01
3.684538136581799250e+01,7.366036863483773622e+00
2.276870207328876816e+01,1.928961017967995417e+01
2.911650997302489330e+01,1.179563607997734742e+01
4.134647195749897008e+01,5.849558446961776070e+00
9.454408699655363080e+01,1.118745381612005874e+00
2.388327009258150113e+01,1.753123130914205419e+01
1.540198146741124852e+01,4.215477804970565501e+01
3.468672738212102047e+01,8.311383962319398577e+00
1.752400036861412502e+01,3.256368107923859867e+01
5.716154885116866780e+01,3.060497465127356431e+00
1.303880858621162453e+01,5.881988626444755397e+01
3.715087717375671161e+01,7.245391465763663774e+00
3.279873711288319527e+01,9.295778273345407072e+00
4.006268960911155119e+01,6.230455455639011042e+00
3.850002634957935754e+01,6.746491018330833533e+00
1.285486757371779376e+01,6.051524360566686767e+01
1.686993315024211881e+01,3.513769564354380037e+01
3.448098302482245003e+01,8.410866167052905240e+00
1.111853386767327301e+01,8.089188456085133794e+01
5.734413446750219379e+01,3.041039042820146587e+00
1.618459113273657479e+01,3.817653737542133996e+01
4.709661482495567242e+01,4.508381046161506589e+00
2.472995234995817171e+01,1.635134345608850381e+01
3.008233935156311389e+01,1.105036918561665615e+01
1.420774882565732078e+01,4.953925356051215800e+01
1.538303606928648826e+01,4.225867572533744010e+01
1.740910938482006287e+01,3.299490573207309296e+01
1.170718851916723224e+01,7.296167176946097754e+01
6.907628765043025965e+01,2.095762288450765620e+00
1.113347018854698867e+01,8.067498602638518435e+01
1.638700736896964827e+01,3.723923081840996474e+01
1.463107661313453356e+01,4.671404030872982105e+01
1.462754141212022674e+01,4.673662284315123827e+01
3.544412944932626175e+01,7.959968918814470662e+00
3.995375329114337148e+01,6.264477198781785994e+00
1.842690039433676574e+01,2.945068654761432825e+01
1.428876907456352541e+01,4.897905086822695608e+01
1.378170877961375318e+01,5.264945291399468630e+01
1.194954164173266342e+01,7.003215749686300740e+01
3.105719921369142256e+01,1.036753295170926314e+01
1.281778154722751495e+01,6.086593091016256807e+01
1.301861151076930945e+01,5.900253419169747104e+01
2.741249266543190899e+01,1.330769819738287474e+01
3.652201492270176431e+01,7.497052305147132500e+00
5.431472678014456790e+01,3.389727615646362047e+00
1.109439740300136812e+01,8.124423680984740770e+01
6.552007422185918983e+01,2.329438443749274334e+00
3.320989745861200504e+01,9.067027453797745551e+00
1.060741867070802869e+01,8.887519748247494533e+01
1.399844287662196507e+01,5.103175935276016872e+01
1.586420197367098339e+01,3.973411452196879168e+01
2.483275880842013450e+01,1.621623611299881773e+01
2.733457362634456800e+01,1.338367530824816676e+01
1.823819419271158537e+01,3.006327772107629670e+01
1.139543427712484203e+01,7.700842455185068047e+01
1.137407323518617197e+01,7.729794701708044613e+01
1.387669284595055963e+01,5.193116303256358890e+01
4.823784409989527688e+01,4.297582483227087913e+00
1.533235053373562629e+01,4.253853417863460606e+01
5.875879521450596599e+01,2.896371297533776534e+00
8.173319427396923231e+01,1.496935388645905363e+00
4.722342834924254618e+01,4.484199996310258562e+00
1.214735833979726998e+01,6.776981713776012839e+01
6.898065496118212536e+01,2.101577319178856929e+00
5.412893320420917576e+01,3.413037532581500333e+00
1.345662762955860536e+01,5.522395803466829278e+01
2.216918725779689581e+01,2.034700334277008338e+01
3.979404800722122104e+01,6.314860497344182200e+00
6.741007001422099165e+01,2.200647301366163600e+00
1.046799159234076093e+01,9.125848815338913766e+01
1.641440745405084201e+01,3.711500989007762996e+01
2.890593881308373980e+01,1.196811743304534836e+01
2.393668737147319447e+01,1.745307297917862144e+01
1.262686042602672387e+01,6.272046076598324760e+01
1.885932385827704394e+01,2.811562635980150304e+01
1.336423447437581657e+01,5.599017522018694137e+01
1.335441233699396513e+01,5.607256678038380926e+01
1.338678026811056121e+01,5.580173858226770989e+01
1.467173516686503021e+01,4.645548962259562842e+01
2.683702287150423160e+01,1.388453461001965294e+01
1.095681818095638782e+01,8.329733177497394081e+01
1.087727796861781826e+01,8.452001118980696504e+01
2.797495919116437690e+01,1.277794682988074904e+01
5.099083540560344829e+01,3.846057257808310759e+00
3.114749235789597037e+01,1.030751140731377902e+01
2.787998634721444802e+01,1.286515095692314858e+01
1.860016261925510506e+01,2.890457030546614803e+01
2.531582991121572590e+01,1.560327136961081251e+01
1.079730836898682256e+01,8.577663208067622236e+01
3.481987554918163852e+01,8.247941479261223563e+00
1.205690592906447378e+01,6.879046657644992990e+01
6.667245124238917242e+01,2.249609591952225873e+00
2.865596690575656424e+01,1.217782885055034470e+01
1.920073193875543893e+01,2.712466798880309682e+01
1.013301425821953750e+01,9.739186726252574999e+01
1.339833849892146667e+01,5.570550408586188951e+01
4.581613838719965059e+01,4.763904384194179720e+00
3.693355091208822216e+01,7.330909728353716126e+00
1.289553741511703855e+01,6.013414054490524308e+01
4.055097779028647409e+01,6.081312747155571685e+00
1.460902126529557066e+01,4.685519584691488149e+01
1.775166392683416206e+01,3.173378430139688078e+01
5.196085281927284427e+01,3.703799418514460928e+00
2.290136001046248992e+01,1.906678424084262247e+01
1.215937286639321613e+01,6.763595825904215530e+01
2.138353820761819435e+01,2.186960132532364653e+01
3.505017211387761478e+01,8.139911632444279732e+00
1.270357912886149876e+01,6.196519287244228025e+01
1.066861487468866265e+01,8.785852831481417979e+01
3.409434473326474802e+01,8.602710414677343209e+00
2.804305586376109716e+01,1.271596505477859829e+01
5.985000615744591812e+01,2.791718349724011894e+00
1.029166620637301044e+01,9.441230826977599122e+01
3.049788441385781468e+01,1.075128988331475810e+01
1.214221466061559873e+01,6.782724653449901098e+01
1.894013410368432559e+01,2.787622111437555006e+01
1.302993525914619966e+01,5.890002569626010143e+01
2.604754448125127908e+01,1.473894585079725594e+01
4.350377390167054870e+01,5.283797119074654880e+00
2.921345663227815237e+01,1.171747689056093478e+01
1.067722427576365085e+01,8.771689893069708432e+01
3.092742880019349982e+01,1.045471909773820052e+01
1.350810015138544706e+01,5.480389886142634737e+01
1.487596208708088064e+01,4.518870277760171206e+01
6.292768218443369221e+01,2.525320641883578077e+00
3.722932315655048541e+01,7.214890076140060060e+00
2.906159322022046609e+01,1.184025786436879635e+01
4.317049830007519517e+01,5.365693693271247788e+00
1.248170830135896558e+01,6.418771893730519196e+01
1.459223106834290284e+01,4.696308347096147173e+01
1.272848926443029782e+01,6.172289374032259701e+01
1.160263407951291725e+01,7.428255075827169662e+01
1.173709444356667397e+01,7.259033516347693649e+01
2.212594434724369563e+01,2.042661336382157344e+01
5.007967161854124072e+01,3.987282944750455194e+00
4.877231952009071847e+01,4.203907769475855538e+00
1.325326372160595412e+01,5.693172202123313497e+01
1.133504603341304140e+01,7.783114572466847392e+01
1.540784271888973933e+01,4.212271220320916143e+01
6.694017850749300180e+01,2.231650948165058157e+00
1.107023336464267160e+01,8.159930276163589724e+01
1.672805956097324653e+01,3.573624095348242946e+01
1.165305399094422611e+01,7.364113656890660309e+01
2.669911408576410139e+01,1.402834047216072477e+01
3.315881323551612780e+01,9.094986164949515839e+00
3.161008492013846194e+01,1.000803175915480026e+01
1.402160891730259529e+01,5.086327266610029341e+01
1.582265426913371265e+01,3.994305907299418124e+01
1.240178688879982616e+01,6.501768043801543229e+01
1.616287600993252127e+01,3.827918805352499021e+01
1.266190581266224768e+01,6.237374820132183117e+01
1.716451976561837611e+01,3.394194190559390023e+01
1.164541028659204791e+01,7.373784004174206075e+01
2.519171530761382272e+01,1.575739858364322998e+01
2.985001703627625247e+01,1.122304833538919411e+01
4.947964775248878766e+01,4.084574310613051651e+00
6.287206953526678888e+01,2.529790094980672421e+00
5.059988460328156634e+01,3.905718575320341390e+00
3.343091421034904442e+01,8.947536811823416869e+00
2.384717094019501715e+01,1.758434801607661768e+01
1.024550441368922193e+01,9.526498655600504151e+01
2.427105827965014129e+01,1.697549995649925236e+01
5.188436810835148094e+01,3.714727289009013056e+00
7.163202570908376288e+01,1.948881953899490371e+00
1.170587694617396934e+01,7.297802251698301745e+01
2.965312824973952388e+01,1.137257915254096119e+01
1.198658293546498577e+01,6.959999537419558635e+01
1.333963691458684231e+01,5.619685122674884070e+01
1.402524850257221978e+01,5.083687781138827688e+01
1.237204795938769664e+01,6.533062459706621894e+01
3.880568976973320616e+01,6.640628503299570440e+00
1.281381530857844808e+01,6.090361619954803984e+01
1.310619670505279899e+01,5.821657298592761975e+01
1.853787642973416538e+01,2.909913197449038691e+01
1.818486417507032371e+01,3.023986700389020754e+01
2.960705859728026468e+01,1.140799897616171066e+01
2.463226553723513845e+01,1.648129317073648892e+01
2.793265831211117245e+01,1.281667766993168733e+01
5.689973186131813065e+01,3.088727255526001692e+00
1.213906943798232518e+01,6.786239905242246095e+01
1.215629061606570360e+01,6.767026105587085283e+01
1.078186659295183603e+01,8.602250639845065905e+01
1.193968357595144170e+01,7.014785011462981856e+01
3.623130938816920832e+01,7.617841649527608006e+00
3.697932991965978289e+01,7.312770187071689243e+00
1.505086927690624243e+01,4.414452341505635502e+01
1.031071137875670729e+01,9.406384772934103466e+01
1.343935342299267788e+01,5.536601295441534631e+01
1.147069954680267401e+01,7.600115479901876370e+01
2.521572186196088339e+01,1.572740929545633115e+01
2.084986457762391154e+01,2.300347900747117791e+01
2.682855548697358827e+01,1.389330021397744375e+01
2.275239713212992854e+01,1.931726692742047291e+01
2.918620670057992683e+01,1.173936733400964094e+01
3.789460948373623950e+01,6.963781376214043028e+00
2.855374981625798014e+01,1.226517361426310160e+01
1.268178849143273190e+01,6.217832071371523739e+01
5.786806763422024602e+01,2.986221646439155109e+00
1.560295947772183922e+01,4.107580077751994452e+01
1.228231533099123673e+01,6.628870179542437313e+01
4.690585202582085600e+01,4.545126151272152804e+00
3.373718942410063448e+01,8.785817965945266650e+00
2.676645289964608310e+01,1.395784450183662173e+01
9.034201200926116826e+01,1.225238071230601022e+00
3.055885029978577805e+01,1.070843433918155441e+01
1.357534579862939594e+01,5.426229998707209745e+01
1.341931544333921167e+01,5.553148359286370095e+01
7.158832011452196298e+01,1.951262315534819658e+00
5.944559198020882462e+01,2.829832222464134350e+00
3.100808713017476492e+01,1.040040014321237472e+01
1.807690399517882440e+01,3.060214699657456450e+01
1.196430559004165595e+01,6.985942483004507153e+01
2.047445388624798923e+01,2.385477620980203639e+01
5.632808942861873902e+01,3.151736914385491861e+00
1.393684599176829764e+01,5.148384784776818179e+01
1.217992264604519725e+01,6.740792207741976938e+01
3.319437171431042088e+01,9.075511137249325344e+00
6.117787291293826968e+01,2.671844962868742179e+00
2.880549342831013959e+01,1.205172913104044596e+01
1.371479196320824201e+01,5.316447767998369756e+01
4.695986599715483578e+01,4.534676414277102552e+00
1.392506480419693204e+01,5.157099967885855563e+01
4.995253739339841559e+01,4.007604843713460596e+00
3.095229975745058937e+01,1.043792458437570581e+01
1.372854474252864598e+01,5.305801437773109086e+01
1.385516946783691239e+01,5.209263377242572091e+01
2.443165120693425507e+01,1.675306836353953699e+01
1.928862357229029811e+01,2.687803558773239487e+01
2.055525514834335965e+01,2.366760192417759257e+01
1.049424292109705981e+01,9.080249333277760115e+01
4.798179245152917360e+01,4.343572394667087444e+00
4.126466985114095110e+01,5.872773487510865031e+00
2.812139743461745667e+01,1.264521458293175726e+01
2.812697441652469266e+01,1.264020052486941736e+01
8.198529939034109759e+01,1.487743378788678461e+00
4.164255048161850681e+01,5.766673436044528422e+00
1.047142305200695667e+01,9.119868758750102700e+01
3.879783262458582271e+01,6.643318430119793838e+00
1.373006710908990335e+01,5.304624906468118439e+01
1.745042846036913176e+01,3.283884022636752320e+01
3.630526567792048809e+01,7.586837140142083769e+00
3.350143118461099334e+01,8.909909214683047196e+00
2.888763395783377419e+01,1.198328960440806412e+01
1.153233817915152137e+01,7.519089621976220883e+01
1.129262709853365543e+01,7.841696425503955936e+01
1.637267517392000471e+01,3.730445577595356355e+01
1.162978491342259169e+01,7.393611632822832291e+01
1.405407611876731089e+01,5.062853925220633755e+01
2.884533541448604410e+01,1.201845975074177275e+01
2.735110695483827925e+01,1.336749974200959201e+01
4.877642019618625113e+01,4.203200946819104722e+00
2.245891663505183899e+01,1.982541987358534286e+01
3.098668340046631542e+01,1.041477304220938827e+01
3.192460391454604718e+01,9.811806267840179174e+00
1.016516014648689215e+01,9.677686508586791092e+01
1.175950166478924253e+01,7.231396324112074581e+01
2.253576503218381433e+01,1.969043851987990834e+01
2.948824076462765831e+01,1.150011735982989514e+01
3.316363276866240994e+01,9.092342883827933875e+00
1.138910549688341867e+01,7.709403352409695742e+01
5.138900737971042076e+01,3.786688162079564712e+00
2.849572914901385801e+01,1.231517114464312712e+01
2.733281925901956910e+01,1.338539343589239117e+01
3.863250209223883758e+01,6.700301205356589129e+00
1.296888747006274478e+01,5.945584504792367397e+01
2.579743609032719931e+01,1.502612196260310995e+01
1.457235378160834216e+01,4.709128998519843634e+01
2.025490566295846051e+01,2.437471522228252852e+01
3.563007859308238778e+01,7.877101459566780761e+00
2.433207692477141038e+01,1.689046626027583642e+01
3.229569754639758372e+01,9.587616664918735765e+00
1.267453694042822931e+01,6.224948990135495563e+01
1.377165142199874559e+01,5.272638017719741299e+01
2.872810502380267295e+01,1.211674701536006182e+01
6.233870033866296012e+01,2.573264997490779749e+00
2.079945868830654021e+01,2.311510843272014171e+01
1.368987290476261265e+01,5.335819963497363005e+01
2.693310427017840070e+01,1.378564768269493612e+01
1.300888334592437801e+01,5.909081248274099352e+01
1.219856845728818229e+01,6.720201024222453157e+01
4.005447071429178152e+01,6.233012608978471647e+00
1.294036322255563753e+01,5.971824918152087491e+01
2.247280579944934331e+01,1.980092151529366262e+01
1.175637318311347457e+01,7.235245521593851947e+01
1.280345374466828723e+01,6.100223210032233823e+01
1.335918532567483297e+01,5.603250656567041688e+01
1.725670347711580277e+01,3.358028105269880115e+01
1.352227706148440589e+01,5.468904502991709649e+01
1.308071925509702993e+01,5.844357185767523788e+01
1.022007394627413390e+01,9.573966946951027523e+01
3.971181356131472029e+01,6.341040955223774311e+00
1.247412223394405828e+01,6.426581347839180580e+01
1.247628936173427761e+01,6.424348951161935872e+01
1.102962097242267703e+01,8.220132599802217044e+01
2.057969786783051802e+01,2.361141480102926238e+01
1.386534892999165614e+01,5.201617261131460879e+01
1.442290919785014935e+01,4.807222916361811826e+01
1.132396209305401413e+01,7.798358317818203034e+01
3.097986579149529263e+01,1.041935741732329213e+01
1.614784290540903555e+01,3.835049453120150531e+01
3.823850025423786292e+01,6.839089684620872411e+00
5.632640525625289030e+01,3.151925392508592605e+00
3.220631914766015313e+01,9.640905268553805030e+00
1.285672642207397942e+01,6.049774606772404439e+01
1.356803523266026446e+01,5.432078966317568103e+01
3.524498813533477204e+01,8.050173908943733636e+00
4.019333058965197836e+01,6.190019393409223802e+00
1.125217483366189164e+01,7.898180543145427634e+01
5.575594055940943150e+01,3.216752944380998791e+00
6.967109520504310183e+01,2.060130467122121889e+00
1.008550254811865088e+01,9.831163370708628690e+01
3.298219406186097302e+01,9.192654011154429483e+00
1.156289054379209880e+01,7.479407075962738816e+01
1.728004561742940481e+01,3.348962084946995788e+01
1.992214968147103704e+01,2.519576809898722303e+01
2.013408424042370726e+01,2.466813050080087422e+01
1.782954683125488415e+01,3.145715121855161200e+01
2.510025673125192469e+01,1.587243922541534680e+01
2.411450330606800563e+01,1.719663042549108667e+01
3.873651805482298727e+01,6.664365989745117957e+00
4.394549058978389411e+01,5.178111117413005005e+00
3.096415416484304117e+01,1.042993394306297894e+01
3.157488231489400832e+01,1.003035996174460998e+01
1.350055661918118410e+01,5.486516010967364565e+01
3.238891719007879999e+01,9.532507194489014068e+00
8.381995172129732907e+01,1.423328636870063058e+00
8.453757289035860367e+01,1.399266543339843016e+00
5.405489559109383890e+01,3.422393436549355350e+00
2.293007231047883465e+01,1.901906450654440661e+01
2.461031013581208526e+01,1.651071293946322527e+01
1.409020560049919268e+01,5.036923320928340075e+01
1.173707128285266243e+01,7.259062164817332530e+01
2.675100984693240136e+01,1.397396456215744642e+01
3.687993696186885728e+01,7.352239738679607228e+00
1.320394627617377736e+01,5.735780230673670133e+01
2.545440723277219419e+01,1.543384108480204198e+01
2.463637876642568258e+01,1.647579027782571615e+01
7.987546735849700497e+01,1.567375938605980901e+00
8.804847862397257074e+01,1.289900726851805235e+00
7.836900968701937131e+01,1.628213241562141311e+00
3.196400102990125447e+01,9.787634160075905143e+00
2.701488818550408411e+01,1.370230566456892518e+01
1.494678709476192324e+01,4.476146614455952744e+01
3.146050890654133170e+01,1.010342246499848606e+01
1.173506221688528939e+01,7.261547909311929061e+01
3.457003430363820229e+01,8.367589745405961565e+00
1.284834038816957325e+01,6.057674486475880116e+01
1.097614284056541578e+01,8.300428246078635652e+01
1.127641513412360830e+01,7.864260456355144413e+01
2.434678086100759131e+01,1.687007084583126826e+01
1.293870542828648240e+01,5.973355317218927496e+01
4.594785796721883742e+01,4.736629987509314077e+00
1.132923102450561359e+01,7.791106376251265431e+01
4.436112207477519576e+01,5.081535390591152890e+00
1.444488571172091085e+01,4.792606582517675662e+01
1.207568385482670514e+01,6.857669186228469016e+01
2.387151395285413003e+01,1.754850297065378939e+01
1.251283104069176311e+01,6.386881217102034469e+01
1.724911412161386792e+01,3.360983720899491800e+01
1.295750428940570309e+01,5.956035497413100188e+01
1.912232217717808780e+01,2.734756970626520456e+01
2.268334825635316676e+01,1.943505074570894919e+01
4.978671670233337920e+01,4.034344927037358808e+00
1.300162188993525447e+01,5.915683580825312049e+01
3.815070168334744949e+01,6.870604346973233412e+00
1.158592438393668900e+01,7.449697195616792555e+01
2.671029165377271397e+01,1.401660193161920098e+01
1.115468144024193009e+01,8.036846172888022011e+01
1.350779390073466502e+01,5.480638393338949754e+01
3.935923425174184587e+01,6.455155655554845495e+00
4.294030076445265820e+01,5.423377511823660235e+00
6.564911403229871212e+01,2.320289961558828828e+00
1.084302323975454208e+01,8.505487738036696044e+01
1.901436709042762274e+01,2.765898582575900377e+01
1.466550495183657787e+01,4.649496854514718081e+01
3.860155876475029402e+01,6.711047544088489580e+00
3.092741026747609112e+01,1.045473162736231032e+01
7.617771071028178653e+01,1.723233646631325167e+00
2.211001027328885016e+01,2.045606576532538412e+01
1.251297452229983165e+01,6.386734745976095695e+01
2.639801102894878682e+01,1.435018791114360504e+01
1.070058971837306139e+01,8.733424590607587845e+01
1.191577089491572394e+01,7.042967934988917023e+01
1.080080448437221996e+01,8.572111094451845759e+01
1.117229564733737313e+01,8.011524415621606465e+01
1.529706824343710281e+01,4.273498852290244798e+01
3.407245457123759991e+01,8.613767746441931550e+00
2.866088937564217431e+01,1.217364615773391101e+01
3.063157256757499525e+01,1.065764901142606114e+01
4.627541858769512828e+01,4.669810832160921521e+00
1.641156987511741505e+01,3.712784545372858958e+01
7.765268035851114803e+01,1.658391633254597819e+00
1.317643509994687712e+01,5.759756790857854725e+01
1.206335059915726404e+01,6.871698559168332565e+01
1.639270873279560092e+01,3.721333180615871328e+01
2.469269319927458994e+01,1.640072622758604837e+01
2.962524543509633190e+01,1.139399661163050403e+01
1.532985503154313456e+01,4.255238475261862874e+01
1.176600765062370080e+01,7.223401368459927596e+01
7.132010607668250657e+01,1.965966164634801894e+00
1.664598031781787313e+01,3.608953168004480005e+01
4.166104182679069368e+01,5.761555470695671310e+00
1.252699790553583092e+01,6.372443453119559109e+01
1.219537864145559958e+01,6.723716947372641073e+01
1.387081240245355573e+01,5.197520414460242932e+01
2.852516066555698515e+01,1.228977131029002301e+01
4.070795699821622549e+01,6.034501309104109090e+00
3.992069528488566021e+01,6.274856620793708650e+00
3.210213978584276617e+01,9.703581034144436401e+00
1.208168326199142051e+01,6.850860245153211281e+01
4.190652683770107245e+01,5.694251737081385656e+00
2.323022360759955873e+01,1.853075949696732039e+01
3.200808840648476661e+01,9.760690099580850543e+00
1.411816534290673886e+01,5.016992738789468120e+01
2.948201146712587573e+01,1.150497762661542822e+01
3.714589422179803080e+01,7.247335468454013885e+00
1.981331682127058258e+01,2.547332472095801492e+01
3.012592199905738255e+01,1.101841955893981861e+01
1.132857635239857785e+01,7.792006889652033408e+01
8.912110242064514409e+01,1.259038179211114716e+00
1.390180923015310732e+01,5.174368458832690720e+01
2.152776861610334080e+01,2.157754177881288982e+01
1.778225460100700772e+01,3.162469545029146190e+01
1.143389718331849103e+01,7.649119305568424920e+01
3.201393278229625849e+01,9.757126655220107025e+00
2.938199057749471876e+01,1.158344043467860551e+01
2.287118197451006196e+01,1.911713386542334803e+01
5.318634676912473225e+01,3.535083515940772081e+00
3.108513766794680322e+01,1.034890522792317746e+01
1.015748795283899497e+01,9.692311606122217427e+01
2.227751247842452642e+01,2.014960833420790820e+01
3.271904264363665504e+01,9.341117273138989319e+00
2.720100983051715104e+01,1.351543241634588455e+01
1.661099386320914917e+01,3.624171697106334733e+01
1.465045898992474527e+01,4.659051787226753305e+01
2.900390653506901728e+01,1.188740354598559890e+01
2.332565871474838914e+01,1.837943539240928459e+01
2.041179727264636767e+01,2.400145153676689702e+01
1.277999571839574777e+01,6.122638010584506674e+01
1.117396755896716343e+01,8.009127136644819700e+01
7.915055946790732833e+01,1.596217331649754323e+00
3.971425558604057926e+01,6.340261159531416446e+00
4.117643394019817293e+01,5.897969682335087782e+00
3.508386259147663822e+01,8.124285882182194385e+00
1.427498680953680754e+01,4.907367346086886073e+01
1.679833328065967279e+01,3.543787019914110203e+01
2.334413118338270010e+01,1.835035920099059226e+01
2.348955552255610257e+01,1.812384761693173019e+01
3.534421327767199728e+01,8.005037331650406429e+00
4.015011650356703399e+01,6.203351358989817932e+00
6.765111740021198727e+01,2.184993007408060794e+00
1.314008979599951488e+01,5.791663669788798074e+01
2.850777323254222750e+01,1.230476741256280704e+01
2.954744698896060484e+01,1.145407640290640572e+01
4.350583647382085672e+01,5.283296130916201427e+00
1.555152419667535391e+01,4.134795920893502341e+01
4.650866336987891714e+01,4.623089309968752225e+00
1.308351156262755488e+01,5.841862824668650234e+01
1.428648614538120931e+01,4.899470547178520974e+01
5.162194875125844362e+01,3.752590798710290443e+00
1.107602826592161627e+01,8.151394071775676764e+01
5.657703142409474850e+01,3.124062308048263237e+00
2.738162280837231677e+01,1.333772113023809602e+01
1.615621217139971932e+01,3.831077205755702408e+01
6.173114175160963413e+01,2.624166463008692496e+00
1.230606578323623701e+01,6.603307706413164624e+01
1.416754362617539620e+01,4.982082130945560294e+01
6.962384377460857365e+01,2.062927702618173598e+00
2.157764495682836881e+01,2.147790486207014027e+01
2.774451335026391163e+01,1.299109554772894093e+01
1.473839128336725501e+01,4.603623894193872701e+01
2.595547857145101389e+01,1.484369144907299365e+01
2.931443032038773566e+01,1.163689410935102941e+01
2.035898865738985819e+01,2.412612641980563666e+01
4.050736531803539009e+01,6.094414752541675639e+00
1.376848645658598613e+01,5.275062341557737255e+01
1.244609501830222342e+01,6.455557823617033364e+01
2.548079805445735957e+01,1.540188754725137166e+01
3.142666498417260712e+01,1.012519528537287883e+01
2.596970986198887132e+01,1.482742734707578158e+01
3.518294752983681661e+01,8.078589834602688313e+00
1.344419789831099266e+01,5.532611902243656488e+01
1.312673596678910570e+01,5.803453383108359986e+01
1.019976396014991593e+01,9.612132679067046581e+01
2.323499243135353964e+01,1.852315365352518484e+01
1.911521701289503383e+01,2.736790377706241628e+01
1.349161168647180453e+01,5.493793538148325695e+01
4.038569890234659709e+01,6.131190270748295923e+00
1.077149193028359520e+01,8.618829295419617154e+01
2.796516509616027690e+01,1.278689870553185770e+01
9.531991254319187590e+01,1.100608163056410627e+00
6.895205516286958414e+01,2.103321056979766901e+00
1.213707533878847755e+01,6.788470021942305266e+01
1.658427850649842838e+01,3.635857345461282364e+01
6.409446715993692578e+01,2.434214903753230352e+00
2.353317422856494190e+01,1.805672482745926999e+01
1.490346967445290183e+01,4.502204560659563981e+01
3.138821888876067590e+01,1.015001431878877902e+01
2.545591712940406381e+01,1.543201024810986866e+01
3.136133276088097688e+01,1.016742503035194289e+01
7.152974699376245837e+01,1.954459260096836015e+00
1.042517089499583882e+01,9.200970413957796268e+01
1.244135547046976598e+01,6.460477263951889881e+01
4.708213238995229233e+01,4.511155023213853532e+00
1.090084279850469073e+01,8.415498493445664963e+01
1.060990955821118753e+01,8.883347193692245014e+01
1.577909544375639150e+01,4.016389229320194687e+01
3.649651912337589721e+01,7.507530570489563182e+00
2.910945318522643177e+01,1.180135582948800987e+01
3.659696758863961463e+01,7.466374974878603688e+00
3.661033054569279699e+01,7.460925439851381569e+00
1.216880777332720420e+01,6.753111781820467741e+01
1.771067896593051216e+01,3.188082697601419113e+01
2.062790961927604272e+01,2.350117412186939703e+01
3.002293666659777926e+01,1.109414045270112403e+01
1.258599327302253457e+01,6.312843302864428097e+01
1.316056381972728140e+01,5.773657386166766514e+01
2.637395536969355447e+01,1.437637743452489936e+01
1.112088382250577112e+01,8.085770163189344828e+01
1.587401051224516380e+01,3.968502633638913579e+01
1.054271866645970945e+01,8.996938774298368457e+01
1.259388440554705646e+01,6.304934722048298568e+01
1.321183952061441857e+01,5.728928740964429522e+01
2.068844573744548399e+01,2.336384254593071574e+01
2.045008264849707302e+01,2.391166760280968973e+01
1.759265589333155688e+01,3.231001679466363186e+01
7.659747121293793271e+01,1.704398470644614250e+00
1.404754780328329389e+01,5.067560737860272013e+01
3.694805682860339147e+01,7.325154584585998663e+00
1.704114104952494202e+01,3.443520380967557060e+01
2.566181977125528135e+01,1.518536023703048876e+01
1.612130730200630779e+01,3.847684793676355497e+01
1.693866342985023365e+01,3.485312489694329940e+01
1.818081152419419411e+01,3.025334993145055762e+01
2.441715345831566708e+01,1.677296862586807080e+01
3.203130950412255373e+01,9.746543204874596356e+00
1.376690438157043772e+01,5.276274818035287240e+01
1.044003077589951900e+01,9.174796540896699071e+01
1.164911307638255522e+01,7.369097083789938551e+01
3.721357677898458149e+01,7.220997117114289487e+00
6.067119617865881764e+01,2.716657477766823536e+00
1.469196192188965178e+01,4.632766503405725445e+01
5.457381984251779983e+01,3.357618075852825790e+00
1.481993539817701944e+01,4.553101993384126445e+01
1.510399396569012076e+01,4.383453391211977390e+01
1.263004361970004297e+01,6.268884943976856761e+01
4.436943580358442318e+01,5.079631262290469351e+00
1.231699415221324578e+01,6.591595210917490988e+01
1.607639501433924778e+01,3.869213216142998846e+01
1.510111959723429464e+01,4.385122255456474250e+01
1.070190046833713637e+01,8.731285412621872410e+01
1.191443693712008312e+01,7.044545105269162377e+01
1.321523255788651596e+01,5.725987290902256888e+01
1.031420232750659238e+01,9.400018473519986628e+01
1.371928384342401230e+01,5.312966983233991414e+01
3.316966507453197011e+01,9.089036078899107807e+00
2.245826930826008905e+01,1.982656276756523894e+01
1.282995772182727023e+01,6.075045702574642092e+01
1.454948863835243067e+01,4.723941823863905398e+01
1.704387576849456920e+01,3.442415432170192702e+01
1.267387283234320883e+01,6.225601379080728037e+01
1.739563184891307657e+01,3.304605216881850538e+01
3.917671300332764872e+01,6.515443901122226933e+00
5.608242114540935574e+01,3.179409673388317703e+00
3.448488770070255782e+01,8.408961573526143596e+00
7.159651314179639314e+01,1.950815762205306392e+00
1.255508086265592382e+01,6.343967824106308484e+01
1.978927642816464072e+01,2.553525328242243830e+01
1.199105669174893762e+01,6.954807078750582150e+01
4.275626615773560957e+01,5.470165375265671592e+00
2.454747173610237709e+01,1.659535177583106247e+01
2.392388168338924714e+01,1.747176212230865033e+01
3.688565195773776395e+01,7.349961629853762446e+00
2.411976223054352886e+01,1.718913234812644220e+01
2.136656991060896971e+01,2.190435067846187422e+01
3.132481898734623016e+01,1.019114216209503532e+01
1.917396007355134557e+01,2.720046713718254594e+01
1.362783059785360962e+01,5.384514455509624753e+01
1.554475506068152590e+01,4.138397790443110580e+01
4.298943918601754888e+01,5.410986380033434351e+00
2.490019079345887576e+01,1.612852494960277383e+01
1.661899425237521655e+01,3.620683182158662561e+01
5.170185433320626345e+01,3.741000450819783829e+00
1.116759131759939905e+01,8.018275520612263563e+01
2.583814355545680641e+01,1.497881256566116370e+01
2.055634245097848734e+01,2.366509825258129496e+01
3.018975473150554123e+01,1.097187447946051186e+01
1.447231169550019025e+01,4.774459183874073176e+01
2.913985707296093608e+01,1.177674212523209718e+01
2.017390752849116708e+01,2.457083685846051679e+01
1.324549207207758172e+01,5.699854976769409376e+01
8.067693391544443671e+01,1.536389146633986957e+00
7.937900881908535666e+01,1.587042863769962064e+00
2.969376161055402719e+01,1.134147565397427293e+01
7.848195228761029796e+01,1.623530322445430940e+00
1.329294144504601505e+01,5.659236149130148164e+01
9.922318038104251059e+01,1.015719320457286523e+00
3.551811423929163425e+01,7.926841976132147138e+00
2.307688294195233070e+01,1.877784309389686257e+01
1.224909611094965811e+01,6.664873569730043812e+01
8.297244455653768114e+01,1.452553806640334066e+00
2.884728888604233532e+01,1.201683208136612535e+01
5.728501350716956608e+01,3.047319286578282327e+00
1.909725371459601106e+01,2.741941369990285082e+01
1.333635254612483401e+01,5.622453404220199502e+01
1.179327047978064691e+01,7.190042897948484324e+01
3.720637671330353413e+01,7.223792158650337747e+00
1.509647374441595957e+01,4.387821662975657233e+01
2.918387640943936034e+01,1.174124215252141745e+01
2.705431479671200989e+01,1.366239766202015993e+01
1.099336227091064444e+01,8.274445893363544258e+01
1.041788071711143004e+01,9.213852147233328083e+01
2.151363325602163812e+01,2.160590579525483079e+01
2.119160371178922730e+01,2.226754568974678961e+01
1.077169719821029048e+01,8.618500813782857506e+01
1.198341675508492798e+01,6.963677874844751159e+01
3.216258120203352888e+01,9.667144462786128045e+00
1.422286032343381379e+01,4.943404059907040704e+01
3.614420688741517296e+01,7.654601762769771334e+00
1.196114889281191651e+01,6.989630325275722100e+01
2.224227416784281175e+01,2.021350473310658558e+01
2.760089299466921631e+01,1.312664478814508762e+01
1.138856961318774630e+01,7.710128894053544002e+01
1.723304974217812102e+01,3.367252754399877546e+01
2.000203268846356863e+01,2.499491905345280429e+01
2.190476161033853941e+01,2.084121039012386944e+01
3.612970986708170074e+01,7.660745802171548213e+00
2.017009865136151703e+01,2.458011754038421870e+01
5.839984336377577989e+01,2.932085535149171029e+00
1.383644702305470986e+01,5.223370485956476728e+01
3.376130895888989158e+01,8.773269036239133456e+00
2.454797268290311507e+01,1.659467446502731036e+01
2.117740583708416224e+01,2.229741316305876708e+01
1.379700236275501979e+01,5.253279677458220931e+01
2.901434186805821014e+01,1.187885420806611947e+01
5.462965793134120673e+01,3.350757803672431479e+00
5.031303385767036218e+01,3.950381039907371772e+00
1.882395976179379815e+01,2.822136582202879751e+01
1.244514833284583588e+01,6.456539991926048572e+01
1.940621252146191722e+01,2.655329581746857315e+01
2.022257854831324053e+01,2.445270666315845531e+01
1.358056995065466666e+01,5.422056094634807977e+01
6.499275345052517139e+01,2.367391735019130472e+00
1.657070617688846426e+01,3.641815723187722398e+01
1.896461362171782739e+01,2.780430232367424637e+01
2.158258717328406462e+01,2.146806949798936870e+01
1.554986579375020384e+01,4.135677925072978667e+01
1.722263408559117792e+01,3.371326783189118004e+01
5.949123528286064300e+01,2.825491638869939148e+00
2.248852243947469276e+01,1.977325449445566008e+01
1.029697848189654330e+01,9.431491759923474660e+01
1.257096614795115919e+01,6.327944860550810802e+01
1.349942475582668600e+01,5.487436086728828855e+01
1.282419318836806177e+01,6.080508451690355542e+01
3.195115929719914050e+01,9.795503385667839069e+00
2.999385925300044420e+01,1.111566120959477999e+01
2.405508372847179999e+01,1.728169174106866279e+01
3.134529277570810990e+01,1.017783342403607172e+01
3.877622733093217278e+01,6.650723525539091519e+00
1.170434405280141554e+01,7.299713932559377838e+01
1.813435154768590252e+01,3.040856589817438049e+01
1.453771131578481501e+01,4.731598864394153736e+01
1.147030511581833778e+01,7.600638181354203482e+01
3.749768503474586367e+01,7.111989164424286081e+00
4.735802896200492995e+01,4.458746304891207934e+00
4.557585134681373518e+01,4.814269743581509609e+00
1.030868145838568850e+01,9.410089629292515667e+01
2.638937432622201129e+01,1.435958249449117829e+01
3.158969609656561772e+01,1.002095482390958203e+01
1.399110441597995091e+01,5.108530662955187296e+01
2.469239594180910657e+01,1.640112110766711240e+01
2.605026917655910168e+01,1.473586280884230071e+01
1.012385350073018309e+01,9.756820069755517011e+01
1.605997835702649112e+01,3.877127549669341278e+01
1.403676497256723898e+01,5.075349375415336084e+01
3.658930300508264821e+01,7.469503356343653699e+00
2.161201611965021030e+01,2.140964343397892833e+01
1.339504496426566682e+01,5.573290086788166064e+01
8.558809794799279302e+01,1.365127608492843647e+00
1.069468072322708352e+01,8.743077991468406651e+01
1.234426681412477933e+01,6.562501257653431708e+01
1.382386014868870205e+01,5.232886762710552375e+01
3.106821880863113705e+01,1.036017972986022251e+01
1.510517600361261792e+01,4.382767373994283133e+01
1.282078257829849122e+01,6.083743979887036346e+01
1.134190335991763199e+01,7.773706059281043679e+01
1.714432363876030507e+01,3.402195667179449146e+01
3.118934726177716499e+01,1.027986540234055113e+01
2.446306350635057214e+01,1.671007174319909083e+01
1.329546774131497955e+01,5.657085709723867240e+01
3.449327579542846678e+01,8.404872278542837805e+00
5.946575112140925512e+01,2.827913897489319428e+00
1.331107047078655903e+01,5.643831441840247720e+01
1.483732831140810760e+01,4.542433591312141061e+01
2.345456551943524204e+01,1.817796300915731678e+01
4.859823151396658147e+01,4.234080091007490054e+00
1.684052061413454027e+01,3.526054116322710286e+01
1.036396376302119116e+01,9.309968859605362468e+01
1.428497653966876868e+01,4.900506132993637465e+01
1.282576572223988087e+01,6.079017512352908170e+01
2.870684813092852039e+01,1.213469811559654765e+01
1.664616680862884834e+01,3.608872304603226411e+01
2.896118271695615931e+01,1.192250224227601407e+01
2.319523695486899229e+01,1.858670358617517593e+01
1.917358011374520643e+01,2.720154520257913688e+01
1.286860063174570357e+01,6.038615172806468934e+01
9.780983800847798193e+01,1.045285487353077691e+00
8.949764718102832717e+01,1.248466126567318035e+00
3.315898486901552644e+01,9.094892012473579257e+00
1.301977982351546359e+01,5.899194563784149636e+01
1.474619116177728806e+01,4.598755083030220447e+01
1.263722299584878250e+01,6.261764091775366836e+01
2.255425743867722943e+01,1.965816307740196933e+01
2.411291142518203401e+01,1.719890106717451062e+01
1.590965415854926412e+01,3.950740657178162252e+01
1.179048532321737142e+01,7.193440172924829312e+01
1.272032935671969156e+01,6.180210783070137381e+01
1.036965515800690163e+01,9.299752093787272145e+01
1.123173582988388652e+01,7.926952199951392686e+01
1.324988643553854573e+01,5.696074856680021270e+01
3.152085827673301566e+01,1.006477177330709694e+01
1.270321388257434947e+01,6.196875620408528818e+01
4.235145986838078613e+01,5.575235663605495162e+00
1.313907816837129516e+01,5.792555548573634638e+01
1.482764157500499991e+01,4.548370574534737898e+01
9.606346736208848824e+01,1.083636147317031284e+00
3.012643838501135818e+01,1.101804183700272510e+01
1.018220533574788611e+01,9.645312396804489197e+01
3.596587200940177098e+01,7.730699837963884491e+00
1.035145013774178047e+01,9.332491671011136702e+01
1.677622056014935836e+01,3.553135301499488463e+01
2.516343907277131109e+01,1.579283175635813841e+01
1.207466262030357740e+01,6.858829232665995335e+01
1.354500461542446210e+01,5.450567035168369756e+01
1.134469463015838286e+01,7.769881215031102784e+01
2.473178161096237559e+01,1.634892472465561042e+01
2.255876986984747035e+01,1.965029941848885997e+01
4.560036715107431604e+01,4.809094611212999304e+00
4.239526695258710021e+01,5.563719819896727259e+00
1.131808475125343527e+01,7.806459603281395232e+01
1.755878748132076694e+01,3.243477988849171822e+01
1.512647956511727187e+01,4.370431019650737881e+01
3.330852705522217860e+01,9.013410358070849782e+00
1.975320594625856785e+01,2.562859609028784291e+01
2.617253295163864024e+01,1.459850858114107197e+01
4.194989102776872159e+01,5.682485366164903517e+00
1.439437514341084601e+01,4.826300578996307422e+01
1.614918293051176335e+01,3.834413030912881482e+01
6.690526624608791906e+01,2.233980579702677716e+00
8.215444648656740867e+01,1.481623480821501193e+00
4.341417671478056661e+01,5.305628783460260678e+00
1.554511451219073237e+01,4.138206407339195181e+01
2.010046682850770239e+01,2.475071287889933913e+01
3.316629359384615583e+01,9.090884043430989436e+00
3.808099549307154064e+01,6.895780263508359376e+00
2.644718881420218182e+01,1.429687000728132773e+01
1.115056254374199085e+01,8.042784716593719452e+01
1.754143365418637046e+01,3.249898740975390865e+01
3.727027176663716546e+01,7.199044877933519437e+00
2.140193469717146613e+01,2.183202051919902331e+01
2.105305425956922605e+01,2.256159403778862682e+01
2.306107272927005525e+01,1.880359935117133219e+01
2.824196510007550387e+01,1.253747776960972082e+01
2.241995503443693849e+01,1.989438533385935770e+01
1.224178948588774318e+01,6.672831926661561397e+01
1.141512880399875485e+01,7.674292844065222141e+01
3.205464271780142838e+01,9.732358962915103717e+00
1.205834128303963304e+01,6.877409072662101153e+01
1.818191749442058125e+01,3.024966954002307418e+01
2.177577553886626660e+01,2.108884221680603233e+01
1.479072312770481190e+01,4.571104871579899509e+01
1.400727516991686628e+01,5.096742344769723587e+01
4.807561170614264512e+01,4.326636027862031497e+00
2.251387157605544687e+01,1.972875279705768747e+01
1.455504774547261526e+01,4.720334019329444430e+01
3.801925608015216085e+01,6.918194542452825502e+00
5.215574841239924098e+01,3.676170422895824519e+00
2.090241053995752196e+01,2.288796882446551351e+01
2.280763463151436810e+01,1.922381178264817692e+01
1.412562312278785370e+01,5.011696582975670822e+01
1.505705798853797184e+01,4.410824254514866283e+01
2.099176212884124837e+01,2.269353789227573515e+01
2.236729899253166920e+01,1.998816443931978526e+01
2.484813169728796112e+01,1.619617719799197531e+01
2.088193259362842014e+01,2.293288118213114046e+01
1.375481571653704549e+01,5.285553189869563084e+01
1.089915408850625411e+01,8.418106482521018563e+01
2.737243689322841433e+01,1.334667464307994678e+01
1.319420774656223827e+01,5.744250414086036471e+01
7.437931247643506083e+01,1.807572313742609627e+00
1.329366026781767474e+01,5.658624146453848880e+01
1.198007358094293195e+01,6.967565002253402895e+01
2.921358535394503875e+01,1.171737363107971497e+01
3.487386697429025872e+01,8.222422462620970762e+00
2.728925021383172833e+01,1.342816884057645410e+01
1.390204299066063420e+01,5.174194448030308990e+01
2.553562418867444350e+01,1.533582145563216415e+01
2.207797845108132861e+01,2.051546616686773561e+01
4.231931537160800616e+01,5.583708447520671747e+00
2.486606391288906082e+01,1.617282580477349541e+01
3.982920992706679897e+01,6.303715681390986703e+00
1.337253088037792814e+01,5.592072342603655244e+01
1.663450391305665477e+01,3.613934632427321247e+01
8.319374413474231744e+01,1.444836351150792009e+00
1.613937169188792353e+01,3.839076381727686282e+01
1.155236504738149605e+01,7.493042437277466661e+01
2.742221026821516006e+01,1.329826817621265889e+01
5.119735225088519570e+01,3.815091841595905642e+00
1.518831451864891591e+01,4.334917495804419474e+01
1.777752205465395363e+01,3.164153528408061433e+01
1.416581431752257636e+01,4.983298592410071137e+01
1.147889553428714038e+01,7.589266315306815613e+01
3.217408359917095595e+01,9.660233592550667936e+00
1.168375567580888053e+01,7.325462789636218019e+01
1.816607526724047617e+01,3.030245266344042321e+01
1.148170092595360892e+01,7.585558108038283365e+01
2.613903034809813164e+01,1.463595461282489651e+01
1.259536873015407643e+01,6.303448776139914855e+01
1.994508058046064747e+01,2.513786615328451646e+01
2.861167787067339674e+01,1.221555901980183911e+01
3.549006491026315047e+01,7.939376777788925921e+00
1.282795732055626381e+01,6.076940544657196597e+01
2.471683683431618661e+01,1.636870111401748318e+01
2.908785827491304588e+01,1.181888505551110136e+01
3.441287270250637675e+01,8.444192865615892885e+00
1.269532806575897510e+01,6.204576501069008287e+01
1.215093280268512288e+01,6.772995105175560582e+01
1.529262408659175421e+01,4.275983037960035205e+01
1.056509352685789871e+01,8.958871513380501028e+01
1.312894530280351191e+01,5.801500339745240353e+01
1.525086817801403427e+01,4.299429832026056175e+01
3.386513538381981192e+01,8.719555929930720595e+00
1.393684629403403541e+01,5.148384561457958597e+01
1.954418971878147815e+01,2.617969969482650328e+01
1.509850919213724296e+01,4.386638687957378835e+01
2.319541115479913529e+01,1.858642441110157861e+01
2.947276663532775487e+01,1.151219637643495552e+01
1.879056488303167427e+01,2.832176584336450631e+01
1.548752835102837544e+01,4.169037208601758948e+01
1.770258892235291981e+01,3.190997256759600376e+01
2.433283598477355625e+01,1.688941248443228815e+01
3.542860331875700552e+01,7.966947155916840551e+00
1.657148333486728831e+01,3.641474148480913442e+01
1.743462854045161947e+01,3.289838679436911661e+01
1.376551262149933841e+01,5.277341785904900462e+01
3.363169062770712259e+01,8.841024646479587190e+00
3.025874126884619031e+01,1.092190222285310242e+01
8.093175494221385691e+01,1.526729454547217202e+00
1.535192320616434891e+01,4.243013576705884304e+01
1.795745918067078861e+01,3.101060393029766615e+01
1.414729202657812124e+01,4.996355865748001435e+01
1.345124494731154741e+01,5.526816397908880418e+01
1.557690156323321951e+01,4.121334353213885748e+01
3.938691305895370220e+01,6.446086235521639729e+00
3.327029561632063803e+01,9.034137173462720938e+00
2.235608440537780695e+01,2.000822298186700010e+01
1.223035250526346296e+01,6.685317704587794196e+01
2.500156369200304596e+01,1.599799866200662990e+01
1.678190975428845988e+01,3.550726630448512111e+01
2.967599593827993942e+01,1.135505897236636308e+01
3.011072957524753235e+01,1.102954109150455508e+01
1.652047627540990860e+01,3.663995003606321177e+01
1.287179300592817377e+01,6.035620232066302293e+01
1.175703952319397239e+01,7.234425417612256126e+01
3.659535034283969424e+01,7.467034907371011165e+00
1.064256122737011800e+01,8.828922106092181821e+01
2.490590513405977546e+01,1.612112483211695846e+01
2.358019076134967662e+01,1.798479002181343489e+01
2.069409448611297364e+01,2.335108929769311814e+01
4.602690217181137911e+01,4.720375073885944239e+00
1.400336821344430582e+01,5.099586735923324454e+01
4.411764818603084848e+01,5.137777515237008430e+00
2.328872481003002548e+01,1.843777801094673308e+01
5.219426595379269429e+01,3.670746654709237777e+00
3.099111628407767327e+01,1.041179385459462026e+01
2.647051607189898093e+01,1.427168275230949135e+01
1.009555619303101714e+01,9.811592421002455922e+01
1.531748342332331170e+01,4.262114983840241678e+01
2.469004366282858243e+01,1.640424640390150657e+01
4.027638300493786261e+01,6.164517301419217610e+00
1.780771128764223477e+01,3.153434307208001641e+01
6.213485375771808350e+01,2.590176978150298570e+00
2.035680459613541871e+01,2.413130363358402874e+01
1.471829329561979094e+01,4.616205074053407031e+01
1.704129711901198974e+01,3.443457307599986450e+01
1.472202995333549858e+01,4.613862056233146092e+01
1.998447723657369934e+01,2.503885213464954873e+01
3.784087946813322390e+01,6.983571070524584812e+00
1.608576497373174163e+01,3.864706894971650541e+01
5.034391987415787639e+01,3.945535405829962983e+00
1.270939633906228394e+01,6.190848175124508401e+01
1.460182433821849202e+01,4.690139507826087595e+01
5.317273507147034195e+01,3.536893640880455880e+00
1.072165188853643691e+01,8.699145507251581932e+01
2.095775850469770063e+01,2.276723742820574259e+01
2.095144674506267179e+01,2.278095705123985582e+01
1.316459947167054167e+01,5.770118060829656059e+01
2.410898688211050711e+01,1.720450091441109564e+01
3.004848252093052352e+01,1.107528500301895136e+01
2.231417040953610353e+01,2.008345877848932304e+01
1.650131554273195889e+01,3.672508941573699559e+01
1.467185605407343019e+01,4.645472409554862026e+01
6.133347788846748472e+01,2.658305049728440839e+00
3.999342933902911312e+01,6.252053837604694131e+00
1.618556836821303690e+01,3.817192754775421548e+01
1.877900055926271961e+01,2.835665831965039985e+01
1.224334406837825284e+01,6.671137486149449103e+01
1.007662791827848814e+01,9.848487887753705650e+01
4.795396006159734981e+01,4.348615860657266019e+00
1.051972048649619218e+01,9.036319933490065637e+01
1.463653910161850114e+01,4.667917861244142586e+01
1.582632978798679524e+01,3.992450841458686028e+01
1.300755773767525625e+01,5.910285705889406671e+01
1.397284259432763776e+01,5.121892588229592747e+01
1.123109232235744948e+01,7.927860606612722449e+01
1.723105128894245297e+01,3.368033866043111857e+01
2.116391065774295299e+01,2.232585814482926878e+01
2.204952584271527982e+01,2.056844645699555230e+01
2.205178883966134151e+01,2.056422512660654078e+01
2.581664462360933854e+01,1.500377030595324079e+01
1.620639014838286585e+01,3.807390486693334708e+01
6.266197153280659649e+01,2.546782694051260343e+00
3.275134103247784623e+01,9.322702499077504257e+00
3.981275295243503365e+01,6.308928158415501919e+00
2.904677805213352926e+01,1.185233907661391939e+01
1.382554883287829206e+01,5.231608527237668937e+01
1.454811876343389088e+01,4.724831494094988926e+01
2.295737586051834711e+01,1.897385209340652068e+01
3.148170777531526809e+01,1.008982034297560659e+01
3.516542498231751068e+01,8.086642786762906709e+00
2.269101542493384116e+01,1.942191897240413567e+01
1.628686275852929199e+01,3.769859167854885840e+01
1.499380309726929639e+01,4.448118960004408251e+01
1.424240604904190910e+01,4.929845098231292155e+01
1.223972792059923087e+01,6.675079956565961936e+01
1.964028378521018325e+01,2.592414743200325233e+01
1.434904481285818534e+01,4.856842454909409668e+01
2.833486095168683860e+01,1.245540427893071822e+01
2.819844462292451226e+01,1.257620742867373487e+01
1.203452898019681960e+01,6.904652177540771163e+01
1.044283544102140660e+01,9.169868994827280062e+01
1.756133665725088377e+01,3.242536420894379035e+01
1.305527923285849212e+01,5.867156458993880364e+01
3.168411403256092740e+01,9.961319379738140967e+00
1.618683940107894514e+01,3.816593306440942968e+01
2.029141829870138025e+01,2.428707380068094679e+01
1.002532741984193088e+01,9.949536955946626904e+01
3.922711911709588861e+01,6.498710212373533857e+00
1.647877000468426090e+01,3.682564950709894447e+01
1.368585449924733943e+01,5.338953803064111270e+01
3.005018660287731791e+01,1.107402892708508624e+01
3.030890538515926735e+01,1.088577857117172698e+01
1.332975951150572946e+01,5.628016624961867365e+01
8.326985777457227300e+01,1.442196224310275054e+00
1.920216912945860344e+01,2.712060783689636878e+01
1.511967858670690923e+01,4.374363628632054457e+01
1.350849233270408156e+01,5.480071675156585087e+01
2.454175626696343926e+01,1.660308237706512102e+01
2.606405760793397519e+01,1.472027577387342490e+01
1.481623288933157490e+01,4.555377876449242791e+01
7.109402443511339698e+01,1.978489736764964535e+00
1.252786530650715591e+01,6.371561056613658991e+01
1.809607501344092029e+01,3.053734139021865346e+01
1.411492777127494413e+01,5.019294519778053854e+01
8.272272320937675261e+01,1.461336912059366222e+00
1.763113506945973441e+01,3.216914031236578353e+01
7.488654446013445920e+01,1.783168640156416185e+00
1.171204845170129438e+01,7.290113321632071575e+01
2.175994869895448858e+01,2.111953081042646829e+01
1.130123611651841742e+01,7.829753733331962451e+01
1.166213335628190606e+01,7.352651697182962209e+01
1.399415499548037012e+01,5.106303693145225253e+01
3.659063098356018173e+01,7.468961186972540744e+00
5.318262818045755580e+01,3.535577887186587720e+00
5.534311617292580365e+01,3.264921786272106718e+00
3.253755385207508510e+01,9.445614136034357955e+00
1.774300679991608121e+01,3.176475880561593002e+01
1.490014331216847943e+01,4.504214962140659395e+01
1.388191974294691633e+01,5.189206357899047362e+01
3.210876855752925252e+01,9.699574889625889540e+00
3.827855996397011040e+01,6.824782532640641719e+00
2.486930800443248657e+01,1.616860673237874124e+01
1.237956467760908374e+01,6.525131279205143642e+01
1.167020808552548772e+01,7.342480476297657788e+01
1.670603839564534354e+01,3.583051492980759178e+01
1.880393029338560851e+01,2.828151920444163636e+01
2.730945381072938716e+01,1.340830780937309008e+01
1.448838985382647060e+01,4.763868370453503331e+01
3.202630513349026842e+01,9.749589396131890240e+00
5.023628746565534442e+01,3.962460319272363751e+00
2.972556474068352728e+01,1.131722033857340826e+01
1.154232711945761558e+01,7.506080938924610280e+01
3.134848527175921973e+01,1.017576053035569394e+01
1.943734499918387471e+01,2.646830397741099716e+01
2.092509430322402864e+01,2.283837250259388796e+01
1.537896318307112686e+01,4.228106183378860550e+01
1.174558961087063658e+01,7.248536911994646914e+01
1.134896561285915340e+01,7.764034200406386788e+01
2.396082966104403056e+01,1.741792020077802405e+01
4.758355457656303145e+01,4.416581378598810836e+00
2.441993803613993919e+01,1.676914363880067427e+01
1.312161390072436440e+01,5.807985062460420522e+01
3.247601647730790120e+01,9.481444207606619656e+00
1.777839874540121556e+01,3.163841473788805558e+01
1.912583045814711014e+01,2.733753781153769680e+01
1.341594868263692497e+01,5.555935857662814215e+01
1.420811258417654521e+01,4.953671696816294201e+01
2.422090144087133723e+01,1.704587875708466882e+01
1.202158475568603357e+01,6.919529331788453419e+01
2.599264961424297482e+01,1.480126707321601032e+01
1.484115811200296164e+01,4.540089519492774173e+01
1.233797032960619866e+01,6.569201100519259739e+01
2.872753862431522620e+01,1.211722481382684791e+01
6.517453275053401285e+01,2.354204293348393762e+00
4.753719480608465631e+01,4.425199957797742556e+00
1.066443474960381010e+01,8.792741740718544463e+01
3.070019989053145082e+01,1.061005398404993549e+01
1.763147396525286581e+01,3.216790367366295555e+01
1.905434868593080466e+01,2.754303432274190655e+01
2.018526819088088331e+01,2.454318674982189208e+01
1.450035367608920289e+01,4.756010553512084016e+01
1.123462872104596499e+01,7.922870381479860669e+01
2.344831774567176907e+01,1.818765128889859284e+01
1.861866192944000176e+01,2.884716027563589691e+01
1.404386344569732792e+01,5.070219999681734890e+01
2.603585728409041522e+01,1.475218110756701861e+01
1.236888464072274552e+01,6.536404523552110390e+01
4.432249459012366088e+01,5.090396465090937461e+00
2.990356666320568380e+01,1.118288911635513827e+01
3.430636130810268725e+01,8.496707846275295850e+00
2.627864147429928110e+01,1.448085418620144971e+01
2.025608838767876918e+01,2.437186889419963975e+01
1.237751985039847291e+01,6.527287424911088465e+01
2.618121460571229164e+01,1.458882849638333568e+01
2.863803574295200249e+01,1.219308345777938740e+01
2.965952221702016445e+01,1.136767630478374258e+01
3.470303559957418571e+01,8.303574155127542156e+00
3.491565729317667177e+01,8.202751515744624911e+00
3.754013232434675018e+01,7.095914954139805886e+00
3.975893990535187328e+01,6.326017769172923799e+00
1.646257001207820636e+01,3.689816173079647399e+01
5.681842940511099727e+01,3.097573004406882990e+00
1.023561811591138238e+01,9.544910301132645714e+01
2.275485137088114840e+01,1.931310020028043795e+01
3.235628285351972977e+01,9.551745741118919497e+00
1.475454667154429167e+01,4.593548001602123065e+01
3.557646904544886723e+01,7.900859073870108773e+00
1.835919531801528493e+01,2.966830367215827735e+01
1.165150794892372055e+01,7.366068079367465771e+01
5.836594239047415300e+01,2.935492639259053682e+00
3.371197076449269758e+01,8.798967563577427597e+00
2.166283196076521023e+01,2.130931740029555854e+01
1.845104369468055339e+01,2.937366417592764023e+01
2.883949507345733210e+01,1.202332800594203555e+01
3.123141295232103687e+01,1.025219208400090487e+01
2.513976555654652856e+01,1.582258922494501263e+01
1.567685109624184570e+01,4.068949814650343910e+01
1.174630758297460176e+01,7.247650831290486906e+01
1.675033345969837129e+01,3.564126300220347332e+01
1.550414048919760290e+01,4.160108042979242526e+01
1.660636582155944296e+01,3.626192025329289237e+01
1.146109174799791397e+01,7.612863128801807022e+01
1.191499386501470603e+01,7.043886571655561113e+01
1.011920703256608789e+01,9.765782266485328478e+01
1.428016724003536453e+01,4.903807490826378057e+01
1.006668026090709667e+01,9.867961594301799266e+01
1.546590561633520977e+01,4.180702739718440597e+01
7.788236903676767042e+01,1.648624285485992269e+00
3.007968693830383344e+01,1.105231810470519171e+01
1.542516749305812773e+01,4.202814510589059438e+01
2.433864379368801423e+01,1.688135297398479295e+01
1.247627539713330691e+01,6.424363332620656308e+01
1.391669179620694408e+01,5.163307395580820014e+01
1.292576260287217771e+01,5.985323787391369876e+01
3.214506370858152451e+01,9.677683579056955310e+00
1.600385121265513888e+01,3.904370203800605310e+01
7.443044216703762572e+01,1.805089757775704351e+00
2.903325707390263943e+01,1.186338107126062269e+01
1.418899370455209485e+01,4.967030284770339676e+01
2.042990917973927978e+01,2.395891396482247160e+01
1.183515940563269631e+01,7.139236623994241882e+01
3.914337022535580957e+01,6.526548490389247448e+00
1.115222008484005478e+01,8.040394115367119809e+01
1.624419740638354526e+01,3.789688229394608499e+01
1.203246688020082900e+01,6.907018991165347188e+01
3.561294511569683863e+01,7.884682669410271849e+00
3.083947637539033337e+01,1.051443665521722792e+01
2.950349210893984520e+01,1.148823084037853093e+01
2.580606768834079645e+01,1.501607178718277780e+01
1.346035323415678775e+01,5.519339209701194449e+01
1.520845557979065887e+01,4.323443349173925299e+01
2.535672381003091047e+01,1.555298379486720606e+01
2.584660486548017744e+01,1.496900705098803819e+01
5.455434297396476495e+01,3.360015962293939396e+00
1.325488666645290259e+01,5.691778129271504127e+01
1.499295076727071674e+01,4.448624714081774556e+01
4.003756258558589565e+01,6.238278205870957827e+00
1.255046105803147860e+01,6.348639092492329183e+01
4.387958014885737157e+01,5.193678627795590863e+00
1.851638406184998686e+01,2.916672316404923038e+01
1.192351378245133553e+01,7.033823784472404839e+01
1.616260257275688517e+01,3.828048327087123681e+01
7.651529292657998838e+01,1.708061522975156343e+00
2.973430168478876112e+01,1.131057055101606146e+01
1.194510462126316064e+01,7.008419418259036604e+01
1.677507872104181530e+01,3.553619024644746816e+01
1.404044741078464220e+01,5.072687464571898630e+01
1.836266579728048853e+01,2.965709032176350490e+01
3.211260654211307042e+01,9.697256510752559677e+00
1.186318519079231670e+01,7.105544766494304554e+01
1.162757203521356075e+01,7.396426101551082866e+01
1.687881333189524469e+01,3.510073249541326135e+01
4.928714741189348558e+01,4.116542784111300257e+00
1.343578133162538180e+01,5.539545653381398438e+01
1.201659576939620777e+01,6.925276151244514722e+01
2.980105024115117729e+01,1.125996033672728558e+01
1.259373314099012475e+01,6.305086181329531314e+01
1.928625959417034963e+01,2.688462504400516551e+01
2.394039603853948250e+01,1.744766599900180637e+01
1.341516057563556963e+01,5.556588671401689794e+01
1.549250513466126300e+01,4.166359131250653292e+01
4.542068227297229299e+01,4.847219569906731529e+00
2.782716832566752885e+01,1.291403532016904343e+01
8.514771383115750325e+01,1.379285009612060575e+00
1.658888168328351043e+01,3.633839828864633148e+01
2.700585507700523635e+01,1.371147368490140472e+01
3.478415392466109779e+01,8.264890642633671902e+00
3.380987081586288667e+01,8.748084659245904504e+00
2.513514628349523861e+01,1.582840542949191409e+01
2.728043105447978078e+01,1.343685230328931191e+01
1.694959079649003542e+01,3.480819990597129276e+01
1.333280711162330867e+01,5.625444025853964547e+01
1.403234942762259863e+01,5.078543987882262201e+01
3.518363566268024556e+01,8.078273830385084509e+00
1.561104584634021109e+01,4.103325807495198774e+01
1.527609197751042736e+01,4.285243164145877159e+01
1.158151419619011158e+01,7.455371897243027490e+01
1.478173482102039316e+01,4.576665651105452781e+01
2.904168899649950930e+01,1.185649327699376521e+01
3.757645886926117385e+01,7.082201821868276070e+00
1.493771821669523980e+01,4.481583314990673017e+01
1.448914551259354333e+01,4.763371479173935086e+01
1.290385684773614194e+01,6.005662563377993735e+01
2.299065866729707963e+01,1.891895623685084971e+01
1.100724728994201307e+01,8.253583570289298166e+01
5.537944483357859582e+01,3.260639643968093360e+00
1.960951106398158217e+01,2.600557552159108354e+01
7.201075585506296761e+01,1.928436136543661528e+00
3.249073587411555764e+01,9.472855326936420184e+00
2.515741393352375965e+01,1.580039735155590641e+01
1.191321996545520356e+01,7.045984422211105880e+01
1.505633690048163409e+01,4.411246756863622664e+01
1.230335560811438711e+01,6.606217171425923596e+01
1.412176223507334072e+01,5.014437351802184395e+01
3.239948814669204324e+01,9.526287881343810326e+00
2.728888417872052941e+01,1.342852907620991232e+01
1.755912534529521452e+01,3.243353171262889845e+01
6.672521915838463258e+01,2.246052907592038572e+00
6.538104061361873676e+01,2.339356138115534112e+00
1.585695364229726856e+01,3.977044834247971039e+01
1.476117692069623644e+01,4.589422378300962890e+01
2.989494996751872691e+01,1.118933658922249030e+01
2.481607772812003176e+01,1.623804417265058930e+01
1.063376446563944810e+01,8.843535566612601428e+01
4.190038744306326635e+01,5.695920543595706320e+00
3.455434022237989211e+01,8.375192347843050555e+00
5.437700511426371008e+01,3.381967508310224968e+00
1.764453145011732715e+01,3.212031085450634293e+01
3.723096910734586373e+01,7.214252161423131859e+00
1.526222885032187904e+01,4.293031522202524997e+01
1.226884478740344342e+01,6.643434469262214748e+01
4.806078689786317426e+01,4.329305623858489049e+00
5.736968837932840870e+01,3.038330534593747689e+00
1.246224586577383597e+01,6.438836091505449133e+01
1.450323421797182633e+01,4.754121522845596814e+01
2.636908618810310756e+01,1.438168726247073792e+01
1.180324878832997726e+01,7.177891304450993459e+01
1.525688192458803805e+01,4.296041120514365019e+01
1.415505006503525465e+01,4.990880604475002258e+01
1.407783406797191184e+01,5.045780058580552208e+01
4.693524936510621615e+01,4.539434362119986410e+00
1.042907878004829847e+01,9.194076305877996447e+01
1.203483620742832549e+01,6.904299655901081678e+01
3.551439646077920287e+01,7.928501685333732674e+00
9.836572697488452377e+01,1.033504538382179261e+00
2.681433580705363795e+01,1.390803939425873992e+01
1.438280466240612476e+01,4.834068894319359089e+01
2.524919349663451840e+01,1.568573880232058926e+01
4.674402921924077248e+01,4.576650099982930264e+00
4.362361559530971533e+01,5.254805968062275845e+00
1.840700903318979087e+01,2.951437215437563921e+01
2.655247761853254218e+01,1.418371176426738955e+01
1.403240945639541160e+01,5.078500537309908935e+01
5.853837832003014796e+01,2.918224006774344126e+00
5.458887651933117979e+01,3.355766138187659120e+00
1.511096137100128267e+01,4.379412052655771248e+01
6.359754274611186275e+01,2.472403377569407201e+00
8.524583662688455377e+01,1.376111566427229871e+00
1.410945644288641176e+01,5.023188012531602453e+01
1.473578289416887621e+01,4.605253818535246779e+01
1.557182640801746132e+01,4.124021233932842279e+01
5.024108305065663416e+01,3.961703910086012304e+00
1.605793508940825376e+01,3.878114290883815585e+01
1.054213002048167702e+01,8.997943535133566684e+01
5.143664611838775613e+01,3.779677226309285487e+00
2.694919297755231469e+01,1.376919249264418355e+01
1.007280234032883648e+01,9.855970078189824335e+01
4.130126142564836300e+01,5.862371924621093910e+00
2.622632486024051346e+01,1.453868500223824256e+01
1.715812957473784195e+01,3.396722856353753173e+01
2.346660842581016126e+01,1.815931017874838815e+01
1.204233505485479760e+01,6.895703620437556935e+01
4.010494868135750579e+01,6.217332159975089034e+00
1.402981159333495675e+01,5.080381456428469988e+01
1.267358381953036606e+01,6.225885323876061506e+01
1.174064070870536192e+01,7.254648990770515127e+01
4.189327297035040232e+01,5.697855313038745706e+00
1.099611237992282753e+01,8.270307561221405024e+01
2.922482329345675822e+01,1.170836390553065698e+01
1.378188298843674708e+01,5.264812189975488366e+01
1.300898449995972150e+01,5.908989354077507272e+01
1.403410100725628062e+01,5.077276372792917414e+01
4.195255094120381756e+01,5.681764816893585035e+00
1.250719882104477954e+01,6.392634770377072329e+01
1.403777599795273368e+01,5.074618330515252751e+01
1.116082588013180299e+01,8.027999457515130644e+01
5.970711729333899598e+01,2.805096412672027029e+00
4.455910416839663668e+01,5.036479816887991845e+00
3.904757344075399317e+01,6.558611394419596508e+00
1.917005086926434743e+01,2.721156184164914649e+01
7.249571300100001281e+01,1.902722040488254551e+00
1.497325136438226600e+01,4.460337988188041436e+01
1.888062083338712682e+01,2.805223436700798345e+01
6.407450344992280122e+01,2.435731998021989586e+00
1.753975655979848014e+01,3.250520260150441487e+01
1.884430689720028695e+01,2.816045469955691161e+01
1.646122570984493905e+01,3.690418853675516431e+01
1.084130486352834843e+01,8.508184237473535916e+01
1.402731926789349259e+01,5.082186945928108202e+01
2.794949558438691284e+01,1.280124033291733099e+01
6.551257046430241360e+01,2.329972098351675402e+00
2.731802555929951026e+01,1.339989471147372768e+01
4.636521596382251431e+01,4.651739928020496961e+00
1.336835989193220442e+01,5.595562390446008294e+01
4.236866314788240118e+01,5.570709069737965535e+00
1.099018412662760369e+01,8.279232198115178676e+01
1.042189705505250608e+01,9.206751940200911122e+01
5.872821757022841638e+01,2.899388152836956500e+00
1.558593410365882725e+01,4.116558850885925125e+01
1.264498218554825115e+01,6.254081786171681046e+01
5.934270751245354347e+01,2.839653080963041365e+00
2.386365601200310138e+01,1.756006178642643079e+01
1.166009670321568414e+01,7.355220476639777871e+01
2.741479885080803314e+01,1.330545935344401265e+01
4.252669310061338592e+01,5.529384285261919274e+00
6.251454642001672113e+01,2.558808773162422501e+00
2.918104254186450675e+01,1.174352272498612315e+01
1.601549584429304574e+01,3.898694647477695696e+01
4.716445255579210283e+01,4.495421354014054849e+00
1.934165072843553190e+01,2.673085972850098813e+01
2.724434282206140168e+01,1.347247315953749336e+01
5.345521901677010135e+01,3.499611004078167387e+00
1.343703551117820005e+01,5.538511606749694494e+01
4.613287877738555665e+01,4.698712660727079715e+00
1.384144987256169834e+01,5.219595301394522835e+01
1.084910491572149205e+01,8.495954578885705644e+01
1.369979570963527138e+01,5.328093260578610568e+01
2.543494141643780537e+01,1.545747371474106657e+01
1.454039126584800634e+01,4.729854856289769316e+01
1.015574352659660740e+01,9.695641539524321217e+01
1.345852852949430378e+01,5.520835933015473529e+01
9.655098187893959505e+01,1.072720575039448843e+00
1.046783543202360711e+01,9.126121098197089054e+01
2.431040633911076299e+01,1.692059240715570922e+01
3.156957975153033757e+01,1.003372973013580882e+01
2.953270322227159639e+01,1.146551581523078944e+01
1.557351869761712493e+01,4.123125012700966607e+01
1.185104701939079774e+01,7.120107612983368028e+01
3.753171128324608219e+01,7.099099551542200182e+00
1.121744972763388581e+01,7.947155965469593752e+01
1.339813890237817873e+01,5.570716382516712173e+01
3.211154476325341278e+01,9.697897807349260546e+00
5.269363755683045980e+01,3.601501833361556049e+00
1.963535730367517118e+01,2.593715772291762889e+01
4.280962824638125142e+01,5.456536781154296634e+00
2.929699274380966401e+01,1.165075079578459238e+01
6.954524040611350699e+01,2.067593577724196496e+00
1.102350385853020853e+01,8.229258090120831071e+01
8.952800360491276876e+01,1.247619630718384665e+00
1.273207853947960899e+01,6.168809828806821116e+01
1.253911559203651649e+01,6.360132862401577114e+01
1.442877063858792575e+01,4.803318005863154383e+01
1.434424129869481135e+01,4.860095860555134095e+01
2.559194493709839335e+01,1.526839597975771845e+01
2.871291040024809149e+01,1.212957456377574594e+01
4.470186482865106825e+01,5.004362004201698078e+00
1.193103817087713381e+01,7.024954726693216855e+01
9.069642686074455185e+01,1.215681043722708576e+00
1.329320604235946668e+01,5.659010860546845834e+01
1.042169897267758927e+01,9.207101923946480326e+01
1.083560868599388982e+01,8.517131933516347431e+01
2.831563526722676016e+01,1.247232390411119773e+01
2.769111119780092878e+01,1.304125037243117013e+01
1.487708387952897482e+01,4.518188821169331248e+01
1.259725237333775993e+01,6.301563831667589710e+01
4.249745471813324116e+01,5.536995370137751671e+00
2.953218583916543238e+01,1.146591755428128678e+01
1.077854723372389500e+01,8.607549750413316758e+01
2.967503148975879057e+01,1.135579707084479750e+01
1.287692089877694990e+01,6.030814137261905472e+01
4.449370308947636232e+01,5.051296893299803692e+00
7.649046318072912243e+01,1.709170618547919185e+00
1.757036570158175337e+01,3.239204733533420466e+01
6.280099557788317810e+01,2.535519428911769069e+00
1.441319754552875843e+01,4.813703339051036068e+01
1.289394895855914491e+01,6.014895778266243553e+01
3.631434730876639350e+01,7.583042924147261665e+00
1.696747316059424193e+01,3.473486843336227992e+01
4.335929852949218599e+01,5.319067540376333447e+00
1.354904942186623629e+01,5.447313198357741015e+01
1.134046063487452116e+01,7.775684115406455987e+01
2.377590607367129749e+01,1.768991911594188338e+01
1.149684818498125338e+01,7.565583116592010526e+01
2.241555164078241447e+01,1.990220235447552000e+01
4.211315639351163753e+01,5.638510762382630936e+00
6.946200136696720051e+01,2.072551903690969421e+00
7.890539747630883483e+01,1.606151753725160614e+00
1.344803081752034046e+01,5.529458573301858593e+01
4.884973326719756415e+01,4.190594190737650493e+00
2.798570212353244813e+01,1.276813851630541130e+01
1.620094995053731779e+01,3.809947921317823472e+01
5.281418394425550389e+01,3.585080011053463966e+00
9.129622791485297739e+01,1.199759870728107636e+00
1.691464289065006810e+01,3.495218525629860551e+01
2.645790668519751421e+01,1.428528927463214870e+01
5.743178625804541326e+01,3.031763722314231302e+00
1.154495791341591904e+01,7.502660449629502182e+01
5.056407205336289223e+01,3.911253069252831782e+00
1.329592453830576027e+01,5.656697004849560528e+01
6.126848463231958419e+01,2.663947870495859682e+00
2.464333567248400314e+01,1.646648923613066628e+01
1.263904959090488767e+01,6.259954322652818348e+01
1.049175800823004145e+01,9.084551052859826825e+01
2.860944571990814111e+01,1.221746524569558368e+01
1.000118055270658424e+01,9.997639312632435349e+01
4.688883032399919415e+01,4.548426716644122791e+00
2.570236305004388200e+01,1.513749080856416995e+01
1.179994752387640489e+01,7.181908175219533064e+01
3.697578105034661888e+01,7.314173987634666751e+00
2.292403948708893324e+01,1.902907615871587410e+01
1.465172183773388959e+01,4.658248684376827953e+01
1.122640737091849594e+01,7.934478822149873167e+01
6.314159855021041778e+01,2.508238643749756136e+00
2.180325044846391336e+01,2.103572637826971459e+01
1.039548936203702389e+01,9.253587232161703469e+01
4.733802101640613103e+01,4.462516179696685015e+00
1.004473199698207786e+01,9.911132731151826647e+01
4.092689548091491503e+01,5.970110853601472201e+00
3.974450032145681888e+01,6.330615218221683271e+00
2.918900204517770192e+01,1.173711895253485160e+01
8.315062310148803704e+01,1.446335293403208544e+00
1.089951224682645403e+01,8.417553253115514167e+01
3.320024848344787927e+01,9.072298512897795320e+00
7.640720979488564524e+01,1.712897276368479549e+00
1.020066827280004595e+01,9.610428479372569655e+01
4.620111374868758958e+01,4.684843741283441609e+00
1.503851970713045993e+01,4.421705578216780452e+01
4.020509753815854026e+01,6.186396619924805051e+00
2.254503608424599292e+01,1.967424750157308466e+01
1.967568340467228793e+01,2.583094818824331540e+01
1.202062653913313639e+01,6.920632547463898732e+01
1.536447447362380991e+01,4.236084156999137917e+01
1.977441946797249273e+01,2.557363810166053497e+01
1.354948271445717545e+01,5.446964809749857039e+01
3.205266807213039471e+01,9.733558148731733084e+00
1.163165843025671009e+01,7.391230039456173984e+01
2.481718116573160415e+01,1.623660023183996159e+01
6.013378088476079597e+01,2.765431964989542912e+00
1.336539881293328236e+01,5.598042037767876167e+01
1.307738179761467734e+01,5.847340624330123404e+01
3.135627315676719107e+01,1.017070649786881020e+01
1.283722435740831536e+01,6.068169971865815882e+01
1.371250807543789918e+01,5.318218878161761864e+01
8.652706772524213363e+01,1.335660329819526204e+00
1.008853106533244670e+01,9.825261742743010984e+01
3.000801703730021686e+01,1.110517494459218923e+01
4.932779864145350501e+01,4.109760662204128501e+00
1.016358628769960326e+01,9.680683972439781826e+01
5.594367663042896766e+01,3.195199578236100457e+00
3.975857241918530605e+01,6.326134711740115435e+00
1.714621464051316835e+01,3.401445273773472167e+01
6.518295399496837206e+01,2.353596034657088776e+00
1.184308585773303157e+01,7.129683390881820060e+01
7.266457024762617323e+01,1.893889259938733582e+00
5.464128926967709532e+01,3.349331422629986399e+00
6.032892290494874743e+01,2.747570575595571718e+00
5.900409961955836735e+01,2.872338535847931862e+00
1.308532384519751446e+01,5.840244771778946387e+01
1.479550938676473315e+01,4.568147899602421802e+01
2.818331203310647837e+01,1.258971625122887872e+01
1.014991791727854142e+01,9.706774482578681784e+01
1.745703144857582600e+01,3.281400284580983140e+01
1.734420921951521422e+01,3.324229449523074464e+01
2.056658644529061064e+01,2.364152946464736971e+01
1.038217349836589420e+01,9.277339199876210785e+01
1.098003378988352274e+01,8.294546511314405279e+01
1.307581087466510716e+01,5.848745703289021947e+01
5.080788668681449138e+01,3.873804842254616965e+00
3.975419684734686143e+01,6.327527368738371294e+00
1.434335027388582340e+01,4.860699708388420959e+01
2.789968677182872270e+01,1.284698878496524443e+01
9.325515226016059955e+01,1.149884788842982841e+00
1.430902365065730919e+01,4.884048826488221806e+01
3.021757983832246808e+01,1.095167742728055593e+01
1.368634961166306852e+01,5.338567529941344958e+01
2.232453043314476915e+01,2.006482306026988738e+01
1.293179976162296185e+01,5.979736643148923747e+01
1.012305788686424535e+01,9.758353789402657696e+01
8.751989973031608372e+01,1.305528560511174163e+00
1.167196666215664003e+01,7.340268108454920082e+01
1.057855796446014374e+01,8.936080240673658182e+01
1.342082321837059133e+01,5.551900682005346965e+01
1.451585649812647461e+01,4.745857213563080990e+01
1.667284125139143214e+01,3.597334060986328552e+01
2.913463259805373085e+01,1.178096615723988094e+01
9.554214736073585357e+01,1.095494001526161831e+00
5.950315727577847724e+01,2.824359526953380772e+00
6.289455315126546253e+01,2.527981713820480536e+00
1.302562715287956685e+01,5.893899342183134138e+01
1.085431737170478250e+01,8.487796690268604038e+01
1.362832288181490270e+01,5.384125462343825319e+01
2.605679487227802227e+01,1.472848279791745085e+01
1.544673619467724279e+01,4.191085694484662127e+01
1.145586117461391140e+01,7.619816552760732975e+01
3.019638206055022067e+01,1.096705891958211865e+01
2.353961187070816763e+01,1.804684982711914998e+01
3.026085942135546247e+01,1.092037328776110883e+01
1.656590497613133905e+01,3.643927002014188332e+01
5.657839838606495420e+01,3.123911352103907024e+00
5.751594043811114432e+01,3.022898390789168666e+00
1.181249160002649035e+01,7.166662861849584942e+01
1.504023587879412105e+01,4.420696555094987446e+01
1.221217632450276191e+01,6.705232905300080404e+01
1.108586853639837244e+01,8.136929472547642206e+01
1.038322529082506485e+01,9.275459756655590127e+01
1.292836808435189688e+01,5.982911560455233513e+01
4.344024270717978453e+01,5.299263488100788955e+00
9.052807479703874094e+01,1.220206771568673965e+00
1.021779953034593191e+01,9.578229627259604229e+01
4.811643106274262038e+01,4.319298177500247249e+00
4.525761831283067238e+01,4.882211722512026064e+00
2.307149605499562028e+01,1.878661286997605373e+01
2.104560172819717323e+01,2.257757559631449595e+01
3.946519258792054785e+01,6.420539867929050182e+00
1.753432586663659620e+01,3.252534060047015885e+01
2.830179633957645535e+01,1.248452424543664563e+01
1.149836120725788113e+01,7.563592199371775848e+01
1.033650893214593225e+01,9.359491010058182781e+01
4.228185735246513133e+01,5.593606182263838100e+00
1.577402911912983718e+01,4.018969622606066139e+01
2.084840279279212893e+01,2.300670489636761573e+01
1.286818732414953459e+01,6.039003082236013853e+01
4.085727184944309442e+01,5.990475157752637614e+00
1.080768340101632141e+01,8.561202545455061852e+01
1.098851845155114049e+01,8.281742373802740076e+01
3.457909348758101942e+01,8.363205963337405180e+00
1.401196856454191142e+01,5.093328546520110223e+01
1.389831210380981652e+01,5.176972760235398852e+01
5.252028237596670834e+01,3.625316228871608981e+00
1.872664741735439264e+01,2.851543049908324789e+01
3.440324489461512059e+01,8.448919771045799720e+00
1.670777176991869695e+01,3.582308072829884793e+01
2.279418465736720023e+01,1.924650494395021028e+01
1.328017676770404343e+01,5.670120498311106161e+01
1.017004639131563515e+01,9.668389365962261195e+01
1.954749652507523194e+01,2.617084292147134761e+01
1.654471995679217500e+01,3.653264855809264589e+01
5.039791965685763131e+01,3.937084901781254587e+00
1.181493627740973551e+01,7.163697400908614554e+01
3.570146561584588341e+01,7.845631568122402477e+00
6.144597254780957485e+01,2.648580364310318735e+00
3.392554237305945009e+01,8.688531919691046213e+00
1.298331005282580541e+01,5.932382469882615794e+01
8.783281920585257296e+01,1.296242792493915941e+00
1.265626655872269168e+01,6.242934433883413448e+01
1.270754907406140788e+01,6.192648202543561808e+01
4.005530393660362876e+01,6.232753295946314331e+00
1.988761481807556208e+01,2.528334902916079585e+01
3.054895341527055663e+01,1.071537384402425985e+01
1.636308809471800529e+01,3.734818169618495176e+01
1.072806930146658289e+01,8.688741153953840524e+01
3.251273866531726497e+01,9.460038274925308244e+00
7.659180028291531528e+01,1.704650870568478416e+00
1.206584692029244010e+01,6.868855461297751219e+01
1.031328848738616699e+01,9.401684381460187012e+01
4.615064597637328347e+01,4.695095511223907891e+00
1.085145716754154677e+01,8.492271670996689181e+01
1.630728583700131296e+01,3.760422414454757245e+01
1.361362160460179105e+01,5.395760317785592264e+01
4.452835608352622643e+01,5.043437880953622887e+00
1.352189784966671660e+01,5.469211250213223252e+01
1.629853972745835478e+01,3.764459327131250177e+01
1.592312453218569779e+01,3.944059123980735393e+01
2.813941143501181941e+01,1.262902959707403561e+01
2.786434802549124967e+01,1.287959563916025907e+01
5.092136294259672979e+01,3.856558836061736439e+00
3.482944608249412966e+01,8.243409316837110978e+00
3.976920072875279288e+01,6.322753847532048610e+00
1.132688851977215805e+01,7.794329254403557172e+01
1.162318395629494105e+01,7.402011873593764335e+01
2.668659585325054096e+01,1.404150447529012524e+01
3.047655157893922251e+01,1.076634642691642618e+01
1.234647886006552753e+01,6.560149938866939578e+01
3.065899120073124351e+01,1.063859505757161195e+01
1.436446571078333712e+01,4.846419976180567346e+01
1.534994639177747011e+01,4.244106504350327214e+01
6.741865135965592515e+01,2.200087120690929154e+00
1.031980063258374258e+01,9.389822560015753083e+01
1.376577380765519720e+01,5.277141527560229406e+01
1.656262523339288961e+01,3.645370290894153698e+01
1.829323542080793175e+01,2.988263932622468033e+01
1.276080005544139517e+01,6.141072041680886429e+01
1.006197498478553598e+01,9.877192851682924868e+01
1.105195148895983870e+01,8.186948529922334217e+01
1.338725820062038707e+01,5.579775434762962050e+01
1.047986516094948328e+01,9.105181563026845026e+01
1.084229353360259829e+01,8.506632646272782949e+01
1.029315867613150992e+01,9.438493138697005236e+01
1.201044959619804153e+01,6.932365783829961003e+01
1.085925174480109234e+01,8.480084843969092390e+01
2.338629754917175063e+01,1.828424609432415693e+01
2.012282109959745924e+01,2.469575270971697023e+01
1.238779268910840159e+01,6.516466131766500780e+01
3.320406474270637887e+01,9.070213210761670197e+00
2.764102211450055790e+01,1.308855803975936460e+01
1.576122223861464100e+01,4.025503554340079404e+01
7.998128137985624164e+01,1.563231452810365019e+00
1.014636230115210047e+01,9.713578815047871728e+01
9.653961579364877821e+01,1.072973183281118903e+00
2.474126067653380900e+01,1.633639966828370760e+01
1.102837551381030856e+01,8.221989339812380138e+01
1.419124840895513628e+01,4.965452087409882864e+01
1.258488520988292869e+01,6.313955007389260032e+01
7.641878932968116089e+01,1.712378214209856475e+00
1.110023011113789515e+01,8.115887832342885133e+01
1.835720388231334610e+01,2.967474100588707131e+01
3.625027329574895418e+01,7.609873364351904534e+00
2.258228005899847801e+01,1.960940525081314689e+01
3.051578241418857118e+01,1.073868197068635233e+01
2.089103482855027849e+01,2.291290179867785426e+01
5.946939586115361465e+01,2.827567275695694882e+00
5.459792001327791411e+01,3.354654545021826806e+00
1.620673277664602807e+01,3.807229503499730328e+01
1.384645397303304826e+01,5.215823265666888631e+01
1.639331951454743574e+01,3.721055887166552623e+01
1.453398695563154952e+01,4.734024136438630137e+01
1.690085616382203071e+01,3.500923239860623681e+01
1.661169673792894130e+01,3.623865011423982452e+01
2.046908630479650526e+01,2.386728866303106145e+01
4.932782457307801849e+01,4.109756341205047292e+00
2.179298668243034953e+01,2.105554528783266122e+01
1.951522309681579870e+01,2.625747490283155372e+01
2.119366205959423510e+01,2.226322061105794248e+01
1.102312028163658120e+01,8.229830815101504982e+01
3.110564383124316734e+01,1.033526484866114536e+01
1.043760648275760694e+01,9.179059008434062150e+01
1.377095281310768549e+01,5.273172999617061407e+01
1.134529330329746344e+01,7.769061228042021128e+01
2.400045246523635711e+01,1.736045652135216955e+01
2.294431553287111569e+01,1.899545877434892560e+01
1.055339797539290103e+01,8.978739427483426994e+01
5.609513708133835053e+01,3.177968386693767577e+00
1.291765751774783055e+01,5.992837034716534816e+01
1.075452202400428625e+01,8.646050611216980997e+01
1.782771914327827290e+01,3.146360148891067965e+01
3.997527109361890041e+01,6.257734955391832443e+00
1.584199331537369027e+01,3.984559795658450554e+01
5.028121819089498956e+01,3.955381864266248826e+00
1.237178943788548580e+01,6.533335492928802068e+01
1.091406367386368714e+01,8.395122422387495931e+01
1.226083581900145347e+01,6.652116493125626562e+01
2.937067239959610632e+01,1.159236966166471561e+01
1.023862176906141208e+01,9.539310837608961435e+01
1.264220057816246623e+01,6.256834204756811602e+01
2.104656195931517004e+01,2.257551547873901043e+01
1.412361675556401508e+01,5.013120583378704964e+01
1.131016693942523865e+01,7.817393431922604918e+01
3.531458363977227322e+01,8.018475737832181593e+00
3.060188502587379489e+01,1.067833746719278842e+01
1.348133792906599204e+01,5.502170067059240921e+01
8.915675083847658300e+01,1.258031553336855790e+00
1.087756164822957139e+01,8.451560279533620701e+01
1.616566217032923092e+01,3.826599431411750629e+01
3.418249271918052301e+01,8.558399202152420671e+00
3.810366679305041515e+01,6.887576864369671092e+00
1.287896934678143523e+01,6.028895842964804785e+01
2.932829698649839401e+01,1.162589266743947825e+01
2.824029386598635938e+01,1.253896172585544200e+01
1.814790511754060987e+01,3.036316223130473446e+01
1.100468611741420943e+01,8.257425808249183774e+01
4.665998826562183410e+01,4.593151279467414305e+00
1.225333361560038803e+01,6.660264611846487526e+01
4.893358991055005447e+01,4.176243800290532882e+00
1.504670085021498416e+01,4.416898574740913119e+01
1.631561424102546809e+01,3.756584333534937059e+01
3.618497939239862404e+01,7.637361379533886385e+00
3.542369948422671655e+01,7.969153096873784037e+00
3.124527905552693952e+01,1.024309461940947230e+01
2.226399284564366354e+01,2.017408714340093567e+01
5.261455437437440708e+01,3.612336564564087915e+00
1.633165555746666442e+01,3.749208355859178710e+01
4.922128617201509826e+01,4.127566551317028321e+00
1.042317880868298907e+01,9.204487743767023744e+01
1.038770605429671789e+01,9.267459496099286298e+01
1.401178052608311653e+01,5.093465252640321239e+01
1.687273552862346904e+01,3.512602463250370732e+01
1.085428341228421623e+01,8.487849801302736807e+01
1.425596714013442323e+01,4.920470458113059919e+01
2.729510855911098588e+01,1.342240528721021242e+01
5.120035743824653451e+01,3.814644003733465016e+00
3.420723609664429432e+01,8.546022457475915601e+00
3.451987837643581258e+01,8.391922920006763320e+00
1.120853017172490773e+01,7.959809418766072042e+01
4.355186595754032197e+01,5.272134318356812344e+00
5.513931600520656673e+01,3.289101313017497752e+00
1.287343835694984762e+01,6.034077508355841957e+01
1.034535696528936555e+01,9.343488145521480703e+01
4.677895056492442194e+01,4.569819543804778839e+00
1.796768025200771746e+01,3.097533266129163465e+01
4.675761184820039773e+01,4.573991541991353493e+00
1.877165096878319872e+01,2.837886740773780048e+01
8.342046344164258187e+01,1.436993499498935511e+00
1.699637494015111017e+01,3.461683785745509567e+01
1.376178438544860327e+01,5.280201566362180188e+01
1.718066446821761772e+01,3.387818126483387005e+01
1.015404715313690609e+01,9.698881391106483818e+01
6.853624530740690091e+01,2.128920202863012978e+00
1.168661177988329669e+01,7.321882671137490206e+01
1.336104610466798270e+01,5.601690047465672961e+01
2.970010874954822100e+01,1.133662865283952037e+01
1.019948955074292307e+01,9.612649900070583442e+01
2.650305217969189187e+01,1.423666339062353714e+01
3.347676602040478144e+01,8.923043418459297271e+00
2.597096089351728310e+01,1.482599889532136572e+01
1.054753017686114980e+01,8.988732305079906837e+01
1.040896741240825030e+01,9.229638734131498268e+01
1.631238415325324453e+01,3.758072196789057529e+01
3.624704902986436394e+01,7.611227259193674044e+00
1.423832186588877668e+01,4.932673700956551244e+01
1.450504250723257904e+01,4.752936239724543555e+01
1.900529782656233380e+01,2.768538967320977662e+01
1.137091900457814475e+01,7.734083701864837224e+01
2.188651923672343003e+01,2.087596709013256202e+01
1.478888981866819385e+01,4.572238258521190346e+01
1.023120565521728942e+01,9.553145034135286551e+01
3.325760194970612105e+01,9.041034736929235649e+00
2.674839981853167714e+01,1.397669177006977748e+01
1.453353407056908431e+01,4.734319178540689421e+01
1.090351455221693300e+01,8.411374798370893302e+01
9.312259153567761416e+01,1.153160858602014338e+00
4.621395336336498616e+01,4.682240924249534864e+00
2.942046576365925858e+01,1.155316330646203227e+01
5.413950445378058873e+01,3.411704807081695545e+00
1.101053721418985987e+01,8.248652002017233542e+01
1.795122406431285711e+01,3.103214990429078668e+01
1.291277259484583873e+01,5.997372092384143372e+01
1.147415682464424869e+01,7.595536188773689901e+01
6.763859527829964691e+01,2.185802110003691290e+00
1.084849572166333687e+01,8.496908781293141999e+01
1.118177323731469031e+01,7.997949151115925304e+01
1.254433888619888826e+01,6.354837417373074970e+01
2.507615745252898165e+01,1.590296209512485959e+01
3.730033807177493799e+01,7.187443833230482859e+00
2.399422566942915580e+01,1.736946819324422719e+01
2.622905774979735227e+01,1.453565549573768578e+01
1.548761429184011540e+01,4.168990940733634432e+01
1.056169965321523563e+01,8.964630087109875944e+01
1.324883527647603110e+01,5.696978742660029127e+01
1.029096334312911232e+01,9.442520525622300909e+01
1.899228772686083033e+01,2.772333276397364088e+01
1.012327213396878633e+01,9.757940745696393492e+01
2.098477837651021360e+01,2.270864526367202174e+01
2.844162636520680110e+01,1.236206851614144675e+01
1.138697043030036937e+01,7.712294662739179785e+01
1.155620018740979482e+01,7.488069851464305771e+01
3.348320338464966994e+01,8.919612721682424805e+00
2.434637276612661694e+01,1.687063640418526589e+01
1.002936520939720566e+01,9.941527266684317965e+01
1.044590960275194291e+01,9.164472526085926063e+01
1.055841956974271945e+01,8.970200864485396153e+01
2.785117345602773398e+01,1.289178351057440786e+01
1.539784829564195334e+01,4.217741190340950652e+01
1.380383332913946504e+01,5.248081686869998208e+01
1.061466477110708695e+01,8.875389760065702660e+01
2.916707718791715109e+01,1.175477114134376677e+01
3.465070683328042378e+01,8.328672857543542918e+00
1.407779948542860282e+01,5.045804848835864220e+01
2.798289142170413157e+01,1.277070360023916962e+01
2.856468234847483956e+01,1.225578693569997668e+01
1.638291559947762011e+01,3.725783475688778879e+01
1.067897254784916150e+01,8.768818072727346191e+01
1.374780250355013855e+01,5.290947239610657959e+01
1.344395356344341685e+01,5.532813007115705517e+01
1.966696387644057609e+01,2.585385803981986541e+01
3.818701317969515685e+01,6.857544236246943647e+00
2.686884963842503637e+01,1.385166099372849047e+01
5.784575941216210992e+01,2.988525363833949289e+00
1.082077632486368124e+01,8.540497310347555526e+01
2.630652376179856589e+01,1.445017393585563070e+01
1.031687998150036201e+01,9.395139725152579047e+01
1.863437888953691868e+01,2.879851916273308632e+01
1.032984706020319443e+01,9.371567052612098792e+01
1.894177241699621916e+01,2.787139917817172829e+01
1.128691858847685658e+01,7.849630517108170125e+01
3.425928851880206594e+01,8.520073101869597210e+00
8.038628165052982411e+01,1.547519460895453003e+00
1.980260730619184528e+01,2.550088480128599855e+01
1.126423946550254129e+01,7.881270815503680183e+01
3.407271710071836424e+01,8.613635009199091641e+00
1.854694143699305542e+01,2.907069392933377472e+01
2.395239138533640855e+01,1.743019480836212054e+01
4.318260161111732742e+01,5.362686298803534868e+00
1.584724625770765805e+01,3.981918681421644379e+01
1.735848664228957006e+01,3.318763315104518341e+01
2.359391238117303047e+01,1.796387711117131047e+01
1.959894390510852702e+01,2.603362592397456154e+01
4.691174191022937379e+01,4.543984919417325408e+00
1.627751495356889677e+01,3.774190299119936753e+01
1.464059991747755696e+01,4.665328769790779262e+01
5.970648562764841216e+01,2.805155766107985560e+00
4.234643236627547935e+01,5.576559561338829241e+00
1.049584716517253824e+01,9.077473793062381446e+01
4.090053877885264200e+01,5.977807726917086839e+00
2.231865336504399977e+01,2.007539160628366659e+01
1.655904337336178855e+01,3.646947509824101274e+01
2.587001598237939959e+01,1.494192685065161363e+01
4.898009860358600065e+01,4.168316522442120586e+00
1.910768804785958963e+01,2.738947546959231261e+01
3.494725679841673127e+01,8.187924274530971047e+00
1.865320230827182257e+01,2.874042585955201901e+01
3.729252518643021830e+01,7.190455726717896567e+00
1.132096553219712831e+01,7.802487179071843570e+01
1.019129040798265784e+01,9.628123346547786809e+01
1.173724514321617818e+01,7.258847113700299758e+01
1.121838372822602103e+01,7.945832719703284397e+01
2.787987037134223556e+01,1.286525799115156055e+01
3.843338184249120104e+01,6.769908493997384369e+00
3.503090899908452371e+01,8.148866191031657991e+00
2.669694216373665796e+01,1.403062310819218794e+01
2.048120300932075821e+01,2.383905718258893458e+01
1.712667848474645993e+01,3.409209658993104597e+01
1.118134352232796758e+01,7.998563908125710498e+01
2.093998574278045055e+01,2.280590110376888902e+01
1.365099034894905472e+01,5.366259628961506678e+01
2.698866190980182722e+01,1.372894907889331684e+01
5.019093970516189529e+01,3.969623758625812293e+00
1.034076027866805170e+01,9.351796747923229702e+01
2.077366909295509956e+01,2.317253683638325157e+01
2.578471353196398042e+01,1.504095384170321203e+01
3.814394251071125552e+01,6.873039528678529742e+00
7.903045427944083201e+01,1.601072666526241139e+00
1.470217649853835695e+01,4.626331359633452678e+01
2.367347053868460094e+01,1.784333952543033064e+01
1.013268568152253302e+01,9.739818369588125790e+01
1.207336815030243393e+01,6.860300077344909653e+01
1.074316272129412475e+01,8.664344112226494588e+01
3.016107146413503415e+01,1.099275297207737090e+01
2.228237816554987916e+01,2.014080936448419479e+01
1.097727048959456830e+01,8.298722997199716644e+01
2.506387130900541393e+01,1.591855696958142197e+01
3.000366156471397616e+01,1.110839933742945007e+01
1.931401161867626470e+01,2.680742029176403207e+01
1.610127265872324287e+01,3.857266017869813624e+01
1.610440285294797391e+01,3.855766698892426092e+01
1.210254829268511756e+01,6.827258572642857359e+01
1.860530972005247818e+01,2.888857979952217647e+01
4.401042592116581886e+01,5.162842266937420987e+00
2.300491711028871222e+01,1.889551157407133530e+01
2.180474965204147608e+01,2.103283382021923131e+01
3.448517863250764748e+01,8.408819690888622134e+00
1.603614600814762170e+01,3.888660210689469920e+01
2.394288433851962949e+01,1.744403963800374058e+01
1.656303751313999939e+01,3.645188815287936990e+01
4.559337566146133014e+01,4.810569619916068795e+00
2.825941203484351760e+01,1.252200164908946078e+01
5.634082443378834881e+01,3.150312268932685456e+00
1.100774021429970340e+01,8.252844399267826248e+01
2.278687342749627120e+01,1.925885751147542635e+01
1.060545123906858755e+01,8.890817525785138287e+01
1.773450275985565128e+01,3.179522975268018570e+01
1.139820914954259123e+01,7.697093400585639245e+01
2.997806776196577871e+01,1.112737504640975672e+01
3.360877425523359818e+01,8.853085383109926099e+00
3.618025847981710541e+01,7.639354602868716704e+00
4.789795361153642972e+01,4.358791365407951979e+00
1.083577482178184326e+01,8.516870763530691590e+01
3.762395775211209781e+01,7.064331063423641588e+00
1.082274512296891444e+01,8.537390337885052816e+01
1.074385474914968697e+01,8.663227981282588530e+01
1.490838139658505135e+01,4.499238452613199257e+01
1.049764547863428454e+01,9.074364001416410019e+01
3.141284443647742464e+01,1.013410670554386250e+01
1.758368512879343726e+01,3.234299275923616790e+01
2.121996475976078500e+01,2.220806313077864047e+01
1.176105353159414868e+01,7.229488089701253273e+01
1.164033565304584350e+01,7.380214644886632414e+01
1.528257447401417934e+01,4.281608543254915844e+01
1.001936657958178856e+01,9.961379070310981376e+01
1.035477459774891784e+01,9.326500132600055792e+01
2.030106917039116254e+01,2.426398775357263560e+01
3.315586826791948027e+01,9.096601904815161177e+00
1.384692280833169953e+01,5.215470072297612347e+01
2.397573315891224510e+01,1.739627270796148650e+01
1.080577061189728916e+01,8.564233745180871438e+01
2.813280828693350699e+01,1.263495869865533905e+01
1.094496753588991034e+01,8.347780951795796511e+01
3.257481821879650852e+01,9.424015642498078549e+00
1.839359777124001738e+01,2.955742727436200212e+01
4.321999141873884298e+01,5.353411744528902005e+00
1.130918767206265052e+01,7.818747313369975416e+01
3.412478400645035492e+01,8.587370041366380491e+00
1.718324126687915410e+01,3.386802128334547746e+01
2.286009208444049534e+01,1.913568657611554613e+01
1.377839071725605891e+01,5.267481366998747916e+01
1.051011066869441279e+01,9.052852031078764128e+01
3.574014080148985073e+01,7.828660897285603326e+00
1.022515976113332137e+01,9.564445469464514815e+01
1.675373662378660100e+01,3.562678494874202073e+01
1.309576868622144907e+01,5.830932435332921671e+01
1.713431354501864945e+01,3.406172044235615459e+01
2.993675078694419867e+01,1.115811096294021532e+01
2.592140807965147786e+01,1.488273749373983890e+01
2.159402346734007949e+01,2.144533634286541002e+01
2.272521042125325863e+01,1.936351398780861643e+01
1.476664640984741972e+01,4.586023211499738039e+01
1.577478124162075090e+01,4.018586392520469275e+01
2.602526574317138852e+01,1.476419098486817205e+01
5.873755294154651097e+01,2.898466605624676173e+00
1.102302198043613934e+01,8.229977599868378491e+01
2.794922109691188439e+01,1.280149177444254072e+01
2.489031356163735964e+01,1.614132806580593638e+01
3.561132949900528644e+01,7.885398111044763958e+00
6.331787607770630188e+01,2.494292167193568943e+00
1.467911968903570674e+01,4.640876130209014860e+01
1.288381529872056852e+01,6.024361433799776222e+01
1.152692120029534095e+01,7.526158347323988096e+01
1.121036722538401520e+01,7.957200869266300458e+01
1.504599957945863764e+01,4.417310313950572720e+01
3.663117425209113520e+01,7.452437090910834172e+00
2.129006912343449187e+01,2.206204962007126369e+01
2.533193842404260465e+01,1.558343352081903888e+01
3.708337563712172624e+01,7.271792524023890536e+00
4.121877766964547618e+01,5.885858029947198311e+00
3.247641512389727581e+01,9.481211440401054347e+00
2.383410899770934321e+01,1.760362699818153942e+01
1.052327832936543039e+01,9.030210740018772242e+01
3.011074400187897737e+01,1.102953052258030731e+01
2.342862761539136329e+01,1.821823504442627240e+01
2.703461166384778736e+01,1.368231954104235193e+01
2.366598400723343332e+01,1.785463048647399020e+01
1.216956266272443976e+01,6.752274004077513325e+01
1.153169259968449722e+01,7.519931528869653903e+01
1.005266850439149806e+01,9.895489376819458016e+01
1.022632943445472975e+01,9.562257658680823624e+01
3.562132541877682002e+01,7.880973191611168716e+00
1.308807975127612266e+01,5.837785515444226547e+01
2.603642155438247130e+01,1.475154168579993907e+01
2.265587345478433789e+01,1.948221714071015853e+01
1.012196808194731545e+01,9.760455213623626491e+01
1.120211834213436575e+01,7.968924042657873485e+01
1.536384436215983662e+01,4.236431629918325115e+01
1.077736752111669638e+01,8.609434253414691796e+01
2.451506192277591367e+01,1.663926011145471051e+01
3.290573300634893883e+01,9.235424469928572577e+00
1.065584438050090021e+01,8.806924256954926022e+01
2.305692378569094814e+01,1.881036713100787949e+01
1.797204586276566829e+01,3.096028598017957023e+01
1.270409352731989649e+01,6.196017493797857867e+01
1.092487600766295763e+01,8.378513364681694497e+01
1.360942136383561873e+01,5.399091391037423904e+01
1.995903719701622947e+01,2.510272248468959688e+01
1.015948448861845677e+01,9.688502525946751121e+01
2.151099279981850998e+01,2.161121033418504211e+01
1.003523303021113122e+01,9.929904607691584317e+01
5.896862231040185520e+01,2.875795747231300936e+00
2.093405871726501744e+01,2.281881692625356450e+01
1.706719626430526660e+01,3.433014475245883546e+01
1.033119220467264832e+01,9.369126813253626551e+01
1.190377437965033103e+01,7.057170765841691207e+01
1.193555363122787405e+01,7.019640368401098840e+01
1.220272978454201684e+01,6.715618412312323926e+01
1.164028514943988846e+01,7.380278685974299435e+01
1.128055643266008978e+01,7.858487288637277857e+01
2.405424947853708773e+01,1.728289048977451969e+01
1.117818647875779980e+01,8.003082598295461025e+01
1.733309564623121091e+01,3.328493651623845295e+01
1.821234556788812142e+01,3.014867538120238066e+01
3.029231804915968240e+01,1.089770340988994235e+01
1.150661665820899238e+01,7.552743056292990786e+01
1.181496806130296129e+01,7.163658858292866682e+01
3.786151067640670220e+01,6.975962274609331715e+00
1.189492994173783913e+01,7.067669341933576277e+01
1.321042573161292388e+01,5.730155034501937905e+01
9.055099324327662202e+01,1.219589181340410056e+00
1.056878212085462465e+01,8.952619161368593836e+01
3.537105058302838501e+01,7.992894512782117822e+00
4.389182198293442383e+01,5.190781902046078145e+00
6.022211392222411774e+01,2.757325313237056985e+00
2.828453340181262732e+01,1.249976828932254591e+01
1.216755118747444264e+01,6.754506689107721229e+01
4.238876656864816539e+01,5.565426361085179963e+00
2.110340302476382490e+01,2.245406698925717137e+01
1.098785833808939927e+01,8.282737481980430516e+01
1.119939977632964379e+01,7.972793298907906490e+01
2.045850139315057703e+01,2.389199218271773262e+01
2.424162936237945232e+01,1.701674089879605134e+01
4.684602049219929398e+01,4.556743596116374029e+00
1.523373322967247567e+01,4.309107294452586245e+01
1.747449862231217566e+01,3.274843513628527347e+01
3.452415698462554872e+01,8.389843012582284487e+00
1.062550612421611795e+01,8.857287630095318320e+01
1.002677963941946260e+01,9.946655100250823978e+01
1.118309357844085206e+01,7.996060693735805103e+01
1.355263536718867101e+01,5.444430927493661443e+01
1.034263242261154403e+01,9.348411473390915205e+01
1.031407187189447505e+01,9.400256263780578081e+01
1.994716523014456300e+01,2.513261218302746514e+01
1.076216907142703150e+01,8.633768092886430168e+01
1.005169431247468026e+01,9.897407575406664648e+01
1.892772729482151206e+01,2.791277788559938600e+01
5.795456018571223211e+01,2.977314903185975581e+00
8.388872199666738538e+01,1.420995961419958542e+00
3.492418159728524074e+01,8.198747744611413424e+00
1.042012932859378971e+01,9.209875970427580683e+01
1.114522660303922130e+01,8.050487762417995441e+01
2.013216939645704073e+01,2.467282327546456955e+01
1.849746498707775544e+01,2.922641670682657633e+01
8.388998327351241358e+01,1.420953232699322166e+00
1.164577199200951263e+01,7.373325967351210863e+01
1.746265940191136679e+01,3.279285533174364531e+01
2.790745791563301736e+01,1.283983500568483116e+01
1.492233924837641723e+01,4.490825517872777795e+01
1.255085457657579084e+01,6.348240989234430742e+01
2.813609379740830718e+01,1.263200804987561909e+01
2.046312873841414870e+01,2.388118797011092553e+01
2.796148511961715855e+01,1.279026466292300235e+01
3.859541899906354701e+01,6.713182903045185945e+00
2.502512677192958890e+01,1.596788615507157871e+01
7.716719461849737627e+01,1.679324314712075328e+00
1.626021365113945905e+01,3.782226251023109143e+01
1.236864083620167598e+01,6.536662210827803676e+01
1.196669769827242114e+01,6.983149822793438943e+01
1.066274537385997867e+01,8.795528156567425526e+01
1.652004190593047284e+01,3.664187684537137812e+01
4.267941348935049461e+01,5.489883327070227637e+00
1.483362039268356369e+01,4.544704794055367358e+01
2.797472139330716701e+01,1.277816406752523370e+01
3.526761518066292922e+01,8.039847539187757519e+00
1.599578105216098756e+01,3.908310848208481048e+01
1.987681992097461858e+01,2.531081874164773993e+01
1.477924293340364947e+01,4.578209099299269980e+01
1.005192848784110637e+01,9.896946429657191402e+01
1.129464250872702635e+01,7.838898138644094615e+01
2.394705596140995141e+01,1.743796259731546172e+01
1.301370156921085375e+01,5.904706474181516285e+01
2.635639596413222918e+01,1.439553974593548524e+01
1.800633923739647457e+01,3.084246951254890234e+01
3.234873233867434550e+01,9.556205205811002301e+00
4.697831000858592176e+01,4.531116422219092499e+00
1.551921928057622502e+01,4.152027877917666387e+01
2.034940658080064679e+01,2.414885266674385633e+01
1.042190785968618094e+01,9.206732850504127441e+01
2.192931601559386579e+01,2.079456442777808078e+01
2.928633749428159661e+01,1.165923012442546991e+01
1.144759081022233893e+01,7.630830472561483191e+01
3.457893797635927058e+01,8.363281186891263985e+00
1.192743497299665023e+01,7.029199750938096258e+01
4.252566532874522665e+01,5.529651559824053209e+00
2.591424209835767556e+01,1.489096958200888565e+01
1.383173899221030467e+01,5.226926940374171693e+01
2.432193328764061491e+01,1.690455777891050104e+01
1.276384067180946857e+01,6.138146524113180647e+01
1.048866513913261578e+01,9.089909498281507183e+01
2.198108137748815238e+01,2.069673751646979198e+01
2.193460952456492663e+01,2.078452887817745420e+01
1.848489170198741149e+01,2.926618940890427112e+01
1.000359280369589854e+01,9.992818263225483122e+01
1.043607742220020285e+01,9.181748977992985772e+01
1.026768347884421040e+01,9.485387019478159232e+01
1.022880370573374798e+01,9.557632140658323294e+01
1.017161107289184763e+01,9.665415051067452623e+01
1.001785384623542718e+01,9.964387708340161964e+01
2.142035443011969065e+01,2.179448919959058628e+01
2.517656128966927298e+01,1.577637335645129824e+01
1.193264777163240176e+01,7.023059655285484837e+01
2.992171778494784107e+01,1.116932569618374416e+01
1.157179930402188361e+01,7.467895193751857619e+01
1.067843392564867244e+01,8.769702696677904896e+01
5.446171306516291111e+01,3.371455288583107279e+00
1.254943662161755569e+01,6.349675639824242523e+01
1.101739816994814625e+01,8.238381697891652777e+01
2.031928524998394536e+01,2.422050230570185292e+01
2.880664240860688352e+01,1.205076776088404422e+01
1.906347295474179404e+01,2.751667502211513749e+01
1.128888971737486813e+01,7.846889542022650232e+01
4.822638390224771854e+01,4.299625223840683574e+00
1.214649473352921660e+01,6.777945424224846249e+01
1.012850412031317759e+01,9.747862213657826658e+01
4.801021876717715031e+01,4.338430355743978062e+00
1.423116212167385086e+01,4.937638238028313964e+01
1.082603108795408708e+01,8.532208511227473480e+01
1.902522693359554395e+01,2.762741863119815022e+01
1.272295115492023676e+01,6.177663953199888169e+01
1.017724964322552061e+01,9.654708027613935428e+01
2.832853461063931633e+01,1.246096799304033986e+01
2.661595356345194929e+01,1.411613944001550003e+01
4.950266032709679820e+01,4.080777556172304088e+00
2.012470042798645053e+01,2.469114054048000639e+01
1.281557650321092012e+01,6.088687785749282000e+01
2.103294997837119595e+01,2.260474551297611967e+01
5.362454982874690046e+01,3.477544381315957001e+00
1.160136369449160298e+01,7.429881998473095450e+01
1.048630158154354142e+01,9.094007596292776441e+01
5.733978699424560688e+01,3.041500200344527283e+00
3.513307193437395881e+01,8.101543163533666103e+00
1.999175957201905973e+01,2.502061380907298727e+01
2.245846755542568474e+01,1.982621273989622068e+01
2.783767838841003694e+01,1.290428582182482131e+01
1.204663825056715964e+01,6.890778053359053956e+01
1.030739255208594862e+01,9.412443179343506472e+01
1.578521180135965452e+01,4.013277340315352859e+01
1.295204219998453432e+01,5.961060073106123980e+01
1.034027381653708844e+01,9.352676686320744182e+01
1.147779481068206309e+01,7.590722010460207514e+01
1.001857979869814841e+01,9.962943709317632113e+01
1.180298837721460359e+01,7.178208041745165247e+01
3.512997366172363911e+01,8.102972250656089059e+00
2.375787059026843906e+01,1.771678746185165210e+01
1.986114178606395697e+01,2.535079459601680441e+01
1.209425974929527747e+01,6.836619611811313746e+01
1.250256938260434048e+01,6.397369763211091964e+01
2.632750701548160777e+01,1.442714928455800738e+01
3.256203918173940082e+01,9.431414041346265265e+00
1.348655555107209381e+01,5.497913577661024220e+01
1.083071836453815706e+01,8.524825036586229032e+01
2.517142462653366763e+01,1.578281289535129517e+01
1.608006637348109891e+01,3.867446600343342311e+01
1.001860887747311324e+01,9.962885874985298074e+01
1.066600231414905586e+01,8.790157421503882063e+01
1.198836839762276441e+01,6.957926546333634121e+01
2.747096250475607349e+01,1.325110965133474750e+01
1.065958346958829139e+01,8.800746886323345564e+01
1.410531940731939926e+01,5.026135007828430901e+01
2.854450683000345279e+01,1.227311806301026031e+01
1.539542622503109648e+01,4.219068398878989967e+01
1.400780876476694914e+01,5.096354055107192949e+01
2.662891207955465944e+01,1.410240401506203689e+01
1.817723179737832240e+01,3.026526697064695526e+01
1.948297315594114920e+01,2.634447423883186090e+01
1.781969336749475019e+01,3.149194952741253672e+01
1.039081334099222076e+01,9.261917610791935829e+01
1.180643015675841845e+01,7.174023507015368750e+01
3.211421206925815142e+01,9.696286920133832865e+00
1.052275493559251807e+01,9.031109073894454298e+01
1.513037970946808031e+01,4.368178185908055156e+01
1.313427552334901804e+01,5.796792504657167200e+01
1.376009608165983522e+01,5.281497361267586399e+01
5.597686442095927362e+01,3.191411935601582872e+00
2.310683027247418764e+01,1.872920103820003490e+01
1.955547738567730676e+01,2.614948591498598418e+01
1.929136017401532399e+01,2.687041048915906671e+01
1.386792159165914562e+01,5.199687518453102086e+01
2.002170714456920564e+01,2.494582036091860999e+01
1.023622663107978426e+01,9.543775498188695394e+01
1.834906038503693182e+01,2.970108674699923412e+01
1.201502338331107822e+01,6.927088868545966704e+01
4.675915644774177338e+01,4.573689360810786475e+00
1.707248905427759311e+01,3.430886208186822728e+01
1.154908321079282807e+01,7.497301551930179642e+01
1.711082287522609491e+01,3.415530821030237263e+01
3.217109840040618707e+01,9.662026447427670917e+00
2.479557154850478895e+01,1.626491332053137739e+01
1.037642111079821738e+01,9.287628227783474699e+01
1.181436390990862684e+01,7.164391533395752276e+01
1.278845116256614034e+01,6.114544378487123311e+01
9.481253199240936169e+01,1.112419288654571403e+00
4.329168410399343969e+01,5.335695516710563524e+00
1.359602832284228491e+01,5.409733597120380466e+01
2.551825893909878573e+01,1.535670069979619612e+01
1.293389325413402169e+01,5.977801027862238925e+01
3.422153141619915573e+01,8.538884109171442915e+00
1.231693733453673367e+01,6.591656024734763264e+01
4.575706860435406043e+01,4.776212184654016646e+00
2.026429078752106605e+01,2.435214282954587617e+01
1.960971425951121816e+01,2.600503658571020438e+01
3.102384944757079310e+01,1.038983454507647508e+01
1.115201165019799134e+01,8.040694673218666821e+01
2.288101655107072929e+01,1.910070378140261127e+01
1.192661941718709606e+01,7.030161113164440678e+01
1.058961885969379146e+01,8.917422453507832358e+01
2.709509678399066601e+01,1.362130089720062642e+01
5.898832282279805383e+01,2.873875191213011160e+00
1.071780476038772534e+01,8.705391699395669036e+01
1.017395209176297932e+01,9.660967553062917546e+01
1.305376593137791907e+01,5.868516877321245317e+01
3.436614639857898368e+01,8.467170953155889634e+00
1.821392895387775113e+01,3.014343379764588704e+01
1.978660612165234411e+01,2.554214598082739229e+01
1.828327647334086237e+01,2.991520249260272735e+01
3.105462704272405716e+01,1.036925045239639154e+01
1.923706641005276552e+01,2.702230001865696707e+01
1.867526435481299174e+01,2.867256089446710732e+01
1.113942200073880073e+01,8.058879949182558278e+01
1.966648673332203145e+01,2.585511257401959639e+01
1.062244931172536155e+01,8.862386070643424318e+01
1.181093709674140513e+01,7.168549474911512220e+01
1.950190863563296162e+01,2.629334046643477762e+01
3.272975559749619379e+01,9.335003290365024853e+00
8.265127606820743722e+01,1.463864482764648312e+00
2.842745520004185167e+01,1.237439663897708364e+01
1.674172189376332298e+01,3.567793856359456584e+01
3.124713886324690293e+01,1.024187533212649903e+01
2.916071220340378645e+01,1.175990319032890596e+01
1.118577854794155968e+01,7.992222498240020911e+01
1.093913659660498539e+01,8.356682637281339510e+01
1.057623124381763802e+01,8.940012463584479008e+01
1.758699220868030366e+01,3.233083026970533780e+01
1.374655045241894946e+01,5.291911094242325220e+01
3.376510870354519511e+01,8.771294553841643804e+00
1.245414062691382284e+01,6.447219694728923400e+01
2.278258377417159153e+01,1.926611056060338711e+01
2.915026229639648747e+01,1.176833617940761556e+01
4.912511915809391638e+01,4.143742563761675157e+00
5.363188597780685285e+01,3.476593080102597266e+00
1.827089179481448511e+01,2.995577147368750914e+01
1.191128412269309678e+01,7.048274859782208068e+01
3.041094810666886872e+01,1.081284754511676383e+01
1.073695067579683204e+01,8.674372819938392354e+01
1.397075281842420935e+01,5.123424990725654737e+01
3.272062111143829810e+01,9.340216049586405944e+00
4.494053024029885535e+01,4.951349872413222108e+00
2.659848496120991967e+01,1.413468712792976589e+01
3.700474096646495070e+01,7.302730319862404507e+00
1.014141387938589212e+01,9.723060453867452679e+01
1.252575520041424539e+01,6.373707961458218563e+01
1.725989761878948414e+01,3.356785337176680173e+01
3.675005095304894809e+01,7.404301741316836605e+00
2.313109822304424057e+01,1.868992223772455930e+01
2.794765854117848747e+01,1.280292327923386964e+01
2.608694231241170414e+01,1.469446045231741138e+01
1.058000086381703042e+01,8.933643003594683307e+01
1.814251534420604628e+01,3.038120547036761820e+01
2.567042664989515188e+01,1.517517913300053145e+01
1.954923004353862481e+01,2.616620175372927193e+01
1.118606248102531886e+01,7.991816774137572565e+01
2.559079749349486477e+01,1.526976522321964147e+01
1.279619108102792246e+01,6.107149715220606367e+01
1.123538820774290947e+01,7.921799281635921375e+01
1.084399412330550305e+01,8.503964781020336261e+01
1.090680916389060506e+01,8.406293930505289325e+01
2.060332162595104677e+01,2.355730017027248735e+01
2.784157047399874685e+01,1.290067818953426126e+01
1.552734208691528472e+01,4.147684919976895657e+01
2.065690154103787890e+01,2.343525270887734990e+01
2.521996384470177688e+01,1.572211905884408800e+01
3.414039954327034110e+01,8.579516253621074284e+00
1.190849302046138902e+01,7.051579184026012115e+01
1.751095438130640147e+01,3.261222025217077203e+01
3.571012719252684775e+01,7.841826076325504324e+00
1.207278918402572820e+01,6.860958082313058526e+01
1.057756882664087783e+01,8.937751594147661649e+01
7.925160543510138211e+01,1.592149565454959337e+00
1.462608418119634912e+01,4.674593626484679731e+01
1.011565953166326892e+01,9.772633069646713011e+01
1.951732842340692287e+01,2.625181044124303043e+01
3.243945723260782898e+01,9.502827411695966120e+00
2.424626953142663055e+01,1.701022830941002439e+01
3.527380409575894760e+01,8.037026546670693605e+00
1.416106724381742410e+01,4.986640155627409143e+01
7.311701511283868626e+01,1.870523172022307445e+00
1.206809776103360043e+01,6.866293457206751327e+01
1.007581507825063483e+01,9.850076953850677342e+01
1.078329689878047226e+01,8.599968771257297817e+01
3.548346716380664390e+01,7.942329525595575035e+00
3.745346493734415816e+01,7.128792870563560591e+00
1.738904733613858866e+01,3.307108325246763769e+01
1.674714616366567199e+01,3.565483069488276868e+01
1.009277896956256626e+01,9.816992863013412318e+01
1.129599639109106057e+01,7.837019187984355995e+01
1.079878902411522823e+01,8.575311149835178526e+01
1.743315883870225136e+01,3.290393402251947919e+01
1.112969170516752015e+01,8.072977295957464605e+01
1.126379885316422325e+01,7.881887419746661294e+01
1.534235016270796947e+01,4.248310187087182044e+01
1.332279278548343449e+01,5.633904144494754007e+01
3.208316543841792168e+01,9.715062043599459685e+00
1.204131188127712626e+01,6.896875552793977704e+01
1.035104987088730866e+01,9.333213445006295217e+01
1.216517423268223119e+01,6.757146474653916357e+01
3.756479639808282656e+01,7.086600024655767882e+00
1.053525533544265613e+01,9.009690418959239366e+01
2.103126103323508644e+01,2.260837627081825829e+01
1.022561565701981756e+01,9.563592651543092416e+01
5.528114815633533397e+01,3.272245589449215508e+00
4.079406379766195556e+01,6.009053331828691391e+00
2.178280021307046610e+01,2.107524264673430991e+01
1.078775665406096174e+01,8.592859632726261054e+01
1.168009381492854537e+01,7.330056764823433468e+01
3.692690241486856451e+01,7.333549750527734723e+00
2.185542420356926030e+01,2.093541234887573310e+01
1.139025234558872945e+01,7.707850959385767453e+01
2.388497719757062754e+01,1.752872541745184520e+01
1.283989181779210220e+01,6.065648934793940583e+01
6.757077683627024101e+01,2.190191939191445059e+00
2.843319462838714529e+01,1.236940143561514205e+01
2.929078291362343833e+01,1.165569138432661056e+01
1.022026245916941711e+01,9.573613766278653259e+01
1.131186517446077566e+01,7.815046378687594597e+01
1.463403007902361885e+01,4.669518639065772447e+01
2.428942017113798713e+01,1.694984397390824071e+01
1.883410859096746037e+01,2.819095964147417988e+01
5.064324816386144335e+01,3.899032852742933208e+00
3.013967878926141353e+01,1.100836348006947318e+01
3.594188618090495169e+01,7.741021450580562124e+00
2.009942243318819877e+01,2.475328511204291360e+01
2.940026806700462103e+01,1.156904257946633585e+01
1.027858831536012651e+01,9.465271080945699111e+01
1.203533593037732530e+01,6.903726316631517079e+01
1.157008670662641059e+01,7.470106144236459045e+01
3.539675659431794230e+01,7.981289447840013374e+00
1.010836930386855492e+01,9.786734337653271609e+01
1.123009483782842288e+01,7.929269013152099888e+01
3.405965749719300106e+01,8.620241782885418758e+00
2.031958151087917841e+01,2.421979603767345068e+01
1.097798988666031228e+01,8.297635388006574431e+01
1.212842989931592896e+01,6.798151443982102649e+01
1.628728891580933080e+01,3.769661893536286357e+01
3.054913112733771996e+01,1.071524917627580109e+01
2.442694175035941129e+01,1.675952889015143299e+01
3.305056034914526464e+01,9.154662666117095782e+00
3.251062366501844281e+01,9.461269173157276668e+00
1.259182483293721866e+01,6.306997414789368150e+01
2.870098912692998994e+01,1.213965296236798430e+01
1.143615924475621348e+01,7.646093627767535850e+01
1.537697137219339538e+01,4.229201604982666396e+01
1.134786373374407020e+01,7.765542051167039972e+01
1.283159119946929749e+01,6.073499079160397685e+01
1.397836601200907758e+01,5.117845654170361769e+01
1.049590968309524719e+01,9.077365655105410269e+01
1.001600203174700354e+01,9.968072592436797663e+01
3.247488835051385792e+01,9.482102960112694490e+00
7.754531964661292420e+01,1.662986865015386728e+00
1.104712004456134089e+01,8.194111199663370826e+01
1.129838759547538807e+01,7.833702266624570143e+01
2.268711621067919637e+01,1.942859560159307009e+01
1.128527008178267366e+01,7.851923969278001891e+01
1.150031083450418201e+01,7.561027932075579372e+01
2.165167183390992278e+01,2.133129038942569267e+01
1.630379297319231924e+01,3.762033824798115234e+01
1.029784334133019819e+01,9.429907627824285044e+01
1.138960513247441675e+01,7.708726979915894617e+01
1.994009659447467442e+01,2.515043403926407350e+01
4.703780279462463909e+01,4.519661879262431903e+00
2.921018801554542677e+01,1.172009940595789068e+01
1.166312383684553211e+01,7.351402915216424105e+01
2.110468128544176736e+01,2.245134709206532975e+01
1.152819699931153785e+01,7.524492634271432223e+01
1.006066756426343112e+01,9.879760173113682242e+01
1.040266826459863125e+01,9.240819800297238373e+01
1.036302981426501368e+01,9.311647022421485076e+01
1.142567816158189586e+01,7.660127998266936800e+01
1.027412807119206839e+01,9.473491064897628178e+01
1.500569556095703661e+01,4.441071218573563328e+01
1.609613491873264124e+01,3.859728819378144493e+01
3.085956713345734670e+01,1.050075051124107439e+01
3.402081288436994555e+01,8.639938027049019809e+00
2.529638164644714138e+01,1.562727268396735880e+01
4.345971777842155603e+01,5.294515164109469652e+00
1.125893366735861711e+01,7.888700699424281026e+01
2.727900037230640962e+01,1.343826176616583368e+01
1.578928035690393727e+01,4.011209337507430917e+01
2.164990145379504227e+01,2.133477918464917877e+01
1.076523958164244732e+01,8.628843670672807775e+01
1.039832581461987537e+01,9.248539538523515091e+01
1.431938145803737683e+01,4.876985708446908774e+01
2.607999413398352218e+01,1.470229123120520320e+01
2.144208054944088815e+01,2.175034518280777718e+01
1.381423570185797267e+01,5.240180859294085991e+01
1.683910167914715927e+01,3.526648382269397075e+01
1.081402964919729115e+01,8.551157155248034769e+01
3.012686945286328921e+01,1.101772653775429234e+01
1.203711114088659961e+01,6.901690169643592299e+01
1.024052514108452705e+01,9.535765087807868667e+01
1.533392243567435997e+01,4.252981325581238536e+01
1.237436498938263973e+01,6.530616130621645254e+01
1.169059800832571128e+01,7.316890330979272505e+01
5.332531015136283514e+01,3.516682982446675432e+00
1.911061517109222763e+01,2.738108576268205141e+01
3.245214295864373355e+01,9.495399445944981309e+00
1.586225552906799052e+01,3.974386660266176818e+01
2.741713384522797270e+01,1.330319311726105980e+01
9.132115708306849911e+01,1.199104930859689944e+00
1.045905111685968514e+01,9.141457171831949324e+01
1.006727926301789822e+01,9.866787343777895103e+01
1.182791927686254674e+01,7.147979465613447303e+01
2.317953223781209715e+01,1.861189803809783427e+01
1.093940857222842666e+01,8.356267114686708908e+01
1.160901680220020360e+01,7.420089102921994595e+01
1.135203446683308037e+01,7.759836985064295334e+01
3.024924322354156203e+01,1.092876209750529171e+01
3.253550694572399493e+01,9.446802677266330051e+00
3.390438392444049498e+01,8.699379674313135524e+00
1.879625637506949332e+01,2.830461682209089957e+01
3.119380348377140066e+01,1.027692853122405481e+01
1.419556626685875500e+01,4.962431868924306855e+01
2.592822194148077486e+01,1.487491624073084573e+01
1.063861917597327178e+01,8.835466284866282649e+01
1.143180122657853559e+01,7.651924409078294786e+01
1.488236792512599216e+01,4.514980987909145682e+01
2.955264671873710824e+01,1.145004611329233946e+01
2.981413416698458718e+01,1.125007964333201471e+01
1.211533525180305304e+01,6.812854710969514827e+01
1.026111224640087727e+01,9.497539823142419380e+01
3.308504202543497286e+01,9.135590384596506297e+00
1.028652790662584415e+01,9.450665301014787190e+01
2.327379544517635779e+01,1.846144003909434872e+01
2.418129499120474790e+01,1.710176324408175219e+01
1.511005413298751243e+01,4.379937965843863878e+01
2.450981038104995591e+01,1.664639122579129449e+01
1.046155258951917943e+01,9.137086047928679022e+01
1.172525993131506361e+01,7.273694253146022959e+01
1.114840876496288402e+01,8.045892613457155562e+01
1.040710096539139684e+01,9.232949584383142394e+01
1.318999200922088200e+01,5.747922913797472688e+01
2.541670590652587691e+01,1.547966195844079174e+01
1.567972067766645594e+01,4.067460615371429355e+01
1.801655284640591503e+01,3.080751014639959706e+01
1.011446845682525897e+01,9.774934846108165232e+01
1.670281101779550781e+01,3.584436287218875350e+01
1.027348669828571737e+01,9.474673960313637622e+01
3.236357752588197911e+01,9.547440345455193267e+00
1.141310736276994398e+01,7.677011561286383312e+01
1.116489399296869856e+01,8.022150255940748309e+01
3.516909703242421159e+01,8.084954201624800163e+00
2.261738149134925635e+01,1.954858617779197871e+01
1.644044034392519649e+01,3.699756218630430737e+01
9.874337114260181636e+01,1.025614376013374462e+00
2.183499834653726879e+01,2.097459932256650106e+01
1.193591151773883396e+01,7.019219420753745453e+01
5.330009347354905458e+01,3.520011308283603313e+00
1.221129382781267836e+01,6.706202099842218445e+01
5.058611164423785311e+01,3.907845666069638124e+00
3.083543559059533123e+01,1.051719253388385944e+01
2.921181874722671523e+01,1.171879090790733358e+01
1.583038250676575487e+01,3.990406897246415241e+01
1.036027257308282756e+01,9.316604010360029520e+01
1.197298091739000370e+01,6.975822466656607901e+01
4.392516273013571038e+01,5.182904919679981681e+00
1.112389961306983999e+01,8.081386505530961983e+01
1.936776119974864585e+01,2.665883438000119909e+01
1.068606705027758608e+01,8.757178664138463375e+01
2.047323014049364787e+01,2.385762803663726217e+01
1.758187830051564049e+01,3.234964065380735576e+01
1.481708255645808059e+01,4.554855446498594063e+01
1.592380338878617607e+01,3.943722848352146571e+01
5.328384945962341845e+01,3.522157843455081760e+00
1.742332138563666888e+01,3.294110056266178788e+01
1.862511087156459411e+01,2.882718708339097446e+01
1.108514534432513088e+01,8.137991209613953458e+01
1.146620768151275804e+01,7.606071308150713151e+01
1.487299988871125223e+01,4.520670469149637682e+01
1.205361309451768115e+01,6.882805639505347983e+01
1.227482347902064497e+01,6.636964417277911821e+01
4.711938400004601135e+01,4.504024991104571995e+00
3.320138516814604657e+01,9.071677323973442952e+00
1.034140740982796025e+01,9.350626375364674914e+01
1.393475400359767669e+01,5.149930727895407756e+01
1.856283887348882544e+01,2.902092227332762420e+01
6.306934593963354274e+01,2.513988841234540583e+00
1.100950481972165562e+01,8.250199076497972328e+01
1.110721441963940137e+01,8.105684366270850205e+01
1.753893748468033564e+01,3.250823868329268151e+01
1.383982086905135134e+01,5.220824109130200696e+01
1.138460305764840896e+01,7.715502464310128516e+01
3.572705502552847889e+01,7.834396766846997373e+00
1.241926163313622666e+01,6.483484058098652270e+01
1.122830873629783710e+01,7.931791851858335463e+01
2.011342336782630724e+01,2.471883563048239196e+01
1.343905807383441520e+01,5.536844653047690201e+01
1.095822756519810071e+01,8.327590670480499568e+01
1.121099485327293444e+01,7.956309954328958156e+01
1.200946732388768190e+01,6.933499847356593193e+01
6.223980525098428274e+01,2.581449002738700038e+00
3.393483153471203195e+01,8.683775854763057467e+00
1.062704880567727095e+01,8.854716270557270263e+01
1.007044835396876792e+01,9.860578320033961575e+01
3.051013319455291750e+01,1.074265906177332219e+01
1.131120660772313968e+01,7.815956428270158085e+01
3.847678037459976963e+01,6.754645345922582145e+00
1.124671003838075656e+01,7.905857886269575374e+01
1.166088126330147823e+01,7.354230771290664848e+01
3.027150394184653237e+01,1.091269466696627610e+01
1.085444235891409726e+01,8.487601220086239096e+01
2.837261616987455426e+01,1.242227771633048761e+01
2.563544669813479260e+01,1.521662090704172243e+01
1.136212306639174763e+01,7.746062951475978764e+01
1.522763898650912928e+01,4.312557074499341070e+01
2.589186383683252402e+01,1.491672114785650294e+01
1.252828636387780037e+01,6.371132786124765346e+01
1.373327844606938086e+01,5.302144370374846716e+01
1.612216138146515831e+01,3.847277138471341118e+01
3.012803762842668931e+01,1.101687215821964116e+01
3.118102568964625121e+01,1.028535310228619792e+01
1.237836413497942267e+01,6.526397048746829910e+01
7.014587095370995939e+01,2.032337244723726677e+00
1.296779326909099161e+01,5.946587904318623430e+01
7.497372578911638641e+01,1.779024024842365659e+00
1.520647395618640729e+01,4.324570237057019284e+01
1.055494002636537942e+01,8.976116075304898345e+01
1.411547732438248026e+01,5.018903698392100665e+01
1.001801102649874409e+01,9.964075032941232735e+01
1.660618038911292871e+01,3.626273009324076924e+01
1.749737323450185045e+01,3.266286593879426903e+01
3.356123389518052136e+01,8.878184398297250368e+00
1.246985224510303247e+01,6.430983345299509324e+01
4.351910933749430654e+01,5.280073924545147790e+00
1.084548186147589099e+01,8.501631863882312246e+01
1.098313965953422766e+01,8.289856024158842729e+01
1.386394529466688752e+01,5.202670575058617430e+01
1.677458142319678203e+01,3.553829728355757567e+01
2.322847294056740708e+01,1.853355282843748597e+01
3.263096370849082462e+01,9.391613242490072011e+00
1.201926099978325624e+01,6.922205178744935949e+01
1.375163927163290012e+01,5.287995256187943482e+01
1.434792142656437619e+01,4.857603028330311901e+01
3.909069323576845534e+01,6.544150151702840645e+00
1.107662235940773066e+01,8.150519696881403320e+01
3.239308352826320458e+01,9.530055245473020520e+00
1.300707226257503635e+01,5.910726904344245014e+01
2.463975014413757947e+01,1.647128192756195730e+01
1.234071478210202244e+01,6.566279575153123460e+01
1.246916206609151700e+01,6.431695286092814001e+01
2.753607239468303192e+01,1.318851842586461665e+01
1.074411645767715839e+01,8.662805943224087457e+01
1.894397443148305626e+01,2.786492010927068819e+01
1.146064522553139220e+01,7.613456355548757415e+01
3.231624473382251495e+01,9.575428619508665307e+00
1.024631730914254213e+01,9.524987138824066335e+01
1.840427098162796682e+01,2.952315466840742531e+01
5.622602107131847760e+01,3.163190138044714494e+00
2.716324662243837551e+01,1.355303770493198279e+01
1.212942155580305759e+01,6.797039906161160161e+01
1.204234950886724853e+01,6.895687067101998480e+01
1.131184956692240640e+01,7.815067944342202111e+01
1.016642746507023354e+01,9.675273871983468155e+01
3.459294374701970298e+01,8.356510413819458805e+00
1.850358630155023576e+01,2.920708267153971249e+01
2.154073463019986789e+01,2.155157325793557277e+01
3.531239954935984571e+01,8.019467662357346427e+00
1.189087797636688926e+01,7.072486956049843343e+01
1.887516424546183558e+01,2.806845585325594072e+01
2.646638449950361505e+01,1.427613890255272366e+01
2.219327896544291079e+01,2.030285231903273768e+01
1.053226530611364353e+01,9.014806709089903336e+01
1.179519963515343051e+01,7.187691165716871922e+01
1.147660153718013376e+01,7.592300575037289434e+01
1.099445921451595076e+01,8.272794853046602270e+01
2.304137823034792731e+01,1.883575764753658888e+01
6.018524030154216575e+01,2.760705002775354799e+00
1.034723365339064394e+01,9.340099177327434177e+01
1.127426017579366402e+01,7.867267087912628654e+01
2.319941814757131837e+01,1.858000448831723617e+01
1.880306028838354493e+01,2.828413639887980935e+01
5.202709087087040984e+01,3.694374471590015752e+00
3.681096069341812438e+01,7.379818763066192666e+00
1.193024027239140139e+01,7.025894420789839501e+01
1.070499063240883864e+01,8.726245294204598224e+01
1.356273086871074796e+01,5.436328753269944514e+01
1.853888118696485421e+01,2.909597787142831038e+01
1.104551363792732843e+01,8.196494797603632776e+01
1.058335590266468706e+01,8.927979777532007688e+01
1.906207216079375755e+01,2.752071934717911006e+01
1.641375123516977652e+01,3.711797765250774717e+01
1.101786806976743627e+01,8.237678997243018841e+01
1.005696182559638530e+01,9.887042403114605804e+01
1.849179497598669286e+01,2.924434244231950686e+01
2.999089026684250925e+01,1.111786213644445809e+01
1.664767817086558566e+01,3.608217070200323207e+01
1.050823422346882552e+01,9.056085437815355021e+01
4.082568466106746996e+01,5.999748509579968747e+00
1.686476071981959279e+01,3.515925244591237231e+01
1.102892039113792855e+01,8.221176954781925872e+01
1.166834099539449277e+01,7.344830453840641837e+01
1.129732548317477736e+01,7.835175298920954390e+01
3.202891858610672671e+01,9.747998393282191643e+00
2.827355411854695078e+01,1.250947807979950888e+01
3.113165146828817953e+01,1.031800373162041318e+01
2.247918152696930605e+01,1.978969091272747605e+01
1.189894769414565801e+01,7.062897264237301442e+01
1.200264599177353908e+01,6.941382966583672953e+01
1.203160923163938101e+01,6.908003731597054298e+01
1.016740134149085151e+01,9.673420483982708618e+01
3.561745347270728246e+01,7.882686753857376161e+00
2.570263761081705312e+01,1.513716740681492468e+01
1.257154565933733714e+01,6.327361474597243785e+01
1.231237684583343572e+01,6.596540011071986953e+01
1.056976919613243915e+01,8.950947129319972362e+01
2.054645440638357101e+01,2.368788153666705654e+01
1.067854216379526378e+01,8.769524917437848899e+01
1.768694973542489279e+01,3.196642850454551521e+01
1.407898996772366296e+01,5.044951564987366766e+01
2.919432985200904085e+01,1.173283542235097698e+01
3.201834502731196608e+01,9.754437705048927043e+00
1.227893033132884959e+01,6.632525516875053029e+01
1.640184396200043793e+01,3.717189041142425765e+01
1.111274435033758579e+01,8.097619262143111030e+01
2.075666739834959174e+01,2.321051342843315624e+01
2.468280193535560230e+01,1.641387355311326601e+01
3.196858019436247744e+01,9.784830408624126008e+00
3.077392944296483535e+01,1.055927480559739706e+01
1.334851651723128363e+01,5.612211037660983948e+01
1.164073362924928823e+01,7.379710020403240378e+01
1.301954057059471559e+01,5.899411378270043826e+01
5.780481543997649396e+01,2.992760493168695302e+00
3.163225780883427518e+01,9.994006253808315421e+00
1.177879586908234444e+01,7.207725014041722034e+01
2.533334283197983794e+01,1.558170576690701381e+01
1.800460321985501722e+01,3.084841750804466898e+01
1.069099405794117708e+01,8.749108929190821016e+01
1.040410479617610839e+01,9.238268151066380085e+01
5.751099426671521542e+01,3.023418375418180482e+00
1.002798650846155404e+01,9.944261082719417288e+01
3.627751149258621410e+01,7.598450231701242785e+00
5.912558102806565330e+01,2.860547454646334753e+00
1.003950174609162715e+01,9.921462170794706026e+01
1.219820316225954215e+01,6.720603524943301466e+01
1.864418330146294167e+01,2.876823858676617718e+01
1.200813457156030317e+01,6.935038995806476692e+01
1.055660038910673038e+01,8.973292735193531655e+01
1.197899475534085667e+01,6.968820053473007192e+01
1.093878442661623573e+01,8.357220726357695639e+01
1.182397752728464013e+01,7.152746091971705766e+01
1.207072652985957184e+01,6.863303093256787690e+01
1.110038627931470856e+01,8.115659473714914895e+01
1.102122049676521343e+01,8.232668296778982153e+01
5.514249581144289891e+01,3.288721990204440448e+00
1.559526885295239040e+01,4.111632286979163808e+01
2.942571801825776845e+01,1.154903938060876101e+01
6.515316715883336940e+01,2.355748568696538925e+00
2.424027954335903701e+01,1.701863610466758558e+01
3.474439371896883699e+01,8.283817539524008566e+00
1.430494150853679614e+01,4.886836705927712643e+01
1.800333039152764414e+01,3.085277960403532305e+01
1.045878214295989039e+01,9.141927369024888606e+01
1.081158295048683371e+01,8.555027906210769117e+01
3.417128339795787895e+01,8.564015004136940945e+00
3.243417451576291199e+01,9.505923210211911112e+00
3.158194364535043874e+01,1.002587513528893126e+01
1.541258061238385046e+01,4.209681877830737307e+01
3.367486503468635561e+01,8.818369095880770558e+00
4.048661285986955960e+01,6.100664052843170815e+00
1.548535036177134572e+01,4.170210027632939642e+01
3.295615516432385306e+01,9.207186115238275903e+00
1.310981555850037950e+01,5.818443703907426823e+01
1.931772753562328404e+01,2.679710804707565330e+01
2.499756223852412518e+01,1.600312079114636532e+01
4.074049065090006394e+01,6.024867356328478252e+00
3.190653229316980344e+01,9.822924082917994681e+00
1.842311356150093360e+01,2.946279484715148200e+01
1.080153855623236048e+01,8.570946013813902198e+01
1.196268303112285203e+01,6.987837688615341847e+01
7.703386843294170205e+01,1.685142318276869000e+00
1.128494184474841333e+01,7.852380742516940870e+01
1.011076748343567111e+01,9.782092244383420621e+01
1.189301241558718836e+01,7.069948585047546885e+01
5.459965659526937287e+01,3.354441153935162845e+00
2.819839061734011665e+01,1.257625560064860260e+01
3.259352633288013124e+01,9.413200306973370957e+00
1.790154396330997599e+01,3.120462883337404492e+01
2.342041436859616255e+01,1.823101509990047830e+01
1.164605207933526998e+01,7.372971314924042474e+01
1.238577379006451729e+01,6.518590691716740082e+01
1.587282574270048841e+01,3.969095084738356150e+01
1.014689400202154879e+01,9.712560851721585209e+01
2.226262956398901238e+01,2.017655799302928799e+01
2.762458016688169238e+01,1.310414310404192939e+01
1.143061031249759729e+01,7.653518944976201510e+01
3.106749068517846268e+01,1.036066535506306785e+01
1.369464625444986972e+01,5.332100948742574076e+01
3.246330313222134833e+01,9.488871946852407646e+00
2.216396160940653814e+01,2.035659899372252823e+01
3.173403532170951635e+01,9.930003427689118922e+00
2.843763561572656684e+01,1.236553838127157512e+01
4.176067879613002987e+01,5.734095232423209509e+00
1.077131462691185071e+01,8.619113041670595976e+01
2.777871379666410689e+01,1.295912662620173172e+01
6.317958628722688275e+01,2.505223313306354616e+00
1.081845228726188068e+01,8.544167071658519319e+01
1.048644769592630333e+01,9.093754172809816794e+01
6.955820144153832985e+01,2.066823124884691332e+00
1.320824368123747128e+01,5.732048476212615640e+01
2.742483258833706472e+01,1.329572517808174048e+01
1.229453900365024488e+01,6.615695410141456989e+01
1.849756086771564867e+01,2.922611372199147795e+01
1.195742489243118634e+01,6.993984680749559857e+01
1.114251981761112376e+01,8.054399550791286799e+01
2.970145342579519365e+01,1.133560218790677077e+01
3.439481596302691457e+01,8.453061330807756235e+00
1.069188712836951360e+01,8.747647401578387871e+01
1.232165926038698167e+01,6.586604862975468677e+01
1.307955613516125304e+01,5.845396669146293078e+01
1.756982851596090711e+01,3.239402809548191442e+01
1.284575736111326449e+01,6.060110887821702619e+01
1.172574239974174404e+01,7.273095697335178045e+01
2.457801302020919110e+01,1.655413376161694927e+01
3.778669236883013838e+01,7.003614676726677146e+00
1.051023137491910298e+01,9.052644094777929240e+01
2.123378526140401590e+01,2.217916327292710221e+01
1.893189911817096771e+01,2.790047755083793035e+01
6.715485942059724778e+01,2.217405453960940687e+00
1.465780695219026342e+01,4.654381790419400744e+01
1.138134373036163005e+01,7.719922144286290688e+01
1.094708487951149678e+01,8.344552071848336539e+01
1.127337974642458285e+01,7.868495972884210232e+01
1.354966355550405410e+01,5.446819414516821212e+01
1.194080679405043455e+01,7.013465374851494971e+01
1.090318047490150555e+01,8.411890261279835102e+01
6.772991596877372444e+01,2.179911820962647795e+00
1.131354807242067473e+01,7.812721564695716836e+01
2.842897127378797961e+01,1.237307685871113705e+01
4.118824664399223678e+01,5.894587116492887802e+00
1.015022205154144253e+01,9.706192797082712787e+01
1.516835837595943914e+01,4.346331405855537611e+01
3.261880566746850718e+01,9.398615638599919109e+00
3.114150349850151756e+01,1.031147628795838500e+01
1.096763194243354178e+01,8.313315532885023629e+01
2.717176679532943595e+01,1.354453946329357272e+01
1.354462484512570697e+01,5.450872690365805795e+01
1.066292511171621626e+01,8.795231638297855170e+01
1.021134433820881604e+01,9.590343381042417548e+01
1.098273033528511533e+01,8.290473958355791240e+01
1.796326018521329715e+01,3.099057821053431283e+01
2.658329042398114339e+01,1.415085001865740821e+01
1.088242224418564241e+01,8.444012245693144791e+01
1.122574712944874520e+01,7.935412181142355337e+01
1.168660558375193403e+01,7.321890435129961361e+01
1.115623479915309701e+01,8.034608278522891567e+01
1.154696279825600058e+01,7.500055320540718640e+01
1.311869511637951469e+01,5.810569792356576357e+01
1.045983663671941954e+01,9.140084200767363143e+01
1.365647500274859460e+01,5.361950147039345893e+01
1.127225854348163381e+01,7.870061341449788017e+01
1.090136361412115384e+01,8.414694407187616321e+01
2.328342775947824350e+01,1.844616826626768002e+01
1.020755872016713361e+01,9.597458130044965685e+01
2.703503504326569740e+01,1.368189100324946139e+01
1.311362701589398227e+01,5.815061950342698793e+01
1.635709068441985181e+01,3.737557451778309314e+01
1.175454853821024059e+01,7.237491933434878888e+01
4.188571154776401073e+01,5.699912710615528511e+00
1.131808315510094332e+01,7.806461805120817132e+01
1.610183590997517911e+01,3.856996163931888333e+01
8.211222529128849601e+01,1.483147541261226943e+00
3.964711582901952625e+01,6.361752963827235874e+00
2.158051544446022163e+01,2.147219156387179950e+01
1.564973326582293112e+01,4.083063370275307591e+01
1.041480849566353228e+01,9.219288861557566861e+01
5.333593843942045964e+01,3.515281578558933084e+00
1.069548155499484388e+01,8.741768752153157607e+01
1.591116928621183213e+01,3.949988281114575273e+01
1.894204677084699640e+01,2.787059181343366276e+01
1.135876026399809469e+01,7.750650130763631296e+01
1.178086351777673357e+01,7.205195193475937288e+01
5.858355110948848221e+01,2.913725355108514492e+00
1.007249095870471933e+01,9.856579463776749606e+01
1.098392623266663115e+01,8.288668772094602843e+01
1.154275351928914795e+01,7.505526386230387459e+01
2.508630134037758452e+01,1.589010366322226453e+01
7.786964283508595486e+01,1.649163197411767312e+00
1.069912167235936096e+01,8.735821413290796045e+01
1.145741332012084790e+01,7.617752166570862471e+01
3.913531718139562798e+01,6.529234759125049692e+00
3.433692126757322427e+01,8.481590387331310765e+00
1.577729688877010439e+01,4.017304989309234742e+01
2.720921522893587507e+01,1.350728203162992358e+01
1.181335551749690893e+01,7.165614695839298065e+01
1.011149070248992032e+01,9.780692976420597518e+01
2.124895621417594782e+01,2.214750440757135408e+01
2.618588369915846314e+01,1.458362641639921087e+01
1.225412797015041022e+01,6.659401157501325486e+01
1.528640937091422458e+01,4.279460561037451782e+01
1.121774227777272515e+01,7.946741459376093530e+01
1.055012193662928333e+01,8.984316474940587227e+01
1.113980456092033933e+01,8.058326446897737583e+01
1.690357248282267122e+01,3.499798168784494834e+01
1.593090943859280628e+01,3.940205404365043051e+01
8.341958296101176984e+01,1.437023834141599510e+00
3.419986327593257869e+01,8.549707564784423397e+00
2.129844699254339702e+01,2.204469656033969827e+01
6.094360368224408120e+01,2.692425764658017417e+00
1.016064615859487041e+01,9.686287273306272994e+01
1.184585973306730722e+01,7.126344749731229911e+01
1.161119596265323040e+01,7.417304196448772302e+01
3.580030454380892735e+01,7.802370295843485515e+00
2.169384739829080999e+01,2.124842959766409933e+01
1.560379413529828696e+01,4.107140654992541329e+01
3.190597816920876895e+01,9.823265283230945499e+00
9.751168716869851494e+01,1.051687370208645556e+00
1.082803930798766245e+01,8.529043956196312593e+01
9.257727834460078498e+01,1.166785926581526800e+00
2.267593118533363139e+01,1.944776684770036113e+01
1.030408933941312100e+01,9.418478896636639774e+01
2.186238011207512955e+01,2.092209251402596948e+01
3.262561230841960480e+01,9.394694404682182309e+00
1.023804442420501815e+01,9.540386751544552624e+01
1.062914960105472417e+01,8.851216440482505732e+01
9.825926822029258290e+01,1.035745247304541206e+00
1.785074587580355754e+01,3.138248032449847003e+01
1.356665012659053460e+01,5.433188214299083540e+01
4.281905556212888087e+01,5.454134353930441215e+00
1.248806848826265359e+01,6.412235383625568375e+01
1.163548866398809345e+01,7.386364669416651907e+01
2.563240045555159696e+01,1.522023791303111118e+01
1.139230286300389849e+01,7.705076514143972588e+01
1.081277686774000202e+01,8.553138764939703265e+01
1.190075164419577902e+01,7.060756198095020864e+01
1.040997978084116582e+01,9.227843660412379734e+01
1.838720869746281750e+01,2.957797170782147589e+01
3.870359862614697022e+01,6.675707592529035672e+00
1.722847339139482159e+01,3.369041859685246720e+01
1.142359665275382952e+01,7.662919776930499438e+01
1.017925442857809237e+01,9.650905448290195920e+01
3.364306830670354032e+01,8.835045802321163322e+00
3.350774216755966251e+01,8.906553274463149705e+00
2.818465070629435232e+01,1.258852034388751839e+01
1.139347884806547029e+01,7.703486027624713017e+01
1.362978652805857749e+01,5.382969166628186031e+01
1.012993533113133182e+01,9.745107949223719856e+01
1.495689185124021137e+01,4.470100559792814465e+01
2.777780406674737534e+01,1.295997546927151411e+01
9.208915829005290732e+01,1.179187842864193758e+00
1.180294153948474722e+01,7.178265012566392045e+01
1.614511904536107068e+01,3.836343592748038844e+01
1.085469060663391794e+01,8.487213000166936183e+01
1.094992306044223085e+01,8.340226876298473258e+01
2.750262243406211837e+01,1.322061890645400339e+01
1.071734774094056419e+01,8.706134162592007897e+01
1.200627033666908439e+01,6.937192794617295988e+01
1.831961672762498949e+01,2.979663584061839643e+01
2.812607106005436819e+01,1.264101249681374384e+01
2.800623581904126880e+01,1.274942261615237804e+01
1.093754321561013754e+01,8.359117617225876984e+01
1.842558530932897654e+01,2.945489065161828535e+01
1.214655070678223936e+01,6.777882956650432789e+01
1.034053181882435801e+01,9.352209982689556966e+01
1.040286198167295240e+01,9.240475647330109155e+01
1.099808396013040479e+01,8.267342660563886625e+01
2.876045283985605394e+01,1.208950614497621956e+01
1.273021103083374506e+01,6.170619877465164649e+01
2.515860429754651406e+01,1.579890221459359978e+01
1.575837965796659290e+01,4.026955968967592270e+01
1.139299527790473654e+01,7.704139982961716271e+01
1.087342264243340573e+01,8.457995735224825751e+01
1.034506808869259764e+01,9.344009969586717546e+01
1.113572998302009687e+01,8.064224629766026453e+01
1.825169547124653846e+01,3.001881691338178015e+01
3.551110791614383544e+01,7.929970208310560764e+00
3.900490215149165607e+01,6.572969460923523854e+00
1.291480968320560407e+01,5.995480277691737570e+01
1.024892544058734778e+01,9.520139946270835196e+01
4.348853576127041265e+01,5.287500593886236722e+00
2.870265016643824296e+01,1.213824794508868266e+01
3.012400253959393481e+01,1.101982376035510569e+01
3.848870799098357054e+01,6.750459477448069734e+00
1.145260898930568594e+01,7.624144749766760754e+01
1.071147807785083828e+01,8.715678331081919339e+01
1.733109265555919976e+01,3.329263058045559376e+01
1.110594179186302810e+01,8.107542130392265278e+01
1.166028547268593663e+01,7.354982329840127875e+01
1.893174775484675010e+01,2.790092369305009257e+01
2.497154509183416948e+01,1.603648456051832127e+01
3.260521736482563426e+01,9.406451062254589601e+00
2.741871389388041536e+01,1.330165992450867485e+01
1.129629425861260117e+01,7.836605890906395189e+01
1.120791932735716045e+01,7.960677079766766440e+01
1.162445213450572901e+01,7.400396905762028155e+01
1.129909184250403520e+01,7.832725782904518042e+01
3.359294242987524370e+01,8.861431989227000372e+00
1.163112596047942660e+01,7.391906791941158872e+01
2.000378851130103186e+01,2.499053141222124097e+01
1.037139491613293529e+01,9.296632366421859217e+01
1.062969630993253034e+01,8.850305988476152663e+01
2.648821682949466449e+01,1.425261501423169008e+01
2.813344089971922557e+01,1.263439048187858837e+01
2.871540356212042511e+01,1.212746839939916299e+01
2.286140842356592984e+01,1.913348300866386964e+01
2.457668072396367620e+01,1.655592860188074056e+01
5.833650846421608094e+01,2.938455616429411776e+00
2.217189882731910089e+01,2.034202686864471232e+01
1.661914067718687349e+01,3.620619381565381900e+01
1.628515484884191622e+01,3.770649939164877651e+01
1.942026960386608181e+01,2.651486928839288737e+01
1.043393348074916283e+01,9.185522656384149798e+01
1.075261467824491390e+01,8.649118231714066951e+01
1.179490665267866412e+01,7.188048250984641641e+01
1.594722733157194305e+01,3.932145952571916325e+01
1.019923533658415593e+01,9.613129093280912230e+01
1.001667573858068216e+01,9.966731761813920798e+01
3.590206028079863643e+01,7.758205096215197827e+00
2.488224332306555198e+01,1.615180023195745562e+01
1.204983688232526262e+01,6.887120221915773755e+01
1.134422540553917358e+01,7.770523990509205703e+01
2.010518977273229524e+01,2.473908578085941556e+01
2.499310736816926237e+01,1.600882621872816003e+01
1.165524183481700327e+01,7.361349232265810372e+01
1.230553066229178505e+01,6.603882024609444557e+01
2.706914134468955169e+01,1.364743518381093956e+01
1.563102023622933778e+01,4.092845485633325353e+01
1.128911912068917367e+01,7.846570635975336927e+01
1.191783167963196277e+01,7.040532460783204272e+01
1.032012006351411060e+01,9.389241296751605148e+01
4.517521856860451379e+01,4.900038305395869820e+00
1.555088549277003906e+01,4.135135575447211664e+01
1.100857493480320493e+01,8.251592909896638162e+01
1.058118563982393567e+01,8.931642514485213269e+01
1.096179971945562670e+01,8.322164081364370247e+01
1.207812756222427986e+01,6.854894510842902378e+01
1.519018792550797592e+01,4.333848310429723227e+01
1.900499869902965600e+01,2.768626118365900268e+01
1.797962243169119034e+01,3.093419830037605678e+01
1.981748635752292031e+01,2.546260683518310941e+01
1.177027268932923043e+01,7.218167419260144868e+01
1.242189647835022548e+01,6.480733887831188156e+01
2.584439959561016309e+01,1.497156173278608549e+01
2.389240503622353273e+01,1.751782820512309158e+01
1.039691685066252980e+01,9.251046385891751811e+01
1.015715626386524661e+01,9.692944634756936750e+01
1.101396576930637394e+01,8.243517329038276387e+01
1.076183873684859371e+01,8.634298127945416468e+01
3.838402946051886744e+01,6.787328546388832429e+00
2.393801136900182414e+01,1.745114239387686084e+01
1.127036458030418231e+01,7.872706661165592834e+01
1.708378325798238251e+01,3.426351343925888671e+01
1.058228615205243983e+01,8.929784906297362568e+01
1.201850580721515982e+01,6.923075130838790869e+01
4.582609781425961870e+01,4.761833921956148963e+00
1.999133726520436127e+01,2.502167091567711310e+01
1.395385541904648363e+01,5.135840910641784518e+01
2.410997342371117114e+01,1.720309298182491275e+01
1.114544444675016699e+01,8.050173063260237427e+01
4.235310445849358274e+01,5.574802694190462482e+00
1.096337611482613106e+01,8.319771008716297445e+01
2.163476270634732757e+01,2.136464730386609645e+01
1.731307275688357805e+01,3.336197032729982226e+01
1.069276195761337078e+01,8.746216081075955628e+01
1.201383672314187478e+01,6.928457374978381722e+01
2.519470187029691388e+01,1.575366306261364713e+01
1.089019032391700925e+01,8.431970148339459570e+01
1.703004462527343676e+01,3.448009296008915214e+01
2.078296974342240588e+01,2.315180145118246458e+01
3.267691803377958593e+01,9.365216519568019038e+00
1.165786027816049319e+01,7.358042774519657314e+01
9.694978742427257146e+01,1.063913397062769439e+00
1.923144274487234284e+01,2.703810607007627453e+01
1.087825501427922426e+01,8.450482930601923215e+01
1.754196806763189542e+01,3.249700728629050417e+01
1.222829822279521039e+01,6.687564081684813289e+01
1.231507873959947297e+01,6.593645803810215966e+01
1.141035919682907718e+01,7.680709997419634760e+01
1.252935124840974268e+01,6.370049851771960192e+01
2.739985039358232299e+01,1.331998135577163467e+01
4.662974574864072963e+01,4.599111144744794544e+00
1.191197098559864820e+01,7.047462054079502991e+01
2.297782690157834296e+01,1.894009238690707875e+01
4.066090401464040127e+01,6.048475694915192769e+00
1.002385457006200298e+01,9.952461030675588916e+01
1.113279709162271658e+01,8.068474165672402876e+01
1.139238229945175718e+01,7.704969063084347169e+01
2.259346867773174949e+01,1.958998832670337720e+01
1.061529998421737275e+01,8.874327595969974425e+01
1.609651730694956484e+01,3.859545438431567277e+01
1.147225579574446463e+01,7.598053658817597977e+01
1.269000056359015183e+01,6.209787191665165551e+01
4.238669295165071560e+01,5.565970911470551563e+00
1.985692308949601781e+01,2.536156753101824179e+01
1.251917007112570346e+01,6.380414912376952685e+01
3.425153887852412282e+01,8.523928985337949626e+00
1.065645859349740832e+01,8.805909065763587762e+01
1.030486657923528426e+01,9.417058181339292844e+01
3.139777914166466388e+01,1.014383414087467550e+01
1.186904040497806534e+01,7.098535905968280701e+01
1.343649524711800325e+01,5.538957008451626507e+01
1.573428074516651343e+01,4.039300934774286844e+01
1.123269475503917469e+01,7.925598824011842680e+01
1.376201280669512350e+01,5.280026286738316088e+01
1.039577325580310152e+01,9.253081834478602730e+01
4.725321230116651350e+01,4.478548947431316485e+00
1.141480664725266791e+01,7.674726028818223256e+01
1.176469143007805584e+01,7.225017751039338521e+01
1.068527551913764384e+01,8.758476119937884619e+01
1.727495359091458837e+01,3.350936679778270388e+01
5.459931171352154422e+01,3.354483531362483006e+00
1.177255493954880272e+01,7.215369034805124215e+01
1.153093341030142938e+01,7.520921776565164407e+01
1.565379107487165022e+01,4.080946803882250862e+01
1.261606185913995581e+01,6.282787636966528311e+01
1.095402039968763397e+01,8.333988737877781716e+01
2.279155076169733007e+01,1.925095362896825790e+01
2.507726557289338132e+01,1.590155667819459140e+01
2.884643292605547416e+01,1.201754524268239344e+01
2.653663134436749260e+01,1.420065634848928404e+01
1.223878835724066860e+01,6.676104878493710260e+01
1.965242397622489534e+01,2.589212828846720882e+01
1.117526740381736516e+01,8.007264090896705966e+01
1.106732581452499886e+01,8.164218308004309677e+01
4.542903937211536913e+01,4.845436350666525449e+00
2.909900834947098502e+01,1.180982933786193811e+01
1.002897113742758783e+01,9.942308554046033464e+01
3.336273927112236493e+01,8.984141781338545130e+00
1.239939760129699486e+01,6.504273986484101044e+01
1.090704599207071546e+01,8.405928877367983887e+01
1.081769342304718684e+01,8.545365865117322812e+01
1.314073443212738646e+01,5.791095448265863865e+01
1.166705495504711187e+01,7.346449760330477829e+01
1.411488913971720827e+01,5.019321994798150399e+01
1.506515117226932965e+01,4.406086429836777540e+01
1.217386969141094255e+01,6.747497036025927741e+01
5.457243156665235517e+01,3.357788907875369766e+00
3.440700230889267885e+01,8.447074544421417031e+00
2.596846960827693707e+01,1.482884369630472321e+01
2.569487515707435676e+01,1.514631470251155143e+01
5.306352352863252975e+01,3.551467385022671230e+00
1.978187157424328646e+01,2.555437384028292058e+01
1.130233939430574708e+01,7.828225205218527094e+01
2.914465629533836477e+01,1.177286391508705066e+01
2.250756671366951522e+01,1.973980725663437497e+01
1.094311589390703965e+01,8.350606181747114931e+01
1.916397754977065659e+01,2.722881198670055269e+01
2.969179545679676835e+01,1.134297774052280694e+01
2.386967639987526724e+01,1.755120493816875893e+01
1.102041360837783124e+01,8.233873893568451763e+01
4.598924822836373494e+01,4.728107903015523306e+00
2.491578070196737116e+01,1.610834789257056698e+01
1.504855973151837567e+01,4.415807442669343175e+01
1.433062343053846455e+01,4.869336992480086224e+01
5.137196683049993595e+01,3.789200736625178312e+00
1.130111772184635122e+01,7.829917788959772906e+01
1.966975124120632046e+01,2.584653115235328258e+01
3.744308456732210999e+01,7.132746057974661547e+00
1.962968686649567829e+01,2.595214484597257965e+01
1.277051592095404686e+01,6.131731286238468925e+01
1.828722567662834564e+01,2.990228326017543381e+01
7.630161348597715687e+01,1.717641626625754148e+00
3.409065651865792290e+01,8.604571942837020870e+00
3.693061759117680509e+01,7.332074331938146727e+00
3.566344590219258492e+01,7.862368462515571643e+00
1.738839076178800980e+01,3.307358078490213416e+01
1.012405890582234669e+01,9.756424165264265014e+01
1.083059720643705859e+01,8.525015766122378125e+01
2.865181752921478875e+01,1.218135630958394167e+01
4.245669864674628258e+01,5.547630888172193409e+00
2.687166558628262436e+01,1.384875804666478061e+01
1.178445068440422538e+01,7.200809362916719181e+01
1.273571670946883216e+01,6.165285885291739731e+01
1.670751161906039428e+01,3.582419633162347594e+01
1.943345435301639057e+01,2.647890313409398999e+01
2.845574184470858725e+01,1.234980714223920195e+01
2.113590009820018167e+01,2.238507248234046187e+01
1.428656139691889848e+01,4.899418933398089138e+01
1.907418010376527917e+01,2.748579113136067065e+01
1.381829674219175885e+01,5.237101252717129540e+01
2.559420582115965814e+01,1.526569860765137499e+01
1.038793301123191348e+01,9.267054547159922606e+01
2.017657987289915411e+01,2.456432858099088179e+01
1.290593903033464862e+01,6.003724869838102052e+01
1.193381733416435431e+01,7.021683146042151691e+01
1.090954975293126417e+01,8.402070969186749494e+01
1.701741775904007525e+01,3.453128016736910411e+01
4.010851587833251131e+01,6.216226286983906668e+00
1.772547566955698883e+01,3.182762284617239956e+01
3.238935312480383288e+01,9.532250596407449095e+00
1.152372972510373295e+01,7.530327635273435760e+01
3.326167336373391947e+01,9.038821526403761908e+00
1.499241589739613900e+01,4.448942138278587777e+01
1.241320810735036773e+01,6.489809176887014530e+01
1.135074666604559468e+01,7.761597872054362313e+01
1.126486595062626961e+01,7.880394220673986183e+01
1.321756119331455359e+01,5.723969889640464714e+01
7.457472330282043060e+01,1.798111831491304935e+00
1.080944849084349002e+01,8.558406832470771519e+01
1.151713278792338002e+01,7.538956749242758804e+01
1.075177931243882945e+01,8.650462280563246509e+01
4.880957634191730676e+01,4.197492451905953104e+00
1.359001796712245635e+01,5.414519700170784233e+01
1.258759428983456097e+01,6.311237543213466239e+01
1.311971168800382692e+01,5.809669371422336326e+01
1.996494945887699402e+01,2.508785724358292768e+01
1.068704653963827056e+01,8.755573511541093978e+01
2.281169438317158082e+01,1.921696994479315990e+01
3.265202032978738345e+01,9.379504228889954831e+00
4.145917556386461911e+01,5.817798517293804039e+00
1.290032768981555655e+01,6.008948965285738097e+01
1.297375306756593361e+01,5.941125749284034185e+01
1.637567055970339425e+01,3.729080979835473642e+01
2.839524915051261189e+01,1.240248277667226695e+01
1.310002603512899988e+01,5.827143087133585198e+01
3.272966888168080146e+01,9.335052755790252732e+00
1.127273908759750576e+01,7.869390372126274258e+01
2.148836856175683963e+01,2.165674143694178255e+01
1.114588279742168453e+01,8.049539873509171173e+01
2.864764069427477722e+01,1.218490865962338709e+01
3.109164366698301762e+01,1.034457461589871308e+01
2.372130659142518283e+01,1.777144683318801199e+01
1.038638515297000531e+01,9.269816847145079919e+01
2.249885380572692029e+01,1.975509909572673095e+01
3.882447127212292770e+01,6.634205193007519874e+00
2.362444440130724033e+01,1.791747440833976412e+01
1.355477637538144187e+01,5.442711142481088871e+01
1.239532249608695835e+01,6.508551399650099256e+01
1.175491174139309258e+01,7.237044692391567935e+01
1.017306456131684378e+01,9.662653333551156720e+01
1.448984151415700161e+01,4.762913884883465698e+01
1.092262369670032918e+01,8.381969121042941140e+01
5.210969940024524760e+01,3.682670510827294574e+00
1.022500204714915739e+01,9.564740522400005318e+01
1.109665024449331838e+01,8.121125175503831883e+01
6.410809382439653348e+01,2.433180191833261397e+00
2.558077241394177292e+01,1.528173598037370340e+01
1.099929551277888784e+01,8.265521494972907135e+01
1.276961307110658694e+01,6.132598380383398506e+01
1.068978928026533026e+01,8.751081152372064764e+01
1.063187145965471458e+01,8.846685032099260582e+01
1.036622902267382784e+01,9.305900419190125206e+01
1.015462009905797913e+01,9.697786957693791976e+01
1.109708936815684943e+01,8.120482465048499421e+01
1.802052457471717872e+01,3.079393167638820827e+01
1.340624345914031856e+01,5.563983021241678983e+01
1.909929589112697812e+01,2.741355041679072002e+01
1.356759366825660429e+01,5.432432551750636662e+01
2.319312105438778460e+01,1.859009505805964224e+01
1.113472140780526587e+01,8.065685599492756808e+01
4.509669768388967981e+01,4.917116731281552688e+00
1.644876757652416543e+01,3.696011143876645377e+01
2.625291574095918889e+01,1.450924822227187150e+01
1.404438650485334428e+01,5.069842343369317916e+01
2.903572241789209230e+01,1.186136658213286132e+01
1.956567480229454148e+01,2.612223536365252841e+01
3.678484999272913569e+01,7.390299198762275701e+00
2.012578390086409286e+01,2.468848211374514889e+01
1.099327357820715889e+01,8.274579408813943360e+01
1.104884168319457416e+01,8.191557773755747007e+01
1.363222946991426276e+01,5.381040046754354478e+01
4.130894717444864739e+01,5.860190676753627592e+00
1.423647130089006829e+01,4.933956157316242042e+01
1.093658793947854413e+01,8.360577965614032792e+01
1.133476687086216117e+01,7.783497955892168818e+01
1.305378767339946755e+01,5.868497328464263063e+01
2.082863431527336573e+01,2.305039699358107086e+01
1.371222525829648653e+01,5.318438258888551218e+01
3.158031422221247908e+01,1.002690975541692708e+01
3.760401144173867749e+01,7.071827322749991040e+00
1.003285412697127299e+01,9.934614151456287345e+01
2.526703652849415960e+01,1.566359276917663657e+01
2.717645372085262423e+01,1.353986800952691816e+01
5.050404659643612604e+01,3.920555859291038558e+00
1.036941738806741498e+01,9.300178583870788884e+01
2.082817563653595982e+01,2.305141223789153671e+01
1.631929619072504423e+01,3.754889408206885548e+01
1.109258318425894529e+01,8.127081436497134348e+01
1.428106616736017465e+01,4.903190166074770673e+01
1.790962618474084067e+01,3.117647125928278840e+01
1.064220639721447803e+01,8.829510859949070323e+01
1.949321066611397057e+01,2.631681014529907969e+01
1.737740807211440952e+01,3.311539964042457029e+01
2.208651480643711551e+01,2.049961092958838194e+01
2.899159955884435647e+01,1.189749812834017817e+01
1.051317259222436107e+01,9.047579578095768227e+01
4.841945741106272294e+01,4.265403914231327143e+00
1.852460847870110427e+01,2.914083046679159494e+01
1.187374702918040015e+01,7.092909456439616633e+01
1.359845388660715670e+01,5.407803894870130534e+01
1.123653184824173934e+01,7.920186821570428037e+01
1.038819113535933525e+01,9.266594020275320531e+01
1.846603691216434484e+01,2.932598454147069233e+01
1.672520886280878472e+01,3.574842399037325436e+01
4.078830687676363453e+01,6.010749704571413332e+00
1.482810607127525415e+01,4.548085619994103723e+01
3.084446011006946264e+01,1.051103916153380347e+01
1.755311919093013984e+01,3.245573108625198699e+01
3.323417471714430604e+01,9.053785532026960681e+00
1.256239261310409105e+01,6.336585152346652450e+01
2.442774921169589319e+01,1.675842093314586378e+01
1.116337409244793299e+01,8.024334846421052703e+01
1.283412537223048666e+01,6.071100820465756698e+01
1.043444499755564969e+01,9.184622094054250852e+01
2.712428393131194682e+01,1.359200220562160411e+01
1.020058391032925194e+01,9.610587443379269246e+01
2.061983489684186566e+01,2.351958383416001652e+01
4.625544681383555456e+01,4.673844283214965145e+00
1.233951651422211881e+01,6.567554915872950971e+01
7.744343819268559059e+01,1.667365259612045181e+00
1.214853190038671649e+01,6.775672450306758776e+01
1.033987335975696631e+01,9.353401146899399521e+01
6.117274333899246841e+01,2.672293070970078066e+00
1.766401450563352071e+01,3.204949380712136531e+01
1.022071630406538212e+01,9.572763563778684670e+01
9.560025614485678602e+01,1.094162656184376470e+00
5.527261272621154831e+01,3.273256295429445295e+00
1.022412157506231623e+01,9.566387969489363741e+01
3.529988962484828363e+01,8.025152706297317806e+00
2.495872390483149061e+01,1.605296453584458405e+01
2.833176573354546335e+01,1.245812590945243770e+01
1.075827611618634272e+01,8.640017598577166780e+01
1.247775739265996897e+01,6.422837367333947611e+01
1.217571081008410161e+01,6.745456579623461835e+01
2.507323614828169411e+01,1.590666804650930644e+01
1.949037171354934728e+01,2.632447727633299195e+01
2.213441758681174676e+01,2.041097740143292683e+01
2.085263100368104716e+01,2.299737587329377320e+01
2.295946640699034802e+01,1.897039696836189293e+01
1.290529243365765133e+01,6.004326496778438127e+01
1.690144385841514918e+01,3.500679776887267280e+01
1.939485424253326684e+01,2.658440593049884271e+01
2.246368952348274206e+01,1.981699610467967432e+01
3.408865588060324825e+01,8.605581964428392183e+00
1.066321697722940698e+01,8.794750172025550228e+01
1.079365965352577739e+01,8.583463417321186739e+01
1.892899703122310839e+01,2.790903329401943012e+01
2.705610908629540745e+01,1.366058561396333992e+01
1.394275835108849648e+01,5.144019415138598816e+01
2.557233978990966250e+01,1.529181612025481130e+01
1.972696998968920923e+01,2.569681111353567005e+01
1.535287790782950168e+01,4.242485898937110989e+01
1.982943300599315606e+01,2.543193513828633812e+01
1.799906808314617024e+01,3.086739365305639282e+01
1.242756889876313586e+01,6.474819125607588433e+01
2.322832522155299628e+01,1.853378855502014133e+01
9.914623338479783854e+01,1.017296523676435527e+00
2.517198736359830136e+01,1.578210723199661025e+01
1.004286770736056411e+01,9.914812743160240416e+01
1.086005242386479708e+01,8.478834467666798957e+01
1.184550822031297557e+01,7.126767701316315140e+01
1.314989759130490121e+01,5.783027516077337538e+01
2.329308430525786022e+01,1.843087708856489115e+01
2.080227655165403533e+01,2.310884654065497656e+01
2.141529796596339352e+01,2.180478240810832702e+01
1.858472846135991219e+01,2.895259930387533132e+01
2.412955129867067328e+01,1.717518832953615515e+01
1.371255226371449254e+01,5.318184602624486246e+01
1.813200682642794348e+01,3.041643090965213503e+01
2.406505373939472747e+01,1.726737529979840247e+01
1.262262148355214109e+01,6.276259354602813545e+01
1.930805623968807794e+01,2.682395980941695512e+01
2.582360394026329331e+01,1.499568453147793967e+01
2.716430419169168076e+01,1.355198242320264690e+01
3.343460392136775994e+01,8.945562091045816899e+00
1.440901212230976292e+01,4.816500243056020025e+01
2.683620069661208873e+01,1.388538537803572481e+01
1.012857416275681111e+01,9.747727394735065332e+01
1.207309365747643604e+01,6.860612031284119894e+01
1.206327606303332800e+01,6.871783476624440823e+01
1.047360095216409981e+01,9.116076347982152583e+01
1.141501926940505740e+01,7.674440124514217132e+01
1.077178154216082717e+01,8.618365847146638714e+01
1.977302005874071256e+01,2.557725811029521523e+01
6.299908808711472830e+01,2.519599269952072618e+00
1.334147487468507087e+01,5.618136861233416113e+01
7.630136945763622691e+01,1.717652613424803576e+00
1.588452051718399360e+01,3.963252845476348796e+01
2.230727940332847581e+01,2.009586877368840874e+01
1.699688074974367780e+01,3.461477756552532981e+01
5.107111529071232070e+01,3.833975345805285873e+00
1.699757497114558902e+01,3.461195012352592926e+01
1.477390920471000868e+01,4.581515378335260635e+01
1.125188011122651943e+01,7.898594305373170243e+01
2.831693215016243315e+01,1.247118149408230359e+01
1.329838248240025678e+01,5.654606140025983052e+01
2.380822246281928045e+01,1.764192844159444462e+01
1.401725048761589498e+01,5.089490775205570117e+01
1.133458567040493570e+01,7.783746819803546657e+01
1.054809496937193991e+01,8.987769736429241618e+01
1.001812883051960057e+01,9.963840697523630752e+01
1.088140073022365684e+01,8.445597718279735489e+01
1.100688734075672315e+01,8.254123399428425500e+01
1.865152085295103390e+01,2.874560805575724842e+01
1.072858826815867950e+01,8.687900585170137902e+01
1.086046048005543341e+01,8.478197335216920294e+01
1.190157904918011766e+01,7.059774496125217524e+01
1.172761811549832167e+01,7.270769364896248987e+01
2.510846126985117621e+01,1.586206784006394876e+01
2.378841351352095757e+01,1.767132204275517537e+01
1.032200256970704189e+01,9.385816826940573776e+01
1.446983424559477349e+01,4.776094240068704266e+01
1.108314499058745639e+01,8.140929063481483752e+01
1.307984051928270830e+01,5.845142488688597382e+01
1.685326234827798686e+01,3.520724458538161628e+01
1.674825747523175323e+01,3.565009918043045190e+01
2.424495677747138700e+01,1.701207041201620740e+01
1.781097455421647169e+01,3.152278889907010040e+01
2.538838811272563234e+01,1.551421274107718418e+01
3.457177520688478012e+01,8.366747046568940860e+00
1.154440336850116466e+01,7.503381259877494358e+01
1.052472603516598504e+01,9.027726648878585536e+01
2.545559441390650335e+01,1.543240153187663033e+01
2.567796457007033339e+01,1.516627091141572770e+01
2.183041435038416722e+01,2.098340882802884266e+01
1.251130892651842430e+01,6.388435355656073256e+01
1.077608586935835966e+01,8.611482298106233202e+01
1.074485325829750693e+01,8.661617924774917299e+01
3.167768275321535043e+01,9.965364532364816341e+00
3.116900513643633985e+01,1.029328787429432701e+01
3.181226128214122184e+01,9.881227957306386145e+00
3.879301026021684606e+01,6.644970196409916596e+00
1.028198824099090025e+01,9.459012389271492793e+01
1.128562558897969303e+01,7.851429291957104795e+01
3.629848493544614740e+01,7.589671924787830370e+00
1.266097402591455889e+01,6.238292935444626863e+01
1.956058635931037770e+01,2.613582787992602974e+01
3.107734234311625343e+01,1.035409764076650596e+01
2.768422762610743249e+01,1.304773648745998571e+01
1.205044082983648934e+01,6.886429897811652268e+01
1.498692415878246109e+01,4.452203234888443717e+01
2.517063039771280586e+01,1.578380892623679088e+01
2.140475255791134401e+01,2.182627267942303817e+01
6.127545700405098472e+01,2.663341657862313028e+00
2.238288388599666590e+01,1.996033916321271917e+01
1.788235136301437223e+01,3.127164679383911405e+01
1.604879676424571144e+01,3.882532012623356366e+01
3.508432375378921364e+01,8.124072305892783064e+00
1.528621424314068378e+01,4.279569815942241462e+01
1.909626969207518599e+01,2.742223959377547260e+01
2.119035146416641879e+01,2.227017757672818732e+01
1.907102140920010669e+01,2.749489671695554449e+01
2.008786183492302868e+01,2.478178442479783072e+01
2.305573739994434135e+01,1.881230304181697477e+01
1.999499222054642544e+01,2.501252415230205983e+01
2.241791409973569671e+01,1.989800788227925921e+01
1.036527539902972883e+01,9.307612816508014930e+01
1.215593107798482819e+01,6.767426410515487589e+01
2.849916755271198099e+01,1.231219969114293988e+01
2.255491486007684543e+01,1.965701711796766205e+01
3.029648164170434654e+01,1.089470831102659076e+01
1.233477692219291910e+01,6.572603002505701397e+01
1.060862072733717199e+01,8.885505782993155321e+01
1.065134062155786587e+01,8.814373582070085433e+01
3.411249475432465061e+01,8.593558469721457982e+00
1.079793500170339726e+01,8.576667668006848544e+01
1.766424807456559520e+01,3.204864625148023549e+01
1.149820322099388825e+01,7.563800049565460881e+01
1.642333873810991562e+01,3.707465335015238850e+01
1.184314930580655911e+01,7.129606998453996880e+01
2.219001542801008853e+01,2.030882473407614697e+01
1.140207572909925915e+01,7.691873933802760632e+01
2.387353290797858918e+01,1.754553498581339355e+01
1.069082854843943409e+01,8.749379829030256417e+01
1.358342826540364889e+01,5.419774444963968563e+01
1.218564289303196624e+01,6.734465098639526559e+01
2.149720221204491821e+01,2.163894667722378173e+01
1.055091491916636492e+01,8.982966044499279690e+01
2.050654209565967179e+01,2.378017970637369061e+01
1.056326678795474194e+01,8.961970352881715485e+01
1.049032147675671034e+01,9.087039277282583782e+01
1.404061058235527071e+01,5.072569561783209480e+01
1.372541274703992187e+01,5.308223170725162277e+01
1.029710883892801299e+01,9.431252964062392152e+01
3.194178644001422995e+01,9.801252927879183119e+00
1.857283057455129338e+01,2.898970566571195917e+01
2.063639310814226846e+01,2.348185572958090717e+01
1.050902647377123600e+01,9.054720056159219155e+01
1.030887604310686712e+01,9.409734393207014591e+01
1.065735169310939057e+01,8.804433234869301828e+01
2.237042724723681886e+01,1.998257458653448992e+01
1.128152080485625852e+01,7.857143820347589269e+01
1.065481717608633261e+01,8.808622446121727023e+01
1.299152585811044425e+01,5.924881597624931118e+01
4.099916336835417496e+01,5.949082763527673734e+00
1.215894160815093450e+01,6.764075622299249346e+01
1.197219086285044654e+01,6.976743177346399705e+01
1.069226077138798203e+01,8.747036035967245482e+01
1.088886865816213501e+01,8.434017178728474562e+01
1.010463027851128537e+01,9.793978465758235075e+01
2.433010925653997347e+01,1.689319836290945887e+01
2.978561157932098169e+01,1.127163602597580905e+01
1.340411764799057082e+01,5.565747988601210494e+01
1.336338944788520422e+01,5.599725645917514072e+01
2.149327960208048083e+01,2.164684578755064237e+01
1.897062429049787724e+01,2.778668603717158092e+01
2.148004708003588092e+01,2.167352455530951971e+01
6.726951192671955937e+01,2.209853312359449262e+00
1.155390592206140177e+01,7.491043966882175198e+01
1.139882785479899319e+01,7.696257858025568055e+01
1.025986862449653891e+01,9.499842399293019923e+01
2.195345403389913841e+01,2.074886194902327574e+01
1.791352501070533521e+01,3.116290180180565272e+01
3.529142109578841513e+01,8.029004599521327279e+00
2.035121965226491270e+01,2.414455006020795835e+01
3.765897826143923055e+01,7.051198394846807105e+00
2.729492223219455127e+01,1.342258854209574181e+01
1.434542019585527406e+01,4.859297094439409648e+01
1.147184128440020601e+01,7.598602748760139036e+01
1.200232323663356127e+01,6.941756293832034430e+01
1.613934647569055514e+01,3.839088378122153955e+01
1.016302554449327822e+01,9.681752262094525463e+01
1.311464104356023519e+01,5.814162740716699318e+01
1.119146090043249409e+01,7.984108616341367792e+01
1.376965984631624451e+01,5.274163344731746861e+01
1.039241327995388176e+01,9.259066037866075760e+01
3.888055290803717412e+01,6.615080529221689432e+00
1.159100074373405320e+01,7.443173330594720483e+01
1.123208591404741163e+01,7.926458069617278568e+01
4.106498040738872390e+01,5.930028219791505073e+00
1.684777224669125317e+01,3.523019395102923568e+01
2.642936110554736828e+01,1.431616418513902644e+01
1.243175832604669750e+01,6.470455911237236535e+01
1.001648579290494112e+01,9.967109769747771963e+01
8.336365898715567369e+01,1.438952517219376226e+00
1.020693540024992174e+01,9.598630366222904797e+01
8.811331558012075504e+01,1.288003114302880725e+00
1.033920032805799849e+01,9.354618908458637350e+01
1.656775099743828150e+01,3.643115015869431517e+01
1.632050687396906241e+01,3.754332340572847215e+01
5.374535432027819581e+01,3.461928860711537048e+00
1.423892625821861202e+01,4.932254960550967127e+01
2.242292335133072712e+01,1.988911849773058549e+01
1.787327459687083930e+01,3.130341685336358637e+01
2.220230891082987057e+01,2.028634085021391797e+01
1.213347976142645379e+01,6.792493943547347612e+01
2.064180678191568319e+01,2.346954029249426554e+01
1.079986215336776034e+01,8.573607061409924768e+01
1.033836436907711054e+01,9.356131796489168551e+01
1.235395159776796348e+01,6.552216047765291762e+01
1.124216734042986765e+01,7.912248323152850560e+01
1.221100479342440259e+01,6.706519575102349506e+01
1.108711987962453804e+01,8.135092833801238044e+01
2.956327020322432020e+01,1.144181850308364368e+01
1.090674801324368204e+01,8.406388193571147838e+01
8.007780721068246521e+01,1.559465084143899505e+00
1.197177250732139342e+01,6.977230792706531304e+01
1.217210499772244248e+01,6.749453662030006740e+01
1.407374378353714306e+01,5.048713418045550583e+01
1.885039925528976212e+01,2.814225499488123106e+01
1.905570918874538933e+01,2.753910153413174555e+01
1.061580688283445717e+01,8.873480128219669893e+01
1.689968520402663543e+01,3.501408406576324239e+01
1.413645161041872100e+01,5.004021628757158879e+01
1.590173752011865638e+01,3.954675368181848683e+01
1.538478009734042651e+01,4.224909532988627348e+01
2.286057550078770717e+01,1.913487728713689862e+01
1.055099471949763590e+01,8.982830163291042425e+01
8.382528012035656673e+01,1.423147693318994156e+00
1.059326400437030458e+01,8.911286534978600571e+01
1.068230733898045060e+01,8.763344047047782226e+01
1.689495499678487533e+01,3.503369312178286066e+01
1.217692241963723987e+01,6.744114294151185618e+01
2.201563608140557804e+01,2.063181925691716145e+01
1.407989403696568864e+01,5.044303713647701670e+01
1.069551448511036895e+01,8.741714922669378041e+01
2.255628254518973819e+01,1.965463341005328601e+01
7.536025122101007412e+01,1.760821469559490149e+00
2.466915775093489316e+01,1.643203516633504435e+01
1.103305490163955760e+01,8.215016526147113041e+01
1.360467067286871767e+01,5.402862727168808732e+01
1.156950587529789587e+01,7.470856216129978122e+01
1.858615469761646111e+01,2.894815603272313354e+01
1.055643963047842782e+01,8.973566036659890699e+01
1.318385392240698906e+01,5.753276350372977532e+01
1.794216862496596576e+01,3.106348175387464750e+01
2.061496520217873751e+01,2.353069680169060973e+01
1.243973506986299782e+01,6.462160457852309037e+01
8.735938813498327704e+01,1.310330448191074471e+00
3.694839730350616236e+01,7.325019584424373065e+00
5.888331854207886096e+01,2.884134064908105533e+00
2.894106412509932369e+01,1.193908403257072948e+01
1.168457125258789908e+01,7.324440198612551001e+01
1.022627697626432131e+01,9.562355762814078730e+01
1.282901785070251144e+01,6.075935867239816446e+01
1.137537178700332241e+01,7.728030018104192322e+01
1.130438469580687944e+01,7.825392741046012191e+01
1.841650625474366620e+01,2.948393942709575200e+01
1.045002626727191064e+01,9.157253476705028561e+01
1.003126559203768764e+01,9.937760859327069340e+01
2.703110020186871054e+01,1.368587456211975883e+01
2.928207176362690944e+01,1.166262734019567482e+01
1.319831669690768727e+01,5.740674326892168011e+01
1.282527237374073437e+01,6.079485203293288720e+01
2.846972415158871073e+01,1.233767942448028165e+01
1.178013812030814655e+01,7.206082583967186395e+01
1.233307884025738232e+01,6.574413026898167800e+01
1.549841849663489057e+01,4.163180421171546897e+01
1.729622190792287384e+01,3.342700781083980388e+01
1.527497771957203021e+01,4.285868374926075575e+01
2.169231975848342486e+01,2.125142246244056210e+01
6.901611545207281040e+01,2.099418292466335600e+00
1.687758806705750203e+01,3.510582910687844560e+01
1.481595617567826828e+01,4.555548037188215460e+01
1.919508560696136001e+01,2.714062805317032101e+01
1.679829794375725882e+01,3.543801929351747759e+01
3.988886636178766310e+01,6.284874534568578142e+00
2.363342842530907717e+01,1.790385468110966372e+01
2.751339446369910746e+01,1.321026867357698542e+01
1.181816687878469274e+01,7.159781414997976867e+01
1.976685508788878565e+01,2.559321488636822650e+01
6.845075139943767795e+01,2.134241499351364535e+00
1.041641148892564139e+01,9.216451546460042721e+01
1.352402442013983652e+01,5.467491385124372272e+01
1.109649185649593228e+01,8.121357014169555555e+01
1.891474627033820255e+01,2.795110362173295471e+01
1.332939741068499018e+01,5.628322405794524741e+01
1.390478921142262614e+01,5.172150824526948298e+01
2.757280429955602585e+01,1.315340290268263779e+01
3.543763907882917863e+01,7.962884907565418224e+00
1.096920527248503241e+01,8.310930920542072897e+01
1.018088733590992589e+01,9.647809888943807266e+01
5.258387071540355606e+01,3.616553524640733652e+00
2.414940117380131213e+01,1.714696525042121067e+01
4.263559331891257642e+01,5.501173952113219023e+00
1.388927090808583209e+01,5.183714835962931033e+01
6.687935233854292960e+01,2.235712127027568830e+00
2.832045186185464303e+01,1.246808180938335298e+01
1.225619623502232614e+01,6.657153764742753310e+01
1.184495752320535544e+01,7.127430393704308642e+01
1.300179507438782167e+01,5.915525987570931221e+01
1.243976874978593727e+01,6.462125466080999558e+01
2.561175929522570627e+01,1.524478054311093977e+01
2.021274008617186269e+01,2.447651695089163582e+01
1.180651343530450070e+01,7.173922301838510407e+01
1.071456429620343620e+01,8.710658133944049553e+01
1.134195864120441577e+01,7.773630280583493857e+01
2.345191165183664594e+01,1.818207735491577637e+01
1.049961259023106841e+01,9.070964139874124044e+01
1.148482922347372970e+01,7.581426283294177892e+01
1.137793007631157138e+01,7.724555165689520209e+01
1.087967427683443233e+01,8.448278329358605276e+01
1.564082456010340572e+01,4.087715959919533759e+01
1.664156149805787877e+01,3.610869987025564143e+01
2.703290576298646286e+01,1.368404643028961765e+01
1.522614647619627881e+01,4.313402574229994713e+01
2.189767486851800271e+01,2.085470224965811070e+01
1.355326502709775482e+01,5.443925062634764345e+01
1.612199867162324196e+01,3.847354795469908595e+01
1.408705018736056935e+01,5.039180053721280927e+01
1.122403579101945503e+01,7.937832203915139928e+01
1.291443515482606408e+01,5.995828029652441415e+01
1.805419158779919542e+01,3.067919122376895302e+01
1.453515384910647867e+01,4.733264064657799963e+01
1.278564976197004732e+01,6.117224127290283064e+01
1.181961760608349188e+01,7.158023954941251077e+01
1.387878131809230098e+01,5.191553505709018879e+01
1.023912495085807706e+01,9.538373279048879283e+01
1.241861587991934712e+01,6.484158342508457906e+01
1.110857584592305258e+01,8.103697682167714333e+01
1.362699937655452054e+01,5.385171366027095274e+01
1.130394319935672520e+01,7.826004023414250810e+01
1.980954428212255891e+01,2.548302794925566772e+01
1.452685214109814993e+01,4.738675478444549327e+01
1.400208354956345680e+01,5.100522533141809589e+01
1.866016383676613444e+01,2.871898553630590101e+01
1.251845737308826223e+01,6.381141429789408193e+01
1.008628980898496508e+01,9.829628735419079533e+01
1.079187260335500831e+01,8.586306362256821956e+01
1.105379459283975763e+01,8.184218582577202028e+01
1.024032263201671533e+01,9.536142243501564053e+01
1.799679294093772697e+01,3.087519861580333114e+01
5.370540495911416201e+01,3.467081164661849346e+00
1.369111290142550530e+01,5.334853482631368138e+01
4.549658743808380024e+01,4.831059145508471708e+00
2.712292803916091444e+01,1.359336118498597479e+01
1.211628675075867534e+01,6.811784718200047450e+01
1.281812482339546122e+01,6.086267091011804098e+01
2.559630623404480332e+01,1.526319332785212524e+01
2.057170875031083312e+01,2.362975756472018318e+01
1.237877881174434869e+01,6.525959800464747218e+01
1.154830060435032557e+01,7.498317742192190849e+01
1.516443656894476533e+01,4.348579781791853094e+01
1.125713956019295736e+01,7.891215423916827376e+01
1.124893444784425078e+01,7.902731523247192058e+01
1.839683372917521709e+01,2.954703003092978975e+01
1.352769958372544856e+01,5.464521006370588907e+01
2.668577271334883605e+01,1.404237072720620461e+01
1.665814472097095233e+01,3.603684306070740462e+01
1.756940433437411997e+01,3.239559230515616406e+01
1.157798287272235171e+01,7.459920417480594779e+01
1.287334504677764535e+01,6.034164982567074276e+01
1.109497660241508932e+01,8.123575452317862755e+01
1.356097485137094871e+01,5.437736750222519788e+01
1.169131880186068884e+01,7.315988156509361318e+01
1.291127287576993510e+01,5.998765432265200559e+01
4.003584192782296469e+01,6.238814434008880916e+00
1.022028552650643896e+01,9.573570550749015240e+01
4.634240123644173082e+01,4.656321231506671765e+00
1.481484681799068603e+01,4.556230315110327211e+01
2.853379387318810956e+01,1.228233562914231136e+01
1.543347904658882364e+01,4.198288957853647929e+01
1.192534017781772171e+01,7.031669454409454545e+01
5.608907829003535994e+01,3.178654997626285894e+00
1.129759148235259048e+01,7.834806348484860905e+01
1.780402840017304200e+01,3.154739061910232323e+01
1.681140352859499387e+01,3.538278833811415325e+01
1.296710529922015276e+01,5.947218913590780431e+01
1.468975640661289539e+01,4.634157731966696048e+01
1.402947901767528727e+01,5.080622325136231865e+01
1.067141479532807224e+01,8.781243046561969834e+01
4.813045791996650991e+01,4.316780962704395819e+00
1.270170200540553296e+01,6.198350930150970584e+01
1.949334753402508724e+01,2.631644059212915820e+01
2.103035345502621212e+01,2.261032767048805070e+01
1.273558065603762479e+01,6.165417612741345721e+01
5.103483857098342469e+01,3.839427836104463587e+00
1.590721169340747743e+01,3.951953979455235810e+01
1.387856095603286732e+01,5.191718368695623553e+01
1.200158445138483820e+01,6.942610951817937348e+01
1.373068317144376849e+01,5.304148905914860990e+01
1.391372221930385322e+01,5.165511618774548452e+01
1.114027034554005979e+01,8.057652609381085540e+01
1.119801808230332441e+01,7.974760904319586530e+01
1.111716682318975558e+01,8.091177984628262720e+01
4.022623534247991017e+01,6.179896758187059191e+00
1.154071096958674580e+01,7.508183374584851322e+01
1.560547653533694046e+01,4.106255134949466168e+01
5.444055073342747164e+01,3.374076927107610757e+00
1.248815733079739232e+01,6.412144148833540669e+01
1.162763802462472995e+01,7.396342149089340978e+01
1.485669005583822511e+01,4.530601597967208249e+01
1.575135617766942531e+01,4.030547983685792701e+01
1.141364301414680149e+01,7.676291001634501754e+01
1.145466863080594599e+01,7.621403231234286579e+01
1.041347315499689330e+01,9.221653429166528326e+01
1.963749678716316183e+01,2.593150638167261590e+01
1.353375814713439063e+01,5.459629573224883359e+01
1.422969503133975877e+01,4.938656437609505190e+01
1.255879444446499171e+01,6.340216610486491788e+01
1.267032078144406881e+01,6.229092490801557602e+01
1.355106907592175425e+01,5.445689582053492472e+01
1.516120716912703514e+01,4.350432510039519229e+01
1.237084890762975142e+01,6.534328962873524915e+01
1.211955044042510465e+01,6.808116503257234342e+01
1.819871045000538601e+01,3.019386921425781622e+01
1.256436781259476909e+01,6.334593005005411470e+01
1.149266513422809943e+01,7.571091495578659192e+01
5.724073496083651946e+01,3.052035615122027590e+00
1.399970201136867409e+01,5.102258016141097130e+01
1.316965022790557427e+01,5.765693057766736729e+01
2.787165399223462714e+01,1.287284429497784188e+01
1.410474916687521407e+01,5.026541418940366412e+01
1.253887036846835557e+01,6.360381635964074576e+01
1.078898357270746367e+01,8.590905391127658675e+01
1.009286409589567945e+01,9.816827264611913506e+01
1.592919840940832721e+01,3.941051921352376297e+01
1.492064208340681120e+01,4.491847203826866064e+01
1.180457427936404535e+01,7.176279438375364350e+01
6.799813381682854185e+01,2.162748464532693760e+00
1.363041336718744390e+01,5.382474071134874549e+01
2.769792252870466243e+01,1.303483708641690164e+01
1.344163989027633832e+01,5.534717867357270649e+01
1.260863516659822636e+01,6.290191146278645107e+01
1.358851114046138342e+01,5.415720596268563725e+01
1.219924380377274176e+01,6.719456988184442991e+01
7.533626760547032575e+01,1.761942777760406864e+00
1.089792109958776400e+01,8.420011436516620051e+01
3.096223954887563323e+01,1.043122389726396726e+01
1.143340465486738466e+01,7.649778337614239376e+01
2.856764913693071506e+01,1.225324150824880576e+01
1.047883325702580848e+01,9.106974918254471163e+01
1.155090459114382995e+01,7.494937345558317077e+01
1.337569649717002740e+01,5.589425712080642228e+01
2.592708109739204758e+01,1.487622532242470363e+01
1.397732629878032107e+01,5.118607071571974387e+01
3.901367248932716336e+01,6.570014564371195576e+00
1.974780870749506789e+01,2.564260701745635629e+01
1.389100341831747265e+01,5.182421872644471961e+01
1.003502972608763244e+01,9.930306960461349775e+01
1.327876286826216656e+01,5.671328051620775312e+01
5.440740967286131280e+01,3.378188666480876901e+00
1.221444975992883819e+01,6.702737091624184984e+01
3.401532502605686403e+01,8.642726098632451226e+00
1.117512483073171481e+01,8.007468406758725621e+01
1.245263310957970049e+01,6.448780791674562352e+01
2.452148575218077653e+01,1.663054336656373522e+01
1.307087198265650940e+01,5.853166491874653588e+01
1.591052545423193720e+01,3.950307966374219149e+01
1.179992728840328198e+01,7.181932807478851544e+01
1.061123229554381453e+01,8.881132634199293818e+01
1.050729538562750776e+01,9.057703851542430584e+01
1.585841914769889094e+01,3.976309816296034683e+01
1.143836646438276894e+01,7.643143035186739098e+01
3.209117832623842759e+01,9.710211116479470661e+00
1.108727032274824609e+01,8.134872065219141746e+01
2.466593506926406221e+01,1.643632924055350841e+01
1.795422176984140705e+01,3.102178827652459603e+01
1.299487546954672368e+01,5.921827548602997382e+01
1.284529657698599792e+01,6.060545669996506035e+01
1.360532694848770774e+01,5.402341507564749179e+01
1.337800301785621038e+01,5.587498516424216888e+01
1.740782080200256488e+01,3.299979069070003845e+01
1.190552168361758056e+01,7.055099438279863477e+01
1.698310722280915996e+01,3.467094642759629153e+01
1.333492265013874167e+01,5.623659253673149294e+01
3.692505429802439210e+01,7.334283864329473879e+00
1.829551365171759514e+01,2.987519757683175214e+01
1.038567449175772062e+01,9.271085503248626480e+01
1.364099339469952987e+01,5.374127957620019203e+01
1.440840562912683609e+01,4.816905733589628369e+01
2.543518157532497881e+01,1.545718181730370588e+01
1.264233070536964121e+01,6.256705402530447913e+01
1.176922069603582344e+01,7.219457870562440860e+01
1.162955762786885039e+01,7.393900633933479583e+01
2.319087089646911437e+01,1.859370274309720017e+01
1.254991298096433994e+01,6.349193617368852216e+01
1.295059395059313800e+01,5.962393384052414547e+01
1.381099364377665317e+01,5.242641357818150283e+01
1.289599811835709531e+01,6.012984409599497582e+01
1.420931044215123862e+01,4.952836533835233013e+01
2.107757953504105686e+01,2.250912051835313576e+01
2.954370063827865778e+01,1.145698150326449571e+01
1.047413691529323820e+01,9.115143429911896078e+01
1.311809077423297332e+01,5.811105183240712080e+01
1.306223269822127797e+01,5.860911552578174621e+01
1.478283162648958893e+01,4.575986549046250929e+01
1.484864512066065956e+01,4.535512250713061633e+01
3.472600222032973249e+01,8.292594372637879019e+00
2.148004024937802825e+01,2.167353833968353172e+01
1.162335442821661502e+01,7.401794754526649456e+01
1.621078543397495153e+01,3.805326145028039520e+01
2.581646533703127844e+01,1.500397869884835522e+01
1.601167160712787663e+01,3.900557202972620274e+01
1.286338724037749159e+01,6.043510935208395551e+01
1.578900349884606413e+01,4.011350010775827002e+01
1.018216644847918317e+01,9.645386070825246350e+01
1.170114206926340117e+01,7.303709570209075252e+01
1.062881142131753798e+01,8.851779692486952911e+01
1.467349107714331602e+01,4.644437205137472802e+01
1.118958851098808083e+01,7.986780852490828408e+01
2.732419544608893602e+01,1.339384392038673965e+01
1.376283932347994110e+01,5.279392129903604314e+01
1.586729852581551725e+01,3.971860756574206874e+01
4.600309048366851528e+01,4.725262971100548270e+00
1.252308784206615400e+01,6.376423389780051565e+01
1.254743528443679956e+01,6.351701369404318598e+01
1.106324076813335466e+01,8.170248614787426789e+01
4.000607033692702430e+01,6.248103451447049927e+00
1.850218939909861149e+01,2.921149306694464798e+01
2.582836426920551176e+01,1.499015744412196760e+01
1.466746133541998276e+01,4.648256613620663558e+01
3.515885793888845257e+01,8.089663948259662618e+00
1.392688282416207812e+01,5.155753636640304904e+01
2.850399366867775797e+01,1.230803079650482168e+01
2.766741143251248403e+01,1.306360208028861969e+01
1.359673765733313644e+01,5.409169166059306377e+01
1.346462334336531619e+01,5.515839008703261470e+01
1.438863522013721230e+01,4.830151968674786644e+01
1.323934501078827708e+01,5.705149119617204434e+01
3.292840929668284389e+01,9.222708820412620412e+00
1.114486161467139524e+01,8.051015069549239911e+01
1.485423523364036669e+01,4.532099183025976430e+01
1.103574641185946881e+01,8.211009891016487927e+01
1.477818652425207269e+01,4.578863663355296865e+01
1.863330886360146721e+01,2.880182679289362113e+01
1.352252242696983231e+01,5.468706038801143166e+01
1.268184503870400803e+01,6.217776621923601965e+01
1.600700561560570634e+01,3.902831534586455575e+01
1.430139228147797326e+01,4.889262573975994286e+01
4.327959767184569984e+01,5.338676067829020155e+00
1.341916997975803483e+01,5.553268752012080256e+01
1.085920656035771437e+01,8.480155414265094294e+01
1.950007510167625213e+01,2.629828526780993769e+01
2.147606183288928250e+01,2.168156908104009517e+01
1.327014623320327757e+01,5.678695510695694537e+01
4.202422316791288637e+01,5.662400867013496431e+00
1.269895016117149567e+01,6.201037568676772338e+01
1.380302089358028184e+01,5.248699501432871983e+01
2.443969459442381975e+01,1.674204291918814747e+01
1.119874452174910040e+01,7.973726325312190966e+01
1.953233458057289695e+01,2.621148884368275844e+01
1.024632429727777350e+01,9.524974146481919490e+01
1.185477579751995592e+01,7.115629227796654277e+01
1.173009641029125305e+01,7.267697402702695797e+01
1.064859830136098928e+01,8.818914075848503842e+01
1.335057027957735620e+01,5.610484480530717377e+01
1.257961949028237569e+01,6.319242047307461263e+01
1.461329350292764140e+01,4.682780335393196225e+01
1.236957323465284730e+01,6.535676801889518117e+01
3.930902552268617001e+01,6.471656301090037644e+00
1.197685276958510947e+01,6.971312936768288182e+01
1.616929802903046820e+01,3.824878712235808109e+01
1.148731464305410555e+01,7.578145971496547872e+01
5.862543880611514879e+01,2.909563146882623741e+00
1.260070377184329615e+01,6.298112242014480699e+01
1.294779197026330841e+01,5.964974259110321952e+01
8.214366731275710265e+01,1.482012353765873147e+00
4.246116896989705225e+01,5.546462837554028802e+00
2.025212502553024763e+01,2.438140902832077117e+01
1.485479783941384113e+01,4.531755895031212589e+01
1.219050200268142170e+01,6.729097480049919966e+01
1.309374593048714530e+01,5.832734129532424561e+01
1.407326743562408389e+01,5.049055198632360941e+01
3.423302179128776856e+01,8.533152887685005794e+00
2.225192054980586320e+01,2.019598310635134908e+01
1.526506538049778605e+01,4.291436221852238475e+01
1.907469731845581506e+01,2.748430058480246885e+01
3.320009215965778537e+01,9.072383947565892726e+00
1.207377650241797795e+01,6.859836035182900105e+01
1.408511630567408623e+01,5.040563904136726592e+01
1.126342277684472393e+01,7.882413767865911325e+01
1.314740577282372058e+01,5.785219830009597786e+01
1.665337663569034987e+01,3.605748167867272258e+01
1.216782555112307840e+01,6.754202087402342158e+01
1.643182430291982499e+01,3.703637176475849913e+01
1.135553860659215353e+01,7.755048597863411430e+01
1.388427232571326542e+01,5.187447964965890890e+01
1.100367183171360175e+01,8.258948168250179833e+01
1.458923702661595101e+01,4.698236122474683896e+01
9.729959083752734728e+01,1.056277361717416818e+00
1.363745063019460879e+01,5.376920523960974663e+01
2.399002598366690009e+01,1.737555011189630960e+01
1.337362638952065197e+01,5.591156223776157219e+01
2.907279137750220599e+01,1.183113844181315066e+01
1.210044856068863339e+01,6.829628180179076935e+01
1.288204849563217280e+01,6.026014057651586597e+01
1.117263153357368033e+01,8.011042717048557904e+01
1.256235057321692850e+01,6.336627563162842591e+01
1.398352115051826416e+01,5.114072879095900248e+01
2.490094338438188615e+01,1.612755004693641325e+01
1.243145326203074497e+01,6.470773481105086944e+01
4.296024900888839682e+01,5.418342078141528795e+00
3.387929337569594423e+01,8.712269732678574741e+00
1.050927396962659266e+01,9.054293579638826373e+01
1.781981883238439224e+01,3.149150607508569522e+01
1.121739410022622963e+01,7.947234786054266920e+01
1.989017799515736584e+01,2.527683309701000880e+01
1.119927078695029898e+01,7.972976955790797149e+01
1.719404268738699670e+01,3.382548238309157540e+01
3.264514917150624029e+01,9.383453044705595048e+00
1.439310400329683581e+01,4.827153094919442111e+01
1.299491789966540090e+01,5.921788877572151222e+01
1.812511283348425906e+01,3.043957344570430479e+01
1.440405259924508563e+01,4.819817595071339866e+01
1.000743533119609552e+01,9.985145906425834994e+01
1.413444857886054606e+01,5.005439996568654237e+01
1.821295338033887035e+01,3.014666313924292140e+01
4.126290870740584182e+01,5.873274810334677021e+00
3.160167274564205897e+01,1.001336062358195989e+01
1.462355986467372482e+01,4.676207620957629985e+01
1.263014861995269378e+01,6.268780712144491218e+01
1.148805548860249282e+01,7.577168599009580419e+01
1.009275880727552632e+01,9.817032085832356358e+01
1.380604757073511735e+01,5.246398426132600434e+01
2.301400084218503750e+01,1.888059822732527948e+01
1.073472726402854072e+01,8.677966520923688165e+01
3.391049409967774864e+01,8.696244954703550079e+00
1.201579330912108823e+01,6.926201174575069786e+01
1.254322643397049220e+01,6.355964681809594907e+01
1.011169574454668307e+01,9.780296320286529976e+01
1.146752751067836584e+01,7.604320601723847517e+01
2.423927370818342197e+01,1.702004854781295506e+01
1.182790931886060370e+01,7.147991501489181587e+01
1.289422015815910072e+01,6.014642762550021615e+01
1.370811459383138420e+01,5.321628426718982752e+01
1.668024230389691809e+01,3.594142482445716524e+01
1.565198447216474165e+01,4.081888930427711415e+01
3.419928837330932936e+01,8.549995014661563530e+00
1.308150044987896621e+01,5.843659185559950942e+01
1.223062260035411164e+01,6.685022437271868512e+01
6.927342940361124590e+01,2.083850813688866488e+00
2.190409041347420427e+01,2.084248766474437531e+01
2.243187354578987325e+01,1.987325036571647985e+01
4.395619744423841269e+01,5.175588855110510700e+00
1.237837011630658779e+01,6.526390741534142137e+01
3.695466296368843473e+01,7.322535882015779762e+00
1.600219443760246207e+01,3.905178717662796117e+01
2.185219130404913201e+01,2.094160734233630805e+01
1.081130140797619710e+01,8.555473483538831658e+01
1.251867850032380680e+01,6.380916001570005847e+01
3.207063446933312889e+01,9.722655465290463539e+00
1.420923306732603741e+01,4.952890474241818453e+01
1.483116292546829662e+01,4.546210999384846474e+01
1.408565352185245345e+01,5.040179424874178693e+01
1.369803840974311804e+01,5.329460413745817959e+01
1.539585320428658832e+01,4.218834383955660883e+01
1.375346795178346326e+01,5.286589151324295699e+01
1.033892838808615267e+01,9.355111015215263137e+01
1.154882277901861265e+01,7.497639691599944456e+01
1.082473196467337573e+01,8.534256609211242051e+01
1.533807687351298910e+01,4.250677731221566091e+01
4.271012367763771778e+01,5.481991299469640033e+00
1.192470029990399993e+01,7.032424111647992504e+01
1.319206647255048992e+01,5.746115324696423698e+01
1.311876111368000331e+01,5.810511329373269263e+01
1.458235344588639926e+01,4.702672761724320338e+01
1.232761624105356368e+01,6.580240810569006271e+01
1.046001744424234836e+01,9.139768220089612782e+01
3.428133818710723091e+01,8.509116448559614909e+00
1.681139664924122457e+01,3.538281729594238101e+01
1.609895389304485747e+01,3.858377237919564351e+01
1.037787589923698484e+01,9.285024498992436293e+01
6.979977974697906973e+01,2.052541257881058900e+00
1.414174625391104989e+01,5.000275337411123644e+01
1.383995989185289943e+01,5.220719222995514031e+01
1.040257932134303331e+01,9.240977821127600578e+01
2.442982895094989715e+01,1.675556772755235002e+01
1.140289199700697154e+01,7.690772738576434620e+01
1.152068815307164584e+01,7.534304317406606799e+01
1.248177486230202859e+01,6.418703435778647304e+01
2.368252066554271096e+01,1.782970469040450467e+01
1.227880702670143442e+01,6.632658726101684010e+01
1.335352997717800072e+01,5.607997722756979897e+01
1.332542013800065206e+01,5.631682707149603573e+01
1.364785634263760983e+01,5.368724458909915853e+01
1.019253523003159145e+01,9.625771710164048045e+01
3.809810361088705122e+01,6.889588494277222530e+00
1.407730498028581501e+01,5.046159351388136827e+01
3.023927770735812004e+01,1.093596654879303109e+01
1.235523964561984833e+01,6.550849966955826176e+01
1.107042210905569490e+01,8.159652034176816926e+01
1.515339079821039014e+01,4.354921718384601803e+01
1.953208337337992262e+01,2.621216307353861197e+01
3.226714330684264098e+01,9.604592957681436616e+00
2.142638480924071587e+01,2.178222296441580497e+01
1.320847168924571058e+01,5.731850581754201102e+01
1.706496497453229466e+01,3.433912285570900735e+01
1.296594089595973820e+01,5.948287138734824708e+01
1.112878003795457182e+01,8.074300023182895814e+01
1.082495909882606533e+01,8.533898473759707315e+01
2.369973857799309869e+01,1.780380746130198943e+01
1.300728612021966235e+01,5.910532545008913985e+01
1.780005599662933236e+01,3.156147292872063659e+01
2.049200284941466066e+01,2.381393614744322562e+01
1.656953021835655093e+01,3.642332669194794192e+01
1.179909738621916127e+01,7.182943140920494329e+01
1.595859322397163638e+01,3.926546908599871699e+01
1.812552633675949565e+01,3.043818460661531233e+01
1.278385148564731111e+01,6.118945241310819227e+01
1.033343815113338948e+01,9.365054544154875771e+01
3.570424937628862949e+01,7.844408211924000618e+00
1.194162336270694524e+01,7.012506245590880383e+01
1.182731209660798832e+01,7.148713397949130410e+01
4.085876991946154391e+01,5.990035889182829365e+00
1.606858492731504739e+01,3.872975368936219809e+01
1.023121332472899603e+01,9.553130711702964106e+01
4.347116227562087687e+01,5.291727794978466903e+00
1.410787242499703709e+01,5.024316072968461810e+01
6.104564811486152109e+01,2.683431923713818001e+00
3.277399357620499387e+01,9.309819727045843152e+00
1.029348585875365529e+01,9.437893135569169090e+01
2.096106702112776432e+01,2.276005078696528017e+01
3.542217609289433966e+01,7.969838565760622551e+00
2.336612393161027512e+01,1.831583187383197497e+01
1.481384081652900875e+01,4.556849159344955780e+01
2.139758125953624202e+01,2.184090507556408411e+01
3.034508808610173247e+01,1.085983420448310888e+01
1.012487343419375385e+01,9.754854453863671893e+01
1.161754586299783121e+01,7.409198134920822554e+01
1.304937020191775154e+01,5.872471207213833821e+01
1.146284679209801105e+01,7.610532139312770994e+01
1.386380912381778785e+01,5.202772777208500088e+01
1.396788684094618560e+01,5.125527689182199254e+01
1.380931994015845454e+01,5.243912261757580495e+01
3.285317049526049260e+01,9.265000028362560869e+00
1.041456828837070425e+01,9.219714143892196034e+01
1.608802885426390361e+01,3.863619301309003617e+01
1.260906884356413471e+01,6.289758463400441002e+01
1.745391019222836704e+01,3.282574005213535173e+01
2.112950186450497370e+01,2.239863140208649739e+01
1.905491276795762801e+01,2.754140363559565330e+01
1.983124530472525393e+01,2.542728710362239042e+01
4.071924951636776768e+01,6.031154721570328725e+00
1.216778168222628054e+01,6.754250789776561703e+01
1.019488172673679038e+01,9.621341204177379325e+01
2.361591484644842254e+01,1.793041954986664521e+01
1.281024942020611235e+01,6.093752743990437892e+01
3.906201016875171206e+01,6.553764363184706454e+00
1.486577840087351454e+01,4.525063632467257690e+01
1.347440905871594552e+01,5.507830222539606524e+01
1.387980614664157208e+01,5.190786887534208915e+01
1.551734604417210051e+01,4.153030394612089538e+01
2.088462973160514125e+01,2.292695824726987652e+01
1.305225435441422199e+01,5.869876217759934889e+01
3.320624442038723600e+01,9.069022501437009609e+00
7.642929391927363270e+01,1.711907541427106105e+00
1.189915959991385641e+01,7.062645707758673552e+01
1.146494734714463348e+01,7.607743661226194831e+01
1.287049101851386901e+01,6.036841428529415055e+01
3.331785728708543814e+01,9.008362888623389964e+00
1.153801774871472219e+01,7.511688925823609964e+01
1.088305906624037789e+01,8.443024072079734310e+01
1.021465674352760544e+01,9.584124483137355810e+01
1.108029586329614169e+01,8.145116230596379125e+01
4.503944574158586533e+01,4.929625473451398676e+00
3.941962564466057728e+01,6.435392036884292288e+00
2.692495940262180554e+01,1.379398932999048455e+01
2.874393850213323987e+01,1.210340177310413168e+01
1.019143709130366560e+01,9.627846197224971547e+01
1.033198656092693213e+01,9.367686211615468039e+01
1.326327742865860415e+01,5.684578815172032051e+01
1.339588331889219930e+01,5.572592522139110827e+01
1.128736257981669233e+01,7.849012994741741522e+01
1.222655174086747643e+01,6.689474766600949351e+01
1.465832364553921430e+01,4.654053670262196363e+01
1.591509174317902975e+01,3.948041481182966805e+01
4.462691105286766202e+01,5.021186418778645688e+00
2.447163738259431653e+01,1.669836472197478372e+01
1.390732996786930009e+01,5.170261177098171856e+01
1.875794231760653119e+01,2.842036216711406027e+01
2.228449370789529382e+01,2.013698547571702591e+01
1.915921432893594911e+01,2.724235251758694432e+01
1.096445805762935599e+01,8.318129145124403578e+01
4.019866532636805800e+01,6.188376556151234276e+00
1.038472884576757593e+01,9.272774052682123624e+01
1.040190425624687443e+01,9.242177306116848001e+01
1.125218331663213611e+01,7.898168634344551720e+01
1.382952422380303936e+01,5.228601236530365526e+01
1.146866900151923652e+01,7.602806942146067115e+01
1.187828126889664482e+01,7.087495404909809338e+01
4.958262154580837233e+01,4.067626140472550667e+00
1.399004689328773843e+01,5.109303010800376654e+01
2.735926692876023480e+01,1.335952714660986018e+01
1.004632662456251957e+01,9.907986643653761405e+01
4.037712999333613340e+01,6.133792891904329636e+00
1.443815711677167180e+01,4.797074607393074785e+01
1.113993829216311937e+01,8.058132973017758616e+01
1.588769195628495723e+01,3.961670745248463277e+01
1.014499471973914702e+01,9.716197841588618189e+01
7.039119094261661758e+01,2.018196152447474745e+00
4.033024053218454696e+01,6.148063941765989249e+00
1.341766935584176146e+01,5.554510969819231292e+01
1.104475687469894041e+01,8.197618048832501358e+01
1.403713676018753986e+01,5.075080527557000210e+01
1.042713135430034654e+01,9.197510894417003158e+01
1.462765179904135771e+01,4.673591745413814635e+01
1.126160270915359796e+01,7.884961839631471037e+01
1.191381909309384746e+01,7.045275776590275996e+01
1.491400332347651059e+01,4.495847059751058339e+01
2.837534202174262532e+01,1.241989116095676948e+01
1.305370824588062995e+01,5.868568744431499340e+01
1.165289154183263065e+01,7.364318979673511478e+01
1.541196041523640581e+01,4.210020690694717160e+01
2.554959990780853829e+01,1.531904855001010723e+01
1.088383517033060244e+01,8.441820005354161083e+01
1.069840047182152531e+01,8.736999251319105042e+01
2.814931400785479809e+01,1.262014569402454534e+01
1.278952953282107430e+01,6.113513306189715024e+01
3.877398768902930470e+01,6.651491858649267286e+00
2.113230368280855132e+01,2.239269236807676933e+01
1.333223182268430840e+01,5.625929514793953956e+01
3.046456699315480066e+01,1.077481893087406739e+01
8.466847629277404508e+01,1.394943159630693597e+00
1.215285202119318519e+01,6.770856046602816036e+01
5.747855139995010632e+01,3.026832380794347799e+00
1.395912304484601130e+01,5.131965511951533898e+01
1.152812249005678247e+01,7.524589900092624362e+01
1.230352630110453660e+01,6.606033869970251260e+01
1.218726477686936072e+01,6.732672769759950882e+01
1.975336891855865673e+01,2.562817320201594740e+01
1.811531154165205493e+01,3.047252102734368862e+01
2.078113823611986888e+01,2.315588251368101425e+01
1.037662702492463751e+01,9.287259623443539169e+01
1.746403827064598602e+01,3.278767723293453429e+01
2.597999597172209363e+01,1.481568859604425192e+01
2.976892012251014918e+01,1.128427959989588203e+01
1.273438414919385409e+01,6.166576257061652200e+01
1.470507152522938021e+01,4.624509942532268525e+01
4.836948930974109118e+01,4.274221217333634470e+00
1.092652830387231511e+01,8.375979579243653461e+01
1.021620717602098338e+01,9.581215691213641605e+01
1.176436564696709119e+01,7.225417912241620400e+01
1.206457341005614303e+01,6.870305660841637518e+01
1.834494410372869311e+01,2.971441704048940124e+01
2.109342369888383573e+01,2.247531811097598009e+01
2.980544491573588672e+01,1.125664012368744515e+01
1.429573170092892553e+01,4.893135274520895450e+01
1.111276674684519961e+01,8.097586622529082945e+01
2.729226830161248074e+01,1.342519912395139947e+01
1.128500826486803810e+01,7.852288309348767825e+01
1.196062862998610754e+01,6.990238407681060551e+01
3.649079321262841091e+01,7.509886826348032507e+00
1.244156269072527365e+01,6.460262060985201060e+01
1.094015323816740626e+01,8.355129577472494873e+01
2.079754314305079888e+01,2.311936663524826230e+01
1.102574926155749147e+01,8.225906640879713905e+01
4.692065692507247832e+01,4.542258351751897294e+00
6.379716541689865039e+01,2.456955180095134139e+00
1.460047103436371430e+01,4.691008997312787443e+01
4.363547222132644521e+01,5.251950685360944782e+00
2.459762352616721515e+01,1.652774864921122955e+01
1.475011900051743652e+01,4.596306185725418914e+01
1.412576499457611234e+01,5.011595913767855848e+01
1.034072473774468826e+01,9.351861032017652064e+01
5.485686661840362888e+01,3.323058640728436153e+00
1.017988483657902421e+01,9.649710185332540391e+01
1.026390094030163702e+01,9.492379575892421428e+01
1.427986000009256351e+01,4.904018509945778703e+01
1.569534754170751789e+01,4.059365221280637570e+01
1.440674489548334414e+01,4.818016332624046782e+01
1.075770755856466998e+01,8.640930893094984810e+01
2.071914143716004375e+01,2.329466610357761169e+01
1.179152152016388122e+01,7.192175960630984832e+01
1.217976189955732558e+01,6.740970136642742716e+01
2.509581006046235174e+01,1.587806452817355840e+01
4.957419428226390323e+01,4.069009193553817738e+00
1.012220687364582972e+01,9.759994703733633514e+01
3.985255457520302969e+01,6.296332720608575961e+00
3.593879446694596425e+01,7.742353384713364761e+00
1.347781676477166712e+01,5.505045395595762869e+01
1.011701553611522897e+01,9.770013552888255504e+01
3.715159766095486304e+01,7.245110446291711526e+00
3.070733177988596196e+01,1.060512610921424503e+01
1.049270922132423323e+01,9.082904013559496548e+01
1.257335336704703188e+01,6.325542198935929150e+01
1.521545403754671177e+01,4.319467065981531562e+01
1.004606713969979737e+01,9.908498486889885726e+01
2.946980330798270842e+01,1.151451170383292499e+01
1.297234417077128477e+01,5.942416323672352263e+01
1.110577571812439501e+01,8.107784609609238657e+01
1.431806832091824511e+01,4.877880304629590569e+01
1.200003817432980391e+01,6.944400261403188779e+01
5.109211808946226796e+01,3.830823874902079318e+00
1.199900323713105621e+01,6.945598248929081819e+01
1.295023822910775024e+01,5.962720942591960238e+01
2.927866849239470071e+01,1.166533876069076392e+01
4.572460137276959813e+01,4.782997391615425364e+00
1.177459351410383093e+01,7.212870809386647863e+01
1.201951068895258778e+01,6.921917582726567275e+01
1.510045669369811350e+01,4.385507273858872423e+01
1.139161482083325971e+01,7.706007300121778769e+01
1.041026199410802278e+01,9.227343349352419466e+01
1.176924636285318115e+01,7.219426381663522818e+01
1.331701559587943962e+01,5.638793406993069368e+01
1.023605676096888750e+01,9.544092263851929658e+01
1.084567813181284102e+01,8.501324164717338761e+01
1.113108449958358293e+01,8.070957134447091619e+01
4.007414407945974233e+01,6.226894238325987985e+00
1.354745989728050404e+01,5.448591540759932172e+01
1.053195810289783552e+01,9.015332616613159189e+01
1.460813540870237048e+01,4.686087874093585270e+01
1.151769269451982858e+01,7.538223788375282197e+01
6.163979443210103426e+01,2.631950012403410977e+00
2.849601025014029787e+01,1.231492817789964178e+01
1.074028739154711509e+01,8.668983872825056380e+01
1.302209378053917987e+01,5.897098238858839636e+01
1.210543804005947877e+01,6.823999426189740802e+01
1.041169568512842503e+01,9.224802313026690115e+01
1.570098203531069458e+01,4.056452236183849891e+01
1.043947820510773994e+01,9.175767826752544920e+01
1.014423991349231891e+01,9.717643808903061142e+01
1.339627327542553914e+01,5.572268097996862224e+01
1.502858149977606317e+01,4.427555545712434792e+01
1.169333661491797649e+01,7.313463466898949150e+01
1.008034118846777361e+01,9.841233498208386266e+01
2.571354894719410922e+01,1.512432346355923940e+01
1.729266288460240375e+01,3.344076853046372833e+01
2.011500580120841875e+01,2.471494655657960493e+01
1.304411684357891055e+01,5.877202291460517358e+01
3.833456912788095394e+01,6.804854247201808093e+00
1.750703864212260896e+01,3.262681041016823968e+01
1.520457950725126928e+01,4.325647963391929807e+01
1.349597858473627809e+01,5.490238856143625412e+01
1.254729008461244355e+01,6.351848376647044603e+01
1.828309695139316204e+01,2.991578997094928383e+01
2.270338460916666179e+01,1.940076196374682027e+01
1.314114208286891383e+01,5.790736163247471069e+01
3.019371838685326637e+01,1.096899402108672028e+01
1.106376550834598582e+01,8.169473624333666351e+01
1.524228920974022294e+01,4.304270975203304772e+01
1.024818323883836158e+01,9.521518945888379903e+01
1.276828409594327951e+01,6.133875058599384289e+01
2.696284969008181420e+01,1.375524780325990370e+01
3.634909504578404693e+01,7.568551909265079480e+00
1.491116347219787386e+01,4.497559703146371390e+01
1.135688137203238313e+01,7.753214891001911724e+01
1.024225595824111679e+01,9.532542502600428236e+01
2.452873805196336576e+01,1.662071066699891375e+01
1.321841190924740950e+01,5.723233142182147049e+01
1.002656868504122656e+01,9.947073650720410853e+01
1.124872961956175210e+01,7.903019327775739100e+01
3.146441876979229946e+01,1.010091165772039012e+01
1.194112992484869906e+01,7.013085806750906670e+01
3.154044444883787079e+01,1.005227549127907416e+01
1.256753057899248205e+01,6.331405057019513549e+01
1.118003261643019819e+01,8.000439748686679309e+01
2.977183255816135699e+01,1.128207193393236807e+01
2.482796373705860660e+01,1.622250046226049136e+01
1.034285753555848331e+01,9.348004540288143005e+01
1.287053203913048272e+01,6.036802947670595643e+01
2.026258363409612784e+01,2.435624641239339638e+01
1.067351781032613012e+01,8.777783031436406702e+01
1.610403472779701772e+01,3.855942980295850475e+01
3.817045039566099263e+01,6.863496729085207804e+00
1.322932999587123426e+01,5.713790340428435144e+01
1.765712524166590569e+01,3.207450812785644700e+01
1.377767763575569404e+01,5.268026631711371977e+01
4.243526547011335026e+01,5.553236291094383326e+00
3.103215885086560633e+01,1.038427117017965706e+01
1.218007767065357783e+01,6.740620619013191117e+01
1.000606495645763694e+01,9.987881113276877443e+01
1.001731005206310421e+01,9.965469580222597301e+01
4.483186084968589569e+01,4.975382436479205417e+00
1.116311600786694136e+01,8.024705886377057595e+01
1.091725685073761909e+01,8.390212179686832883e+01
1.068782286271056847e+01,8.754301614176075930e+01
1.039058442938962834e+01,9.262325707905638694e+01
1.021888401687005832e+01,9.576196741917102884e+01
1.421166424287860330e+01,4.951196046892697211e+01
1.123665389798373937e+01,7.920014768303121855e+01
1.138400362384238917e+01,7.716315017595447046e+01
1.710993750133226499e+01,3.415884311516460059e+01
1.507829983203828306e+01,4.398405342179967192e+01
1.036286280683429517e+01,9.311947157008816589e+01
1.539989295716993212e+01,4.216621275979026962e+01
2.969542165991856919e+01,1.134020765492593519e+01
1.284567712152161434e+01,6.060186596145536697e+01
1.714971953958529127e+01,3.400055104781913684e+01
1.520532584654141317e+01,4.325223332991836855e+01
3.803302352070429038e+01,6.913186863103464752e+00
1.324284537303427456e+01,5.702133536671597369e+01
1.534831715311515588e+01,4.245007584166950920e+01
1.627491416442498817e+01,3.775396653557635318e+01
1.426248809440000542e+01,4.915972108659502737e+01
4.232444068467535914e+01,5.582356201837946230e+00
1.013967632903986349e+01,9.726393056215863453e+01
4.897413023092596518e+01,4.169332552014142657e+00
4.768467553542529913e+01,4.397869480257889485e+00
2.215573549234914097e+01,2.037171804524501439e+01
1.319517679343812411e+01,5.743406735580366984e+01
1.197701571842796398e+01,6.971123246836265253e+01
3.146097250487317609e+01,1.010312470590730882e+01
1.064576092771375926e+01,8.823615644698010385e+01
1.206149735732054218e+01,6.873810386122853799e+01
4.667657467829403117e+01,4.589887528122100768e+00
1.169967723969162243e+01,7.305538571008774795e+01
5.476074907862208363e+01,3.334734322303860132e+00
1.636698110874176493e+01,3.733041669697892928e+01
1.203307539017457017e+01,6.906320435968687832e+01
3.487431070944789013e+01,8.222213222372694474e+00
1.168280996396173421e+01,7.326648815492272604e+01
1.011102623132412504e+01,9.781591590291785110e+01
1.121851076710456319e+01,7.945652762847453232e+01
1.354263440811721075e+01,5.452475098836595180e+01
2.211587039431428892e+01,2.044522656821522943e+01
1.169059115909340996e+01,7.316898904557049832e+01
1.143602478298329572e+01,7.646273430342067456e+01
1.129073340645620682e+01,7.844327079008492376e+01
1.398727314758101237e+01,5.111329612028622194e+01
1.050362138063694672e+01,9.064041450361344232e+01
1.072890281094183607e+01,8.687391180542277880e+01
1.135621511491760671e+01,7.754124663503120019e+01
3.189011209536143454e+01,9.833042321524047225e+00
1.760083416816588908e+01,3.227999789842653655e+01
4.119451838781106545e+01,5.892792386149012351e+00
1.205272015982764522e+01,6.883825512778835787e+01
1.557602475733189351e+01,4.121798362747414757e+01
2.477945705958209643e+01,1.628607488102267453e+01
1.412396234819128260e+01,5.012875258975442705e+01
2.765123769393645858e+01,1.307888885191434092e+01
8.338444917344250484e+01,1.438235060626248618e+00
1.287045305154864039e+01,6.036877045129041619e+01
2.442644695995083381e+01,1.676020787045078464e+01
1.185173314652977439e+01,7.119283234372394986e+01
1.653179827972301652e+01,3.658978058540868261e+01
2.547633621787015912e+01,1.540728288530428003e+01
2.437358096990224610e+01,1.683299207838386025e+01
1.449503935245000363e+01,4.759498589934390367e+01
1.467919311484287448e+01,4.640829702694789205e+01
1.805815176838110503e+01,3.066573671116150024e+01
1.025651407116341929e+01,9.506057559567344128e+01
1.292850781887650946e+01,5.982782231564930697e+01
3.110804434252399631e+01,1.033366982955071123e+01
5.039289978296319106e+01,3.937869323958975709e+00
1.175009654280529503e+01,7.242977400703328783e+01
1.031205864815889228e+01,9.403927047088406255e+01
1.755776320236259735e+01,3.243856433770935155e+01
1.422428619323302712e+01,4.942413036923750980e+01
1.472618686987143377e+01,4.611257616583709762e+01
1.003929707396806670e+01,9.921866714542314014e+01
1.059326704858698243e+01,8.911281413256836004e+01
1.119485000570985811e+01,7.979275163683595906e+01
1.002837466634860064e+01,9.943491293237647710e+01
1.156250283343856289e+01,7.479908678811494838e+01
1.892007508201528765e+01,2.793536106347296055e+01
1.242634709321479924e+01,6.476092445721870661e+01
1.105730762621708863e+01,8.179018968586198923e+01
1.065538244529220258e+01,8.807687874140702888e+01
1.583553003345010701e+01,3.987813060799081910e+01
1.086120151758793462e+01,8.477040474606872067e+01
1.096465753485631822e+01,8.317826488659903816e+01
1.194509212963913569e+01,7.008434076427464277e+01
1.268895890848278896e+01,6.210806774452532153e+01
1.111232597728725047e+01,8.098229015574206358e+01
1.468953861976845587e+01,4.634295144869418692e+01
4.790230735578516885e+01,4.357999077875572169e+00
1.138895494503663741e+01,7.709607176656849958e+01
2.514165420919905003e+01,1.582021211384211057e+01
1.204723819603612789e+01,6.890091756953877677e+01
4.058711776842277885e+01,6.070487604936250392e+00
1.376946007352798063e+01,5.274316385149420938e+01
1.267937991879369442e+01,6.220194572176099257e+01
1.235680933548083260e+01,6.549185759087797010e+01
1.380715505978038138e+01,5.245556819627562106e+01
6.955118263004676749e+01,2.067240296047736514e+00
1.030491668080887990e+01,9.416966611790272168e+01
1.168796757285141297e+01,7.320184106999917617e+01
1.097416446541043555e+01,8.303421246822458102e+01
1.097188691075813161e+01,8.306868868672309247e+01
2.819696056528453454e+01,1.257753128113852092e+01
1.506690468010783412e+01,4.405060916279985861e+01
1.329440518388252279e+01,5.657990032797817292e+01
4.537647563950795160e+01,4.856668679089847451e+00
1.244583785065114689e+01,6.455824608033432810e+01
1.521855501840564706e+01,4.317706948806837630e+01
1.140556401016393906e+01,7.687169683297155132e+01
1.344637262588413051e+01,5.530822430687564406e+01
1.516875019042862505e+01,4.346106874036195222e+01
4.008510963374126135e+01,6.223487885793282715e+00
3.255457070283629406e+01,9.435741937248216971e+00
1.147441118488585587e+01,7.595199442778616117e+01
1.082058358107375007e+01,8.540801571659925173e+01
1.012034880820175964e+01,9.763578843761985127e+01
1.495981518644191688e+01,4.468353703247836961e+01
1.185539183544880437e+01,7.114889752684631219e+01
5.205745785939991777e+01,3.690065605562009132e+00
1.622725778368738858e+01,3.797604464733835528e+01
1.199163414656536197e+01,6.954137280106144203e+01
1.432499146243333854e+01,4.873166571249932133e+01
3.244775791111513996e+01,9.497966069592081340e+00
1.004407734133634911e+01,9.912424754346827172e+01
1.229346011898611124e+01,6.616856659366857230e+01
1.135226569046836609e+01,7.759520882623945681e+01
3.957829871251763620e+01,6.383895305527238939e+00
1.334079942828738652e+01,5.618705769624457247e+01
1.577051805173638499e+01,4.020759347450512422e+01
1.200541941320171091e+01,6.938176222041430208e+01
1.216734607396369228e+01,6.754734421967400237e+01
1.059916131015354601e+01,8.901372927642927380e+01
1.071929282887726842e+01,8.702974875800752841e+01
3.046394906752572496e+01,1.077525604454416630e+01
4.246027289909259395e+01,5.546696942307503875e+00
1.262528468261850456e+01,6.273611784185849416e+01
5.419510455496237000e+01,3.404708092909243256e+00
2.185226056556271956e+01,2.094147459221477803e+01
1.786952469227228946e+01,3.131655622280777251e+01
1.012390130810055311e+01,9.756727922114963292e+01
3.219558932177537258e+01,9.647332389453431745e+00
1.043356187712781846e+01,9.186176974498884817e+01
3.365729402949262550e+01,8.827578871018509687e+00
1.468806250724482432e+01,4.635226661172078622e+01
1.103795915096550218e+01,8.207718159036173233e+01
1.185096479887468490e+01,7.120206410163753219e+01
1.455777517836489388e+01,4.718565453997813108e+01
7.625442541309705291e+01,1.719768120303857506e+00
5.386941767561037864e+01,3.446001310237078563e+00
1.006498252945948657e+01,9.871290872143895001e+01
1.219003291135806677e+01,6.729615382175292382e+01
1.138652109361158438e+01,7.712903362322592216e+01
1.155034819589542217e+01,7.495659444649385250e+01
1.029330353832101608e+01,9.438227476433098673e+01
4.874255324031361170e+01,4.209043852645796058e+00
1.510572706370838425e+01,4.382447611278364974e+01
1.479942008232353956e+01,4.565733984020664593e+01
1.578278744722000582e+01,4.014510373812910160e+01
1.636624553054861053e+01,3.733377239117188395e+01
1.437413208321813407e+01,4.839903889064299847e+01
3.857566095932453720e+01,6.720061504707287803e+00
2.997822203999301394e+01,1.112726051626512103e+01
1.103498696811609925e+01,8.212140117030325825e+01
1.179605174305535087e+01,7.186652772980281156e+01
1.295240070003820243e+01,5.960730094003279333e+01
1.432492603300039491e+01,4.873211087954987164e+01
5.701983210664078427e+01,3.075729454016882691e+00
1.551168418671642257e+01,4.156062709758677443e+01
1.038844689492347229e+01,9.266137745935732539e+01
3.330827493020441921e+01,9.013546811540873449e+00
2.945532486312757214e+01,1.152583415206959216e+01
1.122639148938062270e+01,7.934501271360764463e+01
1.158085577352071560e+01,7.456219662814930871e+01
5.075971463113715032e+01,3.881160978589749178e+00
1.120119423715319584e+01,7.970238978551070375e+01
1.077621287875607514e+01,8.611279307919055270e+01
1.075779702284099848e+01,8.640787173816204358e+01
1.461951144772254274e+01,4.678797838760067407e+01
1.500197033576840333e+01,4.443277068080544012e+01
1.257987755231569693e+01,6.318982785686124970e+01
1.224777110093239685e+01,6.666315709995015482e+01
1.029823290467739305e+01,9.429194208943305000e+01
6.162900766546442100e+01,2.632871419909164068e+00
1.050004700457391138e+01,9.070213576489311436e+01
1.201723329318383549e+01,6.924541387915184032e+01
1.495379568148298510e+01,4.471951811910897590e+01
1.314370292060930012e+01,5.788479920666136280e+01
1.236694329645698964e+01,6.538456834639606541e+01
1.698792395505474317e+01,3.465128811142810150e+01
1.263311692194007740e+01,6.265835208146049951e+01
1.103050681595935423e+01,8.218812359660512357e+01
1.742229769998067113e+01,3.294497173090897491e+01
1.344047825524400430e+01,5.535674619026931254e+01
1.138021900990674773e+01,7.721448157696337944e+01
1.415825633226768154e+01,4.988620398888009078e+01
1.073341129460549048e+01,8.680094574783332462e+01
8.318372756063617146e+01,1.445184332231926438e+00
3.116083356661869530e+01,1.029868717461033789e+01
4.388397037771085962e+01,5.192639510458510799e+00
1.203949199815115634e+01,6.898960766369754083e+01
1.188403116404398929e+01,7.080638725355369445e+01
1.150631051813953043e+01,7.553144962367005633e+01
1.003521840832000578e+01,9.929933544598372919e+01
1.092454844740843534e+01,8.379015812746867198e+01
1.369224539133649721e+01,5.333971024317349219e+01
1.052484699820998948e+01,9.027519137069486987e+01
1.123170784920296761e+01,7.926991695600571575e+01
3.721205662049589336e+01,7.221587102472506459e+00
1.325138079167722971e+01,5.694790238176357633e+01
2.645808146791296878e+01,1.428510053733413443e+01
1.271350645903267207e+01,6.186845972309427566e+01
9.387339917391531685e+01,1.134788463260062885e+00
3.722360161429154601e+01,7.217108210292433768e+00
1.378660649356544887e+01,5.261205195426321524e+01
1.012102064482349917e+01,9.762282667744798914e+01
3.759663398239560905e+01,7.074602956194076420e+00
1.007455134610284908e+01,9.852548257871013959e+01
1.246725095555949459e+01,6.433667272177390828e+01
1.499190599528905743e+01,4.449244776722245120e+01
1.255995123250774625e+01,6.339048779675848522e+01
2.180649514905518771e+01,2.102946681611890511e+01
1.195385747464847270e+01,6.998159766221017719e+01
5.051796175366677488e+01,3.918396324910786266e+00
1.115707153780032534e+01,8.033403192556696126e+01
3.820716860875381826e+01,6.850311023493460105e+00
3.974378826772493056e+01,6.330842060139289629e+00
6.082749345239218286e+01,2.702714419553487790e+00
1.442883511272204622e+01,4.803275079448788887e+01
1.055701717291981723e+01,8.972584230267175087e+01
1.261830726629836974e+01,6.280551812328358352e+01
1.609535831367898240e+01,3.860101294120633497e+01
1.240181505532314432e+01,6.501738510706195484e+01
1.047387814757580493e+01,9.115593833088883002e+01
1.011893776404153478e+01,9.766302015263481451e+01
1.037667081821670223e+01,9.287181232440867973e+01
1.178287584781354447e+01,7.202734335400916166e+01
1.002496791067292925e+01,9.950250576964076288e+01
4.058931511339376641e+01,6.069830358352328759e+00
1.389168653132918863e+01,5.181912201948605201e+01
1.391776239338249077e+01,5.162513071098279482e+01
3.823507649086350568e+01,6.840314553264717823e+00
1.321798964431430612e+01,5.723598819464019982e+01
1.324898302840801634e+01,5.696851678579655953e+01
4.821346117943754450e+01,4.301930402099737982e+00
1.289000624680345730e+01,6.018575935860513226e+01
1.163492404135232228e+01,7.387081581683094100e+01
1.285602806560675226e+01,6.050431888158444593e+01
1.224008179969124299e+01,6.674693989033090702e+01
1.465743630526753805e+01,4.654617186850787647e+01
1.502577570623519776e+01,4.429209232931360418e+01
1.127040028176448061e+01,7.872656784200779612e+01
1.309305391806337227e+01,5.833350705493113963e+01
1.325050706399900236e+01,5.695541282627024771e+01
4.109507314921077636e+01,5.921346620887076639e+00
1.026017629842941759e+01,9.499272660535400803e+01
1.535681557807160580e+01,4.240310530138021505e+01
1.302440138091610322e+01,5.895008785346455227e+01
1.163293826883218607e+01,7.389603784637041883e+01
7.677016691698024431e+01,1.696738952843823256e+00
4.085768107943522409e+01,5.990355157314048995e+00
4.265128873881322846e+01,5.497125898664902977e+00
2.630779202083862245e+01,1.444878072718483430e+01
3.235525815954751749e+01,9.552350760014093112e+00
1.035283534196327082e+01,9.329994472593037358e+01
1.462986750479191578e+01,4.672176213804533518e+01
1.016644243294627437e+01,9.675245382530185623e+01
1.286123891015360599e+01,6.045530109514064065e+01
1.193097403307671733e+01,7.025030255540065127e+01
1.051767780112533579e+01,9.039830242766289814e+01
1.291007583869962616e+01,5.999877908689301620e+01
1.021467859236367204e+01,9.584083482974926937e+01
1.138592363735206270e+01,7.713712825558292252e+01
1.143870972866356794e+01,7.642684315856818955e+01
1.126993081983711598e+01,7.873312687003596011e+01
4.425491379420296312e+01,5.105955221526087051e+00
1.346068933749195828e+01,5.519063585606473765e+01
1.515406639130041100e+01,4.354533427959904657e+01
1.642441036886987504e+01,3.706981554569849635e+01
4.012652376576982505e+01,6.210648131966991059e+00
1.486413350134038858e+01,4.526065195982653933e+01
1.194966680301578599e+01,7.003069046536623432e+01
6.570929493929588716e+01,2.316041758620318358e+00
1.456712564834831980e+01,4.712509812632550421e+01
1.084993242996872276e+01,8.494658671211166734e+01
5.818337062697519002e+01,2.953943922286590862e+00
1.102426333198640229e+01,8.228124284148657352e+01
1.077659206365955136e+01,8.610673326056125632e+01
1.167203870148272138e+01,7.340177501089834777e+01
3.521468445140792625e+01,8.064034881658137977e+00
3.627239085725155121e+01,7.600595755513867680e+00
1.426473865429568555e+01,4.914421036862073322e+01
5.069301916836138133e+01,3.891380378290227426e+00
1.512339075494155338e+01,4.372216440736585952e+01
7.723611745267336914e+01,1.676328510360109769e+00
1.517757617310982177e+01,4.341053694200201107e+01
1.248162495729481947e+01,6.418857614672199929e+01
1.192524957790745610e+01,7.031776298469603148e+01
3.744001166019673121e+01,7.133916953211564049e+00
1.226042777084166779e+01,6.652559288289729977e+01
1.213188804042676239e+01,6.794276430242418030e+01
1.118687784228957405e+01,7.990651841356221041e+01
1.357557828769974861e+01,5.426044146091737730e+01
2.749521081387634425e+01,1.322774737789724142e+01
1.426255173074778426e+01,4.915928240799279791e+01
1.218213775217564177e+01,6.738341043106299821e+01
4.765956530867562435e+01,4.402504880957679667e+00
1.000548749623028222e+01,9.989034034718716271e+01
3.837481795752986358e+01,6.790587402292787012e+00
1.060280332090679067e+01,8.895258822330494297e+01
9.992616176882911816e+01,1.001478401860508960e+00
1.106775931820379455e+01,8.163578765842805751e+01
1.098322790171283536e+01,8.289722818870949084e+01
3.370458911721635786e+01,8.802822112118276365e+00
1.085251949081541945e+01,8.490609182151581535e+01
1.126525824436214052e+01,7.879845387190547967e+01
1.004996317333613121e+01,9.900817590946853386e+01
1.070089127452554045e+01,8.732932373512461766e+01
1.607776360434314000e+01,3.868554524886965140e+01
3.066108770623235813e+01,1.063714024222110410e+01
5.598190813132888621e+01,3.190836898669188404e+00
1.106187442319862413e+01,8.172267091371848835e+01
2.679864866484074426e+01,1.392432687590976315e+01
4.260882559802532654e+01,5.508088019363924559e+00
1.020094240647547856e+01,9.609911957157844142e+01
1.248847755087949984e+01,6.411815322362433278e+01
1.279811337865578480e+01,6.105315245186204010e+01
1.469780159261458685e+01,4.629085890860244490e+01
1.081388782533768023e+01,8.551381453129451415e+01
1.140728165228421531e+01,7.684854878988819848e+01
1.148667216046543160e+01,7.578993730174924792e+01
3.056477634031685042e+01,1.070428233993991007e+01
1.018613838032923624e+01,9.637865390200930449e+01
1.025675782671354952e+01,9.505605735161398684e+01
4.962007446438013147e+01,4.061488020852958236e+00
3.953639813158028460e+01,6.397433749930623748e+00
1.295058698030444155e+01,5.962399802234765644e+01
7.010110231897817812e+01,2.034933894807471777e+00
1.013749365466300745e+01,9.730581830100734919e+01
1.548343597536469218e+01,4.171241308666372305e+01
1.426116038134447983e+01,4.916887504602942016e+01
4.154663540818419420e+01,5.793330197053904840e+00
1.194135098001800444e+01,7.012826160330033076e+01
4.592238426305479493e+01,4.741886377334063596e+00
1.109037158061977912e+01,8.130323108770231499e+01
1.294983398525136487e+01,5.963093214689457966e+01
3.342454018528673032e+01,8.950949709145152866e+00
1.406710225841326967e+01,5.053481858902013357e+01
1.431217849172280410e+01,4.881895876876538409e+01
1.034434003130228774e+01,9.345325319796991437e+01
1.176988758559458859e+01,7.218639775293451066e+01
3.691745204403767389e+01,7.337304811148388950e+00
1.518066088699131555e+01,4.339289667169679632e+01
1.306334494244412703e+01,5.859913571198652704e+01
1.102473871446973774e+01,8.227414712352830861e+01
1.551271150699886547e+01,4.155512262322227457e+01
1.061877135424954233e+01,8.868526352406865954e+01
8.561041379074688962e+01,1.364416012760045538e+00
1.278193870895618645e+01,6.120776739934746757e+01
2.662822878030650031e+01,1.410312777973865828e+01
1.586362636338209775e+01,3.973699807199164269e+01
1.134336791250562015e+01,7.771698848291990203e+01
1.469884951986140820e+01,4.628425870182193336e+01
1.188822833199217222e+01,7.075639934456738445e+01
1.072345218226608488e+01,8.696224861506458126e+01
1.039073231189997237e+01,9.262062064075917078e+01
1.021919815209146520e+01,9.575608011881129755e+01
4.027388860975231921e+01,6.165280933588548784e+00
5.357265580412468609e+01,3.484284804228504395e+00
5.865839266386551998e+01,2.906294922405661563e+00
1.093983410113121302e+01,8.355617056561905542e+01
3.722399700418353063e+01,7.216954892179914260e+00
1.476838848223367862e+01,4.584941344888655124e+01
1.400216784668308456e+01,5.100461120070832521e+01
7.181716015397115882e+01,1.938847022814903065e+00
1.095823100623382018e+01,8.327585440524597971e+01
1.331484997316023744e+01,5.640627823786139317e+01
1.150825015946244889e+01,7.550599109214792293e+01
1.356259840438880460e+01,5.436434945770430005e+01
1.596131063721131227e+01,3.925210033137692989e+01
4.154459518784241823e+01,5.793899222232185231e+00
1.162356416553072513e+01,7.401527638774004458e+01
3.938482174104418476e+01,6.446770822776707988e+00
2.783583430759938437e+01,1.290599565626616396e+01
1.021583477925588568e+01,9.581914230067965832e+01
1.176039190834834258e+01,7.230301554415815701e+01
9.343991488682164004e+01,1.145341854799741155e+00
1.606811316735171502e+01,3.873202793465916471e+01
5.970526025085576549e+01,2.805270912010876749e+00
1.084087690595614362e+01,8.508855993784601424e+01
1.198909026995602112e+01,6.957088687355815182e+01
4.669027854475267247e+01,4.587193606515051592e+00
1.355108975519090109e+01,5.445672961575483129e+01
3.658355816063579624e+01,7.471849465157456294e+00
6.940990299871367597e+01,2.075664344155387919e+00
1.279243728358490628e+01,6.110734390450119946e+01
1.077018342113023763e+01,8.620923689112832733e+01
1.097004283896381693e+01,8.309661884219605099e+01
1.298349201106634609e+01,5.932216191301858288e+01
6.090871916501302508e+01,2.695510737417665226e+00
1.365276180665670047e+01,5.364867165604557897e+01
6.697730918056585381e+01,2.229177282555058870e+00
1.086990316062705197e+01,8.463473719859099731e+01
1.169333893829260163e+01,7.313460560643716235e+01
4.459907941462219583e+01,5.027455222976964677e+00
1.162052602646528854e+01,7.405398343036831932e+01
9.706888232471919764e+01,1.061304344024078805e+00
1.087747622030008188e+01,8.451693031307317483e+01
1.010674036277812249e+01,9.789889320931443706e+01
1.054602448377031543e+01,8.991299194302628450e+01
4.397440655267830323e+01,5.171303483056694184e+00
4.817477803236555900e+01,4.308841861816474328e+00
4.895183575922012409e+01,4.173131152507822961e+00
1.231003107512836259e+01,6.599054293052290632e+01
1.487101749719198018e+01,4.521875811840765635e+01
1.322749545375120483e+01,5.715375359448373871e+01
1.223844474316877573e+01,6.676479768577171114e+01
1.094412369635842275e+01,8.349068301853509411e+01
1.548930510136123573e+01,4.168080817936277072e+01
1.090438615941634737e+01,8.410030179477639933e+01
2.730103266431439479e+01,1.341658081054351115e+01
1.204819118536733669e+01,6.889001813385090145e+01
1.069164417488410912e+01,8.748044963550621844e+01
1.815288648141624250e+01,3.034650050565941015e+01
1.340668178718364523e+01,5.563619201176321383e+01
1.016464841528736329e+01,9.678660964088851415e+01
1.011103087137464307e+01,9.781582612558594292e+01
1.104969036901936263e+01,8.190299495604521951e+01
1.296514010123342864e+01,5.949021955950678375e+01
1.342258921919915871e+01,5.550439858605602694e+01
4.053273521253586154e+01,6.086788014746796094e+00
6.692077550395249830e+01,2.232945225113504684e+00
1.300270832575511193e+01,5.914695057222834862e+01
1.436599410148296130e+01,4.845388814794808496e+01
8.718951867036777514e+01,1.315441199208273293e+00
1.970504913824579063e+01,2.575401566998266745e+01
3.976797034566229172e+01,6.323145093537090311e+00
1.002902981840256658e+01,9.942192207268087145e+01
1.315715805337619848e+01,5.776646827043526855e+01
1.437000701249468548e+01,4.842682984634659960e+01
1.428278800176902408e+01,4.902008047757764331e+01
1.198969608646005724e+01,6.956385648240298281e+01
1.140198115751752184e+01,7.692001531926483437e+01
1.095656237520189435e+01,8.330122134997260730e+01
1.488006720813203643e+01,4.516377284901616207e+01
3.847705492368643831e+01,6.754548952105647430e+00
1.314571926291088033e+01,5.786704337059374836e+01
1.011833414512003948e+01,9.767467286234878543e+01
1.760764014912621533e+01,3.225504798022485176e+01
1.288732960252298376e+01,6.021076261420426334e+01
1.316281099606681693e+01,5.771686178228407726e+01
1.054755351459843737e+01,8.988692527810091804e+01
1.004440525470058176e+01,9.911777555551209673e+01
1.141758593800945043e+01,7.670990090398704808e+01
1.440855405086914587e+01,4.816806496725644138e+01
1.154451136628366825e+01,7.503240873728394433e+01
1.109427676423348075e+01,8.124600371329212578e+01
1.211318073203772450e+01,6.815278473291351702e+01
1.219417229926251167e+01,6.725047337735446717e+01
6.190657463428922114e+01,2.609314638590790381e+00
1.269512335278722581e+01,6.204776604289673969e+01
2.970746723642187703e+01,1.133101322282503709e+01
1.011591318282147078e+01,9.772142988608212022e+01
1.276725990198181648e+01,6.134859221188202127e+01
1.353004698924612903e+01,5.462625028620514911e+01
8.034088445981001314e+01,1.549268828856021241e+00
1.176346211132653075e+01,7.226527904055176066e+01
1.225046468646497644e+01,6.663384504047965606e+01
1.070367121836802760e+01,8.728396750457594067e+01
1.114423587721351794e+01,8.051919207471789264e+01
1.242399816440427074e+01,6.478541467032454193e+01
1.153819587602080077e+01,7.511456995875724374e+01
1.332840125488828598e+01,5.629163751339726218e+01
1.447608152569339701e+01,4.771972798765218471e+01
1.128413683938326351e+01,7.853501153265770540e+01
1.448262645411651661e+01,4.767660713062225142e+01
3.724063195839146800e+01,7.210508873702456967e+00
1.148777972396736580e+01,7.577532383877267819e+01
1.090014855395406812e+01,8.416570515537173947e+01
1.152696123851151810e+01,7.526106064085530534e+01
1.482122353160366934e+01,4.552310594753333817e+01
1.171863438769601018e+01,7.281921457874102543e+01
8.309741217635300359e+01,1.448188190568234335e+00
1.027016531453276826e+01,9.480803193048076594e+01
1.182369119633852428e+01,7.153092528176843246e+01
1.060251508086987293e+01,8.895742482021394437e+01
1.374160201662472680e+01,5.295723080245113579e+01
1.012833351323728870e+01,9.748190612850639525e+01
5.703893392772627635e+01,3.073669731229948354e+00
3.649401778306532407e+01,7.508559754643708395e+00
1.617359706875909708e+01,3.822845630775172054e+01
1.411551019111645466e+01,5.018880326260534019e+01
3.268505312822306053e+01,9.360555218308386216e+00
4.406089815625308859e+01,5.151020858350584319e+00
1.529419843827119685e+01,4.275102762394030975e+01
4.386051052180972221e+01,5.198195813931460130e+00
6.558175431148339385e+01,2.325058798602759769e+00
1.211074268938562426e+01,6.818022749596673293e+01
1.303078197591622533e+01,5.889237150953218247e+01
5.182284991635843596e+01,3.723551926996786943e+00
1.118219255372280507e+01,7.997349338795532958e+01
5.803915174340828997e+01,2.968642406807071588e+00
4.563322225614052030e+01,4.802172179653908302e+00
1.402342358901846886e+01,5.085010980758077892e+01
1.334644360768536053e+01,5.613954499757007000e+01
4.262307357797803320e+01,5.504406163310587630e+00
4.220263360423942345e+01,5.614626784643130364e+00
1.320124098831865211e+01,5.738131301535780437e+01
4.879247591415122542e+01,4.200435179996731883e+00
5.533216877517926946e+01,3.266213835146762445e+00
1.074282626831553245e+01,8.664886835335069293e+01
1.295704659295657990e+01,5.956456288436152846e+01
4.418029214233455093e+01,5.123217967715563148e+00
1.811933323335331281e+01,3.045899542097728840e+01
5.664755685066438673e+01,3.116288321389716121e+00
1.119485460704363433e+01,7.979268604366471607e+01
1.155475436353719587e+01,7.489943903850939932e+01
1.447363864745597084e+01,4.773583773386646101e+01
1.167446610552779696e+01,7.337125417329602328e+01
1.534953776049738572e+01,4.244332478289796029e+01
3.439199017704554251e+01,8.454450463765345702e+00
1.235668112820906472e+01,6.549321662504853236e+01
8.933575428279679898e+01,1.252995129285269016e+00
1.208106950707536598e+01,6.851556351728740424e+01
4.069492005528359613e+01,6.038368329882160879e+00
1.146544713490951395e+01,7.607080420746549976e+01
1.596307443784973756e+01,3.924342668207018647e+01
1.138945512393396520e+01,7.708930041868484295e+01
1.263465571537472876e+01,6.264309050385688948e+01
1.107492956363036818e+01,8.153011490565648955e+01
6.121994551844491639e+01,2.668173843873522078e+00
1.090244697289400300e+01,8.413022180741253919e+01
1.287153641850941987e+01,6.035860868397735857e+01
1.248941348393913842e+01,6.410854379706913164e+01
5.537776288228143784e+01,3.260837713376382396e+00
4.265386267253665409e+01,5.496462474068378512e+00
3.523867428107396194e+01,8.053058931117055508e+00
1.468634985947379867e+01,4.636307797541548581e+01
1.149830277406284296e+01,7.563669074366264056e+01
9.255021363132186707e+01,1.167468439190595619e+00
7.372204064558586367e+01,1.839946959924990466e+00
3.309812715588273591e+01,9.128368419342908879e+00
4.253992835988582755e+01,5.525944154874864012e+00
1.064135411725259850e+01,8.830925250720838449e+01
5.555916107549423089e+01,3.239579493090738893e+00
7.048961611899679269e+01,2.012564042612548398e+00
1.410478788000834527e+01,5.026513826480025671e+01
1.130967867185354159e+01,7.818068439977760420e+01
1.138460119133336867e+01,7.715504993965622305e+01
8.468615287838372296e+01,1.394360885954947671e+00
8.200917852623339854e+01,1.486877113456348320e+00
1.443069810628892746e+01,4.802034960240936812e+01
1.280506657702887097e+01,6.098686627970844398e+01
1.809760298264896861e+01,3.053218511094315701e+01
1.089876379592295663e+01,8.418709410232007428e+01
1.122141308223385714e+01,7.941543154578596386e+01
1.320556196649311786e+01,5.734376779961619519e+01
1.109083239942287236e+01,8.129647500701516094e+01
1.047229786843598021e+01,9.118345143229225869e+01
1.206850278993896985e+01,6.865832587999658188e+01
6.389673104806485782e+01,2.449304156451185044e+00
4.080894457208407999e+01,6.004671789257578496e+00
4.055991296177941052e+01,6.078633669062656786e+00
5.096469597741643298e+01,3.850003500087702868e+00
1.595543005545116166e+01,3.928103940995640642e+01
1.340197323381035943e+01,5.567529252235655690e+01
1.099425240433650153e+01,8.273106090994727424e+01
1.274755218893050390e+01,6.153842866387294919e+01
3.277495007985261566e+01,9.309276339698737246e+00
1.227630579332242711e+01,6.635361740790644092e+01
1.129284759763331536e+01,7.841390201567790541e+01
4.210336962568787555e+01,5.641132367717745844e+00
1.033563285110204433e+01,9.361077757630900464e+01
1.415856505142407507e+01,4.988402853411440674e+01
1.076309128168623630e+01,8.632288627890096677e+01
8.444974211933418928e+01,1.402178632016461757e+00
1.044420078986278710e+01,9.167471635393444274e+01
1.058822337050942686e+01,8.919773175852586178e+01
1.111844851052031480e+01,8.089312659160067653e+01
1.297973640328191003e+01,5.935649589295847051e+01
1.375618147252427725e+01,5.284503710029801482e+01
1.143841579801512687e+01,7.643077105917845415e+01
1.206899507292603069e+01,6.865272497681861807e+01
1.321878679820534508e+01,5.722908521395559944e+01
1.057693816956737720e+01,8.938817464859653228e+01
4.831261741501815266e+01,4.284290062553536060e+00
1.328253423908938302e+01,5.668107936500065591e+01
1.342320392715928179e+01,5.549931511796779660e+01
4.614974545896576075e+01,4.695278743284942990e+00
1.362019322996716753e+01,5.390554758589566831e+01
1.299194635659441666e+01,5.924498073348794236e+01
4.061785177596063789e+01,6.061304459189647886e+00
1.598719789013536108e+01,3.912508540692014947e+01
1.337741593787776573e+01,5.587988952021564160e+01
1.006136891520460708e+01,9.878382838151175349e+01
1.436351799325736778e+01,4.847059539368095926e+01
2.670835679362523507e+01,1.401863284254619479e+01
1.047453178714034294e+01,9.114456192381480548e+01
3.900195200526478345e+01,6.573963870353977335e+00
1.732684516567667288e+01,3.330895524230667348e+01
1.267656608781532057e+01,6.222956285181064118e+01
4.366653896280546121e+01,5.244480299235023679e+00
8.090081699273491722e+01,1.527897376257719930e+00
2.850157624325992245e+01,1.231011875178508497e+01
1.094693667537940129e+01,8.344778017335310949e+01
1.285415539504891846e+01,6.052194943085980583e+01
1.589416778996677948e+01,3.958443159533307920e+01
1.010677929897352989e+01,9.789813890312431965e+01
3.213969713529888850e+01,9.680915739830556532e+00
1.127423436264315093e+01,7.867303113273717941e+01
4.585840936278276558e+01,4.755125969160411081e+00
1.599108476447588778e+01,3.910606783421589228e+01
1.000405398342168617e+01,9.991896960927400073e+01
6.225325731673874685e+01,2.580333492600309420e+00
5.870954141561655604e+01,2.901233101132627112e+00
1.112355851174902810e+01,8.081882140785261015e+01
3.147133653852449697e+01,1.009647154816291348e+01
1.395137680872149666e+01,5.137665946159163610e+01
4.028528904046538628e+01,6.161791972011731566e+00
3.108552626703454891e+01,1.034864648692845179e+01
3.785363379223069558e+01,6.978865803726283623e+00
1.405257229072859637e+01,5.063937580072852995e+01
1.281896937391766755e+01,6.085465155914555879e+01
1.596949565092039691e+01,3.921187405847575036e+01
3.359125654201976374e+01,8.862321491853682787e+00
1.312526125547482536e+01,5.804757570354203722e+01
1.154264258822173517e+01,7.505670651297596407e+01
1.228111467147683200e+01,6.630166381934347442e+01
1.015221412699243686e+01,9.702384057207559920e+01
1.876489472527202906e+01,2.839930653711266828e+01
1.250514943790817668e+01,6.394730232166629946e+01
5.081480627022675378e+01,3.872749902065517613e+00
4.278901709606280690e+01,5.461794793342708232e+00
1.089400160547060814e+01,8.426071307503679009e+01
5.060956051754828167e+01,3.904225269111900154e+00
1.417168842302581488e+01,4.979168335779491628e+01
1.509200824634517524e+01,4.390418627886845115e+01
1.338607715196702941e+01,5.580760081258641492e+01
8.591766034636691529e+01,1.354674998975646139e+00
1.018059816751732605e+01,9.648357967014061387e+01
1.245630489025387710e+01,6.444979500842241293e+01
1.140042983422585365e+01,7.694095065800429722e+01
1.074606268778910234e+01,8.659668368556675944e+01
1.560783345869245053e+01,4.105015065606774982e+01
1.078500373565000636e+01,8.597246921065138281e+01
1.035233537049196961e+01,9.330895688316749670e+01
1.297563593459012843e+01,5.939401666055658069e+01
1.689750269701524843e+01,3.502312959402912895e+01
1.159451712767439524e+01,7.438659285551531752e+01
1.058098886796972593e+01,8.931974716365866129e+01
4.875427841780831528e+01,4.207019585097635961e+00
1.024025980110732092e+01,9.536259265205906388e+01
3.614125430975089159e+01,7.655852506819331715e+00
1.611565781537833786e+01,3.850382946512105775e+01
6.128040039259561667e+01,2.662911980460711092e+00
1.726436433654451719e+01,3.355048595210605811e+01
5.850117982489527435e+01,2.921936344002775243e+00
5.363740676027534704e+01,3.475877440495373172e+00
1.076927013080993945e+01,8.622385949770169589e+01
3.021788767296206046e+01,1.095145429530401060e+01
1.319140660517236974e+01,5.746690209392456694e+01
1.130084386388255346e+01,7.830297284747855713e+01
1.243348195952816582e+01,6.468662057923211250e+01
3.643363314960247834e+01,7.533469560248831520e+00
1.634160117386047517e+01,3.744646154057642917e+01
3.637103609794160519e+01,7.559423112230533093e+00
1.056040122822301797e+01,8.966834665340456922e+01
2.403775313979254236e+01,1.730662001585395160e+01
3.002612490647164734e+01,1.109178457739625756e+01
3.634072367458475838e+01,7.572039261673404020e+00
1.801272292358477145e+01,3.082061232205840540e+01
4.402196584261148615e+01,5.160135845992249948e+00
1.272853218000282460e+01,6.172247753068899101e+01
1.035873962968384632e+01,9.319361659240284723e+01
1.077382299218152539e+01,8.615100098994570033e+01
5.276912860372625147e+01,3.591204651065348141e+00
2.708282304200161761e+01,1.363364984737328456e+01
1.613308561225900206e+01,3.842068672470534807e+01
1.319076340051272211e+01,5.747250660357570240e+01
1.211440647293993855e+01,6.813899397397781854e+01
1.047641918185635213e+01,9.111172431665060856e+01
1.259019108529073350e+01,6.308634357494597111e+01
3.565431756191666324e+01,7.866394878784749523e+00
1.177974006247068317e+01,7.206569604240890214e+01
1.119041509992552363e+01,7.985600996191227807e+01
1.106262137811509838e+01,8.171163535751445295e+01
1.614374945699388775e+01,3.836994548642405078e+01
1.182609275226031542e+01,7.150187628336630041e+01
1.141020575081878263e+01,7.680916581289530143e+01
1.328827378136498183e+01,5.663212594955015788e+01
1.035285572951757516e+01,9.329957726097838133e+01
5.690379148829394040e+01,3.088286559646927998e+00
1.527480748577692005e+01,4.285963905256664930e+01
1.587561101129696794e+01,3.967702505123504153e+01
1.029781787663556081e+01,9.429954264892053573e+01
1.190946873871459744e+01,7.050423788629608168e+01
3.960170391509449672e+01,6.376351579150371762e+00
2.963763362481265418e+01,1.138447348345545684e+01
1.051789435985728183e+01,9.039457994490389581e+01
1.111452917971450383e+01,8.095018754636265612e+01
1.135460099345760199e+01,7.756329406522738168e+01
1.002422467189366273e+01,9.951726139712914687e+01
7.887959590800041099e+01,1.607202672189890436e+00
1.309704331411288258e+01,5.829797536825529392e+01
1.549900692668859392e+01,4.162864311373365922e+01
1.630551798925129248e+01,3.761237870264231731e+01
1.212209898543486197e+01,6.805254133060535082e+01
3.015769328428619644e+01,1.099521586445645838e+01
6.814500480015492201e+01,2.153435890881522319e+00
3.761257661891420412e+01,7.068606880934011016e+00
6.039490531807136620e+01,2.741570324283443938e+00
1.623112398674464885e+01,3.795795525147937610e+01
1.342863706399306700e+01,5.545441489880452934e+01
3.484413127238067887e+01,8.236462349474093614e+00
1.239482565441812234e+01,6.509073195509185439e+01
1.005167392958592032e+01,9.897447715579052385e+01
1.685612949943173788e+01,3.519526841886762014e+01
1.547661089594097561e+01,4.174921097574596729e+01
1.501877314814871056e+01,4.433340465920750262e+01
3.943179718305859183e+01,6.431419784138765472e+00
1.651087757554411439e+01,3.668256413845272590e+01
1.525972175676165676e+01,4.294442283946417405e+01
1.296956441215712097e+01,5.944963865384275437e+01
1.650610946631594089e+01,3.670376013687970840e+01
1.075132566666346889e+01,8.651192298159359950e+01
2.924349092113307336e+01,1.169342057217387421e+01
1.112796034354759378e+01,8.075489585712846008e+01
1.421996989237155162e+01,4.945413912381222588e+01
1.279830074709657417e+01,6.105136481607054577e+01
1.008762899208899455e+01,9.827019044091207434e+01
1.030692899307977051e+01,9.413289856550238710e+01
1.134629412408470728e+01,7.767690719756946294e+01
1.042788583622046339e+01,9.196180019731646382e+01
1.328216562073842155e+01,5.668422553506552930e+01
1.647011387124731385e+01,3.686436830470842096e+01
4.290291441690803964e+01,5.432833681582728502e+00
6.164702011737212217e+01,2.631333063591680954e+00
5.925899623514583681e+01,2.847681528994594036e+00
5.402896917653644238e+01,3.425678773342196948e+00
1.274299295721659142e+01,6.158247140137007136e+01
1.162693637469337560e+01,7.397234869128988066e+01
3.970987567524122142e+01,6.341659870019599410e+00
1.217390544459778745e+01,6.747457403030729495e+01
1.221449636249088400e+01,6.702685945164105874e+01
1.002678885762116323e+01,9.946636811198941075e+01
1.087618229659174496e+01,8.453704122368769447e+01
1.284526535122723168e+01,6.060575135385023771e+01
1.174746766238691897e+01,7.246219469976715288e+01
5.202199384406589644e+01,3.695098444156148521e+00
1.313908389631679796e+01,5.792550498079165777e+01
5.974479042669165807e+01,2.801559921798449260e+00
1.680532753524980549e+01,3.540837837201487304e+01
1.708280368819164252e+01,3.426744305943236668e+01
5.719343002710276380e+01,3.057086406781388987e+00
3.378350937032350743e+01,8.761742336351852956e+00
3.979892453055838075e+01,6.313313084777865569e+00
4.424079376694236032e+01,5.109215006263474024e+00
1.748642914944349513e+01,3.270376360199342258e+01
1.148011563431266779e+01,7.587653235392966167e+01
4.857854870491806309e+01,4.237511872133210566e+00
4.606169874718735713e+01,4.713245903646211765e+00
1.004955493818964563e+01,9.901621993497833785e+01
4.985647014927734233e+01,4.023064039879550968e+00
3.802508534629175330e+01,6.916073579111162495e+00
5.031846856779991128e+01,3.949527754143261848e+00
4.629394767206260042e+01,4.666073410444973035e+00
1.006117828193249863e+01,9.878757181241260810e+01
1.097303257680487576e+01,8.305134361691926870e+01
2.999792120174101484e+01,1.111265112174004344e+01
1.012577344504288490e+01,9.753120446142868616e+01
3.329223796469232610e+01,9.022232605182603393e+00
1.026265032739724781e+01,9.494693211324545246e+01
1.385309028861337666e+01,5.210827187880902045e+01
1.271617954772240111e+01,6.184245151883290958e+01
1.338051372038911424e+01,5.585401850956566960e+01
1.328620580011573793e+01,5.664975676013185080e+01
3.344953466865651137e+01,8.937577877271991156e+00
1.046602722011726705e+01,9.129274804183209824e+01
3.650338376408484464e+01,7.504707179953230778e+00
6.494974597184797460e+01,2.370527983126363036e+00
1.068297745493883610e+01,8.762244677038361829e+01
1.492996395322128222e+01,4.486239776644286081e+01
7.692595843696784641e+01,1.689873393393642065e+00
3.864305391127513900e+01,6.696642554914637557e+00
3.687841839684888612e+01,7.352845246423266978e+00
1.634895127739871512e+01,3.741279901444563905e+01
6.743564118299251220e+01,2.198978674706536296e+00
1.490837177728185381e+01,4.499244258686919551e+01
1.703068304723665705e+01,3.447750792741778270e+01
1.226479985518463423e+01,6.647817202560707983e+01
1.309105719484728247e+01,5.835130313493640841e+01
1.161251886072217943e+01,7.415614334222452442e+01
2.016549550045618844e+01,2.459134056281370562e+01
1.010561286343763143e+01,9.792073989921017585e+01
2.829934560698614021e+01,1.248668666683603945e+01
1.722762993167460976e+01,3.369371762368184164e+01
7.812723756437449651e+01,1.638306153779706564e+00
5.351207386080864836e+01,3.492178508045668650e+00
1.078509220164830040e+01,8.597105881767946300e+01
1.217665420736619275e+01,6.744411399431805876e+01
1.020179736201992959e+01,9.608301318767877319e+01
2.995182435279228272e+01,1.114688291912922580e+01
1.007039157497367121e+01,9.860689512394706924e+01
1.201615902483900200e+01,6.925779578608656095e+01
1.050876764363124849e+01,9.055166095771271273e+01
1.186674285169296361e+01,7.101284906858447243e+01
2.921487706193389045e+01,1.171633750893575865e+01
1.177612073917836355e+01,7.211000080799331613e+01
1.313921939326439947e+01,5.792431028445412267e+01
1.174157584151036993e+01,7.253493474645483730e+01
3.314010154316060408e+01,9.105259556987791214e+00
1.291423452041878406e+01,5.996014332409387038e+01
1.198156743858158890e+01,6.965827683428031492e+01
3.458378642376916901e+01,8.360936383684983042e+00
4.977425900942050419e+01,4.036364642475322562e+00
1.953120939016905311e+01,2.621450901152487134e+01
3.407852644177387447e+01,8.610698539602628543e+00
1.173530133308582535e+01,7.261251992571999381e+01
1.210089243676071291e+01,6.829127150532471546e+01
1.852802126618602330e+01,2.913009620641833308e+01
4.040966427879402545e+01,6.123920093453985025e+00
4.687993482013509805e+01,4.550153015381472876e+00
1.102547358778769038e+01,8.226317996460099380e+01
9.863586388750417200e+01,1.027851312376704795e+00
2.279223785069539687e+01,1.924979297777141340e+01
1.250260215151703846e+01,6.397336228659803936e+01
1.298363942414648697e+01,5.932081486190617170e+01
3.626802141931408130e+01,7.602427249522700770e+00
3.327076316880541640e+01,9.033883262629206712e+00
1.653432619703400519e+01,3.657859308761322126e+01
4.022197747642435672e+01,6.181205225200872455e+00
1.339550126166971822e+01,5.572910401931898150e+01
4.630948044318382273e+01,4.662943818198317381e+00
3.629166958220694283e+01,7.592522780241620417e+00
1.502719924019317510e+01,4.428370110350329014e+01
1.365502108266161407e+01,5.363092036459929801e+01
3.935049401841877881e+01,6.458023514458115955e+00
1.000489829944888420e+01,9.990210594405294842e+01
6.123719364536127330e+01,2.666671014720351618e+00
2.868290171900643770e+01,1.215496829476844098e+01
5.223153230102853684e+01,3.665510487481926205e+00
5.250542789912713459e+01,3.627367818425594859e+00
1.059594416057742983e+01,8.906779033056362493e+01
3.806601598316953528e+01,6.901208503378760462e+00
3.823213754766276651e+01,6.841366237523938132e+00
1.260991715748682296e+01,6.288912223075019625e+01
3.866818479391547925e+01,6.687940938770310595e+00
1.406420813629792477e+01,5.055561876243452701e+01
1.004575945622169364e+01,9.909105455029691711e+01
1.046896632816385164e+01,9.124149530544239894e+01
1.087207988948597048e+01,8.460085068662341712e+01
1.234082631389696516e+01,6.566160888507815230e+01
1.422316753377248055e+01,4.943190514164749061e+01
1.074989269817270632e+01,8.653498872294716193e+01
3.536791886950940267e+01,7.994310064775469016e+00
7.569440527998618506e+01,1.745309440090322184e+00
1.766336207039001138e+01,3.205186148835845472e+01
1.857258423798946012e+01,2.899047467789565502e+01
3.582634560128221324e+01,7.791031817047426422e+00
1.221291137305433239e+01,6.704425804803651090e+01
9.609228863667749465e+01,1.082986207729262240e+00
3.001232069863547025e+01,1.110199028680832001e+01
6.665440246157642434e+01,2.250828062335927360e+00
1.131104474475249333e+01,7.816180125197624307e+01
1.338843574198737940e+01,5.578793971718506128e+01
3.325877785623298166e+01,9.040395433593488406e+00
1.272285903159418474e+01,6.177753415640613355e+01
1.364200609412468168e+01,5.373330102194447733e+01
4.474747366607258670e+01,4.994165816751751308e+00
1.611765524062498756e+01,3.849428666818601386e+01
1.054929464755135804e+01,8.985725653199170893e+01
1.297373525804860250e+01,5.941142060493183408e+01
2.406155460155844850e+01,1.727239786135642774e+01
4.881611254088702623e+01,4.196368486572649381e+00
1.462691732645351195e+01,4.674061114472199563e+01
4.006177583694031341e+01,6.230739680769777245e+00
1.364471718234291586e+01,5.371195045159213066e+01
3.733375313570751786e+01,7.174583544880258401e+00
1.017807586237403861e+01,9.653140623128923892e+01
3.854161844383033042e+01,6.731937956116873067e+00
1.754659033136060842e+01,3.247988829616112127e+01
3.308794497823357261e+01,9.133987442840881599e+00
1.187231260241412656e+01,7.094623507298753395e+01
1.052732730827673890e+01,9.023265748114010876e+01
1.195101598989884195e+01,7.001487939863433496e+01
1.135550321379903771e+01,7.755096939756008112e+01
1.376040893044527813e+01,5.281257209792414642e+01
3.282116970664557698e+01,9.283075669682332887e+00
3.516060177593401903e+01,8.088861532764051177e+00
1.329987970562031840e+01,5.653333086244702343e+01
3.474153330710151266e+01,8.285181676520819494e+00
1.130183388782440623e+01,7.828925499899339968e+01
1.490050956133148752e+01,4.503993540896102132e+01
1.488010344832833987e+01,4.516355285834118405e+01
4.624254605882676827e+01,4.676452467058572537e+00
1.415611667547635832e+01,4.990128544437813218e+01
5.332468646119851030e+01,3.516765245786954264e+00
1.184023336239077651e+01,7.133119106688670286e+01
1.381486003528023332e+01,5.239707232183305052e+01
6.327489538627145294e+01,2.497681910071484879e+00
2.047854042559527343e+01,2.384525660996230911e+01
3.064562381012553516e+01,1.064787803200435690e+01
6.436877243545394833e+01,2.413512465717343236e+00
4.351696561522926743e+01,5.280594148814937050e+00
1.346702209341300005e+01,5.513874217878993278e+01
2.524257547924005607e+01,1.569396475378206013e+01
6.021733862711280238e+01,2.757762647880819706e+00
3.752992089510946983e+01,7.099776901586496436e+00
8.082236444158677102e+01,1.530865010879151278e+00
9.384997528789651255e+01,1.135354994529023109e+00
2.996994362993953231e+01,1.113340859240299352e+01
4.000026798111786519e+01,6.249916256742229059e+00
1.430732050036590586e+01,4.885211694725810361e+01
2.052061288163037034e+01,2.374757920823709156e+01
1.052023888814554553e+01,9.035429397107634486e+01
5.747502303613711661e+01,3.027204023747721795e+00
2.298705991874120258e+01,1.892488043039107026e+01
1.238261805619723965e+01,6.521913665677617189e+01
1.336723673817648184e+01,5.596502740507227713e+01
2.098839123688770414e+01,2.270082798006249192e+01
4.074355719527854802e+01,6.023960472928072463e+00
3.248819897812797564e+01,9.474334792570205721e+00
1.703556845118201934e+01,3.445773607162103502e+01
1.158958077174814605e+01,7.444997338778334495e+01
1.360496816644210050e+01,5.402626445930027188e+01
6.464578378402855208e+01,2.392872669264061614e+00
4.284398794851641412e+01,5.447788305180847779e+00
1.790355038401660437e+01,3.119763512499618230e+01
1.373690819068610480e+01,5.299342737419397764e+01
5.313252420211217952e+01,3.542249132159643654e+00
3.028617697639773709e+01,1.090212327276120519e+01
1.507681333196852513e+01,4.399272707454412057e+01
3.388462385003516886e+01,8.709528850701287794e+00
1.179516498152894854e+01,7.187733399957230063e+01
1.158181181540546945e+01,7.454988738984124552e+01
1.106314859808356132e+01,8.170384752407184692e+01
3.399500458867690611e+01,8.653061526794470382e+00
1.159562408618667995e+01,7.437239112886722125e+01
8.416429847045857571e+01,1.411705752314500906e+00
3.768763554545809313e+01,7.040479156726419774e+00
5.419289761387019411e+01,3.404985403904857044e+00
1.006012095091782754e+01,9.880833829286019920e+01
1.183644647045409393e+01,7.137684103859479023e+01
5.367009562766826747e+01,3.471644621703179556e+00
1.457026637566548111e+01,4.710478399792321369e+01
4.757554636801334169e+01,4.418068356015262488e+00
1.697029029684544810e+01,3.472333713562373703e+01
1.456621143027689236e+01,4.713101373019089380e+01
1.018509681882964379e+01,9.639836690619310389e+01
6.998583614164972744e+01,2.041642458215784828e+00
1.351063568251830738e+01,5.478333077624492375e+01
8.562980529896942983e+01,1.363798118361646550e+00
1.125981931134214520e+01,7.887459772664537638e+01
1.781050356987173444e+01,3.152445611036714723e+01
4.506551636350114620e+01,4.923923498282468891e+00
3.974987799072842876e+01,6.328902425439109081e+00
1.141965589773319500e+01,7.668209410916504964e+01
1.910439644738797682e+01,2.739891444635216189e+01
1.265560430881073906e+01,6.243587818874202355e+01
1.044604871368035148e+01,9.164228439574827689e+01
4.235185989529468742e+01,5.575130344321307163e+00
1.197317607489621238e+01,6.975595062831114035e+01
4.147615583422764729e+01,5.813035898002090640e+00
3.494703073793873216e+01,8.188030204678561574e+00
1.046487884442400862e+01,9.131278537368490333e+01
3.723563780435931392e+01,7.212443193026588872e+00
1.616717422375755930e+01,3.825883690721776986e+01
1.360075212107201814e+01,5.405976444283049887e+01
1.027840226148165748e+01,9.465613754114026790e+01
1.147476775952744887e+01,7.594727413453608733e+01
7.234668849438340033e+01,1.910568819906795834e+00
4.207532463420589863e+01,5.648654982738493757e+00
1.242400492039045545e+01,6.478534421168414781e+01
3.258992255873236132e+01,9.415282234197841049e+00
2.248900250260768274e+01,1.977241032102594431e+01
1.110659969813490022e+01,8.106581648340055324e+01
4.647933762316931450e+01,4.628924948907679138e+00
2.757664725066590705e+01,1.314973716610725774e+01
1.071835809216683799e+01,8.704492896519667511e+01
3.754008485258035677e+01,7.095932900600576687e+00
1.190454835451639504e+01,7.056253150981027034e+01
1.402543917323423095e+01,5.083549560365273123e+01
2.297854840438632706e+01,1.893890300670242510e+01
1.199695155601891905e+01,6.947974081019683013e+01
1.929637450347675554e+01,2.685644728745667109e+01
3.029759008391918229e+01,1.089391115629099716e+01
1.499473127820938601e+01,4.447568295723956311e+01
1.155250343361228005e+01,7.492862921608798388e+01
1.629586041548312636e+01,3.765697309031563833e+01
1.059231688811854255e+01,8.912880218725908321e+01
1.158382430246504846e+01,7.452398615944561300e+01
2.877568601031445894e+01,1.207670973328227149e+01
1.635149157546285181e+01,3.740117533131026306e+01
3.192214944395121989e+01,9.813315170983612390e+00
1.229790928818506579e+01,6.612069798640962404e+01
4.912142509790595568e+01,4.144365827845547301e+00
1.077475057422275739e+01,8.613616840870960800e+01
1.107514310368993904e+01,8.152697096835653667e+01
1.013025883304985797e+01,9.744485554311116005e+01
1.204453904025977096e+01,6.893180213012803392e+01
3.819022779102165543e+01,6.856389835612412220e+00
1.263221414245441565e+01,6.266730834131112005e+01
1.336375902507032976e+01,5.599415927338905163e+01
3.117536181219624325e+01,1.028909068657962500e+01
1.285195821440734676e+01,6.054264495763356990e+01
3.063659670266516244e+01,1.065415377477158820e+01
2.546753042829742597e+01,1.541793933642105507e+01
1.005591407830092265e+01,9.889102814833898947e+01
6.852422741889603230e+01,2.129667015200502167e+00
4.951708657281266568e+01,4.078400125341390847e+00
1.029736598138360115e+01,9.430781941614422692e+01
1.965870783357220830e+01,2.587557822441987909e+01
1.852810224947730688e+01,2.912984156124432289e+01
6.205499156490262180e+01,2.596848168214133334e+00
1.249328923069085384e+01,6.406877365566535332e+01
5.259167540692072862e+01,3.615480199252333549e+00
1.501223347328460456e+01,4.437203837774658410e+01
1.424179380439256271e+01,4.930268968454611667e+01
1.104160782581380573e+01,8.202294610713758516e+01
1.084400030577377905e+01,8.503955084326125302e+01
1.145275173659345924e+01,7.623954696017723620e+01
1.413058296622237009e+01,5.008178983170964926e+01
1.100713105763969146e+01,8.253757882393134082e+01
6.973848835479955710e+01,2.056150696420825597e+00
3.624030047896055606e+01,7.614062199103607931e+00
4.373592795763719465e+01,5.227852297759773670e+00
7.368248563030449816e+01,1.841922969950362754e+00
2.546663132067011048e+01,1.541902802627471480e+01
1.188184624242580334e+01,7.083243045043360553e+01
5.027280057496258792e+01,3.956706543713022661e+00
1.655437037323552119e+01,3.649006735411118996e+01
4.053570095942243512e+01,6.085897381956208996e+00
2.540949336357256882e+01,1.548845108075124699e+01
3.891098095952784064e+01,6.604738702579637355e+00
3.154956861109682009e+01,1.004646207866245433e+01
1.955487720037437072e+01,2.615109111841588785e+01
5.356273156674037494e+01,3.485576077915638393e+00
1.207463052335498510e+01,6.858865697182480403e+01
1.390467373530102968e+01,5.172236732676822868e+01
1.090928418380250520e+01,8.402480044207356968e+01
8.592330703828623939e+01,1.354496952266744936e+00
1.201993664974880005e+01,6.921426995568394602e+01
2.455342365051908615e+01,1.658730710205055914e+01
1.929181887653863114e+01,2.686913270621488437e+01
3.072543259401741267e+01,1.059263451142935075e+01
7.692979535736421326e+01,1.689704830667956958e+00
1.461222499406555997e+01,4.683465210589368866e+01
4.315760573981457071e+01,5.368899981519506426e+00
2.071643226579122299e+01,2.330075917676409603e+01
1.834586145545323888e+01,2.971144548308673805e+01
1.106645022522095800e+01,8.165510282373578832e+01
5.826628006441956131e+01,2.945543331669272735e+00
1.143509616875267909e+01,7.647515348471624463e+01
2.328907565671574531e+01,1.843722249000837721e+01
2.731924372904669696e+01,1.339869973092562105e+01
3.376549449785726154e+01,8.771094118677471130e+00
1.429717905605348349e+01,4.892144625118876888e+01
5.728431867335932282e+01,3.047393212335327117e+00
1.466803421985543920e+01,4.647893529948539992e+01
3.745991753273467850e+01,7.126337165517363736e+00
1.270921328796982408e+01,6.191026510267223415e+01
1.448036956006311904e+01,4.769146993311662897e+01
1.412131896364342154e+01,5.014752165412346585e+01
1.152360763887979012e+01,7.530487195398156075e+01
1.009377645468226881e+01,9.815052693147653429e+01
1.428669877655558196e+01,4.899324709089532348e+01
1.001871900936656168e+01,9.962666839906289340e+01
1.416490396899581938e+01,4.983939145190210951e+01
1.064207350907071614e+01,8.829731370478951646e+01
2.804302847369367413e+01,1.271598989455727313e+01
1.173823137575477737e+01,7.257627405169192514e+01
1.015978555115350623e+01,9.687928340222157431e+01
4.206980034421745529e+01,5.650138557973195752e+00
2.913170693620421758e+01,1.178333257222941377e+01
1.244461943548963845e+01,6.457088810556501812e+01
5.773308011086923841e+01,3.000202328465441326e+00
2.429492761692432978e+01,1.694216008471170198e+01
1.444090894271264069e+01,4.795246542878703622e+01
4.398570069071497102e+01,5.168648169347122234e+00
1.390403739985529441e+01,5.172710171115856781e+01
7.487864910054106815e+01,1.783544701958958312e+00
1.203770556670207803e+01,6.901008571062851615e+01
1.004653899449938237e+01,9.907567765817404393e+01
7.821996531414572473e+01,1.634424116860982101e+00
1.234038297004479112e+01,6.566632692237287472e+01
1.553513692482083108e+01,4.143523718079225659e+01
1.012463916139142306e+01,9.755305891883814695e+01
1.164212016966508223e+01,7.377952323912320765e+01
1.812814979133171178e+01,3.042937538808710940e+01
1.230596826733212268e+01,6.603412359709592749e+01
3.320318508998452245e+01,9.070693811848956400e+00
8.571909573165281415e+01,1.360958361380383064e+00
2.172232083803359259e+01,2.119276157219269408e+01
4.471506857403913671e+01,5.001407001866910562e+00
1.039680985979168604e+01,9.251236787104272707e+01
1.201597511924384776e+01,6.925991579607266146e+01
2.633836452554406549e+01,1.441525707828334291e+01
5.077409998046911710e+01,3.878962064286823885e+00
4.564246462755001943e+01,4.800227544739717800e+00
2.795516839813240395e+01,1.279604546641102480e+01
1.060612546280828816e+01,8.889687196008746639e+01
1.440490774411367170e+01,4.819245356773549815e+01
1.058303261796761419e+01,8.928525239957814108e+01
1.958394787109603641e+01,2.607351069220442596e+01
5.814154349212837047e+01,2.958195596604001221e+00
9.193408814208792990e+01,1.183169196335462692e+00
1.083333135952260129e+01,8.520713164083639413e+01
1.227399919020853325e+01,6.637855888612078559e+01
1.278087867082976281e+01,6.121792088869786852e+01
5.869922309088614298e+01,2.902253165616876185e+00
1.862355383564561251e+01,2.883200752125674882e+01
1.116107079637517963e+01,8.027647131841003159e+01
6.591575865721377170e+01,2.301555701933954090e+00
6.609506836495441462e+01,2.289084832499002520e+00
1.108890898358805721e+01,8.132467985364357332e+01
1.154937105712998324e+01,7.496927844325381329e+01
1.493496915520000279e+01,4.483233305945216074e+01
3.822625619207918390e+01,6.843471575940603735e+00
1.122621902188299714e+01,7.934745067439953914e+01
1.493160490106466831e+01,4.485253776677193827e+01
1.567127160152469401e+01,4.071847693779547939e+01
1.084020431150471886e+01,8.509911912420574254e+01
6.354589342583756917e+01,2.476424088985078598e+00
2.514757098297128479e+01,1.581276856357449212e+01
5.513451860606389943e+01,3.289673724592315551e+00
1.378023401904349932e+01,5.266072260533628224e+01
1.435822623055529945e+01,4.850632991278808959e+01
7.885014551599404342e+01,1.608403471193354140e+00
1.150165368001596100e+01,7.559262499035267524e+01
1.211041309134264132e+01,6.818393874432533153e+01
2.481847194792484856e+01,1.623491137931893036e+01
1.060931188049982943e+01,8.884348112174460255e+01
1.162252897261388895e+01,7.402846172842204453e+01
1.158817011633760963e+01,7.446810043443254301e+01
8.208594750345463353e+01,1.484097279331054064e+00
5.675670301355139458e+01,3.104314268995676418e+00
2.936983097289208899e+01,1.159303389899927339e+01
1.409735770518758358e+01,5.031813786879030204e+01
1.061615617935328792e+01,8.872896221073558820e+01
1.088095342951415034e+01,8.446292105867088651e+01
2.205556575007795317e+01,2.055718267875213456e+01
3.896740646794658858e+01,6.585624989226843695e+00
1.537374988200836867e+01,4.230974205554394274e+01
2.295090236932081851e+01,1.898455706567524359e+01
1.429824998145989134e+01,4.891411818548140644e+01
1.551051375208690963e+01,4.156689972444008419e+01
1.029367491788247158e+01,9.437546455985363991e+01
2.382421404149178557e+01,1.761825273071128350e+01
4.042640185667232089e+01,6.118850220003213103e+00
2.278912401326346426e+01,1.925505380490602647e+01
1.067427118015244325e+01,8.776544036585585218e+01
1.250837806239990790e+01,6.391429481585270622e+01
1.225384312874319193e+01,6.659710757554708493e+01
4.612580390735332969e+01,4.700154167562736518e+00
1.019498514138298617e+01,9.621146013593710222e+01
1.421067472942636734e+01,4.951885591303329193e+01
1.312477471911637927e+01,5.805187943906132375e+01
5.295984641641812374e+01,3.565386092028070220e+00
1.127979423208142684e+01,7.859549355161837525e+01
1.373506075676229976e+01,5.300768409156082583e+01
8.510454405156352209e+01,1.380684665350849993e+00
1.444163959855566581e+01,4.794761336715031064e+01
4.427977368637710498e+01,5.100223581379933258e+00
2.237981306965479078e+01,1.996581720190098963e+01
2.221514052884789692e+01,2.026291255823434412e+01
1.392628373083738502e+01,5.156197235820828695e+01
2.667394045543584369e+01,1.405483156359562358e+01
1.014510071948583558e+01,9.715994805826234426e+01
2.802541138339981686e+01,1.273198174919512127e+01
1.170044688299640967e+01,7.304577501063511136e+01
1.035422314358255136e+01,9.327493596666501219e+01
1.329974845436656139e+01,5.653444668914006144e+01
1.079418492158434972e+01,8.582628058375922819e+01
1.355207595233422246e+01,5.444880417063681222e+01
2.219919992869579772e+01,2.029202342327212705e+01
4.462965062365903890e+01,5.020569991212709304e+00
6.980793302351732166e+01,2.052061829298335471e+00
1.235510894504248292e+01,6.550988566203385233e+01
1.092079827658198177e+01,8.384771460841251667e+01
2.998654105784498825e+01,1.112108741091260455e+01
1.197342844722296462e+01,6.975301006937070269e+01
2.145824615933191382e+01,2.171758620050412247e+01
4.751618001468981589e+01,4.429115054430181608e+00
1.147866278332970147e+01,7.589574091036980974e+01
5.730834662194816786e+01,3.044838357360363901e+00
8.697496091431355580e+01,1.321939304738747767e+00
2.990239292487271783e+01,1.118376704229711471e+01
1.256916316793882871e+01,6.329760411234968132e+01
4.101463815208705199e+01,5.944594443937327277e+00
1.310221377880108662e+01,5.825197273806711706e+01
1.014484169506182987e+01,9.716490961835877727e+01
4.970105845589215932e+01,4.048263049371310096e+00
1.524669544275521993e+01,4.301783501054699599e+01
2.358531312927924617e+01,1.797697882956117965e+01
8.206170832345893018e+01,1.484974146622054514e+00
1.219779056486978774e+01,6.721058189311369802e+01
3.506214689391967454e+01,8.134352531539242648e+00
2.357447436893569659e+01,1.799351306523847427e+01
1.286315244885584441e+01,6.043731562007994995e+01
1.210847681665212328e+01,6.820574716710549978e+01
8.928140193123742563e+01,1.254521179730113900e+00
1.427362511066405126e+01,4.908303713026442239e+01
2.762736837238298904e+01,1.310149824842580735e+01
5.276604963398316528e+01,3.591623766505677828e+00
1.084059496480739249e+01,8.509298594552855377e+01
1.263921380212567414e+01,6.259791662525412193e+01
1.291984367156378610e+01,5.990809122388952801e+01
3.329172809810818023e+01,9.022508960325961169e+00
1.078984186757863029e+01,8.589538691437918771e+01
1.120226610393322808e+01,7.968713818266704152e+01
2.720538519026888480e+01,1.351108547375592295e+01
2.312171639757553976e+01,1.870509249233674254e+01
1.237613046619955348e+01,6.528753055721502108e+01
1.450462949762063403e+01,4.753206916931426207e+01
1.572645152217402398e+01,4.043323769762343289e+01
1.078282515542735531e+01,8.600721276614989108e+01
1.347398149481911567e+01,5.508179783167727805e+01
1.180080671915365542e+01,7.180862409943425462e+01
1.551396462366111173e+01,4.154840979194428741e+01
1.629663593030845092e+01,3.765338917935723373e+01
5.714093785556082139e+01,3.062705733972159727e+00
1.225275594364081577e+01,6.660892640156811240e+01
1.405785085685199221e+01,5.060135389942497142e+01
5.362217072467266377e+01,3.477852970969518953e+00
2.527959082503874200e+01,1.564803899212925664e+01
3.127203932158127841e+01,1.022557157565083585e+01
1.065282574441552299e+01,8.811916109185274593e+01
1.133334388663472403e+01,7.785452628804215180e+01
1.065205838513117165e+01,8.813185750967903687e+01
4.511151280694454613e+01,4.913887589853082716e+00
1.648534621097208586e+01,3.679627496296217259e+01
1.173730266661039146e+01,7.258775964048166429e+01
1.407461654451836530e+01,5.048087300318550064e+01
1.262113897042759625e+01,6.277733894002460602e+01
1.295997620446077647e+01,5.953763670751101245e+01
6.570753389942471756e+01,2.316165905618216225e+00
1.203190533224094594e+01,6.907663729106174344e+01
1.255600388714829130e+01,6.343035135250604384e+01
1.365261835614752783e+01,5.364979905439452779e+01
1.103341934124879842e+01,8.214473842528293801e+01
2.497038807872504407e+01,1.603797070904478517e+01
1.332592054833945028e+01,5.631259757106020203e+01
6.249634522665223813e+01,2.560299425296351128e+00
1.248194067923988726e+01,6.418532897765925327e+01
2.242515193262837769e+01,1.988516558671454604e+01
1.305356290089000382e+01,5.868699432401413674e+01
1.242187517052619583e+01,6.480756121262744784e+01
1.001344199589429174e+01,9.973170117398586854e+01
1.387578009421547698e+01,5.193799534294043951e+01
2.210029471751231611e+01,2.047405518448485751e+01
9.780301944653351143e+01,1.045431241386748145e+00
3.363602469224669278e+01,8.838746428222879814e+00
1.460747620911825884e+01,4.686510826947931463e+01
1.189965980452127958e+01,7.062051960755590585e+01
1.039436087410121701e+01,9.255596615622872037e+01
2.980537665903556288e+01,1.125669168096183625e+01
4.381575687523280749e+01,5.208820166623226555e+00
1.369986254215597477e+01,5.328041276256360703e+01
8.530485007845189216e+01,1.374208251359263944e+00
2.445816668811190908e+01,1.671676352647267905e+01
6.342878570973109476e+01,2.485576907699948990e+00
1.227449720335693328e+01,6.637317264113973181e+01
1.271526222050964883e+01,6.185137493842864842e+01
3.887565884906088343e+01,6.616746179812380113e+00
2.098408872555678784e+01,2.271013794666772512e+01
1.073561782206473048e+01,8.676526843690619728e+01
1.132738537936006473e+01,7.793645495149908697e+01
1.170286967142401657e+01,7.301553351529811664e+01
1.334087905279148245e+01,5.618638699782403023e+01
2.756737650279960405e+01,1.315858301302490752e+01
5.297814220133935947e+01,3.562923934214734079e+00
1.887004870881700924e+01,2.808367623547801983e+01
8.992614090526153348e+01,1.236596710939827926e+00
3.684710197526903386e+01,7.365348951759329132e+00
3.300274627267964433e+01,9.181208264519087336e+00
1.024459378713670787e+01,9.528192323180900303e+01
3.543099929439799922e+01,7.965869683292447156e+00
1.412124569400935492e+01,5.014804204732003967e+01
1.531368131307321967e+01,4.264231658785205070e+01
1.419885742086674618e+01,4.960131650781629276e+01
1.334067058794729377e+01,5.618814297820720327e+01
7.471803015567201101e+01,1.791221001143398883e+00
1.261158638159221290e+01,6.287247577748201621e+01
1.201383147797478479e+01,6.928463424825943662e+01
1.256371520269994591e+01,6.335251110570017374e+01
1.344488384725925201e+01,5.532047376354533696e+01
2.859290529349949139e+01,1.223160445491220472e+01
1.215188529538587403e+01,6.771933380939027813e+01
4.512891225994341937e+01,4.910099221385128665e+00
3.090741395375405887e+01,1.046826389640371779e+01
1.363506255023546032e+01,5.378804144304984902e+01
1.317110124562682927e+01,5.764422752146614215e+01
1.500902608370906854e+01,4.439100478090697521e+01
1.334278995237730037e+01,5.617029458301000489e+01
7.413384417886811661e+01,1.819562418532236991e+00
1.129392325170179667e+01,7.839896615783584366e+01
3.080128394933033675e+01,1.054052782804758515e+01
1.337236548377682155e+01,5.592210674969702211e+01
3.445107995033992410e+01,8.425473541439870928e+00
1.315618376403359235e+01,5.777502445046086166e+01
3.928801427264077262e+01,6.478580242231377184e+00
1.465436912080459919e+01,4.656565829396081568e+01
1.377228091488213124e+01,5.272156033322796986e+01
4.458661053398131457e+01,5.030267524862678918e+00
4.359440112655185828e+01,5.261851267446971292e+00
1.006880888218124070e+01,9.863789714011913645e+01
1.961203896642696876e+01,2.599887195330809675e+01
1.190923189203929589e+01,7.050704224186468139e+01
1.253274006766409521e+01,6.366605428773316078e+01
1.239604133925087837e+01,6.507796563183129024e+01
2.457499193431414852e+01,1.655820412177686052e+01
1.002772302282933481e+01,9.944783674804537554e+01
1.311580014464844446e+01,5.813135139731787859e+01
1.625890254029850723e+01,3.782836269783089733e+01
1.458602942046495166e+01,4.700302723011235173e+01
1.026054030134840644e+01,9.498598680113050818e+01
2.808611733536247357e+01,1.267700285880161104e+01
1.196574800761104029e+01,6.984258336084080554e+01
6.230670196471469069e+01,2.575908740025593335e+00
3.178497132336405429e+01,9.898202902010163839e+00
1.446590834444079832e+01,4.778686959141231227e+01
4.974033180406559040e+01,4.041872819460841981e+00
2.755131825297217674e+01,1.317392640897664080e+01
3.099542395104555581e+01,1.040890004524222157e+01
1.126509986995608514e+01,7.880066951956042942e+01
1.116937059611537819e+01,8.015721104693940902e+01
1.252656445958066556e+01,6.372884461128681721e+01
1.234918702273022362e+01,6.557272987521088226e+01
8.631607654053043177e+01,1.342198091920116632e+00
1.187368080493105182e+01,7.092988576625189978e+01
1.239200554073026161e+01,6.512036140462097933e+01
1.281297747251214858e+01,6.091158139181601427e+01
2.571309178934576067e+01,1.512486126466798453e+01
1.248882061126790788e+01,6.411463069781990498e+01
3.218870775249078520e+01,9.651457804076043701e+00
3.296073647974650811e+01,9.204626822163076483e+00
1.449687679963802900e+01,4.758292154479931213e+01
1.641283948513399693e+01,3.712210165036577791e+01
1.259973989434760000e+01,6.299075887439943244e+01
1.330581650936127502e+01,5.648289391036048812e+01
2.723785961439357450e+01,1.347888741069544771e+01
2.166189532929940498e+01,2.131116021306778308e+01
1.301155968120774453e+01,5.906650631719131184e+01
3.629689030864484778e+01,7.590338811676184960e+00
6.547130301222915705e+01,2.332910250196391200e+00
3.178216178854736995e+01,9.899952976472077282e+00
2.422548457083177098e+01,1.703942967347942883e+01
2.429406052348847211e+01,1.694336949126166658e+01
1.303890542312378642e+01,5.881901258451453174e+01
2.600472355802688540e+01,1.478752586355504128e+01
1.451119284570510359e+01,4.748908180538953872e+01
1.322966303676196986e+01,5.713502668419371133e+01
5.129175032550607938e+01,3.801062064054264500e+00
2.724813323492134387e+01,1.346872518287890053e+01
1.103070636422785888e+01,8.218515001560872690e+01
5.948374936577152994e+01,2.826202849151794094e+00
7.347990686624827106e+01,1.852093065340987499e+00
6.564391588706675407e+01,2.320657449743613210e+00
1.800271995488413168e+01,3.085487195303347008e+01
1.577161032985920208e+01,4.020202443583153240e+01
4.845482361246226333e+01,4.259179721425156551e+00
6.293968791840333665e+01,2.524357324866624452e+00
1.486101661870436530e+01,4.527963948103400327e+01
1.093319024777414583e+01,8.365775182474466476e+01
1.138853391670286719e+01,7.710177227742995854e+01
1.013491848291190500e+01,9.735527326794037606e+01
2.685372393132338331e+01,1.386726964256565608e+01
2.925911487318410309e+01,1.168093566521730509e+01
6.004513515439992943e+01,2.773603307788853112e+00
1.263259838973381832e+01,6.266349608103392654e+01
2.928779421934169491e+01,1.165807033272578863e+01
1.309417594351109315e+01,5.832351041590446528e+01
2.646845279113870575e+01,1.427390786432377467e+01
3.460471901162306096e+01,8.350824288785746674e+00
1.369443538980147324e+01,5.332265155621653463e+01
1.323904785029894526e+01,5.705405235306174916e+01
3.480517968096499715e+01,8.254908042955028336e+00
1.208831517788330778e+01,6.843345241593512185e+01
1.290052065681706139e+01,6.008769201968782880e+01
6.720663837501808757e+01,2.213989996516072090e+00
6.581948057924687134e+01,2.308293871951317744e+00
2.924419507396515527e+01,1.169285746171303586e+01
2.317125045392542049e+01,1.862520480922845678e+01
1.403089264330677111e+01,5.079598621752032273e+01
2.338918966879774075e+01,1.827972460740201299e+01
1.070495315437798922e+01,8.726306395464568766e+01
1.271863145655328431e+01,6.181860973402441317e+01
1.076392028350180397e+01,8.630959018011223804e+01
1.313437103904728787e+01,5.796708194160850525e+01
6.208118017844889636e+01,2.594657697332430679e+00
3.123221980032681699e+01,1.025166238397045682e+01
1.239479101347334122e+01,6.509109578657557904e+01
5.995910320769332458e+01,2.781568392965798164e+00
4.189923525990612063e+01,5.696233811076995224e+00
1.184700959281831167e+01,7.124961464055654403e+01
1.465818245136207665e+01,4.654143330551985969e+01
1.307212385478872996e+01,5.852045470495547619e+01
7.161917792170754637e+01,1.949581237738059469e+00
4.538862178776848566e+01,4.854069705048854821e+00
1.008353900012082427e+01,9.834992550258405686e+01
3.086078851639141973e+01,1.049991934753537315e+01
1.106932856710993107e+01,8.161264302248366675e+01
4.444607082101044426e+01,5.062129511424877215e+00
1.291072580528286373e+01,5.999273818409502468e+01
1.250386099211966595e+01,6.396048175119472035e+01
3.694689483541133512e+01,7.325615349348245431e+00
5.306999083908483783e+01,3.550601847182309534e+00
3.051947075840320167e+01,1.073608654152709718e+01
6.817609896010459636e+01,2.151472035176647424e+00
4.706151299963786272e+01,4.515108897087242390e+00
7.078444124100145984e+01,1.995833847807259920e+00
3.247509193353207024e+01,9.481984075824835045e+00
1.073406452275443712e+01,8.679038141859612665e+01
1.371641128836075652e+01,5.315192549088717300e+01
1.441196437749449011e+01,4.814527148892886999e+01
3.443157439700612343e+01,8.435022339417633574e+00
2.749208194252492987e+01,1.323075844668997192e+01
4.191934062219606716e+01,5.690771063879809688e+00
1.933081919265903181e+01,2.676082404380100144e+01
1.086041296745232287e+01,8.478271516945999053e+01
4.862381202700350968e+01,4.229626246438258796e+00
7.479722061542474876e+01,1.787430151058527539e+00
1.346111543371493546e+01,5.518714191837383254e+01
1.366865236942276596e+01,5.352400508063193740e+01
1.333106011353129183e+01,5.626918519830972087e+01
1.215277189578731232e+01,6.770945329834978565e+01
1.153761561996479124e+01,7.512212555456946461e+01
1.119259516062132320e+01,7.982490475499959359e+01
1.326578201498033671e+01,5.682432515119174354e+01
1.317441961699951136e+01,5.761519233516555971e+01
8.947478927558242390e+01,1.249104093218802891e+00
2.463923213439920801e+01,1.647197451198064400e+01
1.404771369608464049e+01,5.067441050500301003e+01
1.382363155041915626e+01,5.233059834272133060e+01
1.055957671384958729e+01,8.968235019333391733e+01
7.322351001193061393e+01,1.865086220988562582e+00
1.659996449492850701e+01,3.628989250011544954e+01
1.370393344721367690e+01,5.324876239204356665e+01
1.098424650512847300e+01,8.288185426486754181e+01
2.878348251309633099e+01,1.207016824900659735e+01
1.021870238756182481e+01,9.576537163505140882e+01
1.174477021638224983e+01,7.249548361051860468e+01
2.315659419230199134e+01,1.864878878345997393e+01
1.293280117283706865e+01,5.978810634403568258e+01
8.109072260261450538e+01,1.520749418597011626e+00
3.570440495779187984e+01,7.844339848249315850e+00
2.931405018895133452e+01,1.163719591534002085e+01
1.271211459207788153e+01,6.188200859072063054e+01
2.807696146260870407e+01,1.268527212613191679e+01
2.499571494017694917e+01,1.600548628707730359e+01
3.156249350778222862e+01,1.003823567553671481e+01
4.946497553925879487e+01,4.086997788345040128e+00
4.854904094021663497e+01,4.242664497185497652e+00
1.113516430706095761e+01,8.065043989722730089e+01
1.330707759414457847e+01,5.647218887878982230e+01
3.024257974775076008e+01,1.093357858902337298e+01
1.772220584606874638e+01,3.183936859728362379e+01
1.433717335224897305e+01,4.864888906378127587e+01
2.547505568760479022e+01,1.540883185054663151e+01
3.616994066180365053e+01,7.643713620958078714e+00
1.090361967103800467e+01,8.411212615615637844e+01
1.182137944641967664e+01,7.155890472025107840e+01
1.401173292382576996e+01,5.093499860901400211e+01
4.307276006862269213e+01,5.390072368718914930e+00
1.405998000742091669e+01,5.058602958974201158e+01
3.606868540284143876e+01,7.686690101372991357e+00
1.427608146280658907e+01,4.906614806284564168e+01
2.661251021634477354e+01,1.411979260253818325e+01
1.327759544284386450e+01,5.672325392384611575e+01
1.105115597549929518e+01,8.188127241395150691e+01
1.212904311230502863e+01,6.797464067517364583e+01
2.575745234320578447e+01,1.507280879866768686e+01
1.200959081475353685e+01,6.933357258069311513e+01
4.153247747035185000e+01,5.797280627843218959e+00
1.298227672066187210e+01,5.933326890605138715e+01
4.135156755267784234e+01,5.848116898450570034e+00
1.748631640223465666e+01,3.270418533403430672e+01
1.703902369263814620e+01,3.444376253316071512e+01
1.053171457304683045e+01,9.015749553091539781e+01
1.322675976198055459e+01,5.716011172244719774e+01
1.275983121335726267e+01,6.142004648831384372e+01
1.324753544380777015e+01,5.698096759275620116e+01
4.707734947367477218e+01,4.512071709182139401e+00
3.880951962741351480e+01,6.639317927573408440e+00
1.194804257139748671e+01,7.004973187611034291e+01
1.244145118070833433e+01,6.460377865347523141e+01
1.455909601939433884e+01,4.717709330495382858e+01
4.465170932802117676e+01,5.015610722449478587e+00
4.020167675553123132e+01,6.187449472449757515e+00
5.669494428959455945e+01,3.111081112545827310e+00
1.360440957197917378e+01,5.403070116661744748e+01
1.461565610093560430e+01,4.681266529483320937e+01
5.715166004776359898e+01,3.061556656620189720e+00
2.449434730935597315e+01,1.666741530831095375e+01
1.139391294335183424e+01,7.702899050475147646e+01
1.644782424203749471e+01,3.696435111777426386e+01
1.380109647282504959e+01,5.250163357655912932e+01
2.813977858758036632e+01,1.262870004576706329e+01
2.985648828924696474e+01,1.121818377708096648e+01
3.330634521310570051e+01,9.014591303163703273e+00
2.582298538884630190e+01,1.499640293896396059e+01
1.286310405856808892e+01,6.043777034462882369e+01
1.365823781516834678e+01,5.360566146779778052e+01
6.962749542137572689e+01,2.062711325863775258e+00
1.223589001628772799e+01,6.679268019032440407e+01
1.251873392215634162e+01,6.380859503640190411e+01
1.293445527687739194e+01,5.977281549141290640e+01
1.044906954806955035e+01,9.158930433926467174e+01
1.255332631025150469e+01,6.345741314508826036e+01
5.055633841543313167e+01,3.912449774931389346e+00
1.107526329559883926e+01,8.152520147018104524e+01
3.408379066134627777e+01,8.608038911291481909e+00
2.557724193431685578e+01,1.528595501080661023e+01
5.045569159203219556e+01,3.928074112737638846e+00
3.052011902280184685e+01,1.073563046540464505e+01
8.491348429074967896e+01,1.386904880159762543e+00
1.474827935867565110e+01,4.597452907227987851e+01
4.867491946242990508e+01,4.220748908023483459e+00
2.922491740893263668e+01,1.170828849478091982e+01
2.804635348408302775e+01,1.271297500763065713e+01
1.753410990924828639e+01,3.252614179664174543e+01
1.074626664078161653e+01,8.659339668631950815e+01
2.346713144598152923e+01,1.815850074196619346e+01
2.770910342817664684e+01,1.302431983532933657e+01
1.277390005213751678e+01,6.128482813291132913e+01
2.518098785390614935e+01,1.577082718865709765e+01
1.128693068425945789e+01,7.849613692804732068e+01
1.180989386098614524e+01,7.169816009145006319e+01
7.450679072830121186e+01,1.801392231865996951e+00
1.281816331675952725e+01,6.086230536548053749e+01
4.873057798500425264e+01,4.211112802784241715e+00
1.294944302577603601e+01,5.963453286235814232e+01
2.482285724969981899e+01,1.622917564179430627e+01
3.881213808479397187e+01,6.638422115827109060e+00
3.678029881537462131e+01,7.392128256404685516e+00
9.420862326759581151e+01,1.126726958608989415e+00
1.236791184401113064e+01,6.537432804311822565e+01
4.960717439602052536e+01,4.063600630009338133e+00
1.066275726869341334e+01,8.795508532884471720e+01
1.370371065592572890e+01,5.325049381458867259e+01
1.222492642735654833e+01,6.691253626627148776e+01
4.046395422669659325e+01,6.107498353378957745e+00
1.297836474305640486e+01,5.936904312037263765e+01
1.328865119661017502e+01,5.662890914088202265e+01
1.275215559708177970e+01,6.149400709606963744e+01
1.395010831975920595e+01,5.138600328702332831e+01
3.342954559314054563e+01,8.948269457350585654e+00
1.095142745856530908e+01,8.337935638939012506e+01
1.228944047514466575e+01,6.621185864903770835e+01
1.218859670497881176e+01,6.731201403307279918e+01
1.456962429423371930e+01,4.710893589271340431e+01
2.204187977425160483e+01,2.058271883562909821e+01
2.738236799584121783e+01,1.333699519101987896e+01
2.854442914714672597e+01,1.227318486498864658e+01
2.629403175836642959e+01,1.446390743276456803e+01
1.327520848655685626e+01,5.674365407050753873e+01
3.929909779425011607e+01,6.474926450541763856e+00
1.351324409322047337e+01,5.476218357667760728e+01
1.055925578288208477e+01,8.968780176708028762e+01
5.097371579537402653e+01,3.848641101535958509e+00
2.249041868312475501e+01,1.976992033441686303e+01
1.480208800380580847e+01,4.564088280789540875e+01
5.082380579579472624e+01,3.871378504333259141e+00
4.915899568593348334e+01,4.138033446216548228e+00
1.308533057500775243e+01,5.840238764482650424e+01
2.775980635139207919e+01,1.297678578551541051e+01
1.578573700400008661e+01,4.013010295603832134e+01
1.181328446564677215e+01,7.165700892309735082e+01
1.302864535394040146e+01,5.891168910541586001e+01
1.629372560377752777e+01,3.766684140592492014e+01
5.049773651246940176e+01,3.921535728253266129e+00
1.477295898004572017e+01,4.582104780760307960e+01
1.120058126195293369e+01,7.971111378367821487e+01
5.356429973559249902e+01,3.485371990795966379e+00
1.301932964255485636e+01,5.899602534250031027e+01
1.016457194553003518e+01,9.678806592973803902e+01
8.605420155789265380e+01,1.350379515009191955e+00
8.577795596607316497e+01,1.359091241953630957e+00
3.090298947445801403e+01,1.047126166026485627e+01
7.206322319614471894e+01,1.925629071335531295e+00
2.689115384365337036e+01,1.382869268483785596e+01
1.045469524246128046e+01,9.149076204906553755e+01
1.156747800152653127e+01,7.473475850474450510e+01
2.616843663653534335e+01,1.460307933731311536e+01
1.132038147433922859e+01,7.803292314749796788e+01
2.422906103886609230e+01,1.703439964134708262e+01
3.769223337942421637e+01,7.038761615634272495e+00
1.245611817267535493e+01,6.445172723155771166e+01
1.325003061234723667e+01,5.695950896600098901e+01
2.005100464495067669e+01,2.487297451064254616e+01
2.386717315164455755e+01,1.755488675892198458e+01
1.768036771736599633e+01,3.199023375310294526e+01
1.049165011234232558e+01,9.084737904447510459e+01
1.489808465326245646e+01,4.505459858128575235e+01
3.191359390770383087e+01,9.818577469415620484e+00
1.310519537760043463e+01,5.822546962242333990e+01
5.860980919436115499e+01,2.911115153500335673e+00
2.699766982442746155e+01,1.371978913504878861e+01
3.946967661993967624e+01,6.419081114098484697e+00
6.587849674092953478e+01,2.304160030625199251e+00
1.325363027818137240e+01,5.692857293558108722e+01
1.819067344341901205e+01,3.022055562962110642e+01
2.898876792803598690e+01,1.189982254362526426e+01
1.590662167824069861e+01,3.952247160003298632e+01
1.394769312077276169e+01,5.140380094965833990e+01
1.296011489922165971e+01,5.953636241107674465e+01
1.643162703828882698e+01,3.703726102667361886e+01
1.368303384298453196e+01,5.341155201648879114e+01
3.337105389806414735e+01,8.979665417987842346e+00
2.187281980074367027e+01,2.090212544903798175e+01
1.340751941298470662e+01,5.562924056120143490e+01
9.122124615670367120e+01,1.201733031166499099e+00
1.439313562185620299e+01,4.827131886551359230e+01
1.111025652748696402e+01,8.101246126686291404e+01
1.033432704209570652e+01,9.363443572428890604e+01
9.606238774885972020e+01,1.083660504706459804e+00
2.517912180830953517e+01,1.577316485343835950e+01
2.148571462007963007e+01,2.166209190160581599e+01
1.021189455187690065e+01,9.589309959510578096e+01
1.597226826934873323e+01,3.919826169904098379e+01
1.234705265824767295e+01,6.559540220135221489e+01
1.323332847167174897e+01,5.710337996461545629e+01
1.363376401472164368e+01,5.379828791763330287e+01
1.305681888492798493e+01,5.865772837599044465e+01
4.494354533788096262e+01,4.950685558899148297e+00
9.935196972111776859e+01,1.013087685980802455e+00
9.208756025068639417e+01,1.179228769237715690e+00
3.388635114444314667e+01,8.708640968910906111e+00
2.568756225903523216e+01,1.515493982780698090e+01
1.824183737740731459e+01,3.005127069196154466e+01
1.567144934673783219e+01,4.071755328700122334e+01
3.261685642406673935e+01,9.399739029321898087e+00
2.707674888060225271e+01,1.363976744138518171e+01
7.990042015837011036e+01,1.566397112437670991e+00
1.060572232731021636e+01,8.890363022977626883e+01
1.421823971784679586e+01,4.946617570490573712e+01
2.290415224438136477e+01,1.906213567966054256e+01
1.389971357118355932e+01,5.175928854889750852e+01
5.366151405137952679e+01,3.472755084793373470e+00
1.334420118268368682e+01,5.615841451175684540e+01
5.680169576317163660e+01,3.099398348241364065e+00
1.611958422933037838e+01,3.848507419717005007e+01
1.255304590951434740e+01,6.346024810710168396e+01
3.362058353774261121e+01,8.846867155230507151e+00
2.864469905784986281e+01,1.218741142018885171e+01
1.077859363119099712e+01,8.607475646562578220e+01
4.033331633826461626e+01,6.147126278656455334e+00
4.279676325268740555e+01,5.459817817241374271e+00
1.746486471783388339e+01,3.278457424382407481e+01
5.788902842137145655e+01,2.984059501870163889e+00
2.530921808410903751e+01,1.561142488963720609e+01
1.191688128674798719e+01,7.041655496015268056e+01
2.046361952764766912e+01,2.388004247487019427e+01
4.391712591115386743e+01,5.184802032895631463e+00
5.573524236117718544e+01,3.219142576156451607e+00
2.451652582674363856e+01,1.663727308018920326e+01
4.400950318186969668e+01,5.163058765967742048e+00
4.248362246288045441e+01,5.540601541042763145e+00
1.157552203071673702e+01,7.463092565882152485e+01
2.550254796611010377e+01,1.537562767349402826e+01
2.543673206211605020e+01,1.545529750089448839e+01
3.898468851730115148e+01,6.579787422040877409e+00
1.037802480462809918e+01,9.284758055172586921e+01
1.326697949464410620e+01,5.681406766901453409e+01
3.095756699999219563e+01,1.043437298723383932e+01
1.398256673640048930e+01,5.114771049900659250e+01
1.411176053071161718e+01,5.021547831427233888e+01
3.749229115978862836e+01,7.114035661904313024e+00
1.413491777671510263e+01,5.005107698529772620e+01
1.046832540639731768e+01,9.125266814317066633e+01
3.333003967872727458e+01,9.001778837132308198e+00
1.446766161872697154e+01,4.777528811885688498e+01
1.066058051150224095e+01,8.799100765236761390e+01
1.595160464077606655e+01,3.929988193846146061e+01
1.409815656502919090e+01,5.031243556287614638e+01
4.968122174854214279e+01,4.051496473932258979e+00
1.087386932614669810e+01,8.457300863651485656e+01
2.950908074874704923e+01,1.148387980653443741e+01
1.784020804023369067e+01,3.141956521571316685e+01
1.109035801563607038e+01,8.130342997716613240e+01
1.165743993518675836e+01,7.358573415442482712e+01
1.226499004982728991e+01,6.647611027193471500e+01
1.039771500704982010e+01,9.249626170323698204e+01
1.006695776668912679e+01,9.867417561294182349e+01
1.348234640041859222e+01,5.501346979860284847e+01
2.215076374162621420e+01,2.038086395746940127e+01
1.020998605674879123e+01,9.592895245857387465e+01
4.640881650291998284e+01,4.643003523555184309e+00
2.170448075747972894e+01,2.122761483223758461e+01
1.709897442874396134e+01,3.420265930188249826e+01
1.411989376667611573e+01,5.015764548421614677e+01
1.336228437260957236e+01,5.600651890872505589e+01
1.243277264968862994e+01,6.469400174296794148e+01
1.633007463458564246e+01,3.749934316556383607e+01
3.895443197216302167e+01,6.590012648801183204e+00
1.178586506019453495e+01,7.199081184412824541e+01
1.276128060626923677e+01,6.140609542378526697e+01
2.633580596178517652e+01,1.441805814280952980e+01
6.920782067884056232e+01,2.087803650162540325e+00
1.239557543022852748e+01,6.508285785830956627e+01
1.201483115637137367e+01,6.927310525218281612e+01
1.800973116161967269e+01,3.083085296292222566e+01
2.137157205176917074e+01,2.189409819621496212e+01
7.744755763196775433e+01,1.667187889854048422e+00
3.111916773328108476e+01,1.032628371272931034e+01
2.216187661305385959e+01,2.036042948442887379e+01
1.013752988994884952e+01,9.730512268819495603e+01
2.069859786264556689e+01,2.334092944932064739e+01
1.266061580986522550e+01,6.238645949594469187e+01
1.667606953747412390e+01,3.595941394762704846e+01
1.016242829391891433e+01,9.682890297581761274e+01
1.371814660539865116e+01,5.313847912517052663e+01
1.758587206173099204e+01,3.233494907986722211e+01
5.112303358938497411e+01,3.826192067381788409e+00
2.361558081299113709e+01,1.793092679145759760e+01
1.848483450939797734e+01,2.926637050998404632e+01
3.222012681995173722e+01,9.632643976605988811e+00
1.404909588624946615e+01,5.066444000911835133e+01
2.301025458399156065e+01,1.888674656031226817e+01
4.251561855061194706e+01,5.532265269718691592e+00
1.202261085076208502e+01,6.918348258546079421e+01
2.105669894310270251e+01,2.255378438500719795e+01
1.693504361434921535e+01,3.486802599410003012e+01
1.911242533650115405e+01,2.737589940393574750e+01
1.811436424112465815e+01,3.047570826479284278e+01
3.437952390603224728e+01,8.460582868601937534e+00
2.260759231564921024e+01,1.956551907121174949e+01
1.644107933835629964e+01,3.699468636820284217e+01
1.381438155422726943e+01,5.240070208121440487e+01
2.542641257436556046e+01,1.546784532831560632e+01
1.373545324828933190e+01,5.300465473836157315e+01
3.755121198241759117e+01,7.091728207102938164e+00
1.274324098326207100e+01,6.158007422341032111e+01
1.445042097520220636e+01,4.788935650110337150e+01
7.875402105244181428e+01,1.612332191853848684e+00
2.933420552218999333e+01,1.162120973278819136e+01
6.413569387106612396e+01,2.431086461090770534e+00
1.231047836748680524e+01,6.598574758001571183e+01
1.209286578656743671e+01,6.838195837390887277e+01
1.809346005403952518e+01,3.054616885364146839e+01
1.010369061325387818e+01,9.795800273175099449e+01
2.302589070568298268e+01,1.886110453830698930e+01
1.022244417422957596e+01,9.569527724213693887e+01
1.242267872521489380e+01,6.479917739516602637e+01
1.426341119719497463e+01,4.915335823175367125e+01
1.176910539579050230e+01,7.219599327251465581e+01
1.027484932944424045e+01,9.472161100132612432e+01
1.402467148334433311e+01,5.084106107649525086e+01
2.107215495117264226e+01,2.252071101099291894e+01
1.264664773378105878e+01,6.252434584610054458e+01
1.275709042021876982e+01,6.144644086506816905e+01
9.825960040310108923e+01,1.035738244300617561e+00
1.364247774964033155e+01,5.372958568955846914e+01
1.369444483456028649e+01,5.332257800531095882e+01
4.795427819718609896e+01,4.348558162160693463e+00
1.072548620311689227e+01,8.692926805806396828e+01
1.168083208887291491e+01,7.329130218005143149e+01
1.541169376938594127e+01,4.210166371536233498e+01
1.784229371806638653e+01,3.141222005464979361e+01
7.775764239044437431e+01,1.653917457693539372e+00
1.068500973664673737e+01,8.758911847861195099e+01
1.451507033330009833e+01,4.746371317451866645e+01
1.890036098427729883e+01,2.799366763808247782e+01
3.415411746909067148e+01,8.572625750181913418e+00
1.360505393432009313e+01,5.402558328545485722e+01
1.415827409221804523e+01,4.988607883577947177e+01
2.803062112163809161e+01,1.272724948672794376e+01
1.495303439808783885e+01,4.472407172238444417e+01
9.845801302910435027e+01,1.031568010244983125e+00
2.583405740542992746e+01,1.498355131148269415e+01
6.467419252057152335e+01,2.390770948113676297e+00
4.398154016168849267e+01,5.169626094530305416e+00
1.610851235262252246e+01,3.853799633222342891e+01
1.444957216718099779e+01,4.789498297410506922e+01
1.013610344557211285e+01,9.733251193347112462e+01
3.111895493777892696e+01,1.032642493818148210e+01
2.269095298220492296e+01,1.942202586604506109e+01
2.640073803071974368e+01,1.434722352683532876e+01
4.514570365103394778e+01,4.906447398199138554e+00
9.650674860893150253e+01,1.073704150047740669e+00
2.539627954487483308e+01,1.550457271993709796e+01
1.794048409136336275e+01,3.106931548001306354e+01
1.320674673381080488e+01,5.733347972853375296e+01
1.564965090291807748e+01,4.083106348083170900e+01
1.024699502511120208e+01,9.523727252896301820e+01
9.889688979210198738e+01,1.022432704114492497e+00
1.168254093154096651e+01,7.326986264130269433e+01
1.079625560783347993e+01,8.579336134537035718e+01
1.725817103689808363e+01,3.357457025350444724e+01
4.486789956967887605e+01,4.967393009512280244e+00
1.605866929078985095e+01,3.877759684692080100e+01
1.088361679596323128e+01,8.442158770606911844e+01
4.829203073986592898e+01,4.287943588234838899e+00
1.020896035743245100e+01,9.594822948588496558e+01
2.684137280637350642e+01,1.388003469656885613e+01
1.516167722866879153e+01,4.350162760119223293e+01
1.260569141121445291e+01,6.293129334359250748e+01
1.097656077025019350e+01,8.299796184836056057e+01
5.534089543946016931e+01,3.265183822745903353e+00
1.930246870463881592e+01,2.683949165779717205e+01
1.413957692850887327e+01,5.001809761880091543e+01
1.937255993238609975e+01,2.664562881763783153e+01
1.256835321960581808e+01,6.330576261012193839e+01
1.854748572380774974e+01,2.906898776134198314e+01
1.768992828322756594e+01,3.195566469385603625e+01
1.089667448944136119e+01,8.421938092601035919e+01
1.509694998264028065e+01,4.387544836803417070e+01
2.062895089617203581e+01,2.349880166849994367e+01
1.511782730909737360e+01,4.375435033551914898e+01
1.421656660017175788e+01,4.947781952936797012e+01
1.831453993062761043e+01,2.981315740634634537e+01
1.286826169922048280e+01,6.038933274829977194e+01
1.195864073732544242e+01,6.992562584632230482e+01
1.077557392692594540e+01,8.612300572464356208e+01
2.495992341930037028e+01,1.605142163843959935e+01
1.059732757205520493e+01,8.904453741892254470e+01
1.334510517731328250e+01,5.615080645097636136e+01
5.649585180704967513e+01,3.133046769085411576e+00
1.805768734177326351e+01,3.066731411882765457e+01
1.746098186190818780e+01,3.279915669207281326e+01
2.022178130216148517e+01,2.445463480294879233e+01
3.602746624871605974e+01,7.704288902801751604e+00
7.906434232125947403e+01,1.599700478047888064e+00
3.609296054503131046e+01,7.676353861683052671e+00
5.231601938826089793e+01,3.653680908536900418e+00
2.765623484120961706e+01,1.307416288473076982e+01
2.813854549839594910e+01,1.262980690146051543e+01
1.256048874688157824e+01,6.338506243951735541e+01
1.538823949143110603e+01,4.223010162468982998e+01
1.573700391980891844e+01,4.037903112136186934e+01
3.644183792176401226e+01,7.530077665293052114e+00
1.097307615248973889e+01,8.305068400024644859e+01
1.314295934111553699e+01,5.789134920292168829e+01
1.194395713046498742e+01,7.009766121536384276e+01
6.018547762329703943e+01,2.760683230943009825e+00
1.404930715457887480e+01,5.066291627403255404e+01
1.635935819765665045e+01,3.736521424135842295e+01
1.012470906844246343e+01,9.755171179408040416e+01
1.421882061924217311e+01,4.946213396553994812e+01
1.759488103215359800e+01,3.230184513081207598e+01
2.317507046345900790e+01,1.861906522952345355e+01
6.595402165567284669e+01,2.298885997344882082e+00
2.378491103357596259e+01,1.767652685584628003e+01
3.476258893836983077e+01,8.275148079842908899e+00
1.306469931567080600e+01,5.858698679300393763e+01
1.358447363854219958e+01,5.418940335557121557e+01
1.038151741474956324e+01,9.278511842051871383e+01
1.785272285318148633e+01,3.137553023414620412e+01
5.074983251581446098e+01,3.882672621591071849e+00
1.866532945134456511e+01,2.870309182462906961e+01
2.989795731681034852e+01,1.118708569624553384e+01
2.610749103353324330e+01,1.467133808188906308e+01
3.576113533275235312e+01,7.819471545844200122e+00
3.505984410512919425e+01,8.135421122200154898e+00
1.167654310425579034e+01,7.334515424857590915e+01
1.637257796776869156e+01,3.730489874020081231e+01
1.252410144392240454e+01,6.375391316848557466e+01
4.395055400676281465e+01,5.176918075548617715e+00
1.510913692679085862e+01,4.380469753754555029e+01
6.147674101227212873e+01,2.645929854334018394e+00
1.655163142879315785e+01,3.650214501992203964e+01
4.129243287720500177e+01,5.864879007096312158e+00
1.493912459235526313e+01,4.480739558319398697e+01
2.456013465427521325e+01,1.657824344884163992e+01
3.579106216704526133e+01,7.806400450435535099e+00
2.635069327591611454e+01,1.440177124482826088e+01
3.542893001444383572e+01,7.966800227670816525e+00
1.590838589770305589e+01,3.951370610392715577e+01
2.105931445233522581e+01,2.254818249628043603e+01
1.394617097385645010e+01,5.141502243937115679e+01
1.531820822195805576e+01,4.261711659640346994e+01
1.017290204679840038e+01,9.662962062366059968e+01
1.007483410453450112e+01,9.851995226035431585e+01
2.672587881675323018e+01,1.400025707357593063e+01
1.819883567056315954e+01,3.019345370634233561e+01
6.137040341234571628e+01,2.655107098574669422e+00
4.816585108251497616e+01,4.310439191826880290e+00
1.893768696963502762e+01,2.788342592850790069e+01
1.285058617929886537e+01,6.055557371710404624e+01
1.597737598488884636e+01,3.917320357084122406e+01
1.215332971847782417e+01,6.770323788191792858e+01
3.215434131029876852e+01,9.672099714667414361e+00
4.598491218181189311e+01,4.728999598206804933e+00
1.599355414213439630e+01,3.909399294524212820e+01
2.154742957192928898e+01,2.153818288009719240e+01
3.008029294055839387e+01,1.105187278575593268e+01
2.759592760506808773e+01,1.313136901922338851e+01
1.363415240127828376e+01,5.379522293294212432e+01
1.341122068389045197e+01,5.559853933241122803e+01
3.043817410187677552e+01,1.079351268798001229e+01
1.647614970310223370e+01,3.683736364935157326e+01
1.902969792667383686e+01,2.761443813226303590e+01
9.618584866608415496e+01,1.080880389799017793e+00
2.963357142384268528e+01,1.138759488845196621e+01
1.767750843343573663e+01,3.200058323861681231e+01
1.608657641523705450e+01,3.864317016552946171e+01
3.937857686441476801e+01,6.448815715402330895e+00
1.036301603285608053e+01,9.311671788898809154e+01
1.051891284797465786e+01,9.037707597852099184e+01
2.595402313943182904e+01,1.484535628457449086e+01
2.675436711084223873e+01,1.397045774450821831e+01
1.429384662281191432e+01,4.894425976835193381e+01
1.181645265126770994e+01,7.161858922511437697e+01
1.825368630463736608e+01,3.001226928206188305e+01
1.172925379236281707e+01,7.268741648518421528e+01
5.922291882518666739e+01,2.851152086293744947e+00
1.263825644090245426e+01,6.260740070055312145e+01
2.731690607455513842e+01,1.340099302656440372e+01
1.197377566450842323e+01,6.974896471219551586e+01
1.190509663660252393e+01,7.055603222932906249e+01
1.415725768972726861e+01,4.989324210934869086e+01
3.833967516169315104e+01,6.803041842583203547e+00
1.255555931396188640e+01,6.343484337583369381e+01
1.240105184675977412e+01,6.502538819464744790e+01
1.840891950074015782e+01,2.950824650160160090e+01
2.843265863502423940e+01,1.236986779928862390e+01
1.081452818198988197e+01,8.550368783545600593e+01
2.571105492416106841e+01,1.512725778427580714e+01
4.218190599795927653e+01,5.620146040535613174e+00
2.546587816566518470e+01,1.541994007727723215e+01
3.298401088830115668e+01,9.191641338866372024e+00
1.236549643996354497e+01,6.539987021839478132e+01
3.314342659109194500e+01,9.103432714750436361e+00
4.779217148537723858e+01,4.378108022438528479e+00
2.078199400179354939e+01,2.315397551655618003e+01
2.180615561889564802e+01,2.103012169485454663e+01
2.221698772667164690e+01,2.025954323990669437e+01
1.582462179202792996e+01,3.993312720876036792e+01
1.859804833555779524e+01,2.891114260105316447e+01
1.833877209433008559e+01,2.973442149029926895e+01
5.102963428951327529e+01,3.840211007778378427e+00
1.717265961260477170e+01,3.390977254559629017e+01
3.672608147641793863e+01,7.413969810773859415e+00
4.804888224555223530e+01,4.331451158175207539e+00
2.320304295708927711e+01,1.857419975688048908e+01
1.199511498735603787e+01,6.950101848590762188e+01
1.848231790891502868e+01,2.927434102286347795e+01
7.259772875878728371e+01,1.897378312738005501e+00
1.652999580159781345e+01,3.659776072959208193e+01
1.001267804998741262e+01,9.974692038528384330e+01
1.504160558664550607e+01,4.419891483182372127e+01
1.962468911576950603e+01,2.596536481245518502e+01
3.359126241623850717e+01,8.862318392285120083e+00
1.963183080415616644e+01,2.594647683231375268e+01
1.012547603300840215e+01,9.753693404487847829e+01
4.464635493341728534e+01,5.016813829373137246e+00
2.779158913102547146e+01,1.294712195546722988e+01
1.281081625815719249e+01,6.093213497492455133e+01
4.690879391418882705e+01,4.544556073325135337e+00
8.847843135902026290e+01,1.277394880349151940e+00
1.093672816294633421e+01,8.360363579427952629e+01
4.985527414901750376e+01,4.023257064326123178e+00
3.598012199365354746e+01,7.724577538768851781e+00
8.258255682573312129e+01,1.466301741101796230e+00
1.753229126096010049e+01,3.253289010800178005e+01
1.112074316636476645e+01,8.085974703552091114e+01
4.064175504387936400e+01,6.054176697234574966e+00
3.541102418768674198e+01,7.974859198823156525e+00
1.542271605650801369e+01,4.204150689235034832e+01
1.745408736428779051e+01,3.282507364382325932e+01
1.858124063804145720e+01,2.896346951759313271e+01
1.196760070686179667e+01,6.982096043255941709e+01
1.245603437175086015e+01,6.445259446302715389e+01
1.278068412399938936e+01,6.121978461414481387e+01
1.085622980257963555e+01,8.484806537148436689e+01
3.937043577378327086e+01,6.451482986934210295e+00
1.530144977874225631e+01,4.271051789363323081e+01
3.544273479603445764e+01,7.960595372463506791e+00
1.649413521598678045e+01,3.675707115174588324e+01
1.533208377711704706e+01,4.254001441242623827e+01
4.316804668630873465e+01,5.366303171025061047e+00
1.329328821339703737e+01,5.658940899623803489e+01
1.000668763680281970e+01,9.986638131786111217e+01
1.569289593415786577e+01,4.060633661195556954e+01
3.132364822490363920e+01,1.019190399094592969e+01
1.379868338764610058e+01,5.251999793611678058e+01
1.825678348530341921e+01,3.000208725457865810e+01
1.063281805038041306e+01,8.845109943123385676e+01
3.689834395853384308e+01,7.344906136028900967e+00
3.316763676851557108e+01,9.090147759564249696e+00
3.495922279341864680e+01,8.182320037069235497e+00
4.823152720367016144e+01,4.298708268035884572e+00
1.912925133003431455e+01,2.732776117668147009e+01
1.236547281184268954e+01,6.540012015263303624e+01
1.438445536153683868e+01,4.832959483463130823e+01
4.184976325621083504e+01,5.709709187912301864e+00
2.218032106187579089e+01,2.032658139392502150e+01
2.258408424196825592e+01,1.960627228855031845e+01
2.171190243261376907e+01,2.121310504569891364e+01
1.314407436791123196e+01,5.788152764137976902e+01
1.972868546833804970e+01,2.569234245146263262e+01
6.864322366108932272e+01,2.122289660272990819e+00
5.060658684423115972e+01,3.904684111817281256e+00
3.888511651147072712e+01,6.613527912928396368e+00
1.041619505601887141e+01,9.216834558512231013e+01
1.339092006826769854e+01,5.576724172366066057e+01
1.288915847365429634e+01,6.019367695056826761e+01
1.645188782278997408e+01,3.694609314314323001e+01
1.870757671605093364e+01,2.857359799434962611e+01
1.210755221360993161e+01,6.821616473923747037e+01
2.299219742832996616e+01,1.891642400576909822e+01
2.088060947508960297e+01,2.293578759936287526e+01
1.705048679599028461e+01,3.439746477159473415e+01
1.224988743882835784e+01,6.664012512036275382e+01
4.634270031773130682e+01,4.656261130819603800e+00
5.665615572366077402e+01,3.115342456508620739e+00
2.498090590496197549e+01,1.602446847027679055e+01
2.943380524883607663e+01,1.154269382573501623e+01
1.690258020998960475e+01,3.500209094990515979e+01
1.223620500114133058e+01,6.678924147516717369e+01
1.518822092958746062e+01,4.334970919060737771e+01
3.168720314361263490e+01,9.959377263122830115e+00
8.975846444269490121e+01,1.241221162470301342e+00
1.301291282592548626e+01,5.905422292198706202e+01
2.733232115012102881e+01,1.338588131573970053e+01
1.468969051182295615e+01,4.634199307728274420e+01
4.426146437100826603e+01,5.104443998285321804e+00
1.761657873985807399e+01,3.222232408618646815e+01
2.788240926741098846e+01,1.286291514728200980e+01
1.783128792973820964e+01,3.145100838416503208e+01
2.758717578903144840e+01,1.313970198930399746e+01
2.919337670598432766e+01,1.173360157476389354e+01
4.965936042798596617e+01,4.055064403845531906e+00
2.597779755209850450e+01,1.481819631277245364e+01
1.003477723300177260e+01,9.930806695599318346e+01
5.547875499221206752e+01,3.248976627488000979e+00
3.186067370852084935e+01,9.851221637943146092e+00
1.318427287042552720e+01,5.752910719980594934e+01
3.536365932763470710e+01,7.996236005128367630e+00
2.492603034620763580e+01,1.609510303270721465e+01
3.323297163654365249e+01,9.054441063588566152e+00
3.926409823054265757e+01,6.486474944665994613e+00
1.216766986028559394e+01,6.754374934647417206e+01
5.999548350481894943e+01,2.778196019000042316e+00
2.232177991317191612e+01,2.006976819430549952e+01
1.536568237630328859e+01,4.235418182503188689e+01
3.015378166973839669e+01,1.099806869641077256e+01
1.418569349047914763e+01,4.969341651505707347e+01
1.984465417659628272e+01,2.539293668937225590e+01
2.038073148259839940e+01,2.407467681055780417e+01
6.770658660005121021e+01,2.181414325543646893e+00
1.093063176319097884e+01,8.369691920725249190e+01
1.274029312430358374e+01,6.160857441141956770e+01
6.509025923418690240e+01,2.360304300029759439e+00
1.338583486618313501e+01,5.580962108413690714e+01
1.513134794765575997e+01,4.367619174030683382e+01
1.054976832953784971e+01,8.984918757599305650e+01
1.854064599878685016e+01,2.909043906961187176e+01
2.618326679943320912e+01,1.458654169778171372e+01
1.930279648431532280e+01,2.683858014580915707e+01
3.626043386740879271e+01,7.605609221739927150e+00
2.487892616345869712e+01,1.615610762615894203e+01
2.051957135777182373e+01,2.374999000889248180e+01
1.745451402062234436e+01,3.282346891802944810e+01
5.078334577297491848e+01,3.877549758221951137e+00
3.507955151323815102e+01,8.126282862343636282e+00
1.637986044668057062e+01,3.727173463033413725e+01
1.673950779891581320e+01,3.568737725977237574e+01
4.639310495871022511e+01,4.646148866280035428e+00
1.653755370516563872e+01,3.656431695118727987e+01
1.121709379808446805e+01,7.947660315806754738e+01
1.609843111042899366e+01,3.858627836910640951e+01
1.155262032255890681e+01,7.492711297406000881e+01
1.324521387349741097e+01,5.700094415442059415e+01
1.712449856003191684e+01,3.410077689481333607e+01
1.893299424246865215e+01,2.789724999931348748e+01
1.001048058071463664e+01,9.979071745354053746e+01
2.684251559854385505e+01,1.387885286565862053e+01
4.152017397131401566e+01,5.800716904611577185e+00
1.479031200492180709e+01,4.571358998940377916e+01
1.818098155795733462e+01,3.025278405805526916e+01
2.268900955872647884e+01,1.942535318956702639e+01
1.317618374852850316e+01,5.759976541413102780e+01
3.116248314844857248e+01,1.029759688424347708e+01
1.098579764860474306e+01,8.285845085338974059e+01
1.976731724204801921e+01,2.559201817643583254e+01
1.768534746754883358e+01,3.197222099482869950e+01
7.738619915021752149e+01,1.669832719899947637e+00
1.302194076755216656e+01,5.897236826176002467e+01
1.430991186023911865e+01,4.883442544020876852e+01
2.369117610146029662e+01,1.781667910863981419e+01
1.560393657461042594e+01,4.107065671911598059e+01
1.160524980667076989e+01,7.424906918889935525e+01
1.586852675385930844e+01,3.971245934284762313e+01
1.567916439045058574e+01,4.067749242548775612e+01
1.816203473575287219e+01,3.031593701531970808e+01
1.205411650500733955e+01,6.882230764655788846e+01
7.018712344412801940e+01,2.029948933865034721e+00
2.802321170358201030e+01,1.273398061947209925e+01
1.659200682754199718e+01,3.632471072896198905e+01
1.643123316866176964e+01,3.703903667271056577e+01
7.022310297570641069e+01,2.027869336178704351e+00
2.386835001582280569e+01,1.755315566246687808e+01
2.072628229973106428e+01,2.327861736396469894e+01
1.040725841758266590e+01,9.232670214526322638e+01
1.404882212177160028e+01,5.066641458876444659e+01
1.302504377410666514e+01,5.894427317800905541e+01
2.183512788058263965e+01,2.097435046516056190e+01
1.605602302936844339e+01,3.879038010148199334e+01
3.130761109535884401e+01,1.020234814441081461e+01
3.261949568080389383e+01,9.398218017398379587e+00
7.791749473312577834e+01,1.647138200149928400e+00
2.254968403481406014e+01,1.966613780873872486e+01
5.028155975611478112e+01,3.955328126224166407e+00
1.281220826170195970e+01,6.091889554912678761e+01
2.410283016975986214e+01,1.721329130879838942e+01
1.710989720297554939e+01,3.415900402166796823e+01
6.666589263472656057e+01,2.250052248065893323e+00
3.342930797752255501e+01,8.948396666453158232e+00
2.251763683864922783e+01,1.972215550402853168e+01
1.409109665568733227e+01,5.036286318023403652e+01
7.372239051176958924e+01,1.839929496202254988e+00
1.764965828507269308e+01,3.210165308646250537e+01
2.115039939430248594e+01,2.235439159190597280e+01
1.145026769186689286e+01,7.627262967792474058e+01
1.755166085806644105e+01,3.246112467560762127e+01
7.511778518863005161e+01,1.772207013855623181e+00
1.952894938404907776e+01,2.622057676025236006e+01
2.124475535447620800e+01,2.215626400547813546e+01
2.557811150508902287e+01,1.528491568515086207e+01
2.851023386301694629e+01,1.230264353106489672e+01
2.815812192304579042e+01,1.261225171670709955e+01
1.275166215938049419e+01,6.149876632638951435e+01
1.036121910851030314e+01,9.314901876109954060e+01
1.963680609859913062e+01,2.593333059990872869e+01
2.944454433931733561e+01,1.153427559879176201e+01
2.404758679078208061e+01,1.729246870282268489e+01
1.047391731170829310e+01,9.115525663053449534e+01
2.097006732446183364e+01,2.274051785959685290e+01
4.824502410015292497e+01,4.296303414646928331e+00
1.414296819047940268e+01,4.999411338389852233e+01
1.514088754526967229e+01,4.362117223950928491e+01
2.126809241760413371e+01,2.210766740917509310e+01
1.720567761701373044e+01,3.377975049748199865e+01
1.253092780281027352e+01,6.368447081645099672e+01
1.616915811091645594e+01,3.824944908895842843e+01
3.200455460900845139e+01,9.762845680666357495e+00
2.217808997247740166e+01,2.033067125932000252e+01
1.177253746853378402e+01,7.215390450734298611e+01
1.505278667123701730e+01,4.413327804634364071e+01
3.729473035785706259e+01,7.189605434004247009e+00
1.280146460304163192e+01,6.102119110388263579e+01
3.208427815790257398e+01,9.714388196344845738e+00
1.714325156892046209e+01,3.402621199686621623e+01
9.661210727534411546e+01,1.071363607897778847e+00
7.448079613419540124e+01,1.802649861585096325e+00
1.571269331295801841e+01,4.050407628383344871e+01
1.885542668693036106e+01,2.812724982913535499e+01
5.122450652958458761e+01,3.811048128309437732e+00
3.970842255192597037e+01,6.342124022551325346e+00
1.171055134175446355e+01,7.291977418119684273e+01
4.250985970167675276e+01,5.533764293154550096e+00
1.809254056080285267e+01,3.054927374753813751e+01
1.235719943025187639e+01,6.548772273360978602e+01
2.479592529149795510e+01,1.626444924766351363e+01
1.886912577648297429e+01,2.808642357704015424e+01
1.877838482680101606e+01,2.835851794724323938e+01
4.756387374027747228e+01,4.420237094224223284e+00
1.909937466998317035e+01,2.741332427287454365e+01
1.873602531600886678e+01,2.848689212036680729e+01
3.051573737950441156e+01,1.073871366669301786e+01
2.976781354529223833e+01,1.128511857040333233e+01
1.194568272743596005e+01,7.007741095791961072e+01
1.003815814740095291e+01,9.924118306616026075e+01
1.645515178381545951e+01,3.693143771488896476e+01
1.853751496743315741e+01,2.910026679129476079e+01
2.923057243142666906e+01,1.170375870116711425e+01
1.239287663743931134e+01,6.511120709113460236e+01
1.541996166944497126e+01,4.205652754252123060e+01
1.639664627751855264e+01,3.719546088770388081e+01
2.254411800455012127e+01,1.967584995015372940e+01
2.737199985987952289e+01,1.334710084419870846e+01
1.930968143069481968e+01,2.681944474542003221e+01
2.210445997171973431e+01,2.046633985375307674e+01
2.762530387055128500e+01,1.310345653116111997e+01
2.177856720774123289e+01,2.108343604930520598e+01
1.166887176349022681e+01,7.344162297896947678e+01
3.873313258804191150e+01,6.665531037557272498e+00
3.377500091205185839e+01,8.766157336030300229e+00
1.705811925190067768e+01,3.436669017155379180e+01
1.713519866640729461e+01,3.405820160616229941e+01
8.483596509778735140e+01,1.389440617604134287e+00
3.994753230935577193e+01,6.266428469900606757e+00
1.561883924408127378e+01,4.099231921737253970e+01
4.309210389810900921e+01,5.385234301906093535e+00
7.727362249161758712e+01,1.674701680744568932e+00
1.755440470240422357e+01,3.245097778498580965e+01
3.954542087607006096e+01,6.394514786176034526e+00
1.309817600651768643e+01,5.828789292338945671e+01
2.395326241485111041e+01,1.742892717827304949e+01
1.316496029941403378e+01,5.769801768170955114e+01
1.003337757348074533e+01,9.933577590554862979e+01
2.678952352187927133e+01,1.393381439914600683e+01
1.948466400350824301e+01,2.633990217565276737e+01
1.171978959197308612e+01,7.280485989743503694e+01
2.107534000441674849e+01,2.251390454964946386e+01
1.695461309572194963e+01,3.478758117495441127e+01
1.822691087319466163e+01,3.010051042224339923e+01
1.710796915456511158e+01,3.416670381630708420e+01
4.106556695370206000e+01,5.929858821845330752e+00
1.473756489534651593e+01,4.604140192012101807e+01
3.568391556560602140e+01,7.853350737144388916e+00
1.363561301366346079e+01,5.378369873370326104e+01
1.931346387523656460e+01,2.680894086797070841e+01
1.852143073578625021e+01,2.915083077538447753e+01
2.009641893107036381e+01,2.476068464926679979e+01
3.233855095080747333e+01,9.562223456165389379e+00
6.147820519059634847e+01,2.645803823751481154e+00
1.765721074522747003e+01,3.207419749237956097e+01
1.779655307290490285e+01,3.157389874089272652e+01
1.074643319409197595e+01,8.659071257618731465e+01
1.931664970835928585e+01,2.680009857181781641e+01
2.765316683228545003e+01,1.307706409845168949e+01
6.128889282908319558e+01,2.662174063913801625e+00
6.402438131813075017e+01,2.439547165465281608e+00
2.050091339907319821e+01,2.379323959192550575e+01
1.791037898331141420e+01,3.117385053196138145e+01
2.201266694828984427e+01,2.063738539293407825e+01
7.715627479649072029e+01,1.679799693294751206e+00
1.871454783792237819e+01,2.855231477268096540e+01
1.146398973421795020e+01,7.609014698294348023e+01
2.240608507298728469e+01,1.991902326253740796e+01
3.647127169881213860e+01,7.517928421177838771e+00
1.577980937495034119e+01,4.016025807858784447e+01
1.331333443547024764e+01,5.641912110704971894e+01
2.496489355942866339e+01,1.604503107456065081e+01
5.773618850005394165e+01,2.999879288594891946e+00
1.726006771334897749e+01,3.356719176589210463e+01
2.945409371876513660e+01,1.152679770317631736e+01
8.040150785474405382e+01,1.546933386906695684e+00
2.666535605399243991e+01,1.406388238871642393e+01
1.555634244546669009e+01,4.132234985990594822e+01
5.943926398498186359e+01,2.830434791096662739e+00
1.516480196576226724e+01,4.348370225732564620e+01
1.542711129881190146e+01,4.201755473651222417e+01
2.399455869805823127e+01,1.736898604309424954e+01
6.200030810389051794e+01,2.601430960559070638e+00
1.185089774878062840e+01,7.120286979901199231e+01
2.428810604797912376e+01,1.695167818733275311e+01
1.365235679711818406e+01,5.365185477620073584e+01
6.077466986469907795e+01,2.707414703963965774e+00
1.386738492428064973e+01,5.200089981741017908e+01
1.970224754090537189e+01,2.576134047001643879e+01
4.122496743751057835e+01,5.884090685442723512e+00
1.298305533263576095e+01,5.932615252132228534e+01
3.879196168475981921e+01,6.645329438197635774e+00
1.760304939550224290e+01,3.227187396117221141e+01
1.228590457900444477e+01,6.624997581715784634e+01
4.813551983289964653e+01,4.315873108357744847e+00
1.188531220148778900e+01,7.079112459262887569e+01
1.965026493559697940e+01,2.589781831129185363e+01
7.844876105960828738e+01,1.624904426102591115e+00
1.270121174921687945e+01,6.198829441746578794e+01
1.347464256929221804e+01,5.507639326868939378e+01
1.146827666838213489e+01,7.603327139592717288e+01
2.445638843329334122e+01,1.671919460873198560e+01
1.658588521618434797e+01,3.635152953240393714e+01
1.567502949516851807e+01,4.069895577977656131e+01
2.955179934312797485e+01,1.145070276561952838e+01
1.545860078998023646e+01,4.184654782146019869e+01
4.175804049735133816e+01,5.734819822666175071e+00
1.682475665151989475e+01,3.532664687449376117e+01
6.001182308956435207e+01,2.776683370754989166e+00
1.771410992247268013e+01,3.186847849905837293e+01
3.892942261036223783e+01,6.598482589504055085e+00
2.878852490582240975e+01,1.206594037010990661e+01
1.724868204288216589e+01,3.361152107999293293e+01
1.396352887910830631e+01,5.128727502049494547e+01
1.334902674077720697e+01,5.611782028483308693e+01
1.232707462107173946e+01,6.580819061015938587e+01
6.034507981966410028e+01,2.746099492260877906e+00
1.665314379191766747e+01,3.605848999504434715e+01
1.769641352071973017e+01,3.193224728210877217e+01
1.966452295123473704e+01,2.586027683275162303e+01
4.135132269399075255e+01,5.848186157007348562e+00
3.230129729565671681e+01,9.584292736772415111e+00
3.919083198969050841e+01,6.510750206786998007e+00
1.384124851554888380e+01,5.219747167718082892e+01
3.663819649888796448e+01,7.449580627312079706e+00
2.007895626839303205e+01,2.480377209878807321e+01
1.397051481880813384e+01,5.123599556027382107e+01
1.258616810869109237e+01,6.312667919458777988e+01
3.739468453965444183e+01,7.151221866696489293e+00
2.217065977898210605e+01,2.034430063578751557e+01
2.067393126490761190e+01,2.339665999964920928e+01
1.789880164171233901e+01,3.121419144932442080e+01
3.964398831693989678e+01,6.362756760110204191e+00
1.136218961937268546e+01,7.745972208038770646e+01
3.635028518946500498e+01,7.568056313881330155e+00
2.758737598986418504e+01,1.313951128108034005e+01
1.789531362108338186e+01,3.122636070845221568e+01
3.091706475458864389e+01,1.046172955280566086e+01
1.574609220414035882e+01,4.033243286625301494e+01
4.017553889321789740e+01,6.195503094919734721e+00
1.319139049235903371e+01,5.746704248155580075e+01
4.286261530981178680e+01,5.443054302367373865e+00
2.632949785688734679e+01,1.442496761892656032e+01
2.807181149071273651e+01,1.268992695843428464e+01
1.196962284074486682e+01,6.979737148481936515e+01
1.187194688922464181e+01,7.095060611234325165e+01
2.183871570076444968e+01,2.096745939908817391e+01
1.700612856203972001e+01,3.457714125960308849e+01
1.748586806145307904e+01,3.270586243784615021e+01
1.757930833772891077e+01,3.235909989396363784e+01
2.321489920889191438e+01,1.855523226947662963e+01
4.272483037816438411e+01,5.478217937337936050e+00
2.000073510497418994e+01,2.499816233888067885e+01
2.363599578628566888e+01,1.789996542999953988e+01
1.320479434280284003e+01,5.735043503167663204e+01
1.757410701062049441e+01,3.237825707451176527e+01
1.762875478896576098e+01,3.217782802145894294e+01
3.053043083998752394e+01,1.072837965627583934e+01
3.429774481263454788e+01,8.500977575461391211e+00
5.254253995344978989e+01,3.622245434570237066e+00
1.579907929882519824e+01,4.006235197245053570e+01
4.616219483089229669e+01,4.692746567788239176e+00
1.648815737624589772e+01,3.678372879543940144e+01
1.597423008522806853e+01,3.918863431171114087e+01
1.232533339425544661e+01,6.582678565769823820e+01
1.427674565761370395e+01,4.906158277556626501e+01
4.513792200641920971e+01,4.908139258141108741e+00
1.217714385088749296e+01,6.743869024143612023e+01
4.200559415948264785e+01,5.667424402867915489e+00
1.822072578172947033e+01,3.012094934560249726e+01
1.756512751850457121e+01,3.241136979956196740e+01
4.697416086487770315e+01,4.531916908407442435e+00
3.965395446284325942e+01,6.359558885171659348e+00
2.916154686956021891e+01,1.175923001254666289e+01
2.879559318817461744e+01,1.206001758841441784e+01
1.940247683989224825e+01,2.656352174974570701e+01
1.087462170587846622e+01,8.456130637816286821e+01
1.119027679252885221e+01,7.985798395152934859e+01
2.087326219163259466e+01,2.295193700520089664e+01
6.804880971338809559e+01,2.159528469687590047e+00
7.405152519952974899e+01,1.823610080597549254e+00
1.652398670873817110e+01,3.662438376365236081e+01
2.208875165628497328e+01,2.049545929344902362e+01
1.303416664648109879e+01,5.886178951669804604e+01
1.010036134255937235e+01,9.802259100653216706e+01
6.011496380041077714e+01,2.767163497625793056e+00
3.291087703456601332e+01,9.232537669234449851e+00
2.357722689893178014e+01,1.798931199497711120e+01
5.027530540775061496e+01,3.956312288867183113e+00
1.939487037677095671e+01,2.658436170035578527e+01
1.675838103067086848e+01,3.560704051680598070e+01
1.922234537675288379e+01,2.706370479966344433e+01
1.020020108380807500e+01,9.611308852059254093e+01
1.559177683441033047e+01,4.113474219963806888e+01
3.163352571583552120e+01,9.993205128023589623e+00
3.391302028999801621e+01,8.694949431543159690e+00
8.015598637436490037e+01,1.556424557138417875e+00
1.444720432645931396e+01,4.791068386432962001e+01
6.970708051206757716e+01,2.058003988968283959e+00
3.789672619452059621e+01,6.963003477911939854e+00
2.027280109098661143e+01,2.433170158660561100e+01
4.053099153356139084e+01,6.087311743981182133e+00
2.742336416104037511e+01,1.329714909736331307e+01
1.961169806139960059e+01,2.599977582437116297e+01
2.206057336286374237e+01,2.054785103306136307e+01
4.488232523984436995e+01,4.964200373795365273e+00
2.526439356572129213e+01,1.566687014512892162e+01
1.403235674339151728e+01,5.078538692486021944e+01
1.837807673035935707e+01,2.960737327964654142e+01
1.021478233019928972e+01,9.583888818615723437e+01
1.814565622319525673e+01,3.037068885634303328e+01
1.312211626566348244e+01,5.807540367084716593e+01
1.211116458004106811e+01,6.817547748209791791e+01
1.564411316173169375e+01,4.085997555521991131e+01
1.338575801158092382e+01,5.581026195012859858e+01
2.774012431747305030e+01,1.299520676615080994e+01
1.815511591377255485e+01,3.033904791582928340e+01
5.931263541603726708e+01,2.842533275664413495e+00
4.721599734729733200e+01,4.485611582337701186e+00
5.421226372010729477e+01,3.402553130226456446e+00
1.416655416735031814e+01,4.982778099382981907e+01
6.976429356612288757e+01,2.054629872875888719e+00
1.278662982423361250e+01,6.116286424260368904e+01
6.036404264931692154e+01,2.744374437565002101e+00
3.276367812885739994e+01,9.315682931588794347e+00
1.175026189746235161e+01,7.242773549652581266e+01
1.149509735599394844e+01,7.567887934128506799e+01
1.418423862267859903e+01,4.970361107836860270e+01
3.208860855612226715e+01,9.711766435368920369e+00
3.691146567243187349e+01,7.339684960200162145e+00
1.708039035013426954e+01,3.427712723703658781e+01
2.135811024411997039e+01,2.192170616519914006e+01
3.827730008485451663e+01,6.825231808972485048e+00
2.054127643256703095e+01,2.369982536012143015e+01
3.232667306030098331e+01,9.569251702428184458e+00
1.859094996305127623e+01,2.893322444614341293e+01
5.666952364705655754e+01,3.113872857165687069e+00
1.530951115788137962e+01,4.266555041876259224e+01
1.206621102551307523e+01,6.868440923810618415e+01
1.764220452831046160e+01,3.212878444188250882e+01
1.128519082914193561e+01,7.852034253260599428e+01
2.223147623155560737e+01,2.023314509706193931e+01
3.216678827651130490e+01,9.664615908379969866e+00
1.184829663148915913e+01,7.123413629263892233e+01
2.948224259171409045e+01,1.150479724191197484e+01
1.548391669956208361e+01,4.170982306303922371e+01
9.254794776354304986e+01,1.167525606563100560e+00
1.460454732954830348e+01,4.688390734879843080e+01
3.053117548752792842e+01,1.072785633780068260e+01
2.121380739216373001e+01,2.222095690800948731e+01
2.076479921290542663e+01,2.319233780038444337e+01
3.431848419065473621e+01,8.490706042831737577e+00
1.781635601767282040e+01,3.150374874108420542e+01
1.596952324482078289e+01,3.921173854940696657e+01
2.605791185662261356e+01,1.472722013863798196e+01
8.930515315870684390e+01,1.253853973984746073e+00
4.644428611022615172e+01,4.635914486769888931e+00
2.786688972060085234e+01,1.287724629105014174e+01
1.547822263696054357e+01,4.174051677175902597e+01
3.161508917408369257e+01,1.000486372958391001e+01
1.432760902083396104e+01,4.871386143981413142e+01
2.831022333008623804e+01,1.247709291521779384e+01
1.275830453019679389e+01,6.143474664862950618e+01
4.085325541728440868e+01,5.991653106464594813e+00
4.618457093868756402e+01,4.688200462293513837e+00
4.877473998002598421e+01,4.203490539661675740e+00
1.896366022654627059e+01,2.780709810820342298e+01
1.897734515052460580e+01,2.776700811520873913e+01
5.638362593057196648e+01,3.145531203522029529e+00
1.612775005060678168e+01,3.844611244765069102e+01
1.459670003754410850e+01,4.693433115778562836e+01
1.334010408753078458e+01,5.619291524715651320e+01
1.893132600404381449e+01,2.790216685668718455e+01
7.207572287332132532e+01,1.924961227749484527e+00
4.611682028757728347e+01,4.701985538865098846e+00
8.235040047275674624e+01,1.474580780284422188e+00
4.585299456036415222e+01,4.756249105747079042e+00
4.049767776395133723e+01,6.097330822664125627e+00
1.379880417583054708e+01,5.251907846985699280e+01
5.752824753763622567e+01,3.021605143263484727e+00
4.252207656113931478e+01,5.530584979516414812e+00
1.037841824832629811e+01,9.284054101985134366e+01
1.774383056140209547e+01,3.176180950135706382e+01
4.022811951230708871e+01,6.179317874437941782e+00
1.627727018696552008e+01,3.774303807426318969e+01
4.320704848232819728e+01,5.356619519564518761e+00
2.337642130522241146e+01,1.829969908593647432e+01
2.938237397632311954e+01,1.158313814130230135e+01
3.061835963633349778e+01,1.066684931931060021e+01
1.713714170595039477e+01,3.405047888529993116e+01
7.675354575443265048e+01,1.697473898108941226e+00
1.127130393265475305e+01,7.871394490472439998e+01
3.023988716493414941e+01,1.093552574420507639e+01
4.120656617528208443e+01,5.889347074478814115e+00
2.372234480802134726e+01,1.776989132023676632e+01
3.319382622056979670e+01,9.075809426163882421e+00
1.817028262271118422e+01,3.028842113382481926e+01
2.064115412843878872e+01,2.347102448462225865e+01
1.119491521112940724e+01,7.979182212471427249e+01
1.927014591684567790e+01,2.692960563728008694e+01
1.044472851911324085e+01,9.166545269388785755e+01
1.137252991245098599e+01,7.731892806079092395e+01
1.551118680636287550e+01,4.156329249915556545e+01
2.061204477428218595e+01,2.353736519120852222e+01
1.659211210064870556e+01,3.632424978667877724e+01
5.814845159497436811e+01,2.957492764285071907e+00
3.614952550360636252e+01,7.652349512242491159e+00
1.619779250370747548e+01,3.811433417623928221e+01
2.225990339449666422e+01,2.018150034018138683e+01
1.742324112091614197e+01,3.294140406696415369e+01
1.437996439911544577e+01,4.835978688250627044e+01
1.336139634350665872e+01,5.601396379999692954e+01
1.804692034547175439e+01,3.070391796595067291e+01
1.755217611197698346e+01,3.245921887477398116e+01
5.420553521662844076e+01,3.403397896776503284e+00
1.696655811555503490e+01,3.473861519518890617e+01
1.904372306434486362e+01,2.757377867937323046e+01
4.154278399672131883e+01,5.794404440543285517e+00
6.535304918870403412e+01,2.341360510851342003e+00
1.148508519191129373e+01,7.581088352110798212e+01
3.999516748141265765e+01,6.251510435773368179e+00
5.756300845884823048e+01,3.017956895284815477e+00
4.264657745858953319e+01,5.498340529831806656e+00
1.617337307532508106e+01,3.822951520653082724e+01
5.842994197909305143e+01,2.929065542954720325e+00
4.464180601775978374e+01,5.017836289158105423e+00
4.131342896458211555e+01,5.858919287725336211e+00
2.486526313307479086e+01,1.617386750547175822e+01
1.183845656857777406e+01,7.135260438698927032e+01
7.984816969294801936e+01,1.568447798309038133e+00
3.521344552229226110e+01,8.064602332142523977e+00
2.136726353749979168e+01,2.190292857777742697e+01
1.944032827251486850e+01,2.646018105627743466e+01
2.836867271908736399e+01,1.242573152934973280e+01
3.215419831780975812e+01,9.672185740179461533e+00
2.913886412333969744e+01,1.177754475850039206e+01
8.408532639312210222e+01,1.414358716715672371e+00
2.430908139545202928e+01,1.692243693942789662e+01
3.248193324649491132e+01,9.477990324053143567e+00
1.039322657943621664e+01,9.257616998163032918e+01
4.274786769059574709e+01,5.472314980358957470e+00
1.591190666322132863e+01,3.949622195123688329e+01
5.691166596157132318e+01,3.087432009101772401e+00
4.090857814996850550e+01,5.975458435165674764e+00
3.051904221168219067e+01,1.073638805472366720e+01
3.621024148927839548e+01,7.626708677189617092e+00
4.084716027036242991e+01,5.993441369368341931e+00
2.574123560851274561e+01,1.509180623452716041e+01
1.415684654874804593e+01,4.989614013529207881e+01
2.416791306675780859e+01,1.712070719361463844e+01
1.201497235507107320e+01,6.927147708116045521e+01
3.895543500756748045e+01,6.589673290203185374e+00
1.039969273602033084e+01,9.246108467507536943e+01
1.267686957575876328e+01,6.222658329982091630e+01
1.849733177458262645e+01,2.922683766893721113e+01
2.904007649929269519e+01,1.185781001547320912e+01
4.808587966191399943e+01,4.324788459948442743e+00
3.851502231069078874e+01,6.741238500460747574e+00
4.294901411639443722e+01,5.421177181762682373e+00
3.119273119496453006e+01,1.027763510768729560e+01
1.767154007896029810e+01,3.202220252881853924e+01
7.868889510995278158e+01,1.615002151989621826e+00
1.404819344338164377e+01,5.067094949110754243e+01
4.354964802161887150e+01,5.272671340095494763e+00
3.578915316615514541e+01,7.807233262700666643e+00
5.692936588880602500e+01,3.085512478615456633e+00
2.166592547145587844e+01,2.130323264798456862e+01
3.756259220371137530e+01,7.087431740534414715e+00
9.426469704979128039e+01,1.125386880029417558e+00
1.406393016926428174e+01,5.055761719873018478e+01
1.631629074364593635e+01,3.756272830571263199e+01
2.209380390220669454e+01,2.048608686833068759e+01
1.529340292640749865e+01,4.275547527164042094e+01
4.114346278242214083e+01,5.907426387931095313e+00
1.811569934219251365e+01,3.047121639831281570e+01
2.000486898209090469e+01,2.498783198839030462e+01
2.280824289341050815e+01,1.922278645541524256e+01
1.164151208716841346e+01,7.378723103654193949e+01
5.275513507225278431e+01,3.593110069381208138e+00
5.908914894595885414e+01,2.864075947754832097e+00
1.803354311408735811e+01,3.074948702055991845e+01
1.008963405928535551e+01,9.823113674366032910e+01
4.450053614660516388e+01,5.049745759165946701e+00
4.910634291372316085e+01,4.146911962779326721e+00
1.851400192933916244e+01,2.917422920942608755e+01
1.350028262339252016e+01,5.486738717051132852e+01
1.754185540302524515e+01,3.249742471924916032e+01
1.772736959035861304e+01,3.182082253925888438e+01
2.830548135844223268e+01,1.248127379990569530e+01
2.519568067543544387e+01,1.575243908561215989e+01
3.183559591534074329e+01,9.866747918799070760e+00
3.896669263731298116e+01,6.585866275494656641e+00
7.194223731752587980e+01,1.932111211199659229e+00
1.262661630860833739e+01,6.272288600875574360e+01
1.905557235154184781e+01,2.753949704963794431e+01
3.669966554712389240e+01,7.424646604874386213e+00
2.215854133253219516e+01,2.036655920691866228e+01
7.761286746435064288e+01,1.660093472322533792e+00
2.408254976105664014e+01,1.724229484665831791e+01
5.139768675854087832e+01,3.785409375887332395e+00
2.505302593406978673e+01,1.593234213768563201e+01
1.544771041037440895e+01,4.190557086346027660e+01
2.273207414711991348e+01,1.935182250852158958e+01
3.040060695096321552e+01,1.082020505336098637e+01
2.437151307033256131e+01,1.683584872612070527e+01
3.406025578333858306e+01,8.619938947465325185e+00
1.504961368396210553e+01,4.415188969906249383e+01
4.241816190492870930e+01,5.557715470919708523e+00
5.457622522561503331e+01,3.357322116220028185e+00
1.468771512349006514e+01,4.635445922162625720e+01
1.379304759552572968e+01,5.256292568781154273e+01
1.118426883501502189e+01,7.994380310459960981e+01
1.438565608058259748e+01,4.832152737592412706e+01
1.325592621245697167e+01,5.690885451821193897e+01
5.402699427629395501e+01,3.425929222125490003e+00
8.005177932386473572e+01,1.560479332163359212e+00
1.350682950933684978e+01,5.481421059501991522e+01
3.775925520161266036e+01,7.013796506890701110e+00
1.415820686083624835e+01,4.988655261300403509e+01
1.627944771969664473e+01,3.773294176073180495e+01
2.900878597721419183e+01,1.188340482507308593e+01
1.543772838465601538e+01,4.195978061670151504e+01
2.455872196242769689e+01,1.658015076494670836e+01
9.712045979152858877e+01,1.060177396014244877e+00
2.603668802211615940e+01,1.475123974342051625e+01
4.346022541568416386e+01,5.294391479638797193e+00
8.286038473437751861e+01,1.456485311140814476e+00
1.969821722925496488e+01,2.577188323650032231e+01
3.767943043185834995e+01,7.043545775325429581e+00
2.137713332895818041e+01,2.188270814600267045e+01
2.476978265424997261e+01,1.629879916373652904e+01
2.424640030770407861e+01,1.701004481591742845e+01
1.110496457393009706e+01,8.108969092920074218e+01
3.085779361837678536e+01,1.050195758228403520e+01
1.728970230549453291e+01,3.345222188175056033e+01
6.126162877666509843e+01,2.664544154479422389e+00
2.816466973187548817e+01,1.260638812843076018e+01
2.307486064323521902e+01,1.878113464764787821e+01
1.853744591328246827e+01,2.910048359548238750e+01
6.117735744172994572e+01,2.671889988185668141e+00
2.137224418241599722e+01,2.189272113324847879e+01
4.807465112297450105e+01,4.326808931259874313e+00
3.021128300004794198e+01,1.095624314719687220e+01
1.758655806216138018e+01,3.233242654461234622e+01
1.621452730482594262e+01,3.803570016622697381e+01
6.237355253256008325e+01,2.570390097125022422e+00
1.074392675157760202e+01,8.663111865197195982e+01
1.550773387264402281e+01,4.158180342703047216e+01
3.637756304246057226e+01,7.556710698050944863e+00
2.685998669489598356e+01,1.386080371930681387e+01
1.962857094668811442e+01,2.595509578272593387e+01
1.961454308385888723e+01,2.599223401406270639e+01
1.204910482535021288e+01,6.887957116876616226e+01
1.560651651596435840e+01,4.105707891302649415e+01
1.588780247362830877e+01,3.961615629784393633e+01
1.474386512476304389e+01,4.600206224672901101e+01
6.725625075824592614e+01,2.210724848487580552e+00
1.914304405050657110e+01,2.728839561062333630e+01
1.830642321944219830e+01,2.983960041282119491e+01
5.259247408887144815e+01,3.615370388983762062e+00
1.911376229342593547e+01,2.737206979491706704e+01
1.935928613016326949e+01,2.668218079161026424e+01
1.159132916822163395e+01,7.442751552260151016e+01
6.847882356558612571e+01,2.132492038757634489e+00
2.583092905769378689e+01,1.498718080518984230e+01
1.519514189602411491e+01,4.331022899903445023e+01
2.047455641889421685e+01,2.385453729012478874e+01
2.571228421747828108e+01,1.512581136339657562e+01
3.562112867686170148e+01,7.881060247922871298e+00
3.967617350619211436e+01,6.352438049846579560e+00
2.457288016760327309e+01,1.656105023232910867e+01
3.439387121757086163e+01,8.453525721740245302e+00
1.670909674510907905e+01,3.581739965384739577e+01
1.485393304759383071e+01,4.532283585508614010e+01
2.282898193896598471e+01,1.918787634315419410e+01
4.631965164330665630e+01,4.660896197985577416e+00
2.672501419547575452e+01,1.400116297513165442e+01
1.734988050304433216e+01,3.322056573869123497e+01
2.146288269700124474e+01,2.170820409357755665e+01
2.367128045812404480e+01,1.784664143035896799e+01
3.765791576460557621e+01,7.051596291623908108e+00
1.240092203166267559e+01,6.502674959684694045e+01
3.762729917711143202e+01,7.063076448564845400e+00
3.977434827103849813e+01,6.321117388953303440e+00
1.348882848429709647e+01,5.496060883395971075e+01
1.503109379673647439e+01,4.426075626165271615e+01
3.835562421507356845e+01,6.797385330870798548e+00
1.748308847248418729e+01,3.271626289784152419e+01
1.999452768695196880e+01,2.501368639958361229e+01
1.117632954475833706e+01,8.005742224732368584e+01
3.412480833507397904e+01,8.587357796971209822e+00
6.589232669367214612e+01,2.303192904959518117e+00
2.548641524659734259e+01,1.539509916003686385e+01
5.555509176135210936e+01,3.240054097633323860e+00
1.061445252150683416e+01,8.875744713231551941e+01
3.948362052238042708e+01,6.414548032550859702e+00
1.549438788456086868e+01,4.165346669743607322e+01
2.277443801829448589e+01,1.927989488310690902e+01
1.447704578946430587e+01,4.771337132164470063e+01
5.907915042134859362e+01,2.865045459227527846e+00
6.260556178998594135e+01,2.551374237533025724e+00
1.074717905267975482e+01,8.657869413205651199e+01
2.529002694736857038e+01,1.563512709171978798e+01
4.170164639034102549e+01,5.750340971025599934e+00
1.694833100855236552e+01,3.481337476125300867e+01
2.278250773409356000e+01,1.926623916795533731e+01
2.265596942898233834e+01,1.948205208167696867e+01
1.530103207915830410e+01,4.271284981594666874e+01
2.380548309335380353e+01,1.764598889611298915e+01
1.366685228378862149e+01,5.353810549464053281e+01
2.299442612009669418e+01,1.891275730540161248e+01
1.060124083239861825e+01,8.897881112335198850e+01
3.338080812305168621e+01,8.974418278424156625e+00
2.281155397462242007e+01,1.921720651220774201e+01
1.138236542606508905e+01,7.718536306281875170e+01
2.746742555699691124e+01,1.325452253035319394e+01
5.038532047042761519e+01,3.939054136793336713e+00
4.694258643583752644e+01,4.538015456573121220e+00
2.452585646722299373e+01,1.662461648776968204e+01
4.135407608140091185e+01,5.847407429123183675e+00
1.462666815776693952e+01,4.674220363260257471e+01
2.461073915411057556e+01,1.651013730976040605e+01
5.346160926706052408e+01,3.498774439148788939e+00
1.219205060170628130e+01,6.727388167591455215e+01
3.221879718797509895e+01,9.633439048852729059e+00
3.000869427070885109e+01,1.110467370914695096e+01
1.503057669838447197e+01,4.426380172800776336e+01
1.498383848914202865e+01,4.454037136518240203e+01
3.887371153629509024e+01,6.617409105811350223e+00
1.520970538862303378e+01,4.322732848143265016e+01
1.834778592164791178e+01,2.970521305003054024e+01
1.920958058434462856e+01,2.709968448721816259e+01
2.199978650959989679e+01,2.066155802687405085e+01
7.373013400027096509e+01,1.839543040245765981e+00
5.742647063525669182e+01,3.032325012535319608e+00
3.645616255312651788e+01,7.524161277639923817e+00
2.408997345055634298e+01,1.723166953644976118e+01
1.685181384128243209e+01,3.521329736193546012e+01
1.848101640475018570e+01,2.927846439113801935e+01
1.091829129178421631e+01,8.388622412847517751e+01
5.284771970307534872e+01,3.580531461658770898e+00
8.909100118087590658e+01,1.259889107184170909e+00
2.449916804175940754e+01,1.666085661670809870e+01
1.871995384602655932e+01,2.853582629638488655e+01
1.242783377710667914e+01,6.474543128821841265e+01
2.220364331037326622e+01,2.028390257734515600e+01
2.630658444473271018e+01,1.445010726981285387e+01
1.163805433873024953e+01,7.383108296866963371e+01
1.896171220499094190e+01,2.781281189696081668e+01
1.275739684297991161e+01,6.144348910897248572e+01
1.601356454367915916e+01,3.899635100853040370e+01
1.657692332028914350e+01,3.639084523399783677e+01
1.604634759839440150e+01,3.883717290512142739e+01
2.069623068333657656e+01,2.334626910037958680e+01
5.498727643112314212e+01,3.307315159777520108e+00
1.544590287334891343e+01,4.191537932898841490e+01
1.864046379386988761e+01,2.877972052828573979e+01
4.934076502685875454e+01,4.107600917064445412e+00
7.407534498881260276e+01,1.822437463072460462e+00
2.174475972858303763e+01,2.114904559627986913e+01
3.962926836460325575e+01,6.367484420983565485e+00
2.938884144322825520e+01,1.157804060659410617e+01
9.011641930065592021e+01,1.231380142695882807e+00
3.706094699336782838e+01,7.280596713273318699e+00
2.728443814458712069e+01,1.343290582479567874e+01
1.668133389268224320e+01,3.593672112715673705e+01
1.706451324231227318e+01,3.434094093200559428e+01
1.457559256526335290e+01,4.707036437900381998e+01
9.027598575916867674e+01,1.227030961294705014e+00
1.962426258948586977e+01,2.596649352043703018e+01
1.513284293011778914e+01,4.366756257317825174e+01
2.589891661322969796e+01,1.490859803013524321e+01
1.839224671329654015e+01,2.956176989375581599e+01
3.623072825020482668e+01,7.618086030621088689e+00
1.831187990189705062e+01,2.982181950063825582e+01
1.243684278734295567e+01,6.465166456617475887e+01
1.303269154689036569e+01,5.887511476345185457e+01
1.159694226692666774e+01,7.435548483070503778e+01
1.366462544003087487e+01,5.355555649773144467e+01
1.089910918291507969e+01,8.418175849809770739e+01
2.813241808029238200e+01,1.263530920382503986e+01
5.617864171303180854e+01,3.168527864702881836e+00
1.225942329900334826e+01,6.653649483489166983e+01
1.636401945125658131e+01,3.734393048107819624e+01
1.784747164416180709e+01,3.139399601002691753e+01
6.396834157016719757e+01,2.443823389870810381e+00
2.613939944117806391e+01,1.463554129105450663e+01
3.323299855140860615e+01,9.054426397505430657e+00
3.997826114710620971e+01,6.256798933565259624e+00
5.204348569805279823e+01,3.692047221984036565e+00
1.941189694309889546e+01,2.653774679310667040e+01
1.150458484758894784e+01,7.555411053244127118e+01
3.734355473310441198e+01,7.170817799968730810e+00
5.678713669549921406e+01,3.100987797451348893e+00
3.707663738177119939e+01,7.274435894667260705e+00
1.476639715882953574e+01,4.586178033368405238e+01
1.541673582919486307e+01,4.207412943108763415e+01
1.839524258431540815e+01,2.955214174805159644e+01
1.263133844440121223e+01,6.267599776760082619e+01
6.912046790022937159e+01,2.093084016352916965e+00
2.902038628174051027e+01,1.187390642888609626e+01
1.706446668763687669e+01,3.434112830774584069e+01
3.767026130329345790e+01,7.046975060627143961e+00
6.246303789987245381e+01,2.563030623414328968e+00
3.557324818266251043e+01,7.902289853250977103e+00
1.695339347210006764e+01,3.479258657778905928e+01
3.879484488310544776e+01,6.644341724962524509e+00
3.763368521523962329e+01,7.060679593283842870e+00
2.362458621952121263e+01,1.791725929205632895e+01
1.672471458986675685e+01,3.575053699980018251e+01
2.076473778893637601e+01,2.319247501064548800e+01
2.604700734804753282e+01,1.473955374088823866e+01
4.048024884520938116e+01,6.102582409001965580e+00
6.588479862357706907e+01,2.303719265775880931e+00
4.436048127989385392e+01,5.081682198979702747e+00
1.299476177800961629e+01,5.921931169528594552e+01
2.571635114709219394e+01,1.512102757851179824e+01
4.300078300693608213e+01,5.408131866238344188e+00
6.391356708711010981e+01,2.448013940584842008e+00
1.573887895088770250e+01,4.036941068669204924e+01
2.264502331226527332e+01,1.950089104279814123e+01
2.437268336595695928e+01,1.683423196142009104e+01
5.206424320704467590e+01,3.689103841985238219e+00
4.659392160935806970e+01,4.606185996176030528e+00
4.138219253473703674e+01,5.839464277938217762e+00
1.745689210218667142e+01,3.281452671123022213e+01
2.442052393402981636e+01,1.676833899693151153e+01
1.996295807603850392e+01,2.509286271621958520e+01
1.894520204032991018e+01,2.786130905100986155e+01
1.591875170124217576e+01,3.946226262825759079e+01
4.514969214326003311e+01,4.905580572225089142e+00
1.106833593672000937e+01,8.162728204731114090e+01
1.850552738555550647e+01,2.920095580722639284e+01
3.674594381535273158e+01,7.405957008981579826e+00
2.652134107715082223e+01,1.421703519002387495e+01
1.478832463303285571e+01,4.572587752169786768e+01
1.001788425265095839e+01,9.964327220347743719e+01
8.460151705620279472e+01,1.397152134019396197e+00
4.408418666379675699e+01,5.145580000235349338e+00
2.980212125083906116e+01,1.125915104467652839e+01
3.206947114253036091e+01,9.723360860823445861e+00
2.429823454507342717e+01,1.693754882841207987e+01
1.463212609800220676e+01,4.670733944791062697e+01
5.789331274563735974e+01,2.983617854817294912e+00
1.546115740424925455e+01,4.183270970662044874e+01
2.590783835224646836e+01,1.489833181518849869e+01
1.626764493360994734e+01,3.778771495037210570e+01
2.095682480598912178e+01,2.276926619104879634e+01
1.899108365182435421e+01,2.772684831176789189e+01
1.803834693286579949e+01,3.073311131888041814e+01
4.415252114147876483e+01,5.129664785766359536e+00
1.299761880703616868e+01,5.919328035833993340e+01
1.305881211267049480e+01,5.863982333415120252e+01
4.504719850101908207e+01,4.927928812485609988e+00
1.277096567315855857e+01,6.131299414260368508e+01
8.222826836929098704e+01,1.478964367604480579e+00
2.315640540323231988e+01,1.864909286362918550e+01
1.577904198572680272e+01,4.016416443724993712e+01
2.020150661491723909e+01,2.450374588014104305e+01
4.190305889776654169e+01,5.695194300257921505e+00
2.402666604709963494e+01,1.732259596286443681e+01
5.682393278514655321e+01,3.096973035517316397e+00
1.895062115717819751e+01,2.784537689760921708e+01
1.515584796240761811e+01,4.353509736644401329e+01
1.903103453501709907e+01,2.761055937389145143e+01
1.810482341874385881e+01,3.050783671206043834e+01
3.160345920214134097e+01,1.001222860018798322e+01
1.416312108627581345e+01,4.985194001122801666e+01
5.327293651549676667e+01,3.523601017088087151e+00
1.299922731354249983e+01,5.917863227448970065e+01
5.845510408543917436e+01,2.926544442449446670e+00
1.430129613291562940e+01,4.889328315870054809e+01
1.532383199060628698e+01,4.258584180486023740e+01
4.392486076905094450e+01,5.182976179597203803e+00
1.351058811083370692e+01,5.478371656846947957e+01
4.444976106789263781e+01,5.061289024017776583e+00
2.973626242105816075e+01,1.130907901758506284e+01
1.468936901652377713e+01,4.634402160498205347e+01
3.989624447012906927e+01,6.282550195616811273e+00
3.941872742660122242e+01,6.435685321400638870e+00
1.352489525060237874e+01,5.466787334603974102e+01
5.823242295277842118e+01,2.948969484174862377e+00
1.590831794101392838e+01,3.951404369164539077e+01
1.280499206756666197e+01,6.098757602037909464e+01
3.288402977658056159e+01,9.247619123969393229e+00
1.294099743992572549e+01,5.971239593519460698e+01
1.644658176070334932e+01,3.696993638184821407e+01
1.552915470903145057e+01,4.146716709307084869e+01
3.062284337312539151e+01,1.066372590958859945e+01
3.920157260991386750e+01,6.507183007264682573e+00
2.623483434121679636e+01,1.452925505138838957e+01
1.827664512461909396e+01,2.993691480658707960e+01
3.353509262210508979e+01,8.892031236510819170e+00
1.504154804916001709e+01,4.419925297511540663e+01
1.448727039568211516e+01,4.764604624715869363e+01
4.060320770469251528e+01,6.065677423106005328e+00
1.690685496547008881e+01,3.498439322141986452e+01
2.389576092639440219e+01,1.751290818775094849e+01
8.820406476115554995e+01,1.285354141171267450e+00
2.213200473453073158e+01,2.041542809250590551e+01
3.509617963621042946e+01,8.118584427817095772e+00
2.757504460193227303e+01,1.315126572370986757e+01
1.064586990778605902e+01,8.823434993730569431e+01
2.886556258294980992e+01,1.200162209272099822e+01
1.489791780667236942e+01,4.505560774892010301e+01
3.324932055989068402e+01,9.045538988801798297e+00
1.743433385893273879e+01,3.289949892501869044e+01
1.497492185451367597e+01,4.459342919889417800e+01
3.669610464378990144e+01,7.426087615132447972e+00
1.831017905217592201e+01,2.982736011158083045e+01
1.295493340873431798e+01,5.958399658678710864e+01
3.996914382959106149e+01,6.259653722199741033e+00
4.572880800905711851e+01,4.782117447185533443e+00
1.787639020122792033e+01,3.129250631025421114e+01
1.071332855005058349e+01,8.712667739648264842e+01
3.146117748677668047e+01,1.010299305470081066e+01
5.810569556601468832e+01,2.961846801122949291e+00
2.182355293135734087e+01,2.099660545044538651e+01
2.561005605452571032e+01,1.524680837109142573e+01
2.555848895241873464e+01,1.530839470999102936e+01
1.688529199533574854e+01,3.507380228821173773e+01
1.392086543039475366e+01,5.160211822831442419e+01
1.762978743747290267e+01,3.217405855877809273e+01
1.136843880868945433e+01,7.737458683311017182e+01
2.737743590123599091e+01,1.334180099149007859e+01
3.820304193536662751e+01,6.851791037731270961e+00
7.026538594052937015e+01,2.025429485379734995e+00
1.957592419603023970e+01,2.609488881458720044e+01
2.765946518469586124e+01,1.307110920524865705e+01
1.326674827752769303e+01,5.681604803362171907e+01
4.625663466313811512e+01,4.673604241913716706e+00
1.785177746756443540e+01,3.137885346181658264e+01
1.578983303305293973e+01,4.010928541513342083e+01
4.687421833454191500e+01,4.551262899285485553e+00
3.535884691719808615e+01,7.998412760969830337e+00
1.429930977685872406e+01,4.890686790037337772e+01
7.156043595193484919e+01,1.952783265357729281e+00
1.397000236795515526e+01,5.123975453045858330e+01
4.925187804904275168e+01,4.122440623200493981e+00
6.003856751162009431e+01,2.774210152116532768e+00
4.675429339068686829e+01,4.574640857130589211e+00
6.744046331291798424e+01,2.198664223077449353e+00
1.972246141906111916e+01,2.570856108000637619e+01
4.088617894480947967e+01,5.982007454224254062e+00
2.744919208729388416e+01,1.327213734410436885e+01
3.219866605924086400e+01,9.645488779484848507e+00
8.096035016671929441e+01,1.525651162233567781e+00
5.856335122516911440e+01,2.915735727276458800e+00
3.858861033971321319e+01,6.715552089576194206e+00
1.772813570813626072e+01,3.181807233794136991e+01
2.038981675514123992e+01,2.405322725333951084e+01
2.516952896442534637e+01,1.578519037385653689e+01
1.307576985208363496e+01,5.848782401858390756e+01
3.129718210627284236e+01,1.020914862278380930e+01
3.576656519508812693e+01,7.817097516865260332e+00
1.274620295651649116e+01,6.155145749095820662e+01
1.339551894038791602e+01,5.572895692259510980e+01
2.596533147709315159e+01,1.483242829671166163e+01
4.445361738595542533e+01,5.060410936030853790e+00
2.114216888713615106e+01,2.237179981467000189e+01
4.598185890825649125e+01,4.729627646273771191e+00
1.324201424418308370e+01,5.702849342641196984e+01
1.333288370921541599e+01,5.625379389539936881e+01
1.748034270187381267e+01,3.272654169041737759e+01
4.694787918422089490e+01,4.536992312588703946e+00
3.955902695225456966e+01,6.390116837097659541e+00
1.119326877956082811e+01,7.981529720411518269e+01
5.072110702520036085e+01,3.887071707692526967e+00
1.406506192168854952e+01,5.054948123685782946e+01
2.823843539949378112e+01,1.254061224272876451e+01
1.614104145950811997e+01,3.838282128905996871e+01
2.811487203709922511e+01,1.265108511490683085e+01
3.956264741062818757e+01,6.388947345420384671e+00
1.299996569608023833e+01,5.917190991402405587e+01
1.273261398118673782e+01,6.168291008614893656e+01
1.737167314387822969e+01,3.313726809111453520e+01
1.397997802303773796e+01,5.116665459469803068e+01
1.034266773228275760e+01,9.348347642901417487e+01
2.540327249837094570e+01,1.549603776973860647e+01
2.439778249961550216e+01,1.679961346257320898e+01
2.032726186972737992e+01,2.420149730328011373e+01
3.195349955279806053e+01,9.794068604345362417e+00
1.477597145988990057e+01,4.580236600217873644e+01
2.540299350745968354e+01,1.549637814517013723e+01
3.324858256493389774e+01,9.045940547949676613e+00
2.108886562993151870e+01,2.248503462417406595e+01
1.398423804954477845e+01,5.113548548792000048e+01
2.016468101939473812e+01,2.459332716360832194e+01
1.875038790865700733e+01,2.844326753736782720e+01
1.723088362533960094e+01,3.368099411078660665e+01
2.571358161715831514e+01,1.512428503166751348e+01
4.901972364958169237e+01,4.161580336913633715e+00
1.530685246240468267e+01,4.268037313396202848e+01
3.753520786737462345e+01,7.097776982996176542e+00
4.071393604932140420e+01,6.032729044080781478e+00
2.255523617520393387e+01,1.965645706602089859e+01
5.974338568197815391e+01,2.801691669362206039e+00
1.629138057684793495e+01,3.767768592757232682e+01
2.856733945818015385e+01,1.225350716750582691e+01
1.413435514303403195e+01,5.005506174185425294e+01
3.199030469355788497e+01,9.771545235854702582e+00
4.586034033729534087e+01,4.754725543272774857e+00
3.216770193074422934e+01,9.664066911012792360e+00
2.623254083215003973e+01,1.453179574579687383e+01
3.611293671086614410e+01,7.667863734878924475e+00
1.372820751951306484e+01,5.306062106958654567e+01
1.913944852876596769e+01,2.729864932671508626e+01
7.332805986783228036e+01,1.859771598287745409e+00
2.072679825969508016e+01,2.327745841168158591e+01
4.117841631349841691e+01,5.897401826781697665e+00
3.396034277674959867e+01,8.670734131350990026e+00
1.249292664160450528e+01,6.407249271620058551e+01
1.960879834750489792e+01,2.600746599327300856e+01
1.323918221121972039e+01,5.705289430629020586e+01
9.573866567468526512e+01,1.091001277918211665e+00
1.825539664702378673e+01,3.000664586530972500e+01
4.486494208425527574e+01,4.968047929632519732e+00
9.797667379092332851e+01,1.041728670451212757e+00
1.261827217026678483e+01,6.280586749401887658e+01
1.746678753182324684e+01,3.277735652641570141e+01
1.753791776044537443e+01,3.251201910956610419e+01
1.575149207954328645e+01,4.030478433873253863e+01
3.155649012660706632e+01,1.004205543414522950e+01
1.336105168957291589e+01,5.601685364466076322e+01
1.623793471229033258e+01,3.792612029168808618e+01
1.102117430723887992e+01,8.232737302827760573e+01
2.612962582466766293e+01,1.464649199666024160e+01
2.671211393559859815e+01,1.401468959118918356e+01
1.893117610820793573e+01,2.790260871356473871e+01
3.733610762397843530e+01,7.173678686755303957e+00
3.254160351767900750e+01,9.443263348463004192e+00
1.261118712237604278e+01,6.287645681630323935e+01
1.551945712349569995e+01,4.151900615364964153e+01
1.398206171222438066e+01,5.115140541859481260e+01
1.687601099425755180e+01,3.511239073274401079e+01
2.329757190429510061e+01,1.842377742850213806e+01
3.776498355856023892e+01,7.011668901950235622e+00
3.491635321169164996e+01,8.202424540603129088e+00
3.003353352620760575e+01,1.108631304813478202e+01
3.113829298059900808e+01,1.031360272988642457e+01
1.260763233137027939e+01,6.291191853783814736e+01
2.963515669030963195e+01,1.138637661316705341e+01
3.001684021482446596e+01,1.109864737349032104e+01
3.750825982902534861e+01,7.107979529164586197e+00
1.318378942532122089e+01,5.753332642301483446e+01
5.390329031656650471e+01,3.441671760423479220e+00
6.432250466136522959e+01,2.416985838278690846e+00
1.380634608717944545e+01,5.246171556653513335e+01
5.628146557930953975e+01,3.156960906720895466e+00
2.869365865555608863e+01,1.214585647561215787e+01
1.255838964545029945e+01,6.340625349962331825e+01
2.485149978056353959e+01,1.619178741246681952e+01
1.524417267666589737e+01,4.303207427659889106e+01
1.023527959640758489e+01,9.545541684320862430e+01
1.546528391040832240e+01,4.181038875793315412e+01
3.549761127456008580e+01,7.936001504982202803e+00
2.567316307171498835e+01,1.517194435603619951e+01
3.337018869928580500e+01,8.980131060920626851e+00
5.554361305843421093e+01,3.241393422153516113e+00
1.121305178254770851e+01,7.953391201053467796e+01
1.373968129509099789e+01,5.297203801682840663e+01
4.595110027905090533e+01,4.735961577415028323e+00
4.951044926395564261e+01,4.079493689069262352e+00
4.002681682509925309e+01,6.241628162076128916e+00
1.181265091625529529e+01,7.166469550795376620e+01
2.855271870521877631e+01,1.226605948326879592e+01
1.982853156103003656e+01,2.543424756478970750e+01
1.203448691659682979e+01,6.904700444664554482e+01
1.400651525466736302e+01,5.097295401290397621e+01
2.379813930498490748e+01,1.765688121008586720e+01
1.265876975154564121e+01,6.240465675247583732e+01
2.806149532431087579e+01,1.269925899579771489e+01
1.390484650089144658e+01,5.172108204975130974e+01
5.029520821123833940e+01,3.953181727169554183e+00
1.426048556768780173e+01,4.917352855004237711e+01
1.331583217587279222e+01,5.639795726242971341e+01
3.338501911558866198e+01,8.972154459141535199e+00
1.354580316074134139e+01,5.449924415984448700e+01
1.268438569284425910e+01,6.215286057819640320e+01
2.672296896269046229e+01,1.400330620505479828e+01
1.193236219488421312e+01,7.023395824521077202e+01
1.014040085376204559e+01,9.725003217574096936e+01
1.713220768899777369e+01,3.407009455137621501e+01
2.885973760611090100e+01,1.200646733607138827e+01
4.070619595437132432e+01,6.035023453264869886e+00
5.149828324464219520e+01,3.770635021000315223e+00
3.363345483578037687e+01,8.840097177204704337e+00
1.436474513685390875e+01,4.846231430834842513e+01
2.459899747719058993e+01,1.652590242088284711e+01
1.119158614298028986e+01,7.983929920578836459e+01
2.504648832693987615e+01,1.594066050838746484e+01
5.071687710655135106e+01,3.887720118387230972e+00
3.006362955419132987e+01,1.106412763766364016e+01
3.416104054065563389e+01,8.569151448064118881e+00
1.361831394309654897e+01,5.392042622330697554e+01
2.435022322597655631e+01,1.686530137530033713e+01
6.815520413410831679e+01,2.152791421580462217e+00
1.588930050408475125e+01,3.960868669134619324e+01
1.259422139964039644e+01,6.304597313761391320e+01
4.096961494241803337e+01,5.957667146005324987e+00
3.017707609617277242e+01,1.098109589094439009e+01
1.412853222509297169e+01,5.009632952179912024e+01
3.903691676582305092e+01,6.562192749477940623e+00
4.439845056922084154e+01,5.072994267068582808e+00
1.406518274342748143e+01,5.054861278742428254e+01
1.746207170963984368e+01,3.279506267944727682e+01
6.310995249931310269e+01,2.510754752410100821e+00
1.941859112231787421e+01,2.651945320923418947e+01
2.722765552522581700e+01,1.348899225000005409e+01
3.186092996844567438e+01,9.851063170304781735e+00
1.682232801999357719e+01,3.533684779333658810e+01
1.990535735601188350e+01,2.523829675034508213e+01
7.515923264468617049e+01,1.770252943374909238e+00
2.231855487837499297e+01,2.007556878288147928e+01
2.303181385277774851e+01,1.885140467428528055e+01
4.087613666951805413e+01,5.984947083542537349e+00
5.296853416638766276e+01,3.564216618748559551e+00
5.999543499960034154e+01,2.778200511243817949e+00
1.444007531982651038e+01,4.795800216257769932e+01
1.493616703956816139e+01,4.482514221895304729e+01
6.581541813287965681e+01,2.308578838900625207e+00
3.453010325116955670e+01,8.386953710633626713e+00
1.531721037201227276e+01,4.262266941857252078e+01
2.170072085452680710e+01,2.123497133311695251e+01
2.733553013994303527e+01,1.338273869254040882e+01
2.375208972942653318e+01,1.772541245001032095e+01
1.893248387233186492e+01,2.789875409305022913e+01
1.244412616953387918e+01,6.457600718771774950e+01
3.484947855272167772e+01,8.233934949002655657e+00
1.969315478168915234e+01,2.578513510788143037e+01
4.434758718151450552e+01,5.084637635336365591e+00
3.099538851072907875e+01,1.040892384845556506e+01
1.320243250570980997e+01,5.737095617435483774e+01
2.782400925022237104e+01,1.291696794770502166e+01
2.451569199250873154e+01,1.663840484214766136e+01
2.822645559965851447e+01,1.255125941059003303e+01
3.005313259459824593e+01,1.107185794551223346e+01
1.217461873750368362e+01,6.746666779092281274e+01
1.346592026923627827e+01,5.514776580042162379e+01
1.191034560853974433e+01,7.049385686713931420e+01
3.064966995911488468e+01,1.064506690501682229e+01
1.180355150166011136e+01,7.177523141442175358e+01
2.412047152542556816e+01,1.718812142391420750e+01
3.238072291807876013e+01,9.537332401171711993e+00
2.569293449591760847e+01,1.514860287825241159e+01
2.668330309935167932e+01,1.404497016851239621e+01
4.126793878946023852e+01,5.871843129731617594e+00
1.259796157085873780e+01,6.300854363293564120e+01
1.628080747396048267e+01,3.772663920037594210e+01
2.666859891724973863e+01,1.406046230094150751e+01
6.527140344500237745e+01,2.347221628251381809e+00
3.689881243956494217e+01,7.344719629898829538e+00
5.259356561517105177e+01,3.615220323824049231e+00
3.579504732873830619e+01,7.804662330858173291e+00
3.613176602710045415e+01,7.659873922782821865e+00
1.329957716741013662e+01,5.653590292726596545e+01
3.258052297686092658e+01,9.420715694089638603e+00
2.582552153126243866e+01,1.499345770155143676e+01
1.485210099982368170e+01,4.533401793923415113e+01
1.193155400267993116e+01,7.024347326059637453e+01
1.199363775206429672e+01,6.951814017696483461e+01
4.284078484397599595e+01,5.448602972225845775e+00
4.346381146882089297e+01,5.293517870753760235e+00
4.021622834289599524e+01,6.182972626856659382e+00
5.600492045727188639e+01,3.188215218563045461e+00
1.000261519894268680e+01,9.994771653179071791e+01
2.192032925825651546e+01,2.081161836974247947e+01
2.780503216459644023e+01,1.293460576631081160e+01
1.567426619512750996e+01,4.070291976388118371e+01
5.580896143279031918e+01,3.210643745107985225e+00
2.639605911716801501e+01,1.435231029891034282e+01
5.080263719673714462e+01,3.874605452295649677e+00
5.086318724191394125e+01,3.865385900643226957e+00
2.052587079596834485e+01,2.373541438989533958e+01
2.934528005456809652e+01,1.161243999684049122e+01
2.330273349449413800e+01,1.841561654410846671e+01
1.382760071130474344e+01,5.230056005084185244e+01
1.431292769453578195e+01,4.881384809612605835e+01
3.100048723702199283e+01,1.040550016747666007e+01
2.108082642344547608e+01,2.250218730115778598e+01
2.796780813533262844e+01,1.278448202152966395e+01
1.605431313405302873e+01,3.879864342870536831e+01
4.190066453407918345e+01,5.695845209077320170e+00
7.002624591892596584e+01,2.039286812520832104e+00
2.445730735907876152e+01,1.671793826352730505e+01
4.099793518840726136e+01,5.949439203604990567e+00
1.381507003198846029e+01,5.239547940495962308e+01
1.335689569949468414e+01,5.605171828863843331e+01
1.941247706368281456e+01,2.653616071389769004e+01
1.267126909444139571e+01,6.228160159827778841e+01
1.216259853989225626e+01,6.760008720952704664e+01
3.029940410396185868e+01,1.089260676221473645e+01
6.195788528614427548e+01,2.604994601022011302e+00
3.208206891652893944e+01,9.715726150410038287e+00
2.585265411384681400e+01,1.496200269104596003e+01
1.117619132635564227e+01,8.005940243487199837e+01
3.882747433274221294e+01,6.633179004709592874e+00
2.529078048816833402e+01,1.563419540590960466e+01
2.576046392847080568e+01,1.506928476310543097e+01
4.331105997272494790e+01,5.330922573686953214e+00
1.355525211868246593e+01,5.442329107841765534e+01
6.080746793688753371e+01,2.704494864076583127e+00
3.696420906178519061e+01,7.318754244508333784e+00
1.406425705556197769e+01,5.055526707100104034e+01
2.822404939981725391e+01,1.255339958015518498e+01
3.846695980768357970e+01,6.758094691256721909e+00
3.745420690730665569e+01,7.128510429779231217e+00
1.337624894333387360e+01,5.588964029131892630e+01
5.761103285391654083e+01,3.012927471644023747e+00
1.274057536959073467e+01,6.160584478003907805e+01
3.392883784088890309e+01,8.686844188031805913e+00
3.582927046689437134e+01,7.789759851940225133e+00
1.418625482708737628e+01,4.968948395042549038e+01
1.294643741197868714e+01,5.966222529616681669e+01
4.491283300842263770e+01,4.957458637425771641e+00
3.606530069725443610e+01,7.688132951052694786e+00
2.972690069354957743e+01,1.131620314990875364e+01
4.749795203644523411e+01,4.432515171729405346e+00
4.038666062942292001e+01,6.130898270300892072e+00
4.601038653569848691e+01,4.723764482015464061e+00
1.192189190514407571e+01,7.035737704721513808e+01
1.328659747816393555e+01,5.664641683218623314e+01
1.662126111230034198e+01,3.619695649159348960e+01
1.392590397331530738e+01,5.156478457260813997e+01
3.372510069128614418e+01,8.792117632312685060e+00
5.058613498345330584e+01,3.907842060100099602e+00
1.130303199520623103e+01,7.827265875064404099e+01
1.773958445240534587e+01,3.177701619865377580e+01
3.037947179115056073e+01,1.083526563860609571e+01
3.017987446595753198e+01,1.097905958411160121e+01
6.258069870705335092e+01,2.553401943577329636e+00
1.744958878025159166e+01,3.284200073461862956e+01
1.624065414207920810e+01,3.791342021379345084e+01
2.194916767535496405e+01,2.075696665231596683e+01
4.098896153646641949e+01,5.952044492382936092e+00
1.407349085843535796e+01,5.048894887993903069e+01
2.167331910088401159e+01,2.128870037067746779e+01
1.499243516917070096e+01,4.448930700649696490e+01
2.608440113978189956e+01,1.469732369456097665e+01
2.065536744368842292e+01,2.343873396325432523e+01
1.410330590662871941e+01,5.027570252698220088e+01
1.700428919186410681e+01,3.458462214886794328e+01
4.694659379863262672e+01,4.537240759340519958e+00
3.789466252960708204e+01,6.963761880086395628e+00
5.107060378731995343e+01,3.834052145414883483e+00
3.919837363865111968e+01,6.508245150354608377e+00
8.165657605902148930e+01,1.499745849990160806e+00
1.937920904279732426e+01,2.662734743849047092e+01
1.295428800913460421e+01,5.958993384022330275e+01
4.921725009385858840e+01,4.128243544210235427e+00
2.900864152561093690e+01,1.188352317471393427e+01
3.142745431828882019e+01,1.012468668154991036e+01
2.115244343484515355e+01,2.235007142198291419e+01
3.387884015760168666e+01,8.712502833025439486e+00
1.352944126860479557e+01,5.463114169116263241e+01
1.276725785254095058e+01,6.134861190762617156e+01
4.822280624057587772e+01,4.300263227979614022e+00
1.777960150548739193e+01,3.163413431177165336e+01
1.425513167299165040e+01,4.921047234526628245e+01
1.207096907273542996e+01,6.863027286312676267e+01
4.403235045136187154e+01,5.157702195622083430e+00
1.990044609742009740e+01,2.525075547576947699e+01
2.591536018186233292e+01,1.488968470785052922e+01
1.994921728249289572e+01,2.512744197683843694e+01
1.164713698452286295e+01,7.371597826779323270e+01
8.146472053737120689e+01,1.506818195876175714e+00
3.505842124444838248e+01,8.136081494534412428e+00
2.144539724408309311e+01,2.174361798870926421e+01
1.909726044852655136e+01,2.741939436305657907e+01
2.751161086644848908e+01,1.321198159128031868e+01
7.280619614921683080e+01,1.886528268495044847e+00
3.033379686477854165e+01,1.086792047299720565e+01
2.752795739209689430e+01,1.319629529318593875e+01
8.041139165656083776e+01,1.546553126273418455e+00
3.858146464874682380e+01,6.718039900975220746e+00
3.376032258067460390e+01,8.773781702423075757e+00
4.548171179328243596e+01,4.834219838870483343e+00
1.656580224970135617e+01,3.643972194968566924e+01
1.339748338720375465e+01,5.571261526459191060e+01
1.776723518514848621e+01,3.167818550768223673e+01
3.219808182514229600e+01,9.645838817390737674e+00
3.504078545660395605e+01,8.144273223861603128e+00
2.352801109557965376e+01,1.806465065685382143e+01
1.652543144082630278e+01,3.661798028672134819e+01
4.770245555757453815e+01,4.394591676493576848e+00
1.106937962423158517e+01,8.161189015336636032e+01
3.122319460791256063e+01,1.025758981060646846e+01
2.430943925045880505e+01,1.692193871862154708e+01
5.033066162240896091e+01,3.947614368830031140e+00
1.421334183756408009e+01,4.950027340745022286e+01
7.429238517415700471e+01,1.811804761242283179e+00
1.316353856030819003e+01,5.771048180108508063e+01
2.902514295460627736e+01,1.187001492967226746e+01
5.047395219500668162e+01,3.925232408311807308e+00
6.667810127061456171e+01,2.249228362764930544e+00
6.670562192547588154e+01,2.247372822957704575e+00
1.318469090096782814e+01,5.752545925040510610e+01
3.142684030707826182e+01,1.012508231355078259e+01
3.738456400782646227e+01,7.155094265200468762e+00
1.486329664430864206e+01,4.526574877812432618e+01
1.216407417710776073e+01,6.758368692251465859e+01
1.982001626416730744e+01,2.545610695081674990e+01
1.112320883849709219e+01,8.082390278764297875e+01
1.535408316668742046e+01,4.241819875057585421e+01
1.366010583586138161e+01,5.359100131226865216e+01
3.651723215322027727e+01,7.499016255807073428e+00
8.987618973134968314e+01,1.237971638439365973e+00
2.445534799387027292e+01,1.672061725699969159e+01
1.390076417985648760e+01,5.175146499304130288e+01
4.329008291584910495e+01,5.336090231149889007e+00
2.243425925350404881e+01,1.986902386149072797e+01
1.887305570461109028e+01,2.807472794748035483e+01
1.974743836740540104e+01,2.564356882062831389e+01
4.545711436512699066e+01,4.839452971176841700e+00
3.564962332005708845e+01,7.868466664564824242e+00
5.534913372276611909e+01,3.264211901211510281e+00
8.829201293309961329e+01,1.282794719517872828e+00
1.296451563316960431e+01,5.949595068560216049e+01
4.463823902288405776e+01,5.018638261272218237e+00
1.409103196312866935e+01,5.036332561761524573e+01
1.857779846942134228e+01,2.897420344628867639e+01
2.139777181412090101e+01,2.184051607561587716e+01
4.143385302688079719e+01,5.824911852188722428e+00
1.391113914094174220e+01,5.167430104376789757e+01
4.078325676868374217e+01,6.012238394658942831e+00
3.375947355694415819e+01,8.774223015142517568e+00
2.699036594762858243e+01,1.372721557812593929e+01
1.363883616577942348e+01,5.375828123374454037e+01
3.853353671852915596e+01,6.734762061208261485e+00
5.531875802284194066e+01,3.267797662977566020e+00
1.600214743452654531e+01,3.905201659043889606e+01
1.317498361346964231e+01,5.761025964294579182e+01
4.358976695640637899e+01,5.262970136022977030e+00
3.128594105504182465e+01,1.021648624318204135e+01
1.464548368197321970e+01,4.662217835580579361e+01
6.530260884164839297e+01,2.344978885346535424e+00
2.718910542594309376e+01,1.352727012821417674e+01
3.630394723699925663e+01,7.587388208493822894e+00
3.034283697810953484e+01,1.086144562706875583e+01
1.575392978625131413e+01,4.029231206762833750e+01
4.790960948438480216e+01,4.356670732897398146e+00
3.609506249818463886e+01,7.675459840990037641e+00
2.510933834998886383e+01,1.586095972152495648e+01
2.457445093116198009e+01,1.655893318296763184e+01
3.702452849445914751e+01,7.294926608530753143e+00
2.539071365935924973e+01,1.551137096408340632e+01
3.268821071733064798e+01,9.358746899101033634e+00
1.412201266164016289e+01,5.014259510693199928e+01
2.965085427427933951e+01,1.137432358508471353e+01
1.409509626460667597e+01,5.033428541475132079e+01
5.656419664607058451e+01,3.125480208336006704e+00
3.068482521141647723e+01,1.062068901563863399e+01
2.479966362945432579e+01,1.625954616299445377e+01
1.970513881503113396e+01,2.575378126086721764e+01
4.110339278205926661e+01,5.918949814157614675e+00
3.085723357386683929e+01,1.050233879708395435e+01
3.793117090478606457e+01,6.950363227965776325e+00
1.294667731577213310e+01,5.966001421741479049e+01
5.234329405336586660e+01,3.649874233325861805e+00
7.600007545728352909e+01,1.731298501185889682e+00
2.003565919027096598e+01,2.491108987963716714e+01
2.879828395306270750e+01,1.205776404053519002e+01
4.628361071947838923e+01,4.668157879007821087e+00
2.283722886038880873e+01,1.917402069213236260e+01
9.526539227190889392e+01,1.101868277033171806e+00
2.850219947937503662e+01,1.230958040549269761e+01
6.180232061496630536e+01,2.618125342795728283e+00
1.455605642949660883e+01,4.719679836575396337e+01
1.376142196947807506e+01,5.280479685088258890e+01
1.065369838872097219e+01,8.810472600423922529e+01
1.049407167602063495e+01,9.080545683584117000e+01
1.285915880021203961e+01,6.047486129278654943e+01
1.359678853149341649e+01,5.409128687909090871e+01
6.728129996496075194e+01,2.209079024308151062e+00
4.153361987818813361e+01,5.796961716669335019e+00
3.964275899307462936e+01,6.363151385015802575e+00
1.397761235679679359e+01,5.118397564602445726e+01
1.403578785179002075e+01,5.076056054940636386e+01
3.324395804063772175e+01,9.048457461337305219e+00
6.339925314479098262e+01,2.487893104015230783e+00
1.483656542466393802e+01,4.542900741406149479e+01
3.240287130660076542e+01,9.524298719801093327e+00
2.089824526038161778e+01,2.289709344603959806e+01
1.573124491720534124e+01,4.040860100118312204e+01
1.863185698212805619e+01,2.880631571399718638e+01
3.464660398407605157e+01,8.330645536430278497e+00
1.102987684801104429e+01,8.219751216238746849e+01
8.054656812034896518e+01,1.541366507820090215e+00
5.850116337260521249e+01,2.921937987476110443e+00
1.454232574930175659e+01,4.728596568235847286e+01
1.998736873147718285e+01,2.503160811194535640e+01
1.309256285637566819e+01,5.833788295718002104e+01
5.578653848522740333e+01,3.213225248338518192e+00
2.578363217334018387e+01,1.504221549530618773e+01
1.102791473449553727e+01,8.222676432858196449e+01
3.286046736414773761e+01,9.260885784728060344e+00
7.369709106045601743e+01,1.841192970675153529e+00
1.708306664419919585e+01,3.426638812464194217e+01
1.429463356118772488e+01,4.893887102495516928e+01
2.812716553001971675e+01,1.264002875465029696e+01
1.208699594373733177e+01,6.844839155786287677e+01
2.216798973903807379e+01,2.034920169964423309e+01
3.226473229997842651e+01,9.606028432461528155e+00
1.156607146784548590e+01,7.475293638767328730e+01
1.269214255092870580e+01,6.207691381112825013e+01
7.270925946278357799e+01,1.891561897089797606e+00
4.188149349353893314e+01,5.701060890854419583e+00
6.124635332618974815e+01,2.665873447925201756e+00
3.458571712617293059e+01,8.360002933073083398e+00
6.786825320415849205e+01,2.171034161099261617e+00
2.065819749305851616e+01,2.343231247070017176e+01
2.301904029922896910e+01,1.887233223992255304e+01
2.688353466613694209e+01,1.383653229346233360e+01
1.418128904285183545e+01,4.972428903145789292e+01
7.908484571104467875e+01,1.598871114839154561e+00
2.120809050761221215e+01,2.223293835132199092e+01
5.222874817585550034e+01,3.665901288042109574e+00
1.767351120961449240e+01,3.201506004033620201e+01
1.459691799379702459e+01,4.693292955306552727e+01
2.968123829451178253e+01,1.135104822276977643e+01
1.202874927554410256e+01,6.911289016806584584e+01
1.328568902359086223e+01,5.665416388327690811e+01
2.487736656000486235e+01,1.615813339613087152e+01
1.355080398326939317e+01,5.445902650800945111e+01
4.272469249284845461e+01,5.478253297078911288e+00
5.676283663342874775e+01,3.103643419683138394e+00
4.386964470809813577e+01,5.196031385832849736e+00
2.820737025155863265e+01,1.256824973559778158e+01
4.226166980286970443e+01,5.598951364924253049e+00
2.374389643234107794e+01,1.773764756295689793e+01
2.694875636650431616e+01,1.376963866019140070e+01
1.149593374537328394e+01,7.566786767233698185e+01
1.629281533597669807e+01,3.767105036183293265e+01
2.170094790018088915e+01,2.123452699467085836e+01
1.225769490578761811e+01,6.655526008154116369e+01
5.036325144458761827e+01,3.942507056591285863e+00
2.136689054787088082e+01,2.190369327833034063e+01
9.053266431687974602e+01,1.220083058845063961e+00
5.026865459055478880e+01,3.957359241512911296e+00
5.814905975035865993e+01,2.957430902382201410e+00
6.391522489315141087e+01,2.447886951133579458e+00
1.392615613523590135e+01,5.156291721491570712e+01
1.364086178722953768e+01,5.374231657636463666e+01
1.370985143711960674e+01,5.320280162780476019e+01
1.570490371444740418e+01,4.054426611807831904e+01
1.806222566218957581e+01,3.065190509721363910e+01
9.728877298883905667e+01,1.056512276468700051e+00
1.308581701476745351e+01,5.839804573551344191e+01
3.894632696616956480e+01,6.592755790652732095e+00
3.769769497408201175e+01,7.036722229508036719e+00
1.256746836946805779e+01,6.331467738644929000e+01
1.331048941708117361e+01,5.644324202196022355e+01
7.563080102521780645e+01,1.748246227303583922e+00
5.640870956354498134e+01,3.142734337292231395e+00
1.419545146338217911e+01,4.962512135020244131e+01
1.406284165736312097e+01,5.056544416559936650e+01
1.094425944289284125e+01,8.348861188697109981e+01
3.282523638283838352e+01,9.280775675622637166e+00
1.341910812376186080e+01,5.553319948225599489e+01
1.538792009287598184e+01,4.223185473665611767e+01
1.430935612569369475e+01,4.883821869323634957e+01
5.931434944933592845e+01,2.842368994125958004e+00
1.324991278273048145e+01,5.696052203636067901e+01
1.454272127390251335e+01,4.728339360413291104e+01
7.135272966221546653e+01,1.964168834569343991e+00
2.859353127513110948e+01,1.223106890190003604e+01
2.869835920375684779e+01,1.214187802459412779e+01
3.313151175895172429e+01,9.109981487825532298e+00
1.409511751707725402e+01,5.033413362784892797e+01
2.832817299667307864e+01,1.246128612783992651e+01
2.289832520246688574e+01,1.907183857239134994e+01
1.248892013654191757e+01,6.411360883192710958e+01
2.066557645662538789e+01,2.341558171935052002e+01
1.199775907119846075e+01,6.947038838747812406e+01
1.665986828004054487e+01,3.602938700958497265e+01
1.313741128529926172e+01,5.794025568066337684e+01
3.048650306551192912e+01,1.075931881440065396e+01
1.256125741989836797e+01,6.337730511160371094e+01
2.136579984413139144e+01,2.190592966078582648e+01
1.094607278789157334e+01,8.346095244788557466e+01
2.740514967437265881e+01,1.331483053575461462e+01
1.888428948063401691e+01,2.804133602148454329e+01
1.339358737624021245e+01,5.574503205080866763e+01
1.429242133377277213e+01,4.895402203237788541e+01
2.861290254538951672e+01,1.221451335405058458e+01
1.476397275821660493e+01,4.587684354996603986e+01
1.258449725307186462e+01,6.314344308536222883e+01
7.468058891936527743e+01,1.793017514573695737e+00
7.684435438560538500e+01,1.693464385530728533e+00
1.445563461517629378e+01,4.785481871082124172e+01
1.184809128460265804e+01,7.123660552325335971e+01
1.095926343132562053e+01,8.326016502384746332e+01
1.482345061221038662e+01,4.550942815912780048e+01
2.536782846942016079e+01,1.553937026968330137e+01
2.653618328373181257e+01,1.420113590568556816e+01
2.086608498622784680e+01,2.296772905217575911e+01
3.244815489253458196e+01,9.497733668520295325e+00
1.114571598353539450e+01,8.049780824396407297e+01
6.739592485304339675e+01,2.201571148838865177e+00
3.414629945660166754e+01,8.576551713971566571e+00
1.262305229132099527e+01,6.275830961360459526e+01
4.450577043270477873e+01,5.048558036339663602e+00
2.275885658296017766e+01,1.930630317553155351e+01
5.017004528410654274e+01,3.972930921754424638e+00
1.273328171772647366e+01,6.167644092071271444e+01
1.076251677250387218e+01,8.633210245305846797e+01
1.489004514355371356e+01,4.510326393645765108e+01
4.890385141156399840e+01,4.181324503755673661e+00
2.243514667973637700e+01,1.986745204700581624e+01
1.245839518538244661e+01,6.442816978481762646e+01
2.308766757529671665e+01,1.876030430582230224e+01
6.030136472417282789e+01,2.750082470602390305e+00
2.402893423349835089e+01,1.731932582014725952e+01
1.478957225517431340e+01,4.571816313888960082e+01
2.070918777334658500e+01,2.331706418117703450e+01
1.899601653886009700e+01,2.771244996128904603e+01
3.858505308915884058e+01,6.716790393047050500e+00
1.025511187439297167e+01,9.508657292197251820e+01
4.544111929019667429e+01,4.842860503281691820e+00
1.402159106093701268e+01,5.086340221399051842e+01
2.084120716528177297e+01,2.302259421178271381e+01
1.662918451385131746e+01,3.616247077238834606e+01
3.446050304460607094e+01,8.420866343668189202e+00
1.873655320584773065e+01,2.848528694476338430e+01
1.416933567596211674e+01,4.980822004876635134e+01
1.299679352858559689e+01,5.920079798021712492e+01
4.183609783475947097e+01,5.713439857342183181e+00
5.069196474244619566e+01,3.891542266471594846e+00
5.664818795875414281e+01,3.116218885671290462e+00
2.283663399959437967e+01,1.917501961533046995e+01
1.493561375660164892e+01,4.482846333416613049e+01
7.289734932922101507e+01,1.881813267514359289e+00
4.469139475772114878e+01,5.006707071432791700e+00
1.474230210321299239e+01,4.601181730747535426e+01
2.516597082388893369e+01,1.578965433010146313e+01
1.151591460974667314e+01,7.540551807670846074e+01
2.127491220175706133e+01,2.209349622450016071e+01
1.998641858061147758e+01,2.503398816511602121e+01
2.047613154826637683e+01,2.385086740384139858e+01
1.506599457525891594e+01,4.405593133170054188e+01
3.048577492001305345e+01,1.075983278809146881e+01
8.748552908135948769e+01,1.306554574271063807e+00
1.237165707922727087e+01,6.533475287968337852e+01
6.274842266363967269e+01,2.539769909847779950e+00
2.704184639034400561e+01,1.367499943451033850e+01
1.215703831671518564e+01,6.766193739333493795e+01
2.966053498551540812e+01,1.136690001211898071e+01
1.150490592136954326e+01,7.554989353048104306e+01
1.250836463240043628e+01,6.391443206311591041e+01
1.597322183157275077e+01,3.919358175828632085e+01
1.032527439515062362e+01,9.379869500466961085e+01
8.580655067245935186e+01,1.358185568918913066e+00
2.726841712370235626e+01,1.344869493970091234e+01
2.183784032080264481e+01,2.096914041345703694e+01
1.133681308670788290e+01,7.780688475061900533e+01
1.453569520732518328e+01,4.732911505849966005e+01
1.083246661794683874e+01,8.522073613053476038e+01
2.049629372046094034e+01,2.380396636123503384e+01
2.273889847040545931e+01,1.934020864112477511e+01
1.287132066691830801e+01,6.036063218651302265e+01
1.502932229381268847e+01,4.427119088785395462e+01
2.225897834707685874e+01,2.018317779657224165e+01
1.470953946469582618e+01,4.621701031682637506e+01
7.303245163922808558e+01,1.874857396318242664e+00
3.451902503934704214e+01,8.392337834830112087e+00
1.988862721046355375e+01,2.528077509398120526e+01
2.357034059136118032e+01,1.799982504049491538e+01
9.639219338962416828e+01,1.076257707497902949e+00
1.377534371284294146e+01,5.269811880760288147e+01
1.443769827557610697e+01,4.797379521705911998e+01
3.164094924648504303e+01,9.988516510028519590e+00
1.815809528578065368e+01,3.032909269827944954e+01
3.746953820570433180e+01,7.122678120817291791e+00
1.337497807169827091e+01,5.590026190620405089e+01
1.362501622049573058e+01,5.386739131125274582e+01
5.607041831436164614e+01,3.180771033010510784e+00
2.210047454522976906e+01,2.047372199818840954e+01
1.618197139171615362e+01,3.818889937189393180e+01
1.455125024066768447e+01,4.722798114148864101e+01
1.126939242976509092e+01,7.874064992803064911e+01
2.255735064853141125e+01,1.965277213805088863e+01
2.827969640228892345e+01,1.250404461132412237e+01
1.162944001942513417e+01,7.394050183618099936e+01
6.117637346530233344e+01,2.671975939599914973e+00
1.338693122989272766e+01,5.580048005897177887e+01
6.783229526716502278e+01,2.173336503977641776e+00
6.469196775625964335e+01,2.389457317373210099e+00
6.304802082414072828e+01,2.515689772311857642e+00
2.952585786447278338e+01,1.147083282628053524e+01
1.654169903660928398e+01,3.654599329281956699e+01
3.849821512008055180e+01,6.747125838981737012e+00
3.176113846228147253e+01,9.913063263708963291e+00
1.150186193635757803e+01,7.558988760729239686e+01
1.249032659656380773e+01,6.409917075457923374e+01
5.041516208761670725e+01,3.934392326675632656e+00
1.724611710093859429e+01,3.362151962176831432e+01
1.080769470317737202e+01,8.561184639686621267e+01
2.398442098227518926e+01,1.738367216431775475e+01
1.485002585284120435e+01,4.534668880250120537e+01
1.554172671352438506e+01,4.140010703398147740e+01
7.975625172645509053e+01,1.572065109934358107e+00
3.091493946830883743e+01,1.046316801168166144e+01
1.375841280906841391e+01,5.282789769586609196e+01
9.398424328761925040e+01,1.132113324482178829e+00
5.357639667334305500e+01,3.483798254197685296e+00
1.307491972406811520e+01,5.849542999327054815e+01
2.225143161431721239e+01,2.019687065745616295e+01
2.340798592010696311e+01,1.825037972058397884e+01
1.839866403042830001e+01,2.954115163931826515e+01
4.470194150946431222e+01,5.004344835452146256e+00
2.830788176679424595e+01,1.247915715381664548e+01
5.151919091413694929e+01,3.767575221619096304e+00
4.324330969051457885e+01,5.347639815693957743e+00
1.334157752109870643e+01,5.618050412778458735e+01
1.227723582864318530e+01,6.634356484048630875e+01
1.507904431391041378e+01,4.397971037174912112e+01
8.648449763644998711e+01,1.336975552182607885e+00
2.781888161671292181e+01,1.292173015078329179e+01
2.553413594851301838e+01,1.533760918407284279e+01
3.265672812474726783e+01,9.376800124562990391e+00
1.376341250630046531e+01,5.278952414264824711e+01
2.448362040206456669e+01,1.668202335908814149e+01
1.225793148400051535e+01,6.655269107182445509e+01
1.278996935199882579e+01,6.113092852615539385e+01
1.240969717301010888e+01,6.493481872001980548e+01
3.336298374368928421e+01,8.984010116366814458e+00
1.275661198857475931e+01,6.145105000000567230e+01
2.570489240828534605e+01,1.513451190067771535e+01
1.080770019800000270e+01,8.561175934378688623e+01
1.189683257761394053e+01,7.065408887166124430e+01
1.547185947717430921e+01,4.177485733639047538e+01
1.263172293197179386e+01,6.267218232999305627e+01
3.517342755420805389e+01,8.082963499131578189e+00
1.727717339172621536e+01,3.350075666932836072e+01
1.550413217511473007e+01,4.160112504692019542e+01
6.173320626581752890e+01,2.623990948445789062e+00
1.332956875804810259e+01,5.628177706138898628e+01
4.165481237675682991e+01,5.763278873281632464e+00
2.565763300366689847e+01,1.519031648231529985e+01
3.268809619969167102e+01,9.358812473031642654e+00
3.228774811736096240e+01,9.592338298675857189e+00
2.191991784051283076e+01,2.081239960893211460e+01
6.633818476292094601e+01,2.272337485437156523e+00
1.717958537211028514e+01,3.388243735843357740e+01
3.760331429620327981e+01,7.072089541048461214e+00
7.733837401492657193e+01,1.671898568037873067e+00
1.071551568122286469e+01,8.709111438103667524e+01
2.232475058207879925e+01,2.006442733556852787e+01
8.706633981597109084e+01,1.319165925918931892e+00
2.398431325574306783e+01,1.738382832362933783e+01
3.163894811213682345e+01,9.989780078939084262e+00
3.120673356833196621e+01,1.026841408508309783e+01
1.309906597404943618e+01,5.827997288235844309e+01
3.913739552409300870e+01,6.528541323760189918e+00
1.845307562304356708e+01,2.936719567208374571e+01
3.501340911130704825e+01,8.157013919839346983e+00
3.081545130493422846e+01,1.053083807357506529e+01
2.860073696786844266e+01,1.222490666753070165e+01
2.583105196088239808e+01,1.498703818862664505e+01
1.062430066851026744e+01,8.859297677432381590e+01
1.218382897441193080e+01,6.736470491361497182e+01
1.488056939492305553e+01,4.516072454261818336e+01
1.355924351920864268e+01,5.439125489876985853e+01
6.054974042075424734e+01,2.727567008181235320e+00
1.379183349560620719e+01,5.257218036055226662e+01
1.066145609917639803e+01,8.797655546547096606e+01
6.022606009843729424e+01,2.756963990079858817e+00
1.444223898645324589e+01,4.794363356556642941e+01
3.715078506451455809e+01,7.245427393313681463e+00
1.114277837650853620e+01,8.054025763853229591e+01
1.201072377390456403e+01,6.932049286923891884e+01
2.562817405918319125e+01,1.522525833018796249e+01
1.473559991268445657e+01,4.605368192081878220e+01
1.193275805133023582e+01,7.022929845007853089e+01
2.838312091896415268e+01,1.241308431136053514e+01
1.274437958655860470e+01,6.156907138989775063e+01
1.173657457136789972e+01,7.259676609146507076e+01
1.333881486862306787e+01,5.620377805176006802e+01
5.804782779902508594e+01,2.967755063290524298e+00
2.451005379600618994e+01,1.664606058918765186e+01
2.775097220565412925e+01,1.298504906817420945e+01
3.192492493489827510e+01,9.811608944045421055e+00
3.536166702671943796e+01,7.997137057506860103e+00
1.767676322128533073e+01,3.200328143916669177e+01
9.135697520600771782e+01,1.198164854458513950e+00
5.158511998570206458e+01,3.757950973168900699e+00
1.066506202759147648e+01,8.791707460536983376e+01
1.360428467553146703e+01,5.403169324724211009e+01
2.191267709606025349e+01,2.082615622701012015e+01
1.969634950518625871e+01,2.577677115228545901e+01
2.298925863536225833e+01,1.892126061298152351e+01
2.177186147988536291e+01,2.109642543535406745e+01
1.350161132911225970e+01,5.485658860400280190e+01
1.308055048870140347e+01,5.844507995545860979e+01
1.661815314343260752e+01,3.621049704966105764e+01
1.329409043984269090e+01,5.658257947286466560e+01
1.751225842358077145e+01,3.260736352502138402e+01
6.524228681151464571e+01,2.349317153882533482e+00
1.732380412370341105e+01,3.332065045900213818e+01
1.348007393591596959e+01,5.503201965158736186e+01
1.345057419907633012e+01,5.527367630105008800e+01
5.020468739587694529e+01,3.967450029814493906e+00
1.087036622694317245e+01,8.462752664829422145e+01
6.251937969908838966e+01,2.558413153151561481e+00
1.677705845865337864e+01,3.552780401095874652e+01
1.419131109750101771e+01,4.965408218836873289e+01
2.323113705114167971e+01,1.852930227429443732e+01
1.504391948894645736e+01,4.418531942464433371e+01
6.767425654734800844e+01,2.183499079473381954e+00
2.685336375587813151e+01,1.386764163942676831e+01
5.245004842396851785e+01,3.635031787580685236e+00
5.274432115165817692e+01,3.594583577403336339e+00
2.985737926396991782e+01,1.121751426292420106e+01
1.172959736899032102e+01,7.268315831145926609e+01
2.780572111198237550e+01,1.293396480811397886e+01
1.083265633573656928e+01,8.521775112895829807e+01
5.647956773717150725e+01,3.134853656403189248e+00
1.043502735641828316e+01,9.183596970373767476e+01
1.208508223612746235e+01,6.847007127448979702e+01
1.500239127588825383e+01,4.443027730850526069e+01
1.424319831738426423e+01,4.929296674837982550e+01
4.205217486596639986e+01,5.654875876058980566e+00
1.719422709083617562e+01,3.382475684862693299e+01
1.339435843822315064e+01,5.573861417899040305e+01
3.082991419308607206e+01,1.052095996574914771e+01
3.407597724493510327e+01,8.611986906852301615e+00
2.891074864027674352e+01,1.196413553766524274e+01
1.172285317468151256e+01,7.276681206691614534e+01
8.489502260735329742e+01,1.387508151872568929e+00
5.909080782839516388e+01,2.863915141065270120e+00
2.410776855485826786e+01,1.720623987601761584e+01
3.273603612542646601e+01,9.331421725107700738e+00
3.718798373915571176e+01,7.230939622250849297e+00
2.389242093845116344e+01,1.751780488623048271e+01
4.464155851426233568e+01,5.017891929485877256e+00
1.441361264986141144e+01,4.813426078882152837e+01
1.299981565523048310e+01,5.917327581875926512e+01
3.229504968453142766e+01,9.588001337714613825e+00
1.531214527344030607e+01,4.265087235485700035e+01
1.199546517988314953e+01,6.949696055540371731e+01
2.078016439570166085e+01,2.315805291640505459e+01
2.416376544960173689e+01,1.712658510476525819e+01
1.084629343930924783e+01,8.500359636117302387e+01
4.779923686681939898e+01,4.376813829516617460e+00
2.660318187308218896e+01,1.412969648286886226e+01
1.154513352046007313e+01,7.502432213203745448e+01
2.709957974227909716e+01,1.361679465218929330e+01
3.297031037198853198e+01,9.199281934012137896e+00
7.142804729742995562e+01,1.960028764633649168e+00
2.772633010965292044e+01,1.300814054958485322e+01
2.085390224407625581e+01,2.299457214842995256e+01
1.256066781219146300e+01,6.338325521316379252e+01
2.066170188506118421e+01,2.342436452477460307e+01
1.669157188714943629e+01,3.589265012889578799e+01
1.967916210112729658e+01,2.582181669318236672e+01
1.540169198358478653e+01,4.215636271211144503e+01
1.448648372728715294e+01,4.765122109250106064e+01
6.245298555781386085e+01,2.563855773206871191e+00
4.203005569333912206e+01,5.660829429385629830e+00
8.138348394934851626e+01,1.509827894084506683e+00
2.552619968190576927e+01,1.534714779768735049e+01
2.442378027716011601e+01,1.676386795888347336e+01
4.358884583653343014e+01,5.263192572635471578e+00
3.474439522071900655e+01,8.283816823424386300e+00
5.595143248812365755e+01,3.194313817334007766e+00
1.274756320671167309e+01,6.153832228798972181e+01
1.774985563305823888e+01,3.174025048668500304e+01
1.158356938788075219e+01,7.452726622957735003e+01
2.459384829930886340e+01,1.653282315311419026e+01
6.799114891025833174e+01,2.163192856844681433e+00
1.650032626020193405e+01,3.672949327756772675e+01
3.411984879437425633e+01,8.589854434401967609e+00
1.591046421817071099e+01,3.950338374257067642e+01
5.059748399883970649e+01,3.906089198799785667e+00
1.304260359512392320e+01,5.878566157679330928e+01
1.326711202698031045e+01,5.681293258196726015e+01
2.905353337050766172e+01,1.184682807630306378e+01
1.202953508832829854e+01,6.910386105457277495e+01
7.100620590737455018e+01,1.983386646746906790e+00
2.474871826581502532e+01,1.632655578044532518e+01
1.266829061073216423e+01,6.231089150782631236e+01
4.204306401041977637e+01,5.657326998059882150e+00
1.128813109274460302e+01,7.847944285923229302e+01
5.355330086515413512e+01,3.486803801384946500e+00
1.438287312067943091e+01,4.834022876918078993e+01
2.591625476039506992e+01,1.488865679988064983e+01
3.144502537410233955e+01,1.011337476634554555e+01
1.097734330758937027e+01,8.298612898727466813e+01
1.138048249841530257e+01,7.721090617617163332e+01
2.495298405476308190e+01,1.606035060292958860e+01
1.822397652697557291e+01,3.011020451175241064e+01
1.471489901433454328e+01,4.618334956918851475e+01
1.376688301177605567e+01,5.276291198358324408e+01
2.362186693498714618e+01,1.792138470099192560e+01
1.100457555480855376e+01,8.257591733249212496e+01
2.226484858140908685e+01,2.017253641593197244e+01
1.335386409850794998e+01,5.607717095636247251e+01
3.356736686450575746e+01,8.874940494260755486e+00
5.736846602367968728e+01,3.038460011998862065e+00
4.756782000035681079e+01,4.419503712638631399e+00
1.589860497323625488e+01,3.956233923345388348e+01
3.031720852753186435e+01,1.087981669035082533e+01
1.148215870767675817e+01,7.584953263474281471e+01
1.718425928947128867e+01,3.386400861233547488e+01
1.886826420883059896e+01,2.808898861495066512e+01
2.711797916158785782e+01,1.359832306052090800e+01
4.691533874110134406e+01,4.543288204050341506e+00
1.067359170844198779e+01,8.777661486711883754e+01
2.278464379790726824e+01,1.926262691159662666e+01
5.360432496564551741e+01,3.480169025030734886e+00
6.753621339125987788e+01,2.192434290242465611e+00
1.469064782939978286e+01,4.633595351258270512e+01
2.206711704344330016e+01,2.053566651093905904e+01
6.589395508433062787e+01,2.303079072014914352e+00
1.369925266241190442e+01,5.328515687067201156e+01
3.981875515928253151e+01,6.307026309018008980e+00
1.979169982116539117e+01,2.552900034143496910e+01
1.235488944976249570e+01,6.551221336208853074e+01
1.522376396702777512e+01,4.314752769274124233e+01
1.378315971524281913e+01,5.263836881602700402e+01
2.718701091140437143e+01,1.352935451736964012e+01
1.575595204556048401e+01,4.028196978251602189e+01
1.630980548130557750e+01,3.759260635418819163e+01
4.434595697004728976e+01,5.085011477170146676e+00
1.025726897583825448e+01,9.504658375586595298e+01
8.091808973811853889e+01,1.527245157063392034e+00
3.858312065915458788e+01,6.717463228842077250e+00
4.294217855642641268e+01,5.422903211150506664e+00
1.567275356547989595e+01,4.071077689173173297e+01
1.505596048727114500e+01,4.411467330278629362e+01
5.304602826015083394e+01,3.553810411398910851e+00
2.458830885051992610e+01,1.654027328268518815e+01
4.713155967112717804e+01,4.501698208635831477e+00
3.906542960831796307e+01,6.552617097144046276e+00
3.844255807504255529e+01,6.766676927550384413e+00
1.506866754148519938e+01,4.404030293300887422e+01
1.563117956846122603e+01,4.092762047415558868e+01
1.860690610168158088e+01,2.888362301417422984e+01
4.192239958042254955e+01,5.689940615430524318e+00
5.484564909010748579e+01,3.324418103767511568e+00
2.730142235522342631e+01,1.341619780615710944e+01
5.421168658728983303e+01,3.402625577171056293e+00
4.999950960822935997e+01,4.000078463837640541e+00
3.966551327871862043e+01,6.355852982809352625e+00
1.889098826671575893e+01,2.802145250834618651e+01
3.670520861962599923e+01,7.422404293855150215e+00
3.154144637622804481e+01,1.005163687185350696e+01
3.210643043262867025e+01,9.700987668502406791e+00
1.033890079568476850e+01,9.355160949019190753e+01
1.123311176162643932e+01,7.925010391235325358e+01
2.582357277397862205e+01,1.499572072786788723e+01
2.495745775710732062e+01,1.605459338284400062e+01
1.134565034564490382e+01,7.768572258238202721e+01
2.102902112439922533e+01,2.261319279541769234e+01
3.609275516046178467e+01,7.676441225981634808e+00
1.303187988924649154e+01,5.888244876675246076e+01
5.149788821278709605e+01,3.770692869067949982e+00
4.391750165867026823e+01,5.184713313452164130e+00
6.336414955485118128e+01,2.490650441448488461e+00
1.671717933450327465e+01,3.578277331596559208e+01
2.589922671936555787e+01,1.490824101406693103e+01
2.523549249035947284e+01,1.570277581842561609e+01
2.112560935067189760e+01,2.240688631331544656e+01
1.404404992830034082e+01,5.070085351691901820e+01
1.411160976416411472e+01,5.021655131088519397e+01
1.960547463926917544e+01,2.601628481124871684e+01
3.047781209878616693e+01,1.076545588315538460e+01
2.695805305854075229e+01,1.376014316607528620e+01
2.578776166818805393e+01,1.503739834376827744e+01
3.075029297410606688e+01,1.057551399347913801e+01
1.207916865756513580e+01,6.853712924362855574e+01
2.645987976348701665e+01,1.428315888375487930e+01
7.335383163983765087e+01,1.858465021961301700e+00
2.645676886057670885e+01,1.428651803415742094e+01
2.379829470162182758e+01,1.765665062121093243e+01
5.771017193722265404e+01,3.002584674408939058e+00
2.872839796970191273e+01,1.211649990563563861e+01
3.502778993801436513e+01,8.150317492582310308e+00
1.631805496237318209e+01,3.755460659187325234e+01
1.221901066258876867e+01,6.697734260077136526e+01
2.529440319861916109e+01,1.562971741077904753e+01
6.047952763132487064e+01,2.733903739332069094e+00
1.322470877073389239e+01,5.717784277145328531e+01
1.274032514475302058e+01,6.160826472830861178e+01
1.377850513025039447e+01,5.267393887869783242e+01
7.936526244992433021e+01,1.587592675254749341e+00
2.469605382529384130e+01,1.639626292688556930e+01
2.613478112812773446e+01,1.464071428126292851e+01
2.348968728314095955e+01,1.812364429348722439e+01
1.368014850343628730e+01,5.343408491741179489e+01
2.419624786449379528e+01,1.708063257251970057e+01
2.464216569231770748e+01,1.646805289116048954e+01
1.781879791748329112e+01,3.149511474374769548e+01
1.185481125909679889e+01,7.115586657560868389e+01
1.145081341929806840e+01,7.626535978837699759e+01
1.139293938976409493e+01,7.704215568567896355e+01
3.026187379346237449e+01,1.091964120246586489e+01
4.513093969686311624e+01,4.909658074229622748e+00
2.372451484590249393e+01,1.776664071014068469e+01
1.205999595676018998e+01,6.875521992862080367e+01
7.136885221560038417e+01,1.963281505181200925e+00
1.351535067314554261e+01,5.474511381223585005e+01
1.119600160384860210e+01,7.977633783809721990e+01
1.349529099735463511e+01,5.490798327611022245e+01
4.870578773289120988e+01,4.215400634693563298e+00
1.086258057441683000e+01,8.474888209147655971e+01
1.246016404101894359e+01,6.440987852610309972e+01
1.638664174602023138e+01,3.724089261946880924e+01
1.987524898596375422e+01,2.531482002210653803e+01
1.422012670192000705e+01,4.945304843894982127e+01
1.338627352398528281e+01,5.580596346806286334e+01
6.476552063963174533e+01,2.384033083152093724e+00
1.381377499998268554e+01,5.240530394653674051e+01
8.612269824637165527e+01,1.348232351860988443e+00
7.838978506784526701e+01,1.627350316178812983e+00
6.786046836981745400e+01,2.171532304160563864e+00
9.109573434119572255e+01,1.205046810974891081e+00
2.037044836351716270e+01,2.409898901514147340e+01
1.974790073812718916e+01,2.564236801485396100e+01
3.937765368765933971e+01,6.449118093324690548e+00
2.130461710287117327e+01,2.203192951431487145e+01
6.590365300099684021e+01,2.302401312146878709e+00
1.885516338729135200e+01,2.812803539076464787e+01
4.070665101940392816e+01,6.034888521369222047e+00
3.863512692430009565e+01,6.699390812695988018e+00
1.462240302839670036e+01,4.676947556875416012e+01
6.339932018579570894e+01,2.487887842420479778e+00
3.002469885138129158e+01,1.109283823469156793e+01
1.040599175577289870e+01,9.234918031514855841e+01
2.129681753480933537e+01,2.204807004799181769e+01
2.372964219018080456e+01,1.775896374298009661e+01
1.443135216798754072e+01,4.801599691815412285e+01
3.153994905858153075e+01,1.005259127101805916e+01
2.123523123456796569e+01,2.217614287888025260e+01
1.572255473079522048e+01,4.045328271195671732e+01
1.663309103690549762e+01,3.614548620399333601e+01
2.927313747299378477e+01,1.166974739714463105e+01
9.348252796153998645e+01,1.144297907548533555e+00
3.025816109283055155e+01,1.092232106433162109e+01
2.426230383038743454e+01,1.698775254103843579e+01
3.511229776883937603e+01,8.111132543755241286e+00
2.565703018362647470e+01,1.519103029328281984e+01
3.295401937543176984e+01,9.208379611112109231e+00
1.005304360242968720e+01,9.894750951810632955e+01
2.519879122597751575e+01,1.574855034878486038e+01
1.185097060547266601e+01,7.120199432816934859e+01
1.106762742546403366e+01,8.163773337478423286e+01
1.286578248543708369e+01,6.041260882831963386e+01
1.689733850790213054e+01,3.502381022719771408e+01
4.184346306684108185e+01,5.711428689817085846e+00
3.227281984713029317e+01,9.601214507070080728e+00
2.627098135574605919e+01,1.448930010073618746e+01
1.120304841204154300e+01,7.967600947636485387e+01
8.076859523050963219e+01,1.532903942037371126e+00
2.503547976877198522e+01,1.595468239027312052e+01
1.773616091363874148e+01,3.178928495816751720e+01
6.211768881296859490e+01,2.591608660120694463e+00
2.729729660688516546e+01,1.342025359523958628e+01
8.612867007891952653e+01,1.348045395793832091e+00
3.453632826963823987e+01,8.383930561437038520e+00
1.263986003370376565e+01,6.259151596634891490e+01
3.237720028153329110e+01,9.539407835923427115e+00
2.133174807319851141e+01,2.197592214927525944e+01
2.866115055959905433e+01,1.217342428620930939e+01
8.799462414585347858e+01,1.291480100335655967e+00
4.917825812223027526e+01,4.134792461345536907e+00
4.702174577611243222e+01,4.522749160871612162e+00
1.344822155322552071e+01,5.529301726138546513e+01
1.723130964352741046e+01,3.367932870763428355e+01
2.363532189539379402e+01,1.790098617307944551e+01
2.128775251678830926e+01,2.206685161799676109e+01
2.133424811429139822e+01,2.197077198049162661e+01
6.602813549239735380e+01,2.293728085846482134e+00
1.593533317303044683e+01,3.938018063471721320e+01
1.085721005380595727e+01,8.483274492266232869e+01
5.368934587337044206e+01,3.469155560606822508e+00
1.087384179548230634e+01,8.457343688517043745e+01
3.979733082516897724e+01,6.313818734897603591e+00
2.909789823607655990e+01,1.181073046822619688e+01
1.556070812625609001e+01,4.129916648275668933e+01
2.663196327863924040e+01,1.409917280173683096e+01
1.935404096025248677e+01,2.669664511319725619e+01
3.106814818427051250e+01,1.036022683159906066e+01
1.515093306997062683e+01,4.356334711519436098e+01
1.073502340521055665e+01,8.677487738955777274e+01
1.247452386638626187e+01,6.426167531321901549e+01
2.977785407667300888e+01,1.127750959467998371e+01
4.717556703415207409e+01,4.493303377241167240e+00
1.108702529647666424e+01,8.135231634958434199e+01
2.762965045047472401e+01,1.309933409456275122e+01
1.508922663432944411e+01,4.392037473855827301e+01
9.003172839828796725e+01,1.233697897723362136e+00
1.517455602974167128e+01,4.342781838230310143e+01
5.270898286151415846e+01,3.599405109233590583e+00
2.171131528285056689e+01,2.121425241405123074e+01
2.535603013878546719e+01,1.555383478022684507e+01
2.031469545321812475e+01,2.423144805102923982e+01
3.153034485948156984e+01,1.005871627806603463e+01
1.705756142609218529e+01,3.436893796532870482e+01
1.112699603013971661e+01,8.076889359794220979e+01
2.429409549868621099e+01,1.694332070596963646e+01
1.420833402069668949e+01,4.953517292327616417e+01
8.285848705476793441e+01,1.456552026675351996e+00
4.801565326062251415e+01,4.337448349440687245e+00
1.547596230932853167e+01,4.175271040876178574e+01
1.123608740810455053e+01,7.920813395289009406e+01
1.117946484872533830e+01,8.001252400584046143e+01
1.282883304659957346e+01,6.076110920724566711e+01
6.050993799366038672e+01,2.731156484432939013e+00
5.120239504831050681e+01,3.814340400656073715e+00
3.889019578497455143e+01,6.611800499487945793e+00
8.262964509099568033e+01,1.464631010658535404e+00
9.243444425945565968e+01,1.170394658471762606e+00
2.200329571725218969e+01,2.065496811264825183e+01
8.821798047494299055e+01,1.284948663523541423e+00
2.381083829700878240e+01,1.763805240631126381e+01
1.655448842706700674e+01,3.648954691798640226e+01
2.828424090897416576e+01,1.250002681573115559e+01
7.505282012479432296e+01,1.775276355421227414e+00
6.497539257960946202e+01,2.368656997804596376e+00
5.867008301176259266e+01,2.905136846191182176e+00
3.374741413800590095e+01,8.780494958609658340e+00
1.449718302583567109e+01,4.758091136348102168e+01
5.841292094847647576e+01,2.930772801459909704e+00
2.895246204908369236e+01,1.192968559273736773e+01
1.121198523067175934e+01,7.954904422413322607e+01
2.673700289453038792e+01,1.398860972843647588e+01
2.022102888441011359e+01,2.445645473444338691e+01
7.737803375822379337e+01,1.670185159926514729e+00
2.816980680532570602e+01,1.260179072118816634e+01
1.364124974029635595e+01,5.373925978898020617e+01
1.831325989279269706e+01,2.981732523920418743e+01
1.855509366469604871e+01,2.904515497389696677e+01
5.924648147795166153e+01,2.848884699409493404e+00
2.873104889167429121e+01,1.211426410741265869e+01
8.208491287460850572e+01,1.484134691797702077e+00
1.930303956892228712e+01,2.683790418961023505e+01
1.744763346881041599e+01,3.284936218431693788e+01
1.623137695939426095e+01,3.795677208017976767e+01
1.819570644507857082e+01,3.020383970035928201e+01
3.731469282006785448e+01,7.181914960066227316e+00
1.712795474587473521e+01,3.408701614719852557e+01
2.424228070974891480e+01,1.701582649138919834e+01
2.304981234838950144e+01,1.882197584867818563e+01
1.015817404508885602e+01,9.691002395376415279e+01
5.800044657863534781e+01,2.972605829115824605e+00
2.063823337027654148e+01,2.347766827394200106e+01
3.281166568884309953e+01,9.288454201502583274e+00
1.930901328279549034e+01,2.682130083878287863e+01
1.473200388179729359e+01,4.607616775186425429e+01
2.427073711009107271e+01,1.697594922591236966e+01
4.585687563656791355e+01,4.755444053775388369e+00
4.681065563506032134e+01,4.563631321014303133e+00
1.532660353780004314e+01,4.257044139362751878e+01
2.980295646884962224e+01,1.125851998554142952e+01
1.098326806980190717e+01,8.289662184510838472e+01
2.836037538228956478e+01,1.243300333446626205e+01
1.323478451903127606e+01,5.709081600457272287e+01
3.720691961844536877e+01,7.223581348116493217e+00
4.687809094877653138e+01,4.550510967749141322e+00
1.505269187478054960e+01,4.413383391921735210e+01
1.043566028372335097e+01,9.182483025907113472e+01
2.508628571577165545e+01,1.589012345704013107e+01
2.551231589778072006e+01,1.536385615657161985e+01
1.302769452158342034e+01,5.892028881340849722e+01
5.333324891231210074e+01,3.515636129750904892e+00
2.104037726489489657e+01,2.258878930776652183e+01
1.489384336169593759e+01,4.508026246030996731e+01
1.039107192427507620e+01,9.261456648288913129e+01
3.917793106559030036e+01,6.515038770337933549e+00
3.948703126362243410e+01,6.413439951343538503e+00
8.986315471694310020e+01,1.238330810083402511e+00
2.959709908028498404e+01,1.141567792306195628e+01
6.694501875393159196e+01,2.231328254997968052e+00
2.229180305641219917e+01,2.012378204722108066e+01
3.985307613279806560e+01,6.296167921351819352e+00
4.468960785660709689e+01,5.007107462921292829e+00
1.199267354227366056e+01,6.952931912980713491e+01
2.808158547476172373e+01,1.268109486746487846e+01
2.893242301755130441e+01,1.194621667509222185e+01
2.119156116026862691e+01,2.226763511391645878e+01
2.998768942373555646e+01,1.112023567253844902e+01
2.759427766728548548e+01,1.313293938753500001e+01
2.095602063096405843e+01,2.277101373910280557e+01
5.907603088216174569e+01,2.865348047516770080e+00
1.180952762128374012e+01,7.170260719904446489e+01
1.499850655141176148e+01,4.445329583203982082e+01
1.828386446081320216e+01,2.991327844842673755e+01
2.756862917201483754e+01,1.315738723522495590e+01
1.012666901440196732e+01,9.751395454522210571e+01
3.546904931886525958e+01,7.948787806923507837e+00
8.830339150587559516e+01,1.282464144839003062e+00
5.765181434008248829e+01,3.008666436559409352e+00
6.608516223978374171e+01,2.289771148751084340e+00
8.343537251592719883e+01,1.436479992384755766e+00
3.358873696922097452e+01,8.863651110271408839e+00
1.302055496564017290e+01,5.898492200772975735e+01
2.683302516959396655e+01,1.388867207606857868e+01
1.002284839156438778e+01,9.954459355810102750e+01
8.576539120193751842e+01,1.359489489114482863e+00
1.220034235772416586e+01,6.718246964158029755e+01
3.048996233896176733e+01,1.075687753132440605e+01
1.991674850075350989e+01,2.520943552561287859e+01
7.660417329622424631e+01,1.704100248751133195e+00
4.856649124544529883e+01,4.239616202455837701e+00
2.842795072505043308e+01,1.237396524878519699e+01
1.101151392366591786e+01,8.247188773740386125e+01
2.802295647606575457e+01,1.273421257765601133e+01
1.737222578684464480e+01,3.313515980780358205e+01
3.304786147152771747e+01,9.156157971527852268e+00
2.546340170517164836e+01,1.542293957670008453e+01
2.847659279923872333e+01,1.233172836472975575e+01
1.102542633917389558e+01,8.226388503113146555e+01
4.892652385079203015e+01,4.177450169222926668e+00
3.693288231681004419e+01,7.331175153399730249e+00
2.137460663862744781e+01,2.188788195771106260e+01
9.686430522869179072e+01,1.065792020615240476e+00
2.335560668700190945e+01,1.833233116315508582e+01
1.017746792610120288e+01,9.654293890257288524e+01
3.154676958139863885e+01,1.004824492955975934e+01
3.333844063151458670e+01,8.997242692705878397e+00
3.090289513276566069e+01,1.047132559460173873e+01
2.192381765800486093e+01,2.080499603146036947e+01
5.262752003509001497e+01,3.610556866003226340e+00
5.377285954589691386e+01,3.458388160736590944e+00
1.764288665720807714e+01,3.212630009234618456e+01
2.886012960904486491e+01,1.200614117409486958e+01
1.008880910170740464e+01,9.824720203600381296e+01
1.252562215559810355e+01,6.373843362845380511e+01
7.326200830896321747e+01,1.863126575620527525e+00
4.353362979850763281e+01,5.276552218609171341e+00
1.555783127643185892e+01,4.131444142469923264e+01
3.479416758433480794e+01,8.260134104479231354e+00
1.390742659514048185e+01,5.170189332535143478e+01
1.226247109059052498e+01,6.650342414849767181e+01
1.301176263459850446e+01,5.906466372989802949e+01
1.677211532723183751e+01,3.554874883280812270e+01
3.647948528039424332e+01,7.514543386200322139e+00
1.221366712632025298e+01,6.703596121976706002e+01
2.925789923451043251e+01,1.168190634954564366e+01
3.486537143451426601e+01,8.226430016520914990e+00
1.588814788471737849e+01,3.961443379235794993e+01
1.308776004639499213e+01,5.838070727170799046e+01
1.024552070750323551e+01,9.526468354968979213e+01
4.833596185907355647e+01,4.280152761287356888e+00
6.832262363515678771e+01,2.142253838091276119e+00
5.809171823564452808e+01,2.963272260480411369e+00
2.882615101836286797e+01,1.203446213801889009e+01
1.435998077139919005e+01,4.849447737076675224e+01
2.244257024532941003e+01,1.985431068762895279e+01
6.898220130167936759e+01,2.101483100159128536e+00
2.404136921746786371e+01,1.730141420788161000e+01
8.666090161220019183e+01,1.331538088306033485e+00
1.987185295293242859e+01,2.532347319714463296e+01
8.527164161836661549e+01,1.375278811868807294e+00
3.229429051504063608e+01,9.588452129698771031e+00
1.358232775436200512e+01,5.420652757336649330e+01
2.967256664094366769e+01,1.135768376206685737e+01
2.841003729915373555e+01,1.238957452018797234e+01
6.885561912235363025e+01,2.109216813888231012e+00
4.156394992793377696e+01,5.788504484521235227e+00
1.623019409234872157e+01,3.796230491000104479e+01
2.942441789703999078e+01,1.155005999436698794e+01
8.308191158986832647e+01,1.448728617717862210e+00
2.971079451499191393e+01,1.132847546999697030e+01
8.818734937350255620e+01,1.285841449817892057e+00
4.324161455730550330e+01,5.348059094188266194e+00
1.931757495653769752e+01,2.679753136049863826e+01
2.285775352040558417e+01,1.913960229928978762e+01
5.309979264772793073e+01,3.546617475197515468e+00
1.843450739053735532e+01,2.942638592132719211e+01
2.275766379077110457e+01,1.930832702220849484e+01
1.376943009510830329e+01,5.274339351363874329e+01
5.737561050263239792e+01,3.037703353835297992e+00
2.580292469255432053e+01,1.501973015733301153e+01
1.221901842025200757e+01,6.697725755506871792e+01
1.198273937828029823e+01,6.964465201856363308e+01
3.395273002441106769e+01,8.674622805489207167e+00
2.752965274829583464e+01,1.319467001063308587e+01
6.617152408688362186e+01,2.283798192091304191e+00
3.685126126720935247e+01,7.363686435652184947e+00
6.708528003801296791e+01,2.222007528013942412e+00
1.944706445515295101e+01,2.644185338089443604e+01
4.843997987799358640e+01,4.261790449990885854e+00
3.434466582584666838e+01,8.477765702276569115e+00
1.578989490971640031e+01,4.010897105915998395e+01
8.452373276437883476e+01,1.399724819616250171e+00
3.420076350577538449e+01,8.549257481230014832e+00
3.673779104752684788e+01,7.409244400296739030e+00
3.319375552420355291e+01,9.075848085690065403e+00
1.199107574609480054e+01,6.954784975780506784e+01
2.790048896409872015e+01,1.284625004472637322e+01
1.599156309301792511e+01,3.910372844205649301e+01
2.101147378623046791e+01,2.265097853436140696e+01
2.584568960497373880e+01,1.497006724971122971e+01
8.442879627382937713e+01,1.402874448170552402e+00
1.053264488949714384e+01,9.014156956020632094e+01
3.336843767619834011e+01,8.981073558111621224e+00
1.309022407195616111e+01,5.835873086926791586e+01
2.549792743305881615e+01,1.538120067804632818e+01
1.706319703459405801e+01,3.434623906631277634e+01
4.007999570469718265e+01,6.225076134759563118e+00
2.310487960452710965e+01,1.873236365969003714e+01
2.505486606800413441e+01,1.593000194822011295e+01
1.551087511005609443e+01,4.156496297291626973e+01
1.075886364747682400e+01,8.639073978088914885e+01
1.306434123874831421e+01,5.859019842611187556e+01
1.066934068807019287e+01,8.784657505015364620e+01
3.513930083690734563e+01,8.098671208266763344e+00
8.422217644022167349e+01,1.409766154178902164e+00
1.569007353925574400e+01,4.062094679528712504e+01
3.468961328478020079e+01,8.310001136447878523e+00
2.636578447680553339e+01,1.438528944259991071e+01
1.750285233754586400e+01,3.264241953458911638e+01
1.000173666517549798e+01,9.996527574241318348e+01
3.313625615950061842e+01,9.107372967009249365e+00
9.110696994926011882e+01,1.204749608712289088e+00
9.272128112756536211e+01,1.163164536871565291e+00
1.525095025135379778e+01,4.299383557189393912e+01
2.872415829797807518e+01,1.212007694852761652e+01
2.381417476526060284e+01,1.763311041861086537e+01
1.659485957806892031e+01,3.631222295462522709e+01
2.147218107401239706e+01,2.168940699419494322e+01
5.252845060024068857e+01,3.624188836256551749e+00
3.149606145539367930e+01,1.008062598369267526e+01
2.623657323981940692e+01,1.452732918524529993e+01
3.682104407691280556e+01,7.375777413584654774e+00
1.001852731502024696e+01,9.963048094579413316e+01
2.114752076732307629e+01,2.236047782160174080e+01
1.617809327264687624e+01,3.820721041107050553e+01
1.435591132871136644e+01,4.852197454073275651e+01
9.178946673048824323e+01,1.186900482837532023e+00
4.406882727955341750e+01,5.149167421004248624e+00
2.543427391400934923e+01,1.545828506376324363e+01
2.335456728129551252e+01,1.833396297704508626e+01
2.381176352376813554e+01,1.763668174924047705e+01
2.316774685964775315e+01,1.863083851159616344e+01
2.916058845416604228e+01,1.176000300190478853e+01
2.672129601307343094e+01,1.400505967981794342e+01
3.235508523067981912e+01,9.552452869565248861e+00
1.242492221241538708e+01,6.477577877780748850e+01
1.330718241983048955e+01,5.647129917690833167e+01
1.271410598647430668e+01,6.186262510681981297e+01
6.016123454094788769e+01,2.762908615985377292e+00
4.102252405355974929e+01,5.942309163772108604e+00
6.659515936729735586e+01,2.254834519643642565e+00
8.044523970553541403e+01,1.545251948149035659e+00
4.510339784187031142e+01,4.915655953892553498e+00
2.311259279194428018e+01,1.871986293129179302e+01
2.054438004568807941e+01,2.369266529660485787e+01
3.248198408827413886e+01,9.477960653604862173e+00
3.363993918907592473e+01,8.836689514171389703e+00
1.302553907376707620e+01,5.893979051924959833e+01
9.092081401839398325e+01,1.209687991183921119e+00
1.008786158761627050e+01,9.826565886738607958e+01
8.086468267600616855e+01,1.529263160703073332e+00
8.407324155982391289e+01,1.414765350679959788e+00
3.496739547983873564e+01,8.178495690404322005e+00
6.481315916918973130e+01,2.380529779392327683e+00
5.031421000356429118e+01,3.950196353707028596e+00
4.982022727752044489e+01,4.028919510137769500e+00
2.054644519094502186e+01,2.368790278552676298e+01
2.543050990256356059e+01,1.546286141462492658e+01
2.402939807772127168e+01,1.731865718985824643e+01
1.187340875583775279e+01,7.093313616090628670e+01
2.196955959827408122e+01,2.071845172236674060e+01
4.534459841772915922e+01,4.863499548836327513e+00
1.882667106345322239e+01,2.821323787142102191e+01
1.387612202939682504e+01,5.193543566394582456e+01
1.859788549608609642e+01,2.891164888396355437e+01
6.255348037010046625e+01,2.555624504956223397e+00
7.564380910010197567e+01,1.747645005266835749e+00
6.682533428350862437e+01,2.239328050047420415e+00
2.683976131737267679e+01,1.388170149192263025e+01
5.197548059478793903e+01,3.701714946299627051e+00
1.790370253690815261e+01,3.119710486705498198e+01
2.002985387907034465e+01,2.492553208049411495e+01
8.964518090859384358e+01,1.244360177016085034e+00
1.815752871377638300e+01,3.033098545397324486e+01
4.310923037002895342e+01,5.380956250888107917e+00
2.366951417271232216e+01,1.784930506243155079e+01
6.775106213901131014e+01,2.178551263910153413e+00
1.390601115249459063e+01,5.171241895894996077e+01
6.830212658196985842e+01,2.143539785736033210e+00
9.367395303747598234e+01,1.139625883097630021e+00
5.321926402603096307e+01,3.530711818315663830e+00
1.570681139892641731e+01,4.053441803775452001e+01
4.733593533160719602e+01,4.462909437256468159e+00
3.166393063040710842e+01,9.974022628468897977e+00
1.271728561085609677e+01,6.183169471376309190e+01
6.647264182007781130e+01,2.263154074136887406e+00
3.370026474294422769e+01,8.805081390500138383e+00
5.697402243157359436e+01,3.080677491915460475e+00
6.364826600324192896e+01,2.468464279484303248e+00
1.427130822209131900e+01,4.909897528492481200e+01
2.132254329542390181e+01,2.199489991746017026e+01
3.648963188809340608e+01,7.510364855539331863e+00
6.966563651539222235e+01,2.060453325104937061e+00
2.507559455027103468e+01,1.590367608926203147e+01
2.166841304196329787e+01,2.129834163438930972e+01
9.980613742123071574e+01,1.003888555599523613e+00
5.770049639673612774e+01,3.003591739067488664e+00
3.792558505763574317e+01,6.952410738933998857e+00
9.654725707743156704e+01,1.072803347940787022e+00
2.055909449967732883e+01,2.365876303739386799e+01
3.259425493880941360e+01,9.412779469809699151e+00
4.056554137268035731e+01,6.076946982611921122e+00
1.176406874807310388e+01,7.225782623754780332e+01
3.714669786795124651e+01,7.247021888480445817e+00
1.506803956429752134e+01,4.404397386601458209e+01
1.038771675047293819e+01,9.267440410802443296e+01
3.138787991523721033e+01,1.015023355020577611e+01
3.754423442435345493e+01,7.094364433105499579e+00
2.737557503183752061e+01,1.334361488529744832e+01
1.209280321869017349e+01,6.838266598900351312e+01
3.275870634472307330e+01,9.318510825875314652e+00
3.722159283638795557e+01,7.217887218260592874e+00
1.509974142648957063e+01,4.385922762277085951e+01
3.256181849257377792e+01,9.431541885431469652e+00
5.175127671717518751e+01,3.733858564164642235e+00
2.422337495298502930e+01,1.704239773637806721e+01
1.409157392974497824e+01,5.035945171163212564e+01
4.486459962696802961e+01,4.968123773425814349e+00
7.067456320632804534e+01,2.002044534163451850e+00
1.421542121483039445e+01,4.948579304650129984e+01
2.016323291470316903e+01,2.459685983036562718e+01
2.795660421317113631e+01,1.279473112346891028e+01
1.596500247035904962e+01,3.923394869622982384e+01
2.626918943834337483e+01,1.449127690436777272e+01
1.509322103607749632e+01,4.389713087208278353e+01
1.226939998832304113e+01,6.642833240599433964e+01
1.224028168551067353e+01,6.674475993104883287e+01
6.334101760520887581e+01,2.492469929765029235e+00
5.158444120838767333e+01,3.758049872317246187e+00
1.639552274614309013e+01,3.720055882814215664e+01
1.574322327266576771e+01,4.034713398904856518e+01
3.207322811540353058e+01,9.721083056835553293e+00
2.481815262770030728e+01,1.623532915166285662e+01
1.213034678629678709e+01,6.796003070386900902e+01
2.562635721857787985e+01,1.522741726740257917e+01
1.002656264464553537e+01,9.947085635740808129e+01
6.533294616882919570e+01,2.342801610974521775e+00
3.373635870451141017e+01,8.786250652887853008e+00
1.220962564867611455e+01,6.708034737629860444e+01
4.116391580684523888e+01,5.901557426397106454e+00
2.398193158735948316e+01,1.738728130405459638e+01
3.260254956477643873e+01,9.407990546599142689e+00
1.710825670486076433e+01,3.416555529914503353e+01
1.859973484875955307e+01,2.890589985824182406e+01
1.673498026050209120e+01,3.570668984043506811e+01
2.538188534332248025e+01,1.552216315688251491e+01
1.103631392555253399e+01,8.210165453142052172e+01
3.574504332991465105e+01,7.826513600931980008e+00
3.332190311702623120e+01,9.006175493049230596e+00
1.931526851741848105e+01,2.680393153710054932e+01
2.668682279247678935e+01,1.404126566420071320e+01
4.560488691818680707e+01,4.808141427813663604e+00
2.010319901592367131e+01,2.474398569175721718e+01
2.474183938245718295e+01,1.633563546797140376e+01
5.582934593017989755e+01,3.208299622681681562e+00
1.861119268278210015e+01,2.887031943537862944e+01
2.178194007843885771e+01,2.107690713611578204e+01
2.462212979738428231e+01,1.649486506598536550e+01
1.779663654629579383e+01,3.157360255299185070e+01
9.580253928805187513e+01,1.089546974855185368e+00
1.013442315938393534e+01,9.736479004755486244e+01
2.267139973196970359e+01,1.945554188203579216e+01
2.452500984280256446e+01,1.662576429968300928e+01
5.350337093457855531e+01,3.493314684821881233e+00
1.026976739536271133e+01,9.481537906168735219e+01
1.739526194246069224e+01,3.304745761794980297e+01
4.409466066002593720e+01,5.143135786637532902e+00
2.832941692895891350e+01,1.246019181263708298e+01
4.787787184432992404e+01,4.362448611950993538e+00
9.749670496792339236e+01,1.052010618096591799e+00
2.577572275984088890e+01,1.505144847452997503e+01
5.252081827777233514e+01,3.625242246642661925e+00
6.021185861084951796e+01,2.758264651048448979e+00
2.088223764634332724e+01,2.293221116901415613e+01
3.421137380373726700e+01,8.543955378873864248e+00
3.475589277973140412e+01,8.278337009129243640e+00
4.407417117520327565e+01,5.147918846409034188e+00
3.531748326955754180e+01,8.017159128919500333e+00
1.515547951937979576e+01,4.353721414513721299e+01
3.949780405946520290e+01,6.409941971703876362e+00
7.106802240842822016e+01,1.979937762258447531e+00
3.260722185713994037e+01,9.405294595788852519e+00
2.020943866257937316e+01,2.448451459518414808e+01
3.052742263469821538e+01,1.073049413275362163e+01
1.749646997541537274e+01,3.266623848103178318e+01
5.167784838920707813e+01,3.744476876754685879e+00
2.537440823440070048e+01,1.553131237553305688e+01
2.319205352026864375e+01,1.859180650784415434e+01
1.494302144289787115e+01,4.478402882871233004e+01
8.869060075827852074e+01,1.271290514736271415e+00
1.616181971608770240e+01,3.828419187026937465e+01
9.414859290289025751e+01,1.128164248143372017e+00
1.779540619512828670e+01,3.157796861929455190e+01
6.855500885120711985e+01,2.127754989073101122e+00
1.113126311085630782e+01,8.070698124782882132e+01
3.681047252059748587e+01,7.380014503603238296e+00
9.802966859547315437e+01,1.040602658584660611e+00
1.269450643352929653e+01,6.205379690232393131e+01
2.991620284781972217e+01,1.117344412036883128e+01
2.856523175412381832e+01,1.225531550008340886e+01
2.062558511333529410e+01,2.350647159070596004e+01
2.671752068827851900e+01,1.400901793517713934e+01
1.507370487782553603e+01,4.401087304142716761e+01
2.537369038528429144e+01,1.553219118318041048e+01
2.758124305403910626e+01,1.314535530620738335e+01
1.146779987636221065e+01,7.603959393574469061e+01
7.422662515446273801e+01,1.815016468460207921e+00
1.608994661504427981e+01,3.862698346606715205e+01
1.626117432395232143e+01,3.781779373752109308e+01
6.684074649595710582e+01,2.238295475684156877e+00
2.515223115680092647e+01,1.580690956656096624e+01
6.220898703000867158e+01,2.584007326719529818e+00
1.669869120805677198e+01,3.586205170418256927e+01
1.565700298372809307e+01,4.079272628469105655e+01
1.371797320243097751e+01,5.313982253473685802e+01
1.161309408925121112e+01,7.414879720820150055e+01
9.179975863915565526e+01,1.186634364782459095e+00
3.801839719550902430e+01,6.918507127864470085e+00
3.863739335157839605e+01,6.698604877857235351e+00
3.793125129791032890e+01,6.950333766199902286e+00
3.154140508014252475e+01,1.005166319240115058e+01
1.390362100249419441e+01,5.173020009123963092e+01
4.132629531423322788e+01,5.855271674559572759e+00
2.489444643121888134e+01,1.613596908210666214e+01
2.036981894070293109e+01,2.410047834480916507e+01
4.393619066829213438e+01,5.180303438718043552e+00
2.584415063962496717e+01,1.497185017545192309e+01
3.208962106989444862e+01,9.711153580382996253e+00
1.750325539163331001e+01,3.264091621319644787e+01
1.154903003112553073e+01,7.497370597541636528e+01
1.854054543221102946e+01,2.909075465188977461e+01
3.540925428040358014e+01,7.975656454479812751e+00
2.616024529701319778e+01,1.461222585006009211e+01
2.018508118145118502e+01,2.454364152417503675e+01
7.705559811053674935e+01,1.684192032065497946e+00
6.623558460381491386e+01,2.279382724329456433e+00
5.177470890827667205e+01,3.730479590507560506e+00
4.008663066664554719e+01,6.223015611116836432e+00
2.982267002300757497e+01,1.124364056076352547e+01
1.872708167347677843e+01,2.851410804458446790e+01
2.459956625270466191e+01,1.652513822692239387e+01
5.783752326954626710e+01,2.989376564654598667e+00
1.421266050383412072e+01,4.950501945964749240e+01
1.312723365151474830e+01,5.803013345941284484e+01
5.148579681448261880e+01,3.772464165461086871e+00
3.131914538338346787e+01,1.019483483895899489e+01
1.402561218384986574e+01,5.083424146571848468e+01
1.005647859776840036e+01,9.887992598308008496e+01
6.627799631991025819e+01,2.276466474362494719e+00
2.465841439959434922e+01,1.644635673472166815e+01
1.409113026384682676e+01,5.036262294384587079e+01
2.242546009254109407e+01,1.988461908566051406e+01
1.896365155692032545e+01,2.780712353339050935e+01
1.586217308259212899e+01,3.974427975541670577e+01
1.470136287544285203e+01,4.626843447421813238e+01
9.430452690730496101e+01,1.124436458352747970e+00
1.279910602287473509e+01,6.104368277349151128e+01
1.883550265821881453e+01,2.818678681529803498e+01
3.462866609908844140e+01,8.339278434101487392e+00
1.187684233448453242e+01,7.089212874678415233e+01
3.107450194507441310e+01,1.035599058198442357e+01
3.060867077024048655e+01,1.067360335529038728e+01
4.222782112129046084e+01,5.607930898928109364e+00
1.027367221839513967e+01,9.474331779515578944e+01
4.423303593079688767e+01,5.111007328578565989e+00
3.318141507553003322e+01,9.082600110225206080e+00
1.368946801000730673e+01,5.336135604319453307e+01
4.941905063927966779e+01,4.094597374911593590e+00
3.429248851915397722e+01,8.503583805539941309e+00
2.860993888458812151e+01,1.221704405147826122e+01
3.934624343619235276e+01,6.459418912864918205e+00
2.264464776695600889e+01,1.950153786486048446e+01
1.673127519913706607e+01,3.572250574490477959e+01
3.580815265919846269e+01,7.798950561090744138e+00
1.052910333124328091e+01,9.020221960789542948e+01
3.910097893948919534e+01,6.540707663145209239e+00
3.379110590647096757e+01,8.757803346545097511e+00
2.881321991360664470e+01,1.204526647097526393e+01
1.393407698277900053e+01,5.150431183723881645e+01
1.791253985324276599e+01,3.116632970312498685e+01
1.552438923432273121e+01,4.149262910165945328e+01
2.762332978099566105e+01,1.310532946401802867e+01
2.924660196157522662e+01,1.169093298270935222e+01
2.926078894051908108e+01,1.167959912480493401e+01
2.482791124639117797e+01,1.622256905689725315e+01
3.515144265969276915e+01,8.093077375387977668e+00
3.385744139495364635e+01,8.723519359313311128e+00
5.855453151293098557e+01,2.916614152434374052e+00
3.157521301219443899e+01,1.003014986051170077e+01
3.823789867916277530e+01,6.839304877316919828e+00
1.427061603589252137e+01,4.910373842299907921e+01
1.988507624524999429e+01,2.528980489776343887e+01
1.818820726753265404e+01,3.022875151800668547e+01
2.601230160361565780e+01,1.477891115319208026e+01
1.389370446166310735e+01,5.180407062915700322e+01
1.811611818763206117e+01,3.046980742290690003e+01
3.767867849125806856e+01,7.043826909436231354e+00
1.779655618678656381e+01,3.157388769185888933e+01
3.011412585525291163e+01,1.102705340199193351e+01
1.617041664177655136e+01,3.824349547133056149e+01
3.985405112724095034e+01,6.295859864656358162e+00
7.089748360663031690e+01,1.989474414345110187e+00
2.282438725188885797e+01,1.919560239163900306e+01
5.017570516774121359e+01,3.972034668940942037e+00
5.282800176579296192e+01,3.583204811708613935e+00
2.004678348472407734e+01,2.488345039219545285e+01
2.529413650669112457e+01,1.563004700032201910e+01
2.253851523524639333e+01,1.968563346508059908e+01
2.802354551215286449e+01,1.273367725410718521e+01
2.466203358918088995e+01,1.644153003498421128e+01
6.504188664006827025e+01,2.363816390599303929e+00
2.481141160095758735e+01,1.624415232198752435e+01
1.959576447621885720e+01,2.604207456371847229e+01
5.974088482371080744e+01,2.801926241730845923e+00
6.417518793379463204e+01,2.428095151195244661e+00
7.046485552180031675e+01,2.013978678106762121e+00
1.243748774806866209e+01,6.464495956204576999e+01
8.729277165585318699e+01,1.312331138656705365e+00
6.869377596872317326e+01,2.119167189227337378e+00
1.817710437240340937e+01,3.026569130274332053e+01
7.431970208372196396e+01,1.810473114057707056e+00
1.979887427619204487e+01,2.551050196851520013e+01
3.855712089748404026e+01,6.726525696399777487e+00
1.144040413344078999e+01,7.640420612287259416e+01
4.172476381120755207e+01,5.743970834218131927e+00
2.225469883467227561e+01,2.019094087304729257e+01
4.801005036124345082e+01,4.338460791816872053e+00
2.136447447399941169e+01,2.190864766496452987e+01
1.630875914805365312e+01,3.759743022282232516e+01
1.386534527495524038e+01,5.201620003523032665e+01
1.886072909073183368e+01,2.811143696514615087e+01
6.966729950370253732e+01,2.060354958470321574e+00
5.555665775283051744e+01,3.239871443535614848e+00
4.740489240249158343e+01,4.449935024083052859e+00
1.767525557232471556e+01,3.200874124953065092e+01
5.090252024110635176e+01,3.859414546797494516e+00
2.364891088284698739e+01,1.788041978095089135e+01
2.967858529886524366e+01,1.135307767445602600e+01
6.367487312235973462e+01,2.466401770438602981e+00
1.056396246173992814e+01,8.960790037715820233e+01
1.979436198654017076e+01,2.552213395689195607e+01
1.984775553824258409e+01,2.538500163324631131e+01
7.561997172580980475e+01,1.748746984894963274e+00
1.442532863480835559e+01,4.805610502846724330e+01
5.402903776863634278e+01,3.425670075265710324e+00
2.415722794194389067e+01,1.713585606348081924e+01
1.064292845414000688e+01,8.828312845093127237e+01
3.672836366796190077e+01,7.413048475226221790e+00
3.866906866652090713e+01,6.687635204992480098e+00
1.186545787205431246e+01,7.102823069264324829e+01
3.357127928523379268e+01,8.872872031062655651e+00
1.712985934410981059e+01,3.407943657981498120e+01
1.433177419381941142e+01,4.868555061481965396e+01
2.216744851000566285e+01,2.035019538307985343e+01
2.238905228914413215e+01,1.994934214051830423e+01
3.371787861278453846e+01,8.795884427060288502e+00
1.846330678112671819e+01,2.933465792820339502e+01
1.978025810323282840e+01,2.555854293886372375e+01
3.409706905025434764e+01,8.601335776063711691e+00
7.901407342319629379e+01,1.601736590272458072e+00
1.402685838479180447e+01,5.082520924143233998e+01
7.615024966050486910e+01,1.724476724301440944e+00
1.963156774957349882e+01,2.594717218028089079e+01
1.202563242325086179e+01,6.914872073042714362e+01
4.399085068142811394e+01,5.167438057173726840e+00
1.732639396549601329e+01,3.331069007557198347e+01
3.023835273966168913e+01,1.093663560445127558e+01
4.712942894469640009e+01,4.502105262334398006e+00
7.049522388171600085e+01,2.012243863965047286e+00
3.916049267944365653e+01,6.520842428567863003e+00
5.541471644161798338e+01,3.256490154106229440e+00
1.575168258211708938e+01,4.030380944367827567e+01
1.556326830875283029e+01,4.128558004263307879e+01
4.255482117907172324e+01,5.522077026111642972e+00
2.825025156530215398e+01,1.253012377232355234e+01
2.479670487707812754e+01,1.626342658510819561e+01
1.085449594086965952e+01,8.487517424182424008e+01
1.633042593411440180e+01,3.749772981390454163e+01
1.811991858529296451e+01,3.045702753751413638e+01
3.842693888709900563e+01,6.772178873912204189e+00
4.108613088283468073e+01,5.923924426091869755e+00
3.649216475809348026e+01,7.509322323928168785e+00
3.845436038405761536e+01,6.762523944339739579e+00
2.185339469270047275e+01,2.093930104630227973e+01
5.051347174139269924e+01,3.919092948164504264e+00
1.032195268032133484e+01,9.385907556627478243e+01
9.401284077868649547e+01,1.131424680754445244e+00
9.571036018539260226e+01,1.091646681223965132e+00
4.941127014075469503e+01,4.095886980177379399e+00
4.710298517848614352e+01,4.507161673804711555e+00
6.308823521687099856e+01,2.512483637517432644e+00
2.278750274653573982e+01,1.925779378821556875e+01
3.045015047163688138e+01,1.078502394977059531e+01
3.472011883957421929e+01,8.295404998028612198e+00
3.246442287298668106e+01,9.488217390722391897e+00
3.555476008371117302e+01,7.910510204123502476e+00
1.045881376995204270e+01,9.141872079537122886e+01
1.441658011889473556e+01,4.811444718163098599e+01
3.143056986579003720e+01,1.012267956688204329e+01
1.297562374829651333e+01,5.939412822255621194e+01
1.299784206658128305e+01,5.919124688981797533e+01
5.092708480039306806e+01,3.855692285710758060e+00
2.813525872095624081e+01,1.263275791673244086e+01
2.948953299767040903e+01,1.149910951029576722e+01
2.124773143671711040e+01,2.215005776683705463e+01
7.399285277707835462e+01,1.826503280087905745e+00
2.336815364408629847e+01,1.831265025678878189e+01
1.046870687351774265e+01,9.124601798881008108e+01
8.866640245687200661e+01,1.271984515350584433e+00
2.604286034182105070e+01,1.474424830108952200e+01
3.402642239873856767e+01,8.637089542952960386e+00
3.276249289621478766e+01,9.316356961568789785e+00
3.770398080802915786e+01,7.034376165274544235e+00
4.873489848824166870e+01,4.210366178883159449e+00
1.784596212302869489e+01,3.139930722881890546e+01
2.386844750153985828e+01,1.755301227832161715e+01
3.769455273826221742e+01,7.037895447420473793e+00
1.539084556451672547e+01,4.221580151191017194e+01
1.975161857951429667e+01,2.563271561251380604e+01
6.171780999869750417e+01,2.625300285399271072e+00
4.296413613441879420e+01,5.417361687287641558e+00
2.290891316753070939e+01,1.905421352881891650e+01
1.021785937000629829e+01,9.578117440096180246e+01
2.770742235172624746e+01,1.302590031735955378e+01
1.584893923336604438e+01,3.981068033785054183e+01
1.019993902438688771e+01,9.611802730774523695e+01
2.092232319033890420e+01,2.284442268152440292e+01
1.069003634626239929e+01,8.750676650547121938e+01
2.559804654845978433e+01,1.526111802477256063e+01
3.402988240045358737e+01,8.635333273270422438e+00
2.490741292187954059e+01,1.611917308385541503e+01
6.514283646623172785e+01,2.356495801864029183e+00
5.441164896329377143e+01,3.377662287836745492e+00
1.885262428586973016e+01,2.813561255806404304e+01
8.633557009716744801e+01,1.341592055249310356e+00
2.594787196028771348e+01,1.485239557240523034e+01
2.259707514889730007e+01,1.958373573961637248e+01
2.280596296669041578e+01,1.922663007607026486e+01
1.090653979985561506e+01,8.406709164164341530e+01
4.351139066701178848e+01,5.281947400202291476e+00
6.425066428000580743e+01,2.422393852670217562e+00
2.744611968741612529e+01,1.327510895509962729e+01
2.192020953456970034e+01,2.081184570794199118e+01
1.072800338090124050e+01,8.688847934026216535e+01
7.391092345526126905e+01,1.830554835862622909e+00
2.067271714506547298e+01,2.339940827730484330e+01
1.534046962364501532e+01,4.249351824420887169e+01
1.544037481541927193e+01,4.194539830548074377e+01
1.519519436459725803e+01,4.330992990157767508e+01
1.038518956661695292e+01,9.271951329987125234e+01
2.512022155542122093e+01,1.584721934191251336e+01
1.093347000651871426e+01,8.365347071578537452e+01
5.275416522508196238e+01,3.593242184055105426e+00
7.561474839994821195e+01,1.748988593603164610e+00
5.368678611114847854e+01,3.469486384099593757e+00
9.736575373174837011e+01,1.054842306377065775e+00
1.328952407333942887e+01,5.662147043451486894e+01
5.139782733225527522e+01,3.785388669629639935e+00
2.480234496475978290e+01,1.625603077453999035e+01
2.436928494586703664e+01,1.683892752645785862e+01
3.177197504615587320e+01,9.906302247332176236e+00
3.786057801885384322e+01,6.976305970579177895e+00
2.026643178536363621e+01,2.434699785564793473e+01
5.780697403842217597e+01,2.992536989079779719e+00
4.280245237540570002e+01,5.458366521459429244e+00
2.455944682094953180e+01,1.657917207138681803e+01
4.089002801993636638e+01,5.980881306187300517e+00
1.707093188410850715e+01,3.431512151440197300e+01
2.052743855559797836e+01,2.373178899811717457e+01
3.520121719439146091e+01,8.070206327598739904e+00
2.142007572217249844e+01,2.179505636255879253e+01
2.474462730440673042e+01,1.633195467613436236e+01
1.034048474682475849e+01,9.352295129225204562e+01
2.055547379593225443e+01,2.366709842456239343e+01
2.741756737172810787e+01,1.330277242048089548e+01
2.100079107419951541e+01,2.267402865888807995e+01
6.842217184008391939e+01,2.136024793238219477e+00
7.170571682278298908e+01,1.944878326513792555e+00
6.472386992718412557e+01,2.387102387441883078e+00
4.088708348416469818e+01,5.981742778886641965e+00
6.004461740996385544e+01,2.773651139682320466e+00
6.349890866994260108e+01,2.480090206426586175e+00
1.374308925902024825e+01,5.294576962720918090e+01
2.379775634347756963e+01,1.765744949561269905e+01
1.077810705818911785e+01,8.608252825667923958e+01
9.998486696875460211e+01,1.000302729341363550e+00
4.065300373927820488e+01,6.050826776617050484e+00
2.025046677186493227e+01,2.438540224158490588e+01
1.225422409149726910e+01,6.659296686080980976e+01
3.417481276096053477e+01,8.562246218618254190e+00
2.230863094455527929e+01,2.009343387999512842e+01
1.733419873292838176e+01,3.328070038129969532e+01
1.050868075475166386e+01,9.055315837971569692e+01
2.965936516151177571e+01,1.136779669582370644e+01
1.586168316634317854e+01,3.974673493863461715e+01
2.530444965402436708e+01,1.561730915134912223e+01
3.095572588300964156e+01,1.043561420978980259e+01
1.046730369244652259e+01,9.127048336610145896e+01
2.526196418426404833e+01,1.566988357936968868e+01
1.417709709220439152e+01,4.975369880142184797e+01
1.363488374404129466e+01,5.378945219186514493e+01
1.738948120736714031e+01,3.306943301203217800e+01
3.858287704208118640e+01,6.717548058902687913e+00
3.654755315044783259e+01,7.486578578770360259e+00
1.642313459549660593e+01,3.707557504553489736e+01
2.103608799276187469e+01,2.259800198480443356e+01
5.621850415363180531e+01,3.164036088319676754e+00
1.780337708968951560e+01,3.154969889151360007e+01
4.735199533006187522e+01,4.459882651856496238e+00
1.369446843539833480e+01,5.332239421483389208e+01
8.663876608948147862e+01,1.332218570223304477e+00
8.082128972838322056e+01,1.530905724205659624e+00
5.549191457035102104e+01,3.247435859159294225e+00
2.139153252776103642e+01,2.185325841717063966e+01
1.660096600276091294e+01,3.628551401813241739e+01
1.666141986372917572e+01,3.602267689643664283e+01
1.992496835494203822e+01,2.518863999533831333e+01
1.923334216572921207e+01,2.703276594704963287e+01
2.086136997041130670e+01,2.297811240129764698e+01
1.911650010381083220e+01,2.736423005749433912e+01
3.006613278533294320e+01,1.106228537107735477e+01
3.551612872826564171e+01,7.927728293005307236e+00
1.323933059881544771e+01,5.705161540562242806e+01
1.055512913062521285e+01,8.975794448433224204e+01
7.688209949940788590e+01,1.691801987764055992e+00
2.208913275306705160e+01,2.049475209626812244e+01
1.564532966069561759e+01,4.085362168648553904e+01
2.215379675428480510e+01,2.037528376843219746e+01
4.662978619746623821e+01,4.599103165786335268e+00
4.752263320200489005e+01,4.427912260453285676e+00
4.092228856732028675e+01,5.971455125095777916e+00
2.597387520047911025e+01,1.482267208424754124e+01
1.911401007607492275e+01,2.737136012907782501e+01
1.268254281914807535e+01,6.217092449413343047e+01
4.982495232049644329e+01,4.028155398411107591e+00
5.924983582990152087e+01,2.848562136779310805e+00
2.102980097883472510e+01,2.261151568285366409e+01
2.139527053522444078e+01,2.184562303747038214e+01
2.540684000273627419e+01,1.549168631940823282e+01
5.067473013080331157e+01,3.894189764531953202e+00
1.653009349432398878e+01,3.659732814589814609e+01
1.526364917205111915e+01,4.292232604172739485e+01
4.208218807508689707e+01,5.646812585764814152e+00
1.083217256080314428e+01,8.522536310748765231e+01
1.018176183481229202e+01,9.646152683251257542e+01
7.308383731333096023e+01,1.872221876734087020e+00
1.737010955657945033e+01,3.314323412642755073e+01
2.673076798970253876e+01,1.399513612693325015e+01
2.103417288793226447e+01,2.260211714665302196e+01
7.440755738099942107e+01,1.806200275224532081e+00
1.728320358066990892e+01,3.347738361243013117e+01
3.126797440894063840e+01,1.022823044676644066e+01
1.269701714609603371e+01,6.202925825013416272e+01
1.056146552230302227e+01,8.965027554730275483e+01
2.050552627909615566e+01,2.378253584183062230e+01
7.277818459888580094e+01,1.887980757355388617e+00
1.511418983982876441e+01,4.377541322516114519e+01
1.685564352506554897e+01,3.519729791656133955e+01
6.768922002941137350e+01,2.182533810913542816e+00
2.822351881544495100e+01,1.255387157659814967e+01
1.366248132713056229e+01,5.357236723176159643e+01
3.093574861192137249e+01,1.044909650238125565e+01
1.959062772752996295e+01,2.605573304694645032e+01
8.810688279306661741e+01,1.288191198410771232e+00
8.849394306834187773e+01,1.276947101873443291e+00
2.190830232632824348e+01,2.083447441918899656e+01
5.870835942019607501e+01,2.901349925339409275e+00
1.593612744967343531e+01,3.937625521704126896e+01
5.241139868712591721e+01,3.640394927180408136e+00
1.347542760267475259e+01,5.506997632235352569e+01
4.017866179992177678e+01,6.194540035157830360e+00
2.540872409893477624e+01,1.548938893957697260e+01
2.770774783105836292e+01,1.302559429202252694e+01
1.322146146584309889e+01,5.720593296261863969e+01
4.209203239239126759e+01,5.644171586448578637e+00
7.040939754307608212e+01,2.017152549134646922e+00
3.227086660769176518e+01,9.602376796177530593e+00
2.062164955484925599e+01,2.351544467709109298e+01
4.715264459818771314e+01,4.497673121293510157e+00
9.896205333883639810e+01,1.021086664826607038e+00
7.320073094311563011e+01,1.866247180372197834e+00
1.599652571549982838e+01,3.907946980689253280e+01
1.793868952599264333e+01,3.107553206639745724e+01
4.656532875316390374e+01,4.611844474400877303e+00
3.478412019972604696e+01,8.264906669086759194e+00
1.365082722951084726e+01,5.366387877084662961e+01
1.934165142870368115e+01,2.673085779290935449e+01
2.390738044239312643e+01,1.749588900267782066e+01
1.029639944726226375e+01,9.432552580061324932e+01
3.399838793289274008e+01,8.651339396379860602e+00
4.337980657107386406e+01,5.314039492445039592e+00
4.059398757795867851e+01,6.068433134933623130e+00
4.614781270677966774e+01,4.695672044711715287e+00
7.126557811059531389e+01,1.968975784443382393e+00
3.405839557909703075e+01,8.620880582243810153e+00
1.969651481159223394e+01,2.577633848208398248e+01
2.057806897377105315e+01,2.361515295698147554e+01
2.627458377578202331e+01,1.448532721445271676e+01
2.205273637790059382e+01,2.056245800159125992e+01
3.782812739975338445e+01,6.988280264048491119e+00
5.338811879281706041e+01,3.508413421385375486e+00
7.846481797943411607e+01,1.624239458256889979e+00
1.078617545453906956e+01,8.595379158112311302e+01
2.124332202754211707e+01,2.215925395603997927e+01
1.031686771881515696e+01,9.395162059394426990e+01
3.865057494705617103e+01,6.694036602066882224e+00
6.969655792152846630e+01,2.058625459201403718e+00
2.854933292489409524e+01,1.226896901853428723e+01
9.878787873442624345e+01,1.024690429803983172e+00
1.698246202563818485e+01,3.467358091268436482e+01
6.655813086130640954e+01,2.257344096684047674e+00
1.925972922658315767e+01,2.695874345296795838e+01
6.486142792753615538e+01,2.376987999166830345e+00
2.106036397959168127e+01,2.254593520915146243e+01
2.942874002847391779e+01,1.154666758195416953e+01
1.880530605155582080e+01,2.827738131827587154e+01
7.951078109583917808e+01,1.581786848027276760e+00
6.869079053515531541e+01,2.119351399375368317e+00
